"congress","node","party"
40,1,"Republican"
40,2,"Republican"
40,3,"Republican"
40,4,"Republican"
40,5,"Republican"
40,6,"Republican"
40,7,"Republican"
40,8,"Republican"
40,9,"Democrat"
40,10,"Democrat"
40,11,"Democrat"
40,12,"Republican"
40,13,"Republican"
40,14,"Republican"
40,15,"Republican"
40,16,"Republican"
40,17,"Democrat"
40,18,"Republican"
40,19,"Republican"
40,20,"Republican"
40,21,"Republican"
40,22,"Democrat"
40,23,"Democrat"
40,24,"Democrat"
40,25,"Republican"
40,26,"Republican"
40,27,"Republican"
40,28,"Republican"
40,29,"Democrat"
40,30,"Democrat"
40,31,"Democrat"
40,32,"Republican"
40,33,"Republican"
40,34,"Republican"
40,35,"Republican"
40,36,"Republican"
40,37,"Republican"
40,38,"Republican"
40,39,"Republican"
40,40,"Republican"
40,41,"Republican"
40,42,"Republican"
40,43,"Republican"
40,44,"Republican"
40,45,"Republican"
40,46,"Republican"
40,47,"Republican"
40,48,"Republican"
40,49,"Republican"
40,50,"Republican"
40,51,"Republican"
40,52,"Republican"
40,53,"Republican"
40,54,"Republican"
40,55,"Republican"
40,56,"Democrat"
40,57,"Republican"
40,58,"Republican"
40,59,"Republican"
40,60,"Republican"
40,61,"Republican"
40,62,"Republican"
40,63,"Democrat"
40,64,"Republican"
40,65,"Republican"
40,66,"Republican"
40,67,"Republican"
40,68,"Republican"
40,69,"Republican"
41,1,"Republican"
41,2,"Republican"
41,3,"Republican"
41,4,"Republican"
41,5,"Republican"
41,6,"Democrat"
41,7,"Republican"
41,8,"Republican"
41,9,"Democrat"
41,10,"Democrat"
41,11,"Republican"
41,12,"Republican"
41,13,"Democrat"
41,14,"Republican"
41,15,"Republican"
41,16,"Republican"
41,17,"Republican"
41,18,"Republican"
41,19,"Republican"
41,20,"Republican"
41,21,"Republican"
41,22,"Republican"
41,23,"Republican"
41,24,"Democrat"
41,25,"Democrat"
41,26,"Republican"
41,27,"Republican"
41,28,"Republican"
41,29,"Republican"
41,30,"Republican"
41,31,"Democrat"
41,32,"Democrat"
41,33,"Republican"
41,34,"Republican"
41,35,"Republican"
41,36,"Republican"
41,37,"Republican"
41,38,"Democrat"
41,39,"Republican"
41,40,"Republican"
41,41,"Republican"
41,42,"Republican"
41,43,"Republican"
41,44,"Republican"
41,45,"Republican"
41,46,"Democrat"
41,47,"Republican"
41,48,"Republican"
41,49,"Republican"
41,50,"Republican"
41,51,"Republican"
41,52,"Republican"
41,53,"Democrat"
41,54,"Republican"
41,55,"Republican"
41,56,"Republican"
41,57,"Republican"
41,58,"Republican"
41,59,"Democrat"
41,60,"Republican"
41,61,"Republican"
41,62,"Republican"
41,63,"Republican"
41,64,"Republican"
41,65,"Republican"
41,66,"Republican"
41,67,"Republican"
41,68,"Republican"
41,69,"Republican"
41,70,"Republican"
41,71,"Republican"
41,72,"Republican"
41,73,"Republican"
41,74,"Republican"
41,75,"Democrat"
41,76,"Republican"
41,77,"Republican"
41,78,"Republican"
41,79,"Republican"
41,80,"Republican"
42,1,"Republican"
42,2,"Democrat"
42,3,"Republican"
42,4,"Republican"
42,5,"Republican"
42,6,"Democrat"
42,7,"Republican"
42,8,"Republican"
42,9,"Democrat"
42,10,"Democrat"
42,11,"Republican"
42,12,"Republican"
42,13,"Democrat"
42,14,"Republican"
42,15,"Republican"
42,16,"Republican"
42,17,"Republican"
42,18,"Republican"
42,19,"Republican"
42,20,"Republican"
42,21,"Republican"
42,22,"Republican"
42,23,"Democrat"
42,24,"Democrat"
42,25,"Democrat"
42,26,"Republican"
42,27,"Republican"
42,28,"Republican"
42,29,"Republican"
42,30,"Democrat"
42,31,"Democrat"
42,32,"Republican"
42,33,"Republican"
42,34,"Republican"
42,35,"Republican"
42,36,"Republican"
42,37,"Republican"
42,38,"Republican"
42,39,"Republican"
42,40,"Republican"
42,41,"Democrat"
42,42,"Republican"
42,43,"Republican"
42,44,"Republican"
42,45,"Republican"
42,46,"Republican"
42,47,"Republican"
42,48,"Democrat"
42,49,"Republican"
42,50,"Republican"
42,51,"Republican"
42,52,"Republican"
42,53,"Democrat"
42,54,"Republican"
42,55,"Democrat"
42,56,"Republican"
42,57,"Democrat"
42,58,"Republican"
42,59,"Republican"
42,60,"Republican"
42,61,"Republican"
42,62,"Republican"
42,63,"Republican"
42,64,"Republican"
42,65,"Democrat"
42,66,"Republican"
42,67,"Republican"
42,68,"Republican"
42,69,"Republican"
42,70,"Republican"
42,71,"Democrat"
42,72,"Democrat"
42,73,"Republican"
42,74,"Republican"
42,75,"Republican"
43,1,"Democrat"
43,2,"Republican"
43,3,"Republican"
43,4,"Republican"
43,5,"Republican"
43,6,"Democrat"
43,7,"Democrat"
43,8,"Republican"
43,9,"Republican"
43,10,"Democrat"
43,11,"Democrat"
43,12,"Democrat"
43,13,"Republican"
43,14,"Republican"
43,15,"Democrat"
43,16,"Democrat"
43,17,"Republican"
43,18,"Republican"
43,19,"Republican"
43,20,"Republican"
43,21,"Republican"
43,22,"Republican"
43,23,"Republican"
43,24,"Republican"
43,25,"Republican"
43,26,"Republican"
43,27,"Democrat"
43,28,"Democrat"
43,29,"Republican"
43,30,"Republican"
43,31,"Republican"
43,32,"Democrat"
43,33,"Democrat"
43,34,"Republican"
43,35,"Republican"
43,36,"Republican"
43,37,"Republican"
43,38,"Republican"
43,39,"Republican"
43,40,"Republican"
43,41,"Republican"
43,42,"Republican"
43,43,"Republican"
43,44,"Democrat"
43,45,"Republican"
43,46,"Republican"
43,47,"Republican"
43,48,"Republican"
43,49,"Republican"
43,50,"Republican"
43,51,"Republican"
43,52,"Democrat"
43,53,"Republican"
43,54,"Republican"
43,55,"Republican"
43,56,"Democrat"
43,57,"Democrat"
43,58,"Democrat"
43,59,"Republican"
43,60,"Democrat"
43,61,"Republican"
43,62,"Republican"
43,63,"Republican"
43,64,"Republican"
43,65,"Republican"
43,66,"Republican"
43,67,"Republican"
43,68,"Democrat"
43,69,"Republican"
43,70,"Republican"
43,71,"Republican"
43,72,"Republican"
43,73,"Republican"
43,74,"Republican"
43,75,"Democrat"
43,76,"Democrat"
43,77,"Republican"
43,78,"Republican"
43,79,"Republican"
44,1,"Democrat"
44,2,"Republican"
44,3,"Republican"
44,4,"Republican"
44,5,"Republican"
44,6,"Democrat"
44,7,"Republican"
44,8,"Republican"
44,9,"Democrat"
44,10,"Republican"
44,11,"Democrat"
44,12,"Democrat"
44,13,"Democrat"
44,14,"Democrat"
44,15,"Republican"
44,16,"Democrat"
44,17,"Democrat"
44,18,"Democrat"
44,19,"Republican"
44,20,"Republican"
44,21,"Democrat"
44,22,"Republican"
44,23,"Republican"
44,24,"Republican"
44,25,"Republican"
44,26,"Republican"
44,27,"Democrat"
44,28,"Democrat"
44,29,"Republican"
44,30,"Republican"
44,31,"Republican"
44,32,"Republican"
44,33,"Democrat"
44,34,"Democrat"
44,35,"Republican"
44,36,"Republican"
44,37,"Republican"
44,38,"Republican"
44,39,"Republican"
44,40,"Republican"
44,41,"Republican"
44,42,"Republican"
44,43,"Democrat"
44,44,"Democrat"
44,45,"Republican"
44,46,"Republican"
44,47,"Republican"
44,48,"Republican"
44,49,"Republican"
44,50,"Republican"
44,51,"Democrat"
44,52,"Republican"
44,53,"Democrat"
44,54,"Republican"
44,55,"Democrat"
44,56,"Democrat"
44,57,"Democrat"
44,58,"Republican"
44,59,"Democrat"
44,60,"Republican"
44,61,"Republican"
44,62,"Democrat"
44,63,"Republican"
44,64,"Republican"
44,65,"Republican"
44,66,"Republican"
44,67,"Democrat"
44,68,"Democrat"
44,69,"Democrat"
44,70,"Democrat"
44,71,"Republican"
44,72,"Democrat"
44,73,"Republican"
44,74,"Republican"
44,75,"Democrat"
44,76,"Democrat"
44,77,"Democrat"
44,78,"Democrat"
44,79,"Democrat"
44,80,"Democrat"
44,81,"Republican"
44,82,"Republican"
45,1,"Republican"
45,2,"Democrat"
45,3,"Democrat"
45,4,"Republican"
45,5,"Republican"
45,6,"Republican"
45,7,"Republican"
45,8,"Republican"
45,9,"Democrat"
45,10,"Democrat"
45,11,"Democrat"
45,12,"Democrat"
45,13,"Democrat"
45,14,"Republican"
45,15,"Democrat"
45,16,"Democrat"
45,17,"Republican"
45,18,"Democrat"
45,19,"Democrat"
45,20,"Republican"
45,21,"Democrat"
45,22,"Republican"
45,23,"Republican"
45,24,"Republican"
45,25,"Republican"
45,26,"Democrat"
45,27,"Democrat"
45,28,"Republican"
45,29,"Democrat"
45,30,"Republican"
45,31,"Republican"
45,32,"Democrat"
45,33,"Democrat"
45,34,"Republican"
45,35,"Republican"
45,36,"Republican"
45,37,"Republican"
45,38,"Republican"
45,39,"Republican"
45,40,"Republican"
45,41,"Republican"
45,42,"Democrat"
45,43,"Democrat"
45,44,"Democrat"
45,45,"Democrat"
45,46,"Democrat"
45,47,"Republican"
45,48,"Republican"
45,49,"Republican"
45,50,"Republican"
45,51,"Republican"
45,52,"Republican"
45,53,"Democrat"
45,54,"Democrat"
45,55,"Democrat"
45,56,"Republican"
45,57,"Democrat"
45,58,"Democrat"
45,59,"Democrat"
45,60,"Republican"
45,61,"Republican"
45,62,"Democrat"
45,63,"Republican"
45,64,"Democrat"
45,65,"Republican"
45,66,"Republican"
45,67,"Republican"
45,68,"Republican"
45,69,"Democrat"
45,70,"Republican"
45,71,"Democrat"
45,72,"Democrat"
45,73,"Democrat"
45,74,"Democrat"
45,75,"Republican"
45,76,"Republican"
45,77,"Democrat"
45,78,"Democrat"
45,79,"Democrat"
45,80,"Democrat"
45,81,"Republican"
45,82,"Republican"
46,1,"Democrat"
46,2,"Democrat"
46,3,"Democrat"
46,4,"Democrat"
46,5,"Democrat"
46,6,"Democrat"
46,7,"Democrat"
46,8,"Republican"
46,9,"Republican"
46,10,"Republican"
46,11,"Republican"
46,12,"Democrat"
46,13,"Democrat"
46,14,"Democrat"
46,15,"Democrat"
46,16,"Democrat"
46,17,"Democrat"
46,18,"Democrat"
46,19,"Democrat"
46,20,"Democrat"
46,21,"Republican"
46,22,"Democrat"
46,23,"Democrat"
46,24,"Republican"
46,25,"Republican"
46,26,"Republican"
46,27,"Republican"
46,28,"Democrat"
46,29,"Democrat"
46,30,"Democrat"
46,31,"Republican"
46,32,"Republican"
46,33,"Republican"
46,34,"Democrat"
46,35,"Democrat"
46,36,"Republican"
46,37,"Republican"
46,38,"Republican"
46,39,"Republican"
46,40,"Republican"
46,41,"Republican"
46,42,"Republican"
46,43,"Democrat"
46,44,"Republican"
46,45,"Democrat"
46,46,"Democrat"
46,47,"Republican"
46,48,"Republican"
46,49,"Republican"
46,50,"Republican"
46,51,"Republican"
46,52,"Republican"
46,53,"Republican"
46,54,"Democrat"
46,55,"Democrat"
46,56,"Democrat"
46,57,"Republican"
46,58,"Democrat"
46,59,"Democrat"
46,60,"Democrat"
46,61,"Democrat"
46,62,"Democrat"
46,63,"Democrat"
46,64,"Republican"
46,65,"Democrat"
46,66,"Republican"
46,67,"Republican"
46,68,"Democrat"
46,69,"Democrat"
46,70,"Democrat"
46,71,"Democrat"
46,72,"Democrat"
46,73,"Democrat"
46,74,"Republican"
46,75,"Republican"
46,76,"Democrat"
46,77,"Democrat"
46,78,"Democrat"
46,79,"Democrat"
46,80,"Republican"
46,81,"Republican"
47,1,"Democrat"
47,2,"Democrat"
47,3,"Democrat"
47,4,"Democrat"
47,5,"Republican"
47,6,"Democrat"
47,7,"Republican"
47,8,"Republican"
47,9,"Republican"
47,10,"Republican"
47,11,"Republican"
47,12,"Republican"
47,13,"Democrat"
47,14,"Democrat"
47,15,"Democrat"
47,16,"Democrat"
47,17,"Democrat"
47,18,"Democrat"
47,19,"Democrat"
47,20,"Democrat"
47,21,"Republican"
47,22,"Republican"
47,23,"Democrat"
47,24,"Republican"
47,25,"Republican"
47,26,"Republican"
47,27,"Republican"
47,28,"Democrat"
47,29,"Democrat"
47,30,"Democrat"
47,31,"Republican"
47,32,"Republican"
47,33,"Republican"
47,34,"Democrat"
47,35,"Democrat"
47,36,"Republican"
47,37,"Republican"
47,38,"Republican"
47,39,"Republican"
47,40,"Republican"
47,41,"Republican"
47,42,"Republican"
47,43,"Democrat"
47,44,"Democrat"
47,45,"Democrat"
47,46,"Democrat"
47,47,"Republican"
47,48,"Republican"
47,49,"Democrat"
47,50,"Republican"
47,51,"Republican"
47,52,"Republican"
47,53,"Republican"
47,54,"Democrat"
47,55,"Republican"
47,56,"Republican"
47,57,"Republican"
47,58,"Republican"
47,59,"Democrat"
47,60,"Democrat"
47,61,"Democrat"
47,62,"Republican"
47,63,"Democrat"
47,64,"Democrat"
47,65,"Republican"
47,66,"Republican"
47,67,"Republican"
47,68,"Republican"
47,69,"Republican"
47,70,"Democrat"
47,71,"Democrat"
47,72,"Democrat"
47,73,"Democrat"
47,74,"Democrat"
47,75,"Democrat"
47,76,"Republican"
47,77,"Republican"
47,78,"Democrat"
47,79,"Democrat"
47,80,"Democrat"
47,81,"Democrat"
47,82,"Republican"
47,83,"Republican"
48,1,"Democrat"
48,2,"Democrat"
48,3,"Democrat"
48,4,"Democrat"
48,5,"Democrat"
48,6,"Republican"
48,7,"Republican"
48,8,"Republican"
48,9,"Republican"
48,10,"Republican"
48,11,"Democrat"
48,12,"Democrat"
48,13,"Democrat"
48,14,"Democrat"
48,15,"Democrat"
48,16,"Democrat"
48,17,"Republican"
48,18,"Republican"
48,19,"Democrat"
48,20,"Republican"
48,21,"Republican"
48,22,"Republican"
48,23,"Republican"
48,24,"Republican"
48,25,"Democrat"
48,26,"Democrat"
48,27,"Democrat"
48,28,"Democrat"
48,29,"Republican"
48,30,"Republican"
48,31,"Democrat"
48,32,"Democrat"
48,33,"Republican"
48,34,"Republican"
48,35,"Republican"
48,36,"Republican"
48,37,"Republican"
48,38,"Republican"
48,39,"Democrat"
48,40,"Democrat"
48,41,"Democrat"
48,42,"Democrat"
48,43,"Republican"
48,44,"Republican"
48,45,"Democrat"
48,46,"Republican"
48,47,"Republican"
48,48,"Republican"
48,49,"Democrat"
48,50,"Republican"
48,51,"Republican"
48,52,"Republican"
48,53,"Democrat"
48,54,"Democrat"
48,55,"Republican"
48,56,"Democrat"
48,57,"Democrat"
48,58,"Republican"
48,59,"Republican"
48,60,"Republican"
48,61,"Republican"
48,62,"Republican"
48,63,"Republican"
48,64,"Republican"
48,65,"Democrat"
48,66,"Democrat"
48,67,"Democrat"
48,68,"Democrat"
48,69,"Democrat"
48,70,"Democrat"
48,71,"Republican"
48,72,"Republican"
48,73,"Democrat"
48,74,"Democrat"
48,75,"Democrat"
48,76,"Democrat"
48,77,"Republican"
48,78,"Republican"
49,1,"Democrat"
49,2,"Democrat"
49,3,"Democrat"
49,4,"Democrat"
49,5,"Republican"
49,6,"Republican"
49,7,"Democrat"
49,8,"Republican"
49,9,"Republican"
49,10,"Republican"
49,11,"Republican"
49,12,"Republican"
49,13,"Democrat"
49,14,"Democrat"
49,15,"Democrat"
49,16,"Democrat"
49,17,"Democrat"
49,18,"Democrat"
49,19,"Republican"
49,20,"Republican"
49,21,"Republican"
49,22,"Democrat"
49,23,"Republican"
49,24,"Republican"
49,25,"Republican"
49,26,"Republican"
49,27,"Republican"
49,28,"Democrat"
49,29,"Democrat"
49,30,"Democrat"
49,31,"Democrat"
49,32,"Republican"
49,33,"Republican"
49,34,"Democrat"
49,35,"Democrat"
49,36,"Republican"
49,37,"Republican"
49,38,"Republican"
49,39,"Republican"
49,40,"Republican"
49,41,"Republican"
49,42,"Democrat"
49,43,"Democrat"
49,44,"Democrat"
49,45,"Democrat"
49,46,"Republican"
49,47,"Republican"
49,48,"Republican"
49,49,"Democrat"
49,50,"Republican"
49,51,"Republican"
49,52,"Republican"
49,53,"Republican"
49,54,"Democrat"
49,55,"Republican"
49,56,"Republican"
49,57,"Democrat"
49,58,"Democrat"
49,59,"Democrat"
49,60,"Republican"
49,61,"Republican"
49,62,"Republican"
49,63,"Republican"
49,64,"Republican"
49,65,"Republican"
49,66,"Republican"
49,67,"Democrat"
49,68,"Democrat"
49,69,"Democrat"
49,70,"Democrat"
49,71,"Democrat"
49,72,"Democrat"
49,73,"Democrat"
49,74,"Republican"
49,75,"Republican"
49,76,"Republican"
49,77,"Republican"
49,78,"Democrat"
49,79,"Democrat"
49,80,"Republican"
49,81,"Republican"
50,1,"Democrat"
50,2,"Democrat"
50,3,"Democrat"
50,4,"Democrat"
50,5,"Republican"
50,6,"Democrat"
50,7,"Republican"
50,8,"Republican"
50,9,"Republican"
50,10,"Republican"
50,11,"Democrat"
50,12,"Democrat"
50,13,"Democrat"
50,14,"Democrat"
50,15,"Democrat"
50,16,"Democrat"
50,17,"Republican"
50,18,"Republican"
50,19,"Democrat"
50,20,"Democrat"
50,21,"Republican"
50,22,"Republican"
50,23,"Republican"
50,24,"Republican"
50,25,"Democrat"
50,26,"Democrat"
50,27,"Democrat"
50,28,"Democrat"
50,29,"Republican"
50,30,"Republican"
50,31,"Democrat"
50,32,"Democrat"
50,33,"Republican"
50,34,"Republican"
50,35,"Republican"
50,36,"Republican"
50,37,"Republican"
50,38,"Republican"
50,39,"Democrat"
50,40,"Democrat"
50,41,"Democrat"
50,42,"Democrat"
50,43,"Republican"
50,44,"Republican"
50,45,"Republican"
50,46,"Republican"
50,47,"Republican"
50,48,"Republican"
50,49,"Democrat"
50,50,"Democrat"
50,51,"Republican"
50,52,"Republican"
50,53,"Democrat"
50,54,"Democrat"
50,55,"Democrat"
50,56,"Republican"
50,57,"Republican"
50,58,"Republican"
50,59,"Republican"
50,60,"Republican"
50,61,"Republican"
50,62,"Republican"
50,63,"Democrat"
50,64,"Democrat"
50,65,"Democrat"
50,66,"Democrat"
50,67,"Democrat"
50,68,"Democrat"
50,69,"Republican"
50,70,"Republican"
50,71,"Democrat"
50,72,"Republican"
50,73,"Democrat"
50,74,"Democrat"
50,75,"Republican"
50,76,"Republican"
51,1,"Democrat"
51,2,"Democrat"
51,3,"Democrat"
51,4,"Democrat"
51,5,"Democrat"
51,6,"Republican"
51,7,"Republican"
51,8,"Republican"
51,9,"Republican"
51,10,"Republican"
51,11,"Republican"
51,12,"Democrat"
51,13,"Democrat"
51,14,"Democrat"
51,15,"Democrat"
51,16,"Democrat"
51,17,"Republican"
51,18,"Republican"
51,19,"Republican"
51,20,"Republican"
51,21,"Democrat"
51,22,"Democrat"
51,23,"Republican"
51,24,"Republican"
51,25,"Republican"
51,26,"Republican"
51,27,"Democrat"
51,28,"Democrat"
51,29,"Democrat"
51,30,"Democrat"
51,31,"Democrat"
51,32,"Republican"
51,33,"Republican"
51,34,"Democrat"
51,35,"Democrat"
51,36,"Republican"
51,37,"Republican"
51,38,"Republican"
51,39,"Republican"
51,40,"Republican"
51,41,"Republican"
51,42,"Democrat"
51,43,"Democrat"
51,44,"Democrat"
51,45,"Democrat"
51,46,"Republican"
51,47,"Republican"
51,48,"Republican"
51,49,"Republican"
51,50,"Republican"
51,51,"Republican"
51,52,"Republican"
51,53,"Republican"
51,54,"Republican"
51,55,"Democrat"
51,56,"Democrat"
51,57,"Republican"
51,58,"Republican"
51,59,"Democrat"
51,60,"Democrat"
51,61,"Republican"
51,62,"Republican"
51,63,"Democrat"
51,64,"Republican"
51,65,"Republican"
51,66,"Republican"
51,67,"Republican"
51,68,"Republican"
51,69,"Republican"
51,70,"Republican"
51,71,"Republican"
51,72,"Democrat"
51,73,"Democrat"
51,74,"Republican"
51,75,"Republican"
51,76,"Democrat"
51,77,"Democrat"
51,78,"Democrat"
51,79,"Democrat"
51,80,"Republican"
51,81,"Republican"
51,82,"Democrat"
51,83,"Democrat"
51,84,"Republican"
51,85,"Republican"
51,86,"Democrat"
51,87,"Democrat"
51,88,"Republican"
51,89,"Republican"
51,90,"Republican"
51,91,"Republican"
52,1,"Democrat"
52,2,"Democrat"
52,3,"Democrat"
52,4,"Democrat"
52,5,"Republican"
52,6,"Republican"
52,7,"Republican"
52,8,"Republican"
52,9,"Republican"
52,10,"Republican"
52,11,"Republican"
52,12,"Democrat"
52,13,"Democrat"
52,14,"Democrat"
52,15,"Democrat"
52,16,"Democrat"
52,17,"Republican"
52,18,"Republican"
52,19,"Republican"
52,20,"Democrat"
52,21,"Democrat"
52,22,"Democrat"
52,23,"Republican"
52,24,"Republican"
52,25,"Democrat"
52,26,"Republican"
52,27,"Democrat"
52,28,"Democrat"
52,29,"Democrat"
52,30,"Democrat"
52,31,"Democrat"
52,32,"Democrat"
52,33,"Republican"
52,34,"Republican"
52,35,"Democrat"
52,36,"Democrat"
52,37,"Republican"
52,38,"Republican"
52,39,"Republican"
52,40,"Republican"
52,41,"Republican"
52,42,"Republican"
52,43,"Democrat"
52,44,"Democrat"
52,45,"Democrat"
52,46,"Democrat"
52,47,"Republican"
52,48,"Republican"
52,49,"Republican"
52,50,"Republican"
52,51,"Republican"
52,52,"Republican"
52,53,"Republican"
52,54,"Republican"
52,55,"Democrat"
52,56,"Democrat"
52,57,"Republican"
52,58,"Democrat"
52,59,"Democrat"
52,60,"Democrat"
52,61,"Republican"
52,62,"Republican"
52,63,"Democrat"
52,64,"Republican"
52,65,"Republican"
52,66,"Republican"
52,67,"Republican"
52,68,"Republican"
52,69,"Republican"
52,70,"Republican"
52,71,"Democrat"
52,72,"Democrat"
52,73,"Republican"
52,74,"Democrat"
52,75,"Democrat"
52,76,"Democrat"
52,77,"Democrat"
52,78,"Democrat"
52,79,"Democrat"
52,80,"Republican"
52,81,"Republican"
52,82,"Democrat"
52,83,"Democrat"
52,84,"Democrat"
52,85,"Republican"
52,86,"Republican"
52,87,"Democrat"
52,88,"Democrat"
52,89,"Democrat"
52,90,"Democrat"
52,91,"Republican"
52,92,"Republican"
52,93,"Republican"
53,1,"Democrat"
53,2,"Democrat"
53,3,"Democrat"
53,4,"Democrat"
53,5,"Democrat"
53,6,"Republican"
53,7,"Republican"
53,8,"Republican"
53,9,"Republican"
53,10,"Republican"
53,11,"Republican"
53,12,"Democrat"
53,13,"Democrat"
53,14,"Democrat"
53,15,"Democrat"
53,16,"Democrat"
53,17,"Democrat"
53,18,"Republican"
53,19,"Republican"
53,20,"Democrat"
53,21,"Republican"
53,22,"Democrat"
53,23,"Democrat"
53,24,"Republican"
53,25,"Republican"
53,26,"Democrat"
53,27,"Democrat"
53,28,"Democrat"
53,29,"Democrat"
53,30,"Democrat"
53,31,"Democrat"
53,32,"Democrat"
53,33,"Republican"
53,34,"Republican"
53,35,"Democrat"
53,36,"Democrat"
53,37,"Republican"
53,38,"Republican"
53,39,"Republican"
53,40,"Republican"
53,41,"Republican"
53,42,"Republican"
53,43,"Republican"
53,44,"Republican"
53,45,"Democrat"
53,46,"Democrat"
53,47,"Democrat"
53,48,"Democrat"
53,49,"Democrat"
53,50,"Republican"
53,51,"Republican"
53,52,"Democrat"
53,53,"Republican"
53,54,"Republican"
53,55,"Republican"
53,56,"Republican"
53,57,"Democrat"
53,58,"Democrat"
53,59,"Democrat"
53,60,"Democrat"
53,61,"Democrat"
53,62,"Democrat"
53,63,"Democrat"
53,64,"Republican"
53,65,"Democrat"
53,66,"Republican"
53,67,"Republican"
53,68,"Democrat"
53,69,"Republican"
53,70,"Republican"
53,71,"Republican"
53,72,"Republican"
53,73,"Republican"
53,74,"Republican"
53,75,"Democrat"
53,76,"Democrat"
53,77,"Republican"
53,78,"Democrat"
53,79,"Democrat"
53,80,"Democrat"
53,81,"Democrat"
53,82,"Democrat"
53,83,"Republican"
53,84,"Republican"
53,85,"Democrat"
53,86,"Democrat"
53,87,"Republican"
53,88,"Republican"
53,89,"Democrat"
53,90,"Democrat"
53,91,"Democrat"
53,92,"Democrat"
53,93,"Republican"
53,94,"Republican"
54,1,"Democrat"
54,2,"Democrat"
54,3,"Democrat"
54,4,"Democrat"
54,5,"Democrat"
54,6,"Republican"
54,7,"Republican"
54,8,"Republican"
54,9,"Republican"
54,10,"Republican"
54,11,"Democrat"
54,12,"Democrat"
54,13,"Democrat"
54,14,"Democrat"
54,15,"Democrat"
54,16,"Democrat"
54,17,"Republican"
54,18,"Republican"
54,19,"Democrat"
54,20,"Republican"
54,21,"Democrat"
54,22,"Democrat"
54,23,"Republican"
54,24,"Republican"
54,25,"Democrat"
54,26,"Republican"
54,27,"Democrat"
54,28,"Democrat"
54,29,"Democrat"
54,30,"Democrat"
54,31,"Republican"
54,32,"Republican"
54,33,"Democrat"
54,34,"Democrat"
54,35,"Republican"
54,36,"Republican"
54,37,"Republican"
54,38,"Republican"
54,39,"Republican"
54,40,"Republican"
54,41,"Democrat"
54,42,"Democrat"
54,43,"Democrat"
54,44,"Democrat"
54,45,"Republican"
54,46,"Republican"
54,47,"Republican"
54,48,"Democrat"
54,49,"Republican"
54,50,"Republican"
54,51,"Republican"
54,52,"Democrat"
54,53,"Democrat"
54,54,"Democrat"
54,55,"Democrat"
54,56,"Republican"
54,57,"Republican"
54,58,"Democrat"
54,59,"Republican"
54,60,"Democrat"
54,61,"Republican"
54,62,"Republican"
54,63,"Republican"
54,64,"Republican"
54,65,"Republican"
54,66,"Republican"
54,67,"Democrat"
54,68,"Democrat"
54,69,"Republican"
54,70,"Democrat"
54,71,"Democrat"
54,72,"Democrat"
54,73,"Democrat"
54,74,"Democrat"
54,75,"Republican"
54,76,"Republican"
54,77,"Republican"
54,78,"Republican"
54,79,"Democrat"
54,80,"Democrat"
54,81,"Republican"
54,82,"Republican"
54,83,"Democrat"
54,84,"Republican"
54,85,"Democrat"
54,86,"Democrat"
54,87,"Republican"
54,88,"Republican"
55,1,"Democrat"
55,2,"Democrat"
55,3,"Democrat"
55,4,"Democrat"
55,5,"Democrat"
55,6,"Republican"
55,7,"Republican"
55,8,"Democrat"
55,9,"Republican"
55,10,"Republican"
55,11,"Democrat"
55,12,"Democrat"
55,13,"Democrat"
55,14,"Democrat"
55,15,"Democrat"
55,16,"Democrat"
55,17,"Republican"
55,18,"Democrat"
55,19,"Republican"
55,20,"Republican"
55,21,"Democrat"
55,22,"Republican"
55,23,"Republican"
55,24,"Republican"
55,25,"Democrat"
55,26,"Republican"
55,27,"Republican"
55,28,"Democrat"
55,29,"Democrat"
55,30,"Democrat"
55,31,"Republican"
55,32,"Republican"
55,33,"Republican"
55,34,"Democrat"
55,35,"Republican"
55,36,"Republican"
55,37,"Republican"
55,38,"Republican"
55,39,"Republican"
55,40,"Republican"
55,41,"Democrat"
55,42,"Democrat"
55,43,"Democrat"
55,44,"Democrat"
55,45,"Democrat"
55,46,"Democrat"
55,47,"Republican"
55,48,"Democrat"
55,49,"Democrat"
55,50,"Republican"
55,51,"Republican"
55,52,"Republican"
55,53,"Republican"
55,54,"Democrat"
55,55,"Democrat"
55,56,"Republican"
55,57,"Republican"
55,58,"Democrat"
55,59,"Democrat"
55,60,"Republican"
55,61,"Republican"
55,62,"Republican"
55,63,"Republican"
55,64,"Republican"
55,65,"Republican"
55,66,"Republican"
55,67,"Republican"
55,68,"Republican"
55,69,"Republican"
55,70,"Democrat"
55,71,"Democrat"
55,72,"Democrat"
55,73,"Democrat"
55,74,"Democrat"
55,75,"Democrat"
55,76,"Democrat"
55,77,"Democrat"
55,78,"Democrat"
55,79,"Democrat"
55,80,"Democrat"
55,81,"Democrat"
55,82,"Republican"
55,83,"Republican"
55,84,"Republican"
55,85,"Democrat"
55,86,"Democrat"
55,87,"Republican"
55,88,"Democrat"
55,89,"Republican"
55,90,"Democrat"
55,91,"Democrat"
55,92,"Republican"
55,93,"Republican"
55,94,"Republican"
56,1,"Democrat"
56,2,"Democrat"
56,3,"Democrat"
56,4,"Democrat"
56,5,"Republican"
56,6,"Republican"
56,7,"Republican"
56,8,"Democrat"
56,9,"Republican"
56,10,"Republican"
56,11,"Democrat"
56,12,"Democrat"
56,13,"Democrat"
56,14,"Democrat"
56,15,"Democrat"
56,16,"Democrat"
56,17,"Republican"
56,18,"Republican"
56,19,"Republican"
56,20,"Republican"
56,21,"Republican"
56,22,"Republican"
56,23,"Republican"
56,24,"Republican"
56,25,"Democrat"
56,26,"Republican"
56,27,"Democrat"
56,28,"Republican"
56,29,"Democrat"
56,30,"Democrat"
56,31,"Republican"
56,32,"Republican"
56,33,"Republican"
56,34,"Republican"
56,35,"Republican"
56,36,"Republican"
56,37,"Republican"
56,38,"Republican"
56,39,"Republican"
56,40,"Republican"
56,41,"Democrat"
56,42,"Republican"
56,43,"Democrat"
56,44,"Democrat"
56,45,"Democrat"
56,46,"Democrat"
56,47,"Republican"
56,48,"Democrat"
56,49,"Republican"
56,50,"Democrat"
56,51,"Republican"
56,52,"Republican"
56,53,"Republican"
56,54,"Republican"
56,55,"Republican"
56,56,"Republican"
56,57,"Democrat"
56,58,"Republican"
56,59,"Republican"
56,60,"Republican"
56,61,"Republican"
56,62,"Republican"
56,63,"Republican"
56,64,"Republican"
56,65,"Republican"
56,66,"Republican"
56,67,"Republican"
56,68,"Republican"
56,69,"Democrat"
56,70,"Democrat"
56,71,"Democrat"
56,72,"Democrat"
56,73,"Democrat"
56,74,"Democrat"
56,75,"Democrat"
56,76,"Democrat"
56,77,"Democrat"
56,78,"Republican"
56,79,"Republican"
56,80,"Republican"
56,81,"Republican"
56,82,"Democrat"
56,83,"Democrat"
56,84,"Democrat"
56,85,"Republican"
56,86,"Republican"
56,87,"Republican"
56,88,"Republican"
56,89,"Republican"
56,90,"Republican"
56,91,"Republican"
57,1,"Democrat"
57,2,"Democrat"
57,3,"Democrat"
57,4,"Democrat"
57,5,"Republican"
57,6,"Republican"
57,7,"Democrat"
57,8,"Democrat"
57,9,"Republican"
57,10,"Republican"
57,11,"Republican"
57,12,"Democrat"
57,13,"Democrat"
57,14,"Democrat"
57,15,"Democrat"
57,16,"Democrat"
57,17,"Democrat"
57,18,"Republican"
57,19,"Republican"
57,20,"Republican"
57,21,"Republican"
57,22,"Republican"
57,23,"Republican"
57,24,"Republican"
57,25,"Democrat"
57,26,"Democrat"
57,27,"Republican"
57,28,"Democrat"
57,29,"Democrat"
57,30,"Republican"
57,31,"Republican"
57,32,"Republican"
57,33,"Republican"
57,34,"Republican"
57,35,"Republican"
57,36,"Republican"
57,37,"Republican"
57,38,"Republican"
57,39,"Republican"
57,40,"Republican"
57,41,"Democrat"
57,42,"Democrat"
57,43,"Democrat"
57,44,"Democrat"
57,45,"Democrat"
57,46,"Democrat"
57,47,"Republican"
57,48,"Republican"
57,49,"Republican"
57,50,"Republican"
57,51,"Republican"
57,52,"Republican"
57,53,"Republican"
57,54,"Republican"
57,55,"Republican"
57,56,"Republican"
57,57,"Democrat"
57,58,"Republican"
57,59,"Republican"
57,60,"Republican"
57,61,"Republican"
57,62,"Republican"
57,63,"Republican"
57,64,"Republican"
57,65,"Republican"
57,66,"Republican"
57,67,"Republican"
57,68,"Republican"
57,69,"Democrat"
57,70,"Democrat"
57,71,"Republican"
57,72,"Republican"
57,73,"Democrat"
57,74,"Democrat"
57,75,"Democrat"
57,76,"Democrat"
57,77,"Democrat"
57,78,"Republican"
57,79,"Republican"
57,80,"Republican"
57,81,"Democrat"
57,82,"Democrat"
57,83,"Republican"
57,84,"Democrat"
57,85,"Republican"
57,86,"Republican"
57,87,"Republican"
57,88,"Republican"
57,89,"Republican"
57,90,"Republican"
58,1,"Democrat"
58,2,"Democrat"
58,3,"Democrat"
58,4,"Democrat"
58,5,"Republican"
58,6,"Republican"
58,7,"Democrat"
58,8,"Democrat"
58,9,"Republican"
58,10,"Republican"
58,11,"Republican"
58,12,"Republican"
58,13,"Democrat"
58,14,"Democrat"
58,15,"Democrat"
58,16,"Democrat"
58,17,"Republican"
58,18,"Democrat"
58,19,"Republican"
58,20,"Republican"
58,21,"Republican"
58,22,"Republican"
58,23,"Republican"
58,24,"Republican"
58,25,"Republican"
58,26,"Republican"
58,27,"Democrat"
58,28,"Democrat"
58,29,"Democrat"
58,30,"Democrat"
58,31,"Republican"
58,32,"Republican"
58,33,"Republican"
58,34,"Democrat"
58,35,"Republican"
58,36,"Republican"
58,37,"Republican"
58,38,"Republican"
58,39,"Republican"
58,40,"Republican"
58,41,"Republican"
58,42,"Democrat"
58,43,"Democrat"
58,44,"Democrat"
58,45,"Democrat"
58,46,"Democrat"
58,47,"Democrat"
58,48,"Republican"
58,49,"Republican"
58,50,"Democrat"
58,51,"Republican"
58,52,"Republican"
58,53,"Republican"
58,54,"Republican"
58,55,"Republican"
58,56,"Republican"
58,57,"Republican"
58,58,"Democrat"
58,59,"Democrat"
58,60,"Republican"
58,61,"Republican"
58,62,"Republican"
58,63,"Republican"
58,64,"Republican"
58,65,"Republican"
58,66,"Republican"
58,67,"Republican"
58,68,"Republican"
58,69,"Republican"
58,70,"Republican"
58,71,"Republican"
58,72,"Democrat"
58,73,"Democrat"
58,74,"Republican"
58,75,"Republican"
58,76,"Democrat"
58,77,"Democrat"
58,78,"Democrat"
58,79,"Democrat"
58,80,"Republican"
58,81,"Republican"
58,82,"Republican"
58,83,"Republican"
58,84,"Democrat"
58,85,"Democrat"
58,86,"Republican"
58,87,"Republican"
58,88,"Republican"
58,89,"Republican"
58,90,"Republican"
58,91,"Republican"
58,92,"Republican"
58,93,"Republican"
59,1,"Democrat"
59,2,"Democrat"
59,3,"Democrat"
59,4,"Democrat"
59,5,"Republican"
59,6,"Republican"
59,7,"Democrat"
59,8,"Democrat"
59,9,"Republican"
59,10,"Republican"
59,11,"Republican"
59,12,"Republican"
59,13,"Democrat"
59,14,"Democrat"
59,15,"Democrat"
59,16,"Democrat"
59,17,"Democrat"
59,18,"Republican"
59,19,"Republican"
59,20,"Republican"
59,21,"Republican"
59,22,"Republican"
59,23,"Republican"
59,24,"Republican"
59,25,"Republican"
59,26,"Republican"
59,27,"Republican"
59,28,"Democrat"
59,29,"Democrat"
59,30,"Democrat"
59,31,"Democrat"
59,32,"Republican"
59,33,"Republican"
59,34,"Democrat"
59,35,"Democrat"
59,36,"Republican"
59,37,"Republican"
59,38,"Republican"
59,39,"Republican"
59,40,"Republican"
59,41,"Republican"
59,42,"Republican"
59,43,"Democrat"
59,44,"Democrat"
59,45,"Republican"
59,46,"Democrat"
59,47,"Democrat"
59,48,"Republican"
59,49,"Republican"
59,50,"Republican"
59,51,"Democrat"
59,52,"Republican"
59,53,"Republican"
59,54,"Republican"
59,55,"Republican"
59,56,"Republican"
59,57,"Republican"
59,58,"Republican"
59,59,"Democrat"
59,60,"Democrat"
59,61,"Republican"
59,62,"Republican"
59,63,"Republican"
59,64,"Republican"
59,65,"Republican"
59,66,"Republican"
59,67,"Democrat"
59,68,"Republican"
59,69,"Republican"
59,70,"Republican"
59,71,"Republican"
59,72,"Democrat"
59,73,"Democrat"
59,74,"Republican"
59,75,"Republican"
59,76,"Democrat"
59,77,"Democrat"
59,78,"Democrat"
59,79,"Democrat"
59,80,"Republican"
59,81,"Republican"
59,82,"Republican"
59,83,"Republican"
59,84,"Democrat"
59,85,"Democrat"
59,86,"Republican"
59,87,"Republican"
59,88,"Republican"
59,89,"Republican"
59,90,"Republican"
59,91,"Republican"
59,92,"Republican"
59,93,"Republican"
60,1,"Democrat"
60,2,"Democrat"
60,3,"Democrat"
60,4,"Democrat"
60,5,"Republican"
60,6,"Republican"
60,7,"Democrat"
60,8,"Republican"
60,9,"Republican"
60,10,"Republican"
60,11,"Republican"
60,12,"Republican"
60,13,"Democrat"
60,14,"Democrat"
60,15,"Democrat"
60,16,"Democrat"
60,17,"Democrat"
60,18,"Republican"
60,19,"Republican"
60,20,"Republican"
60,21,"Republican"
60,22,"Republican"
60,23,"Republican"
60,24,"Republican"
60,25,"Republican"
60,26,"Republican"
60,27,"Republican"
60,28,"Republican"
60,29,"Democrat"
60,30,"Democrat"
60,31,"Democrat"
60,32,"Democrat"
60,33,"Republican"
60,34,"Republican"
60,35,"Democrat"
60,36,"Democrat"
60,37,"Republican"
60,38,"Republican"
60,39,"Republican"
60,40,"Republican"
60,41,"Republican"
60,42,"Republican"
60,43,"Democrat"
60,44,"Democrat"
60,45,"Republican"
60,46,"Democrat"
60,47,"Republican"
60,48,"Republican"
60,49,"Republican"
60,50,"Republican"
60,51,"Republican"
60,52,"Democrat"
60,53,"Republican"
60,54,"Republican"
60,55,"Republican"
60,56,"Republican"
60,57,"Republican"
60,58,"Republican"
60,59,"Democrat"
60,60,"Democrat"
60,61,"Republican"
60,62,"Republican"
60,63,"Republican"
60,64,"Republican"
60,65,"Democrat"
60,66,"Democrat"
60,67,"Republican"
60,68,"Republican"
60,69,"Republican"
60,70,"Republican"
60,71,"Republican"
60,72,"Republican"
60,73,"Democrat"
60,74,"Democrat"
60,75,"Republican"
60,76,"Republican"
60,77,"Democrat"
60,78,"Democrat"
60,79,"Democrat"
60,80,"Democrat"
60,81,"Republican"
60,82,"Republican"
60,83,"Republican"
60,84,"Republican"
60,85,"Republican"
60,86,"Democrat"
60,87,"Democrat"
60,88,"Republican"
60,89,"Republican"
60,90,"Republican"
60,91,"Republican"
60,92,"Republican"
60,93,"Republican"
60,94,"Republican"
60,95,"Republican"
61,1,"Democrat"
61,2,"Democrat"
61,3,"Democrat"
61,4,"Democrat"
61,5,"Republican"
61,6,"Republican"
61,7,"Democrat"
61,8,"Republican"
61,9,"Republican"
61,10,"Republican"
61,11,"Republican"
61,12,"Republican"
61,13,"Democrat"
61,14,"Democrat"
61,15,"Democrat"
61,16,"Democrat"
61,17,"Democrat"
61,18,"Republican"
61,19,"Republican"
61,20,"Republican"
61,21,"Republican"
61,22,"Democrat"
61,23,"Republican"
61,24,"Republican"
61,25,"Republican"
61,26,"Republican"
61,27,"Republican"
61,28,"Republican"
61,29,"Republican"
61,30,"Democrat"
61,31,"Democrat"
61,32,"Democrat"
61,33,"Democrat"
61,34,"Republican"
61,35,"Republican"
61,36,"Democrat"
61,37,"Democrat"
61,38,"Republican"
61,39,"Republican"
61,40,"Republican"
61,41,"Republican"
61,42,"Republican"
61,43,"Republican"
61,44,"Democrat"
61,45,"Democrat"
61,46,"Democrat"
61,47,"Democrat"
61,48,"Republican"
61,49,"Democrat"
61,50,"Republican"
61,51,"Republican"
61,52,"Republican"
61,53,"Republican"
61,54,"Democrat"
61,55,"Republican"
61,56,"Republican"
61,57,"Republican"
61,58,"Republican"
61,59,"Republican"
61,60,"Republican"
61,61,"Republican"
61,62,"Democrat"
61,63,"Democrat"
61,64,"Republican"
61,65,"Republican"
61,66,"Democrat"
61,67,"Democrat"
61,68,"Republican"
61,69,"Republican"
61,70,"Republican"
61,71,"Democrat"
61,72,"Democrat"
61,73,"Democrat"
61,74,"Republican"
61,75,"Republican"
61,76,"Republican"
61,77,"Republican"
61,78,"Republican"
61,79,"Democrat"
61,80,"Democrat"
61,81,"Republican"
61,82,"Republican"
61,83,"Democrat"
61,84,"Democrat"
61,85,"Democrat"
61,86,"Democrat"
61,87,"Republican"
61,88,"Republican"
61,89,"Republican"
61,90,"Republican"
61,91,"Democrat"
61,92,"Democrat"
61,93,"Democrat"
61,94,"Republican"
61,95,"Republican"
61,96,"Republican"
61,97,"Republican"
61,98,"Democrat"
61,99,"Republican"
61,100,"Republican"
61,101,"Republican"
61,102,"Republican"
62,1,"Democrat"
62,2,"Democrat"
62,3,"Democrat"
62,4,"Democrat"
62,5,"Democrat"
62,6,"Democrat"
62,7,"Democrat"
62,8,"Democrat"
62,9,"Republican"
62,10,"Republican"
62,11,"Republican"
62,12,"Democrat"
62,13,"Republican"
62,14,"Republican"
62,15,"Republican"
62,16,"Republican"
62,17,"Democrat"
62,18,"Democrat"
62,19,"Democrat"
62,20,"Democrat"
62,21,"Democrat"
62,22,"Republican"
62,23,"Republican"
62,24,"Democrat"
62,25,"Republican"
62,26,"Republican"
62,27,"Republican"
62,28,"Democrat"
62,29,"Democrat"
62,30,"Republican"
62,31,"Republican"
62,32,"Republican"
62,33,"Republican"
62,34,"Democrat"
62,35,"Republican"
62,36,"Democrat"
62,37,"Democrat"
62,38,"Democrat"
62,39,"Republican"
62,40,"Democrat"
62,41,"Democrat"
62,42,"Democrat"
62,43,"Republican"
62,44,"Republican"
62,45,"Republican"
62,46,"Republican"
62,47,"Republican"
62,48,"Republican"
62,49,"Republican"
62,50,"Democrat"
62,51,"Democrat"
62,52,"Democrat"
62,53,"Democrat"
62,54,"Democrat"
62,55,"Republican"
62,56,"Republican"
62,57,"Democrat"
62,58,"Republican"
62,59,"Democrat"
62,60,"Republican"
62,61,"Democrat"
62,62,"Republican"
62,63,"Republican"
62,64,"Republican"
62,65,"Democrat"
62,66,"Republican"
62,67,"Republican"
62,68,"Democrat"
62,69,"Republican"
62,70,"Democrat"
62,71,"Democrat"
62,72,"Republican"
62,73,"Republican"
62,74,"Republican"
62,75,"Democrat"
62,76,"Democrat"
62,77,"Democrat"
62,78,"Republican"
62,79,"Democrat"
62,80,"Republican"
62,81,"Republican"
62,82,"Republican"
62,83,"Republican"
62,84,"Democrat"
62,85,"Democrat"
62,86,"Republican"
62,87,"Republican"
62,88,"Democrat"
62,89,"Democrat"
62,90,"Republican"
62,91,"Democrat"
62,92,"Democrat"
62,93,"Democrat"
62,94,"Democrat"
62,95,"Democrat"
62,96,"Republican"
62,97,"Republican"
62,98,"Republican"
62,99,"Republican"
62,100,"Democrat"
62,101,"Democrat"
62,102,"Republican"
62,103,"Republican"
62,104,"Democrat"
62,105,"Democrat"
62,106,"Republican"
62,107,"Republican"
62,108,"Republican"
62,109,"Republican"
63,1,"Democrat"
63,2,"Democrat"
63,3,"Democrat"
63,4,"Democrat"
63,5,"Democrat"
63,6,"Democrat"
63,7,"Democrat"
63,8,"Republican"
63,9,"Republican"
63,10,"Democrat"
63,11,"Democrat"
63,12,"Republican"
63,13,"Republican"
63,14,"Democrat"
63,15,"Republican"
63,16,"Democrat"
63,17,"Democrat"
63,18,"Democrat"
63,19,"Democrat"
63,20,"Democrat"
63,21,"Democrat"
63,22,"Republican"
63,23,"Republican"
63,24,"Democrat"
63,25,"Republican"
63,26,"Democrat"
63,27,"Democrat"
63,28,"Republican"
63,29,"Republican"
63,30,"Democrat"
63,31,"Republican"
63,32,"Democrat"
63,33,"Republican"
63,34,"Democrat"
63,35,"Democrat"
63,36,"Democrat"
63,37,"Republican"
63,38,"Democrat"
63,39,"Democrat"
63,40,"Republican"
63,41,"Democrat"
63,42,"Republican"
63,43,"Republican"
63,44,"Republican"
63,45,"Republican"
63,46,"Republican"
63,47,"Republican"
63,48,"Democrat"
63,49,"Democrat"
63,50,"Democrat"
63,51,"Democrat"
63,52,"Democrat"
63,53,"Democrat"
63,54,"Democrat"
63,55,"Republican"
63,56,"Democrat"
63,57,"Democrat"
63,58,"Democrat"
63,59,"Republican"
63,60,"Democrat"
63,61,"Democrat"
63,62,"Republican"
63,63,"Republican"
63,64,"Republican"
63,65,"Democrat"
63,66,"Democrat"
63,67,"Democrat"
63,68,"Republican"
63,69,"Republican"
63,70,"Republican"
63,71,"Democrat"
63,72,"Democrat"
63,73,"Democrat"
63,74,"Democrat"
63,75,"Democrat"
63,76,"Republican"
63,77,"Republican"
63,78,"Republican"
63,79,"Republican"
63,80,"Democrat"
63,81,"Democrat"
63,82,"Republican"
63,83,"Republican"
63,84,"Democrat"
63,85,"Democrat"
63,86,"Democrat"
63,87,"Democrat"
63,88,"Republican"
63,89,"Republican"
63,90,"Republican"
63,91,"Republican"
63,92,"Democrat"
63,93,"Democrat"
63,94,"Republican"
63,95,"Democrat"
63,96,"Democrat"
63,97,"Republican"
63,98,"Republican"
63,99,"Republican"
63,100,"Republican"
63,101,"Republican"
64,1,"Democrat"
64,2,"Democrat"
64,3,"Democrat"
64,4,"Democrat"
64,5,"Democrat"
64,6,"Democrat"
64,7,"Democrat"
64,8,"Republican"
64,9,"Democrat"
64,10,"Democrat"
64,11,"Democrat"
64,12,"Republican"
64,13,"Republican"
64,14,"Democrat"
64,15,"Republican"
64,16,"Democrat"
64,17,"Democrat"
64,18,"Democrat"
64,19,"Democrat"
64,20,"Republican"
64,21,"Republican"
64,22,"Republican"
64,23,"Democrat"
64,24,"Democrat"
64,25,"Democrat"
64,26,"Democrat"
64,27,"Republican"
64,28,"Republican"
64,29,"Republican"
64,30,"Democrat"
64,31,"Republican"
64,32,"Democrat"
64,33,"Democrat"
64,34,"Democrat"
64,35,"Democrat"
64,36,"Democrat"
64,37,"Republican"
64,38,"Republican"
64,39,"Democrat"
64,40,"Democrat"
64,41,"Republican"
64,42,"Republican"
64,43,"Republican"
64,44,"Republican"
64,45,"Republican"
64,46,"Republican"
64,47,"Democrat"
64,48,"Democrat"
64,49,"Democrat"
64,50,"Democrat"
64,51,"Democrat"
64,52,"Democrat"
64,53,"Democrat"
64,54,"Republican"
64,55,"Democrat"
64,56,"Democrat"
64,57,"Democrat"
64,58,"Republican"
64,59,"Democrat"
64,60,"Democrat"
64,61,"Republican"
64,62,"Republican"
64,63,"Democrat"
64,64,"Republican"
64,65,"Democrat"
64,66,"Democrat"
64,67,"Republican"
64,68,"Republican"
64,69,"Democrat"
64,70,"Republican"
64,71,"Democrat"
64,72,"Democrat"
64,73,"Democrat"
64,74,"Democrat"
64,75,"Republican"
64,76,"Republican"
64,77,"Republican"
64,78,"Republican"
64,79,"Democrat"
64,80,"Democrat"
64,81,"Democrat"
64,82,"Republican"
64,83,"Democrat"
64,84,"Democrat"
64,85,"Democrat"
64,86,"Democrat"
64,87,"Republican"
64,88,"Republican"
64,89,"Republican"
64,90,"Republican"
64,91,"Democrat"
64,92,"Democrat"
64,93,"Republican"
64,94,"Republican"
64,95,"Republican"
64,96,"Democrat"
64,97,"Republican"
64,98,"Democrat"
64,99,"Republican"
64,100,"Republican"
65,1,"Democrat"
65,2,"Democrat"
65,3,"Democrat"
65,4,"Democrat"
65,5,"Democrat"
65,6,"Democrat"
65,7,"Republican"
65,8,"Democrat"
65,9,"Democrat"
65,10,"Democrat"
65,11,"Republican"
65,12,"Republican"
65,13,"Democrat"
65,14,"Democrat"
65,15,"Democrat"
65,16,"Democrat"
65,17,"Democrat"
65,18,"Democrat"
65,19,"Republican"
65,20,"Republican"
65,21,"Democrat"
65,22,"Republican"
65,23,"Democrat"
65,24,"Republican"
65,25,"Republican"
65,26,"Republican"
65,27,"Republican"
65,28,"Democrat"
65,29,"Republican"
65,30,"Democrat"
65,31,"Democrat"
65,32,"Democrat"
65,33,"Democrat"
65,34,"Democrat"
65,35,"Democrat"
65,36,"Democrat"
65,37,"Republican"
65,38,"Republican"
65,39,"Democrat"
65,40,"Republican"
65,41,"Republican"
65,42,"Republican"
65,43,"Republican"
65,44,"Republican"
65,45,"Republican"
65,46,"Republican"
65,47,"Democrat"
65,48,"Democrat"
65,49,"Democrat"
65,50,"Democrat"
65,51,"Democrat"
65,52,"Republican"
65,53,"Democrat"
65,54,"Democrat"
65,55,"Democrat"
65,56,"Republican"
65,57,"Democrat"
65,58,"Democrat"
65,59,"Democrat"
65,60,"Democrat"
65,61,"Republican"
65,62,"Republican"
65,63,"Republican"
65,64,"Republican"
65,65,"Democrat"
65,66,"Republican"
65,67,"Republican"
65,68,"Democrat"
65,69,"Republican"
65,70,"Republican"
65,71,"Democrat"
65,72,"Democrat"
65,73,"Republican"
65,74,"Republican"
65,75,"Democrat"
65,76,"Republican"
65,77,"Democrat"
65,78,"Democrat"
65,79,"Democrat"
65,80,"Democrat"
65,81,"Republican"
65,82,"Republican"
65,83,"Republican"
65,84,"Republican"
65,85,"Democrat"
65,86,"Republican"
65,87,"Democrat"
65,88,"Democrat"
65,89,"Democrat"
65,90,"Democrat"
65,91,"Democrat"
65,92,"Republican"
65,93,"Democrat"
65,94,"Democrat"
65,95,"Democrat"
65,96,"Democrat"
65,97,"Republican"
65,98,"Democrat"
65,99,"Republican"
65,100,"Republican"
65,101,"Democrat"
65,102,"Democrat"
65,103,"Republican"
65,104,"Republican"
65,105,"Republican"
65,106,"Republican"
65,107,"Republican"
65,108,"Democrat"
65,109,"Republican"
65,110,"Democrat"
65,111,"Republican"
66,1,"Democrat"
66,2,"Democrat"
66,3,"Democrat"
66,4,"Democrat"
66,5,"Democrat"
66,6,"Democrat"
66,7,"Democrat"
66,8,"Democrat"
66,9,"Democrat"
66,10,"Republican"
66,11,"Republican"
66,12,"Democrat"
66,13,"Republican"
66,14,"Republican"
66,15,"Democrat"
66,16,"Republican"
66,17,"Democrat"
66,18,"Democrat"
66,19,"Democrat"
66,20,"Democrat"
66,21,"Republican"
66,22,"Democrat"
66,23,"Republican"
66,24,"Republican"
66,25,"Republican"
66,26,"Republican"
66,27,"Republican"
66,28,"Republican"
66,29,"Republican"
66,30,"Republican"
66,31,"Republican"
66,32,"Democrat"
66,33,"Democrat"
66,34,"Democrat"
66,35,"Democrat"
66,36,"Republican"
66,37,"Republican"
66,38,"Republican"
66,39,"Democrat"
66,40,"Republican"
66,41,"Democrat"
66,42,"Republican"
66,43,"Republican"
66,44,"Republican"
66,45,"Republican"
66,46,"Democrat"
66,47,"Democrat"
66,48,"Democrat"
66,49,"Republican"
66,50,"Democrat"
66,51,"Democrat"
66,52,"Republican"
66,53,"Democrat"
66,54,"Democrat"
66,55,"Democrat"
66,56,"Republican"
66,57,"Republican"
66,58,"Republican"
66,59,"Republican"
66,60,"Democrat"
66,61,"Republican"
66,62,"Republican"
66,63,"Republican"
66,64,"Democrat"
66,65,"Democrat"
66,66,"Republican"
66,67,"Republican"
66,68,"Democrat"
66,69,"Republican"
66,70,"Republican"
66,71,"Democrat"
66,72,"Democrat"
66,73,"Republican"
66,74,"Democrat"
66,75,"Republican"
66,76,"Republican"
66,77,"Republican"
66,78,"Democrat"
66,79,"Democrat"
66,80,"Democrat"
66,81,"Democrat"
66,82,"Republican"
66,83,"Democrat"
66,84,"Democrat"
66,85,"Democrat"
66,86,"Democrat"
66,87,"Democrat"
66,88,"Republican"
66,89,"Republican"
66,90,"Republican"
66,91,"Democrat"
66,92,"Democrat"
66,93,"Democrat"
66,94,"Republican"
66,95,"Republican"
66,96,"Republican"
66,97,"Republican"
66,98,"Republican"
66,99,"Republican"
66,100,"Republican"
66,101,"Democrat"
67,1,"Democrat"
67,2,"Democrat"
67,3,"Republican"
67,4,"Democrat"
67,5,"Democrat"
67,6,"Democrat"
67,7,"Republican"
67,8,"Republican"
67,9,"Republican"
67,10,"Republican"
67,11,"Republican"
67,12,"Republican"
67,13,"Republican"
67,14,"Democrat"
67,15,"Republican"
67,16,"Democrat"
67,17,"Democrat"
67,18,"Democrat"
67,19,"Democrat"
67,20,"Democrat"
67,21,"Democrat"
67,22,"Republican"
67,23,"Republican"
67,24,"Republican"
67,25,"Republican"
67,26,"Republican"
67,27,"Republican"
67,28,"Republican"
67,29,"Republican"
67,30,"Republican"
67,31,"Republican"
67,32,"Republican"
67,33,"Republican"
67,34,"Democrat"
67,35,"Republican"
67,36,"Democrat"
67,37,"Democrat"
67,38,"Republican"
67,39,"Republican"
67,40,"Republican"
67,41,"Republican"
67,42,"Democrat"
67,43,"Republican"
67,44,"Republican"
67,45,"Republican"
67,46,"Republican"
67,47,"Republican"
67,48,"Republican"
67,49,"Democrat"
67,50,"Democrat"
67,51,"Democrat"
67,52,"Republican"
67,53,"Democrat"
67,54,"Democrat"
67,55,"Republican"
67,56,"Democrat"
67,57,"Democrat"
67,58,"Republican"
67,59,"Republican"
67,60,"Republican"
67,61,"Republican"
67,62,"Republican"
67,63,"Democrat"
67,64,"Republican"
67,65,"Republican"
67,66,"Republican"
67,67,"Democrat"
67,68,"Democrat"
67,69,"Republican"
67,70,"Republican"
67,71,"Democrat"
67,72,"Republican"
67,73,"Republican"
67,74,"Democrat"
67,75,"Republican"
67,76,"Republican"
67,77,"Republican"
67,78,"Republican"
67,79,"Republican"
67,80,"Republican"
67,81,"Republican"
67,82,"Republican"
67,83,"Democrat"
67,84,"Democrat"
67,85,"Democrat"
67,86,"Republican"
67,87,"Republican"
67,88,"Democrat"
67,89,"Democrat"
67,90,"Democrat"
67,91,"Democrat"
67,92,"Republican"
67,93,"Democrat"
67,94,"Republican"
67,95,"Republican"
67,96,"Democrat"
67,97,"Democrat"
67,98,"Republican"
67,99,"Republican"
67,100,"Republican"
67,101,"Republican"
67,102,"Republican"
67,103,"Republican"
67,104,"Republican"
67,105,"Democrat"
68,1,"Democrat"
68,2,"Democrat"
68,3,"Republican"
68,4,"Democrat"
68,5,"Democrat"
68,6,"Democrat"
68,7,"Republican"
68,8,"Republican"
68,9,"Republican"
68,10,"Democrat"
68,11,"Republican"
68,12,"Republican"
68,13,"Republican"
68,14,"Republican"
68,15,"Republican"
68,16,"Democrat"
68,17,"Democrat"
68,18,"Democrat"
68,19,"Democrat"
68,20,"Democrat"
68,21,"Republican"
68,22,"Republican"
68,23,"Republican"
68,24,"Republican"
68,25,"Republican"
68,26,"Republican"
68,27,"Democrat"
68,28,"Republican"
68,29,"Republican"
68,30,"Republican"
68,31,"Republican"
68,32,"Republican"
68,33,"Democrat"
68,34,"Democrat"
68,35,"Democrat"
68,36,"Republican"
68,37,"Republican"
68,38,"Democrat"
68,39,"Republican"
68,40,"Democrat"
68,41,"Republican"
68,42,"Republican"
68,43,"Republican"
68,44,"Democrat"
68,45,"Democrat"
68,46,"Republican"
68,47,"Democrat"
68,48,"Democrat"
68,49,"Democrat"
68,50,"Democrat"
68,51,"Republican"
68,52,"Democrat"
68,53,"Democrat"
68,54,"Republican"
68,55,"Republican"
68,56,"Republican"
68,57,"Democrat"
68,58,"Republican"
68,59,"Republican"
68,60,"Republican"
68,61,"Democrat"
68,62,"Republican"
68,63,"Democrat"
68,64,"Democrat"
68,65,"Republican"
68,66,"Democrat"
68,67,"Democrat"
68,68,"Republican"
68,69,"Republican"
68,70,"Republican"
68,71,"Republican"
68,72,"Democrat"
68,73,"Republican"
68,74,"Republican"
68,75,"Republican"
68,76,"Republican"
68,77,"Republican"
68,78,"Democrat"
68,79,"Republican"
68,80,"Republican"
68,81,"Democrat"
68,82,"Democrat"
68,83,"Republican"
68,84,"Republican"
68,85,"Democrat"
68,86,"Democrat"
68,87,"Democrat"
68,88,"Democrat"
68,89,"Democrat"
68,90,"Republican"
68,91,"Republican"
68,92,"Republican"
68,93,"Democrat"
68,94,"Democrat"
68,95,"Democrat"
68,96,"Republican"
68,97,"Democrat"
68,98,"Republican"
68,99,"Republican"
68,100,"Republican"
68,101,"Republican"
68,102,"Democrat"
69,1,"Democrat"
69,2,"Democrat"
69,3,"Democrat"
69,4,"Republican"
69,5,"Democrat"
69,6,"Democrat"
69,7,"Republican"
69,8,"Republican"
69,9,"Republican"
69,10,"Republican"
69,11,"Republican"
69,12,"Republican"
69,13,"Democrat"
69,14,"Republican"
69,15,"Democrat"
69,16,"Democrat"
69,17,"Democrat"
69,18,"Democrat"
69,19,"Republican"
69,20,"Republican"
69,21,"Republican"
69,22,"Republican"
69,23,"Republican"
69,24,"Democrat"
69,25,"Republican"
69,26,"Republican"
69,27,"Republican"
69,28,"Democrat"
69,29,"Republican"
69,30,"Republican"
69,31,"Republican"
69,32,"Republican"
69,33,"Republican"
69,34,"Democrat"
69,35,"Democrat"
69,36,"Republican"
69,37,"Republican"
69,38,"Republican"
69,39,"Republican"
69,40,"Democrat"
69,41,"Republican"
69,42,"Republican"
69,43,"Democrat"
69,44,"Democrat"
69,45,"Republican"
69,46,"Republican"
69,47,"Democrat"
69,48,"Democrat"
69,49,"Democrat"
69,50,"Democrat"
69,51,"Republican"
69,52,"Republican"
69,53,"Democrat"
69,54,"Democrat"
69,55,"Democrat"
69,56,"Republican"
69,57,"Republican"
69,58,"Democrat"
69,59,"Republican"
69,60,"Republican"
69,61,"Republican"
69,62,"Republican"
69,63,"Democrat"
69,64,"Democrat"
69,65,"Democrat"
69,66,"Republican"
69,67,"Democrat"
69,68,"Democrat"
69,69,"Democrat"
69,70,"Republican"
69,71,"Republican"
69,72,"Republican"
69,73,"Republican"
69,74,"Republican"
69,75,"Republican"
69,76,"Republican"
69,77,"Republican"
69,78,"Republican"
69,79,"Republican"
69,80,"Republican"
69,81,"Republican"
69,82,"Democrat"
69,83,"Democrat"
69,84,"Democrat"
69,85,"Republican"
69,86,"Republican"
69,87,"Democrat"
69,88,"Democrat"
69,89,"Democrat"
69,90,"Democrat"
69,91,"Republican"
69,92,"Democrat"
69,93,"Republican"
69,94,"Republican"
69,95,"Democrat"
69,96,"Democrat"
69,97,"Democrat"
69,98,"Republican"
69,99,"Democrat"
69,100,"Republican"
69,101,"Republican"
69,102,"Republican"
69,103,"Republican"
69,104,"Republican"
69,105,"Democrat"
70,1,"Democrat"
70,2,"Democrat"
70,3,"Democrat"
70,4,"Democrat"
70,5,"Democrat"
70,6,"Democrat"
70,7,"Republican"
70,8,"Republican"
70,9,"Republican"
70,10,"Republican"
70,11,"Republican"
70,12,"Republican"
70,13,"Democrat"
70,14,"Republican"
70,15,"Republican"
70,16,"Democrat"
70,17,"Democrat"
70,18,"Democrat"
70,19,"Democrat"
70,20,"Republican"
70,21,"Republican"
70,22,"Republican"
70,23,"Republican"
70,24,"Republican"
70,25,"Republican"
70,26,"Republican"
70,27,"Republican"
70,28,"Democrat"
70,29,"Republican"
70,30,"Republican"
70,31,"Democrat"
70,32,"Republican"
70,33,"Democrat"
70,34,"Democrat"
70,35,"Republican"
70,36,"Republican"
70,37,"Democrat"
70,38,"Democrat"
70,39,"Republican"
70,40,"Democrat"
70,41,"Republican"
70,42,"Democrat"
70,43,"Republican"
70,44,"Republican"
70,45,"Democrat"
70,46,"Democrat"
70,47,"Democrat"
70,48,"Democrat"
70,49,"Democrat"
70,50,"Democrat"
70,51,"Democrat"
70,52,"Republican"
70,53,"Republican"
70,54,"Democrat"
70,55,"Republican"
70,56,"Republican"
70,57,"Republican"
70,58,"Republican"
70,59,"Democrat"
70,60,"Democrat"
70,61,"Democrat"
70,62,"Republican"
70,63,"Republican"
70,64,"Democrat"
70,65,"Democrat"
70,66,"Democrat"
70,67,"Democrat"
70,68,"Republican"
70,69,"Republican"
70,70,"Republican"
70,71,"Republican"
70,72,"Democrat"
70,73,"Republican"
70,74,"Republican"
70,75,"Democrat"
70,76,"Republican"
70,77,"Republican"
70,78,"Republican"
70,79,"Republican"
70,80,"Democrat"
70,81,"Democrat"
70,82,"Democrat"
70,83,"Republican"
70,84,"Republican"
70,85,"Democrat"
70,86,"Democrat"
70,87,"Democrat"
70,88,"Democrat"
70,89,"Republican"
70,90,"Democrat"
70,91,"Republican"
70,92,"Republican"
70,93,"Democrat"
70,94,"Democrat"
70,95,"Democrat"
70,96,"Republican"
70,97,"Republican"
70,98,"Democrat"
70,99,"Republican"
70,100,"Republican"
70,101,"Republican"
70,102,"Democrat"
71,1,"Democrat"
71,2,"Democrat"
71,3,"Democrat"
71,4,"Democrat"
71,5,"Democrat"
71,6,"Democrat"
71,7,"Republican"
71,8,"Republican"
71,9,"Republican"
71,10,"Republican"
71,11,"Republican"
71,12,"Republican"
71,13,"Republican"
71,14,"Republican"
71,15,"Democrat"
71,16,"Democrat"
71,17,"Democrat"
71,18,"Democrat"
71,19,"Republican"
71,20,"Republican"
71,21,"Republican"
71,22,"Republican"
71,23,"Republican"
71,24,"Republican"
71,25,"Democrat"
71,26,"Republican"
71,27,"Republican"
71,28,"Republican"
71,29,"Democrat"
71,30,"Democrat"
71,31,"Republican"
71,32,"Republican"
71,33,"Democrat"
71,34,"Democrat"
71,35,"Democrat"
71,36,"Republican"
71,37,"Republican"
71,38,"Democrat"
71,39,"Republican"
71,40,"Democrat"
71,41,"Republican"
71,42,"Republican"
71,43,"Republican"
71,44,"Republican"
71,45,"Democrat"
71,46,"Democrat"
71,47,"Democrat"
71,48,"Republican"
71,49,"Democrat"
71,50,"Democrat"
71,51,"Democrat"
71,52,"Republican"
71,53,"Republican"
71,54,"Republican"
71,55,"Democrat"
71,56,"Republican"
71,57,"Republican"
71,58,"Republican"
71,59,"Republican"
71,60,"Republican"
71,61,"Republican"
71,62,"Republican"
71,63,"Democrat"
71,64,"Democrat"
71,65,"Democrat"
71,66,"Democrat"
71,67,"Democrat"
71,68,"Democrat"
71,69,"Republican"
71,70,"Republican"
71,71,"Republican"
71,72,"Republican"
71,73,"Republican"
71,74,"Democrat"
71,75,"Republican"
71,76,"Democrat"
71,77,"Republican"
71,78,"Republican"
71,79,"Republican"
71,80,"Republican"
71,81,"Republican"
71,82,"Republican"
71,83,"Republican"
71,84,"Democrat"
71,85,"Democrat"
71,86,"Republican"
71,87,"Republican"
71,88,"Democrat"
71,89,"Democrat"
71,90,"Democrat"
71,91,"Democrat"
71,92,"Democrat"
71,93,"Republican"
71,94,"Democrat"
71,95,"Republican"
71,96,"Republican"
71,97,"Republican"
71,98,"Democrat"
71,99,"Democrat"
71,100,"Democrat"
71,101,"Republican"
71,102,"Republican"
71,103,"Republican"
71,104,"Republican"
71,105,"Republican"
71,106,"Democrat"
71,107,"Republican"
71,108,"Republican"
71,109,"Republican"
72,1,"Democrat"
72,2,"Democrat"
72,3,"Democrat"
72,4,"Democrat"
72,5,"Democrat"
72,6,"Democrat"
72,7,"Democrat"
72,8,"Republican"
72,9,"Republican"
72,10,"Democrat"
72,11,"Republican"
72,12,"Republican"
72,13,"Republican"
72,14,"Republican"
72,15,"Republican"
72,16,"Republican"
72,17,"Democrat"
72,18,"Democrat"
72,19,"Democrat"
72,20,"Democrat"
72,21,"Democrat"
72,22,"Democrat"
72,23,"Republican"
72,24,"Republican"
72,25,"Republican"
72,26,"Democrat"
72,27,"Republican"
72,28,"Republican"
72,29,"Republican"
72,30,"Republican"
72,31,"Democrat"
72,32,"Republican"
72,33,"Democrat"
72,34,"Democrat"
72,35,"Democrat"
72,36,"Democrat"
72,37,"Republican"
72,38,"Republican"
72,39,"Republican"
72,40,"Democrat"
72,41,"Democrat"
72,42,"Democrat"
72,43,"Republican"
72,44,"Republican"
72,45,"Democrat"
72,46,"Republican"
72,47,"Democrat"
72,48,"Democrat"
72,49,"Republican"
72,50,"Democrat"
72,51,"Democrat"
72,52,"Democrat"
72,53,"Democrat"
72,54,"Republican"
72,55,"Republican"
72,56,"Republican"
72,57,"Democrat"
72,58,"Republican"
72,59,"Republican"
72,60,"Republican"
72,61,"Republican"
72,62,"Republican"
72,63,"Democrat"
72,64,"Democrat"
72,65,"Democrat"
72,66,"Democrat"
72,67,"Democrat"
72,68,"Democrat"
72,69,"Republican"
72,70,"Republican"
72,71,"Republican"
72,72,"Democrat"
72,73,"Democrat"
72,74,"Democrat"
72,75,"Republican"
72,76,"Republican"
72,77,"Republican"
72,78,"Republican"
72,79,"Republican"
72,80,"Republican"
72,81,"Democrat"
72,82,"Democrat"
72,83,"Democrat"
72,84,"Republican"
72,85,"Democrat"
72,86,"Democrat"
72,87,"Democrat"
72,88,"Democrat"
72,89,"Republican"
72,90,"Democrat"
72,91,"Republican"
72,92,"Republican"
72,93,"Democrat"
72,94,"Democrat"
72,95,"Democrat"
72,96,"Republican"
72,97,"Republican"
72,98,"Republican"
72,99,"Democrat"
72,100,"Republican"
72,101,"Republican"
72,102,"Republican"
72,103,"Democrat"
73,1,"Democrat"
73,2,"Democrat"
73,3,"Democrat"
73,4,"Democrat"
73,5,"Democrat"
73,6,"Democrat"
73,7,"Republican"
73,8,"Democrat"
73,9,"Democrat"
73,10,"Democrat"
73,11,"Democrat"
73,12,"Republican"
73,13,"Republican"
73,14,"Republican"
73,15,"Democrat"
73,16,"Democrat"
73,17,"Democrat"
73,18,"Democrat"
73,19,"Republican"
73,20,"Democrat"
73,21,"Democrat"
73,22,"Democrat"
73,23,"Republican"
73,24,"Democrat"
73,25,"Republican"
73,26,"Democrat"
73,27,"Republican"
73,28,"Democrat"
73,29,"Democrat"
73,30,"Democrat"
73,31,"Democrat"
73,32,"Democrat"
73,33,"Republican"
73,34,"Republican"
73,35,"Republican"
73,36,"Democrat"
73,37,"Democrat"
73,38,"Democrat"
73,39,"Republican"
73,40,"Republican"
73,41,"Republican"
73,42,"Democrat"
73,43,"Democrat"
73,44,"Democrat"
73,45,"Republican"
73,46,"Democrat"
73,47,"Democrat"
73,48,"Democrat"
73,49,"Republican"
73,50,"Democrat"
73,51,"Democrat"
73,52,"Democrat"
73,53,"Democrat"
73,54,"Republican"
73,55,"Republican"
73,56,"Republican"
73,57,"Republican"
73,58,"Democrat"
73,59,"Democrat"
73,60,"Democrat"
73,61,"Democrat"
73,62,"Democrat"
73,63,"Democrat"
73,64,"Republican"
73,65,"Republican"
73,66,"Democrat"
73,67,"Republican"
73,68,"Democrat"
73,69,"Democrat"
73,70,"Republican"
73,71,"Republican"
73,72,"Republican"
73,73,"Republican"
73,74,"Republican"
73,75,"Republican"
73,76,"Democrat"
73,77,"Democrat"
73,78,"Republican"
73,79,"Democrat"
73,80,"Democrat"
73,81,"Democrat"
73,82,"Democrat"
73,83,"Democrat"
73,84,"Democrat"
73,85,"Democrat"
73,86,"Democrat"
73,87,"Republican"
73,88,"Republican"
73,89,"Republican"
73,90,"Democrat"
73,91,"Democrat"
73,92,"Democrat"
73,93,"Democrat"
73,94,"Republican"
73,95,"Democrat"
73,96,"Republican"
73,97,"Democrat"
73,98,"Democrat"
73,99,"Republican"
73,100,"Democrat"
74,1,"Democrat"
74,2,"Democrat"
74,3,"Democrat"
74,4,"Democrat"
74,5,"Democrat"
74,6,"Democrat"
74,7,"Republican"
74,8,"Democrat"
74,9,"Democrat"
74,10,"Democrat"
74,11,"Democrat"
74,12,"Democrat"
74,13,"Republican"
74,14,"Republican"
74,15,"Democrat"
74,16,"Democrat"
74,17,"Democrat"
74,18,"Democrat"
74,19,"Democrat"
74,20,"Democrat"
74,21,"Republican"
74,22,"Democrat"
74,23,"Democrat"
74,24,"Democrat"
74,25,"Democrat"
74,26,"Republican"
74,27,"Democrat"
74,28,"Republican"
74,29,"Democrat"
74,30,"Democrat"
74,31,"Democrat"
74,32,"Democrat"
74,33,"Democrat"
74,34,"Democrat"
74,35,"Republican"
74,36,"Republican"
74,37,"Democrat"
74,38,"Democrat"
74,39,"Democrat"
74,40,"Democrat"
74,41,"Republican"
74,42,"Republican"
74,43,"Democrat"
74,44,"Republican"
74,45,"Democrat"
74,46,"Democrat"
74,47,"Democrat"
74,48,"Democrat"
74,49,"Democrat"
74,50,"Democrat"
74,51,"Democrat"
74,52,"Democrat"
74,53,"Republican"
74,54,"Democrat"
74,55,"Democrat"
74,56,"Republican"
74,57,"Democrat"
74,58,"Democrat"
74,59,"Republican"
74,60,"Democrat"
74,61,"Republican"
74,62,"Democrat"
74,63,"Democrat"
74,64,"Democrat"
74,65,"Democrat"
74,66,"Democrat"
74,67,"Republican"
74,68,"Republican"
74,69,"Democrat"
74,70,"Democrat"
74,71,"Democrat"
74,72,"Democrat"
74,73,"Republican"
74,74,"Republican"
74,75,"Republican"
74,76,"Democrat"
74,77,"Democrat"
74,78,"Republican"
74,79,"Democrat"
74,80,"Democrat"
74,81,"Republican"
74,82,"Democrat"
74,83,"Democrat"
74,84,"Democrat"
74,85,"Democrat"
74,86,"Democrat"
74,87,"Democrat"
74,88,"Democrat"
74,89,"Republican"
74,90,"Republican"
74,91,"Democrat"
74,92,"Democrat"
74,93,"Democrat"
74,94,"Democrat"
74,95,"Democrat"
74,96,"Democrat"
74,97,"Democrat"
74,98,"Democrat"
74,99,"Republican"
74,100,"Democrat"
75,1,"Democrat"
75,2,"Democrat"
75,3,"Democrat"
75,4,"Democrat"
75,5,"Democrat"
75,6,"Democrat"
75,7,"Democrat"
75,8,"Democrat"
75,9,"Democrat"
75,10,"Republican"
75,11,"Democrat"
75,12,"Democrat"
75,13,"Democrat"
75,14,"Democrat"
75,15,"Democrat"
75,16,"Republican"
75,17,"Democrat"
75,18,"Democrat"
75,19,"Democrat"
75,20,"Democrat"
75,21,"Democrat"
75,22,"Republican"
75,23,"Democrat"
75,24,"Democrat"
75,25,"Democrat"
75,26,"Democrat"
75,27,"Democrat"
75,28,"Democrat"
75,29,"Democrat"
75,30,"Democrat"
75,31,"Republican"
75,32,"Democrat"
75,33,"Democrat"
75,34,"Democrat"
75,35,"Democrat"
75,36,"Republican"
75,37,"Republican"
75,38,"Democrat"
75,39,"Democrat"
75,40,"Democrat"
75,41,"Republican"
75,42,"Republican"
75,43,"Democrat"
75,44,"Democrat"
75,45,"Democrat"
75,46,"Democrat"
75,47,"Democrat"
75,48,"Democrat"
75,49,"Democrat"
75,50,"Democrat"
75,51,"Democrat"
75,52,"Democrat"
75,53,"Democrat"
75,54,"Democrat"
75,55,"Democrat"
75,56,"Democrat"
75,57,"Republican"
75,58,"Democrat"
75,59,"Democrat"
75,60,"Democrat"
75,61,"Democrat"
75,62,"Democrat"
75,63,"Democrat"
75,64,"Democrat"
75,65,"Democrat"
75,66,"Democrat"
75,67,"Republican"
75,68,"Republican"
75,69,"Democrat"
75,70,"Democrat"
75,71,"Democrat"
75,72,"Democrat"
75,73,"Republican"
75,74,"Republican"
75,75,"Democrat"
75,76,"Democrat"
75,77,"Republican"
75,78,"Democrat"
75,79,"Democrat"
75,80,"Democrat"
75,81,"Democrat"
75,82,"Democrat"
75,83,"Democrat"
75,84,"Democrat"
75,85,"Democrat"
75,86,"Democrat"
75,87,"Democrat"
75,88,"Democrat"
75,89,"Democrat"
75,90,"Democrat"
75,91,"Republican"
75,92,"Republican"
75,93,"Democrat"
75,94,"Democrat"
75,95,"Democrat"
75,96,"Democrat"
75,97,"Democrat"
75,98,"Democrat"
75,99,"Democrat"
75,100,"Democrat"
75,101,"Democrat"
75,102,"Democrat"
76,1,"Democrat"
76,2,"Democrat"
76,3,"Democrat"
76,4,"Democrat"
76,5,"Democrat"
76,6,"Democrat"
76,7,"Republican"
76,8,"Democrat"
76,9,"Democrat"
76,10,"Democrat"
76,11,"Democrat"
76,12,"Republican"
76,13,"Democrat"
76,14,"Republican"
76,15,"Democrat"
76,16,"Democrat"
76,17,"Democrat"
76,18,"Democrat"
76,19,"Democrat"
76,20,"Republican"
76,21,"Republican"
76,22,"Democrat"
76,23,"Democrat"
76,24,"Democrat"
76,25,"Republican"
76,26,"Democrat"
76,27,"Democrat"
76,28,"Democrat"
76,29,"Democrat"
76,30,"Republican"
76,31,"Republican"
76,32,"Democrat"
76,33,"Democrat"
76,34,"Democrat"
76,35,"Democrat"
76,36,"Democrat"
76,37,"Republican"
76,38,"Republican"
76,39,"Democrat"
76,40,"Democrat"
76,41,"Democrat"
76,42,"Republican"
76,43,"Democrat"
76,44,"Republican"
76,45,"Democrat"
76,46,"Democrat"
76,47,"Republican"
76,48,"Democrat"
76,49,"Democrat"
76,50,"Democrat"
76,51,"Democrat"
76,52,"Democrat"
76,53,"Democrat"
76,54,"Democrat"
76,55,"Democrat"
76,56,"Democrat"
76,57,"Democrat"
76,58,"Democrat"
76,59,"Republican"
76,60,"Republican"
76,61,"Republican"
76,62,"Democrat"
76,63,"Democrat"
76,64,"Democrat"
76,65,"Democrat"
76,66,"Democrat"
76,67,"Democrat"
76,68,"Democrat"
76,69,"Republican"
76,70,"Republican"
76,71,"Democrat"
76,72,"Republican"
76,73,"Democrat"
76,74,"Democrat"
76,75,"Republican"
76,76,"Republican"
76,77,"Democrat"
76,78,"Republican"
76,79,"Democrat"
76,80,"Democrat"
76,81,"Democrat"
76,82,"Democrat"
76,83,"Democrat"
76,84,"Republican"
76,85,"Democrat"
76,86,"Democrat"
76,87,"Democrat"
76,88,"Democrat"
76,89,"Democrat"
76,90,"Democrat"
76,91,"Republican"
76,92,"Republican"
76,93,"Republican"
76,94,"Democrat"
76,95,"Democrat"
76,96,"Democrat"
76,97,"Democrat"
76,98,"Democrat"
76,99,"Democrat"
76,100,"Democrat"
76,101,"Republican"
76,102,"Democrat"
76,103,"Democrat"
76,104,"Democrat"
77,1,"Democrat"
77,2,"Democrat"
77,3,"Democrat"
77,4,"Democrat"
77,5,"Democrat"
77,6,"Democrat"
77,7,"Democrat"
77,8,"Democrat"
77,9,"Republican"
77,10,"Democrat"
77,11,"Democrat"
77,12,"Republican"
77,13,"Democrat"
77,14,"Republican"
77,15,"Democrat"
77,16,"Democrat"
77,17,"Democrat"
77,18,"Democrat"
77,19,"Democrat"
77,20,"Democrat"
77,21,"Republican"
77,22,"Democrat"
77,23,"Democrat"
77,24,"Republican"
77,25,"Republican"
77,26,"Democrat"
77,27,"Democrat"
77,28,"Democrat"
77,29,"Republican"
77,30,"Republican"
77,31,"Democrat"
77,32,"Democrat"
77,33,"Democrat"
77,34,"Democrat"
77,35,"Republican"
77,36,"Republican"
77,37,"Democrat"
77,38,"Democrat"
77,39,"Republican"
77,40,"Democrat"
77,41,"Republican"
77,42,"Democrat"
77,43,"Republican"
77,44,"Republican"
77,45,"Republican"
77,46,"Democrat"
77,47,"Democrat"
77,48,"Democrat"
77,49,"Democrat"
77,50,"Democrat"
77,51,"Democrat"
77,52,"Democrat"
77,53,"Democrat"
77,54,"Democrat"
77,55,"Republican"
77,56,"Democrat"
77,57,"Democrat"
77,58,"Republican"
77,59,"Republican"
77,60,"Republican"
77,61,"Democrat"
77,62,"Democrat"
77,63,"Democrat"
77,64,"Democrat"
77,65,"Democrat"
77,66,"Democrat"
77,67,"Democrat"
77,68,"Republican"
77,69,"Republican"
77,70,"Republican"
77,71,"Republican"
77,72,"Democrat"
77,73,"Democrat"
77,74,"Republican"
77,75,"Republican"
77,76,"Democrat"
77,77,"Republican"
77,78,"Democrat"
77,79,"Democrat"
77,80,"Democrat"
77,81,"Democrat"
77,82,"Democrat"
77,83,"Democrat"
77,84,"Democrat"
77,85,"Republican"
77,86,"Democrat"
77,87,"Democrat"
77,88,"Democrat"
77,89,"Democrat"
77,90,"Democrat"
77,91,"Democrat"
77,92,"Democrat"
77,93,"Democrat"
77,94,"Democrat"
77,95,"Republican"
77,96,"Republican"
77,97,"Democrat"
77,98,"Democrat"
77,99,"Democrat"
77,100,"Democrat"
77,101,"Democrat"
77,102,"Democrat"
77,103,"Democrat"
77,104,"Republican"
77,105,"Democrat"
77,106,"Republican"
77,107,"Democrat"
77,108,"Democrat"
78,1,"Democrat"
78,2,"Democrat"
78,3,"Democrat"
78,4,"Democrat"
78,5,"Democrat"
78,6,"Democrat"
78,7,"Republican"
78,8,"Democrat"
78,9,"Democrat"
78,10,"Republican"
78,11,"Republican"
78,12,"Democrat"
78,13,"Democrat"
78,14,"Republican"
78,15,"Democrat"
78,16,"Democrat"
78,17,"Democrat"
78,18,"Democrat"
78,19,"Democrat"
78,20,"Republican"
78,21,"Democrat"
78,22,"Republican"
78,23,"Republican"
78,24,"Democrat"
78,25,"Democrat"
78,26,"Republican"
78,27,"Republican"
78,28,"Democrat"
78,29,"Republican"
78,30,"Republican"
78,31,"Democrat"
78,32,"Democrat"
78,33,"Democrat"
78,34,"Democrat"
78,35,"Republican"
78,36,"Republican"
78,37,"Democrat"
78,38,"Democrat"
78,39,"Democrat"
78,40,"Republican"
78,41,"Republican"
78,42,"Republican"
78,43,"Republican"
78,44,"Republican"
78,45,"Republican"
78,46,"Democrat"
78,47,"Democrat"
78,48,"Democrat"
78,49,"Democrat"
78,50,"Democrat"
78,51,"Democrat"
78,52,"Republican"
78,53,"Republican"
78,54,"Democrat"
78,55,"Democrat"
78,56,"Republican"
78,57,"Republican"
78,58,"Republican"
78,59,"Republican"
78,60,"Democrat"
78,61,"Republican"
78,62,"Democrat"
78,63,"Democrat"
78,64,"Democrat"
78,65,"Democrat"
78,66,"Democrat"
78,67,"Democrat"
78,68,"Republican"
78,69,"Republican"
78,70,"Republican"
78,71,"Republican"
78,72,"Democrat"
78,73,"Republican"
78,74,"Republican"
78,75,"Republican"
78,76,"Republican"
78,77,"Republican"
78,78,"Democrat"
78,79,"Democrat"
78,80,"Democrat"
78,81,"Democrat"
78,82,"Democrat"
78,83,"Democrat"
78,84,"Republican"
78,85,"Republican"
78,86,"Democrat"
78,87,"Democrat"
78,88,"Democrat"
78,89,"Democrat"
78,90,"Democrat"
78,91,"Democrat"
78,92,"Republican"
78,93,"Republican"
78,94,"Democrat"
78,95,"Democrat"
78,96,"Democrat"
78,97,"Democrat"
78,98,"Democrat"
78,99,"Democrat"
78,100,"Republican"
78,101,"Democrat"
78,102,"Republican"
78,103,"Democrat"
78,104,"Republican"
79,1,"Democrat"
79,2,"Democrat"
79,3,"Democrat"
79,4,"Democrat"
79,5,"Democrat"
79,6,"Democrat"
79,7,"Democrat"
79,8,"Democrat"
79,9,"Republican"
79,10,"Republican"
79,11,"Democrat"
79,12,"Republican"
79,13,"Democrat"
79,14,"Democrat"
79,15,"Republican"
79,16,"Democrat"
79,17,"Republican"
79,18,"Democrat"
79,19,"Democrat"
79,20,"Democrat"
79,21,"Democrat"
79,22,"Democrat"
79,23,"Republican"
79,24,"Democrat"
79,25,"Republican"
79,26,"Democrat"
79,27,"Republican"
79,28,"Republican"
79,29,"Republican"
79,30,"Republican"
79,31,"Republican"
79,32,"Republican"
79,33,"Democrat"
79,34,"Democrat"
79,35,"Republican"
79,36,"Democrat"
79,37,"Democrat"
79,38,"Republican"
79,39,"Republican"
79,40,"Democrat"
79,41,"Democrat"
79,42,"Democrat"
79,43,"Republican"
79,44,"Republican"
79,45,"Republican"
79,46,"Republican"
79,47,"Republican"
79,48,"Democrat"
79,49,"Democrat"
79,50,"Republican"
79,51,"Democrat"
79,52,"Democrat"
79,53,"Democrat"
79,54,"Democrat"
79,55,"Republican"
79,56,"Republican"
79,57,"Democrat"
79,58,"Democrat"
79,59,"Democrat"
79,60,"Republican"
79,61,"Republican"
79,62,"Republican"
79,63,"Republican"
79,64,"Democrat"
79,65,"Democrat"
79,66,"Democrat"
79,67,"Democrat"
79,68,"Democrat"
79,69,"Democrat"
79,70,"Republican"
79,71,"Democrat"
79,72,"Republican"
79,73,"Republican"
79,74,"Republican"
79,75,"Democrat"
79,76,"Democrat"
79,77,"Republican"
79,78,"Republican"
79,79,"Republican"
79,80,"Democrat"
79,81,"Democrat"
79,82,"Democrat"
79,83,"Democrat"
79,84,"Democrat"
79,85,"Democrat"
79,86,"Republican"
79,87,"Republican"
79,88,"Democrat"
79,89,"Democrat"
79,90,"Democrat"
79,91,"Democrat"
79,92,"Democrat"
79,93,"Democrat"
79,94,"Republican"
79,95,"Republican"
79,96,"Democrat"
79,97,"Democrat"
79,98,"Democrat"
79,99,"Democrat"
79,100,"Democrat"
79,101,"Democrat"
79,102,"Democrat"
79,103,"Republican"
79,104,"Democrat"
79,105,"Republican"
79,106,"Republican"
79,107,"Democrat"
80,1,"Democrat"
80,2,"Democrat"
80,3,"Democrat"
80,4,"Democrat"
80,5,"Democrat"
80,6,"Democrat"
80,7,"Republican"
80,8,"Democrat"
80,9,"Democrat"
80,10,"Republican"
80,11,"Republican"
80,12,"Democrat"
80,13,"Republican"
80,14,"Republican"
80,15,"Democrat"
80,16,"Democrat"
80,17,"Democrat"
80,18,"Democrat"
80,19,"Democrat"
80,20,"Republican"
80,21,"Republican"
80,22,"Democrat"
80,23,"Republican"
80,24,"Republican"
80,25,"Republican"
80,26,"Republican"
80,27,"Republican"
80,28,"Republican"
80,29,"Republican"
80,30,"Democrat"
80,31,"Democrat"
80,32,"Democrat"
80,33,"Democrat"
80,34,"Republican"
80,35,"Republican"
80,36,"Democrat"
80,37,"Democrat"
80,38,"Republican"
80,39,"Republican"
80,40,"Republican"
80,41,"Republican"
80,42,"Republican"
80,43,"Republican"
80,44,"Democrat"
80,45,"Democrat"
80,46,"Republican"
80,47,"Republican"
80,48,"Democrat"
80,49,"Republican"
80,50,"Republican"
80,51,"Republican"
80,52,"Democrat"
80,53,"Republican"
80,54,"Republican"
80,55,"Republican"
80,56,"Republican"
80,57,"Republican"
80,58,"Democrat"
80,59,"Democrat"
80,60,"Democrat"
80,61,"Republican"
80,62,"Democrat"
80,63,"Democrat"
80,64,"Republican"
80,65,"Republican"
80,66,"Republican"
80,67,"Republican"
80,68,"Republican"
80,69,"Democrat"
80,70,"Republican"
80,71,"Republican"
80,72,"Democrat"
80,73,"Republican"
80,74,"Democrat"
80,75,"Democrat"
80,76,"Democrat"
80,77,"Democrat"
80,78,"Republican"
80,79,"Republican"
80,80,"Democrat"
80,81,"Democrat"
80,82,"Democrat"
80,83,"Democrat"
80,84,"Republican"
80,85,"Democrat"
80,86,"Republican"
80,87,"Republican"
80,88,"Democrat"
80,89,"Democrat"
80,90,"Republican"
80,91,"Democrat"
80,92,"Democrat"
80,93,"Republican"
80,94,"Republican"
80,95,"Republican"
80,96,"Republican"
80,97,"Democrat"
81,1,"Democrat"
81,2,"Democrat"
81,3,"Democrat"
81,4,"Democrat"
81,5,"Democrat"
81,6,"Democrat"
81,7,"Republican"
81,8,"Democrat"
81,9,"Republican"
81,10,"Republican"
81,11,"Democrat"
81,12,"Democrat"
81,13,"Republican"
81,14,"Democrat"
81,15,"Democrat"
81,16,"Republican"
81,17,"Democrat"
81,18,"Democrat"
81,19,"Democrat"
81,20,"Democrat"
81,21,"Democrat"
81,22,"Democrat"
81,23,"Republican"
81,24,"Democrat"
81,25,"Democrat"
81,26,"Republican"
81,27,"Republican"
81,28,"Democrat"
81,29,"Republican"
81,30,"Republican"
81,31,"Republican"
81,32,"Republican"
81,33,"Republican"
81,34,"Democrat"
81,35,"Democrat"
81,36,"Democrat"
81,37,"Democrat"
81,38,"Democrat"
81,39,"Democrat"
81,40,"Republican"
81,41,"Republican"
81,42,"Democrat"
81,43,"Democrat"
81,44,"Republican"
81,45,"Republican"
81,46,"Republican"
81,47,"Republican"
81,48,"Democrat"
81,49,"Republican"
81,50,"Democrat"
81,51,"Democrat"
81,52,"Republican"
81,53,"Republican"
81,54,"Republican"
81,55,"Democrat"
81,56,"Republican"
81,57,"Republican"
81,58,"Democrat"
81,59,"Republican"
81,60,"Republican"
81,61,"Republican"
81,62,"Republican"
81,63,"Republican"
81,64,"Democrat"
81,65,"Democrat"
81,66,"Republican"
81,67,"Democrat"
81,68,"Republican"
81,69,"Democrat"
81,70,"Democrat"
81,71,"Democrat"
81,72,"Democrat"
81,73,"Democrat"
81,74,"Republican"
81,75,"Republican"
81,76,"Republican"
81,77,"Republican"
81,78,"Democrat"
81,79,"Democrat"
81,80,"Republican"
81,81,"Republican"
81,82,"Republican"
81,83,"Democrat"
81,84,"Democrat"
81,85,"Democrat"
81,86,"Democrat"
81,87,"Democrat"
81,88,"Democrat"
81,89,"Republican"
81,90,"Republican"
81,91,"Democrat"
81,92,"Democrat"
81,93,"Democrat"
81,94,"Democrat"
81,95,"Republican"
81,96,"Democrat"
81,97,"Republican"
81,98,"Republican"
81,99,"Democrat"
81,100,"Democrat"
81,101,"Republican"
81,102,"Democrat"
81,103,"Democrat"
81,104,"Democrat"
81,105,"Republican"
81,106,"Republican"
81,107,"Democrat"
81,108,"Democrat"
82,1,"Democrat"
82,2,"Democrat"
82,3,"Democrat"
82,4,"Democrat"
82,5,"Democrat"
82,6,"Democrat"
82,7,"Republican"
82,8,"Republican"
82,9,"Republican"
82,10,"Democrat"
82,11,"Democrat"
82,12,"Democrat"
82,13,"Democrat"
82,14,"Republican"
82,15,"Democrat"
82,16,"Democrat"
82,17,"Democrat"
82,18,"Democrat"
82,19,"Republican"
82,20,"Republican"
82,21,"Democrat"
82,22,"Republican"
82,23,"Republican"
82,24,"Republican"
82,25,"Republican"
82,26,"Democrat"
82,27,"Republican"
82,28,"Republican"
82,29,"Democrat"
82,30,"Democrat"
82,31,"Democrat"
82,32,"Democrat"
82,33,"Democrat"
82,34,"Republican"
82,35,"Republican"
82,36,"Republican"
82,37,"Democrat"
82,38,"Republican"
82,39,"Republican"
82,40,"Republican"
82,41,"Republican"
82,42,"Democrat"
82,43,"Democrat"
82,44,"Republican"
82,45,"Democrat"
82,46,"Democrat"
82,47,"Republican"
82,48,"Democrat"
82,49,"Republican"
82,50,"Democrat"
82,51,"Republican"
82,52,"Republican"
82,53,"Republican"
82,54,"Republican"
82,55,"Democrat"
82,56,"Republican"
82,57,"Republican"
82,58,"Republican"
82,59,"Republican"
82,60,"Democrat"
82,61,"Democrat"
82,62,"Democrat"
82,63,"Republican"
82,64,"Democrat"
82,65,"Democrat"
82,66,"Republican"
82,67,"Republican"
82,68,"Republican"
82,69,"Republican"
82,70,"Democrat"
82,71,"Democrat"
82,72,"Republican"
82,73,"Republican"
82,74,"Republican"
82,75,"Republican"
82,76,"Democrat"
82,77,"Democrat"
82,78,"Democrat"
82,79,"Democrat"
82,80,"Republican"
82,81,"Republican"
82,82,"Democrat"
82,83,"Democrat"
82,84,"Democrat"
82,85,"Democrat"
82,86,"Republican"
82,87,"Republican"
82,88,"Republican"
82,89,"Republican"
82,90,"Democrat"
82,91,"Democrat"
82,92,"Republican"
82,93,"Democrat"
82,94,"Democrat"
82,95,"Democrat"
82,96,"Republican"
82,97,"Republican"
82,98,"Democrat"
82,99,"Democrat"
83,1,"Democrat"
83,2,"Democrat"
83,3,"Democrat"
83,4,"Republican"
83,5,"Democrat"
83,6,"Democrat"
83,7,"Republican"
83,8,"Republican"
83,9,"Republican"
83,10,"Democrat"
83,11,"Republican"
83,12,"Republican"
83,13,"Democrat"
83,14,"Republican"
83,15,"Democrat"
83,16,"Democrat"
83,17,"Democrat"
83,18,"Democrat"
83,19,"Republican"
83,20,"Republican"
83,21,"Republican"
83,22,"Democrat"
83,23,"Republican"
83,24,"Republican"
83,25,"Democrat"
83,26,"Republican"
83,27,"Republican"
83,28,"Republican"
83,29,"Republican"
83,30,"Democrat"
83,31,"Democrat"
83,32,"Democrat"
83,33,"Republican"
83,34,"Republican"
83,35,"Republican"
83,36,"Republican"
83,37,"Republican"
83,38,"Democrat"
83,39,"Republican"
83,40,"Republican"
83,41,"Democrat"
83,42,"Republican"
83,43,"Democrat"
83,44,"Democrat"
83,45,"Democrat"
83,46,"Democrat"
83,47,"Democrat"
83,48,"Democrat"
83,49,"Republican"
83,50,"Republican"
83,51,"Republican"
83,52,"Republican"
83,53,"Republican"
83,54,"Republican"
83,55,"Republican"
83,56,"Democrat"
83,57,"Republican"
83,58,"Republican"
83,59,"Republican"
83,60,"Republican"
83,61,"Republican"
83,62,"Republican"
83,63,"Republican"
83,64,"Democrat"
83,65,"Democrat"
83,66,"Democrat"
83,67,"Republican"
83,68,"Democrat"
83,69,"Democrat"
83,70,"Democrat"
83,71,"Democrat"
83,72,"Democrat"
83,73,"Republican"
83,74,"Republican"
83,75,"Republican"
83,76,"Republican"
83,77,"Democrat"
83,78,"Democrat"
83,79,"Democrat"
83,80,"Republican"
83,81,"Democrat"
83,82,"Republican"
83,83,"Republican"
83,84,"Democrat"
83,85,"Democrat"
83,86,"Democrat"
83,87,"Democrat"
83,88,"Democrat"
83,89,"Republican"
83,90,"Republican"
83,91,"Democrat"
83,92,"Democrat"
83,93,"Democrat"
83,94,"Democrat"
83,95,"Republican"
83,96,"Republican"
83,97,"Republican"
83,98,"Republican"
83,99,"Democrat"
83,100,"Democrat"
83,101,"Democrat"
83,102,"Democrat"
83,103,"Democrat"
83,104,"Democrat"
83,105,"Republican"
83,106,"Republican"
83,107,"Republican"
83,108,"Democrat"
83,109,"Republican"
83,110,"Democrat"
84,1,"Republican"
84,2,"Democrat"
84,3,"Democrat"
84,4,"Republican"
84,5,"Democrat"
84,6,"Democrat"
84,7,"Democrat"
84,8,"Republican"
84,9,"Republican"
84,10,"Republican"
84,11,"Republican"
84,12,"Republican"
84,13,"Republican"
84,14,"Democrat"
84,15,"Republican"
84,16,"Democrat"
84,17,"Democrat"
84,18,"Democrat"
84,19,"Democrat"
84,20,"Republican"
84,21,"Republican"
84,22,"Republican"
84,23,"Democrat"
84,24,"Republican"
84,25,"Republican"
84,26,"Republican"
84,27,"Republican"
84,28,"Republican"
84,29,"Republican"
84,30,"Democrat"
84,31,"Democrat"
84,32,"Democrat"
84,33,"Democrat"
84,34,"Democrat"
84,35,"Republican"
84,36,"Republican"
84,37,"Republican"
84,38,"Republican"
84,39,"Republican"
84,40,"Democrat"
84,41,"Democrat"
84,42,"Republican"
84,43,"Republican"
84,44,"Democrat"
84,45,"Democrat"
84,46,"Democrat"
84,47,"Democrat"
84,48,"Democrat"
84,49,"Democrat"
84,50,"Democrat"
84,51,"Republican"
84,52,"Republican"
84,53,"Republican"
84,54,"Democrat"
84,55,"Republican"
84,56,"Republican"
84,57,"Republican"
84,58,"Republican"
84,59,"Democrat"
84,60,"Democrat"
84,61,"Democrat"
84,62,"Republican"
84,63,"Democrat"
84,64,"Democrat"
84,65,"Republican"
84,66,"Republican"
84,67,"Republican"
84,68,"Republican"
84,69,"Democrat"
84,70,"Democrat"
84,71,"Democrat"
84,72,"Democrat"
84,73,"Republican"
84,74,"Republican"
84,75,"Democrat"
84,76,"Democrat"
84,77,"Democrat"
84,78,"Democrat"
84,79,"Democrat"
84,80,"Republican"
84,81,"Republican"
84,82,"Democrat"
84,83,"Democrat"
84,84,"Democrat"
84,85,"Democrat"
84,86,"Republican"
84,87,"Republican"
84,88,"Republican"
84,89,"Republican"
84,90,"Democrat"
84,91,"Democrat"
84,92,"Democrat"
84,93,"Democrat"
84,94,"Democrat"
84,95,"Democrat"
84,96,"Democrat"
84,97,"Republican"
84,98,"Republican"
84,99,"Republican"
84,100,"Democrat"
85,1,"Republican"
85,2,"Democrat"
85,3,"Democrat"
85,4,"Republican"
85,5,"Democrat"
85,6,"Democrat"
85,7,"Democrat"
85,8,"Republican"
85,9,"Republican"
85,10,"Democrat"
85,11,"Republican"
85,12,"Republican"
85,13,"Republican"
85,14,"Democrat"
85,15,"Republican"
85,16,"Democrat"
85,17,"Democrat"
85,18,"Democrat"
85,19,"Democrat"
85,20,"Democrat"
85,21,"Republican"
85,22,"Republican"
85,23,"Democrat"
85,24,"Republican"
85,25,"Republican"
85,26,"Republican"
85,27,"Republican"
85,28,"Republican"
85,29,"Republican"
85,30,"Republican"
85,31,"Republican"
85,32,"Democrat"
85,33,"Democrat"
85,34,"Republican"
85,35,"Republican"
85,36,"Republican"
85,37,"Republican"
85,38,"Republican"
85,39,"Democrat"
85,40,"Democrat"
85,41,"Republican"
85,42,"Republican"
85,43,"Democrat"
85,44,"Democrat"
85,45,"Democrat"
85,46,"Democrat"
85,47,"Democrat"
85,48,"Democrat"
85,49,"Democrat"
85,50,"Republican"
85,51,"Republican"
85,52,"Republican"
85,53,"Democrat"
85,54,"Republican"
85,55,"Republican"
85,56,"Republican"
85,57,"Republican"
85,58,"Democrat"
85,59,"Democrat"
85,60,"Republican"
85,61,"Republican"
85,62,"Democrat"
85,63,"Democrat"
85,64,"Democrat"
85,65,"Republican"
85,66,"Republican"
85,67,"Democrat"
85,68,"Republican"
85,69,"Democrat"
85,70,"Democrat"
85,71,"Democrat"
85,72,"Democrat"
85,73,"Republican"
85,74,"Democrat"
85,75,"Democrat"
85,76,"Democrat"
85,77,"Democrat"
85,78,"Democrat"
85,79,"Republican"
85,80,"Republican"
85,81,"Democrat"
85,82,"Democrat"
85,83,"Democrat"
85,84,"Democrat"
85,85,"Democrat"
85,86,"Democrat"
85,87,"Republican"
85,88,"Republican"
85,89,"Republican"
85,90,"Republican"
85,91,"Democrat"
85,92,"Democrat"
85,93,"Democrat"
85,94,"Democrat"
85,95,"Republican"
85,96,"Democrat"
85,97,"Republican"
85,98,"Republican"
85,99,"Republican"
85,100,"Democrat"
85,101,"Democrat"
85,102,"Republican"
86,1,"Republican"
86,2,"Democrat"
86,3,"Democrat"
86,4,"Democrat"
86,5,"Democrat"
86,6,"Republican"
86,7,"Democrat"
86,8,"Democrat"
86,9,"Democrat"
86,10,"Democrat"
86,11,"Republican"
86,12,"Democrat"
86,13,"Republican"
86,14,"Democrat"
86,15,"Republican"
86,16,"Democrat"
86,17,"Republican"
86,18,"Democrat"
86,19,"Democrat"
86,20,"Democrat"
86,21,"Democrat"
86,22,"Democrat"
86,23,"Republican"
86,24,"Republican"
86,25,"Democrat"
86,26,"Democrat"
86,27,"Republican"
86,28,"Democrat"
86,29,"Republican"
86,30,"Republican"
86,31,"Republican"
86,32,"Republican"
86,33,"Republican"
86,34,"Republican"
86,35,"Republican"
86,36,"Democrat"
86,37,"Democrat"
86,38,"Democrat"
86,39,"Republican"
86,40,"Republican"
86,41,"Republican"
86,42,"Democrat"
86,43,"Republican"
86,44,"Democrat"
86,45,"Democrat"
86,46,"Democrat"
86,47,"Democrat"
86,48,"Democrat"
86,49,"Democrat"
86,50,"Democrat"
86,51,"Democrat"
86,52,"Democrat"
86,53,"Democrat"
86,54,"Republican"
86,55,"Republican"
86,56,"Democrat"
86,57,"Democrat"
86,58,"Republican"
86,59,"Republican"
86,60,"Democrat"
86,61,"Republican"
86,62,"Democrat"
86,63,"Democrat"
86,64,"Republican"
86,65,"Republican"
86,66,"Democrat"
86,67,"Democrat"
86,68,"Republican"
86,69,"Republican"
86,70,"Republican"
86,71,"Democrat"
86,72,"Democrat"
86,73,"Democrat"
86,74,"Democrat"
86,75,"Democrat"
86,76,"Democrat"
86,77,"Democrat"
86,78,"Democrat"
86,79,"Republican"
86,80,"Democrat"
86,81,"Democrat"
86,82,"Democrat"
86,83,"Democrat"
86,84,"Democrat"
86,85,"Republican"
86,86,"Republican"
86,87,"Democrat"
86,88,"Democrat"
86,89,"Democrat"
86,90,"Democrat"
86,91,"Democrat"
86,92,"Republican"
86,93,"Republican"
86,94,"Republican"
86,95,"Democrat"
86,96,"Democrat"
86,97,"Democrat"
86,98,"Democrat"
86,99,"Democrat"
86,100,"Democrat"
86,101,"Republican"
86,102,"Democrat"
86,103,"Democrat"
86,104,"Democrat"
87,1,"Democrat"
87,2,"Democrat"
87,3,"Democrat"
87,4,"Democrat"
87,5,"Democrat"
87,6,"Republican"
87,7,"Democrat"
87,8,"Democrat"
87,9,"Democrat"
87,10,"Democrat"
87,11,"Republican"
87,12,"Democrat"
87,13,"Republican"
87,14,"Democrat"
87,15,"Republican"
87,16,"Republican"
87,17,"Republican"
87,18,"Democrat"
87,19,"Democrat"
87,20,"Democrat"
87,21,"Democrat"
87,22,"Democrat"
87,23,"Republican"
87,24,"Democrat"
87,25,"Republican"
87,26,"Republican"
87,27,"Democrat"
87,28,"Republican"
87,29,"Democrat"
87,30,"Republican"
87,31,"Republican"
87,32,"Republican"
87,33,"Republican"
87,34,"Republican"
87,35,"Republican"
87,36,"Republican"
87,37,"Republican"
87,38,"Democrat"
87,39,"Democrat"
87,40,"Republican"
87,41,"Democrat"
87,42,"Republican"
87,43,"Republican"
87,44,"Republican"
87,45,"Democrat"
87,46,"Democrat"
87,47,"Democrat"
87,48,"Democrat"
87,49,"Democrat"
87,50,"Democrat"
87,51,"Democrat"
87,52,"Democrat"
87,53,"Democrat"
87,54,"Democrat"
87,55,"Democrat"
87,56,"Republican"
87,57,"Republican"
87,58,"Democrat"
87,59,"Democrat"
87,60,"Republican"
87,61,"Republican"
87,62,"Republican"
87,63,"Democrat"
87,64,"Republican"
87,65,"Democrat"
87,66,"Democrat"
87,67,"Republican"
87,68,"Republican"
87,69,"Democrat"
87,70,"Democrat"
87,71,"Democrat"
87,72,"Republican"
87,73,"Democrat"
87,74,"Democrat"
87,75,"Democrat"
87,76,"Democrat"
87,77,"Democrat"
87,78,"Democrat"
87,79,"Democrat"
87,80,"Republican"
87,81,"Democrat"
87,82,"Democrat"
87,83,"Democrat"
87,84,"Democrat"
87,85,"Republican"
87,86,"Republican"
87,87,"Republican"
87,88,"Democrat"
87,89,"Democrat"
87,90,"Democrat"
87,91,"Democrat"
87,92,"Republican"
87,93,"Republican"
87,94,"Democrat"
87,95,"Republican"
87,96,"Republican"
87,97,"Democrat"
87,98,"Democrat"
87,99,"Democrat"
87,100,"Democrat"
87,101,"Democrat"
87,102,"Democrat"
87,103,"Democrat"
87,104,"Republican"
87,105,"Democrat"
87,106,"Democrat"
88,1,"Democrat"
88,2,"Democrat"
88,3,"Democrat"
88,4,"Democrat"
88,5,"Democrat"
88,6,"Democrat"
88,7,"Republican"
88,8,"Democrat"
88,9,"Democrat"
88,10,"Democrat"
88,11,"Republican"
88,12,"Democrat"
88,13,"Democrat"
88,14,"Republican"
88,15,"Republican"
88,16,"Democrat"
88,17,"Democrat"
88,18,"Republican"
88,19,"Republican"
88,20,"Democrat"
88,21,"Democrat"
88,22,"Democrat"
88,23,"Democrat"
88,24,"Democrat"
88,25,"Republican"
88,26,"Republican"
88,27,"Democrat"
88,28,"Democrat"
88,29,"Republican"
88,30,"Democrat"
88,31,"Democrat"
88,32,"Republican"
88,33,"Republican"
88,34,"Republican"
88,35,"Republican"
88,36,"Republican"
88,37,"Republican"
88,38,"Democrat"
88,39,"Democrat"
88,40,"Democrat"
88,41,"Republican"
88,42,"Democrat"
88,43,"Republican"
88,44,"Democrat"
88,45,"Republican"
88,46,"Democrat"
88,47,"Democrat"
88,48,"Democrat"
88,49,"Democrat"
88,50,"Democrat"
88,51,"Democrat"
88,52,"Democrat"
88,53,"Democrat"
88,54,"Democrat"
88,55,"Democrat"
88,56,"Republican"
88,57,"Republican"
88,58,"Democrat"
88,59,"Democrat"
88,60,"Democrat"
88,61,"Republican"
88,62,"Democrat"
88,63,"Republican"
88,64,"Democrat"
88,65,"Republican"
88,66,"Republican"
88,67,"Republican"
88,68,"Democrat"
88,69,"Democrat"
88,70,"Democrat"
88,71,"Republican"
88,72,"Democrat"
88,73,"Democrat"
88,74,"Democrat"
88,75,"Democrat"
88,76,"Democrat"
88,77,"Democrat"
88,78,"Republican"
88,79,"Democrat"
88,80,"Democrat"
88,81,"Democrat"
88,82,"Democrat"
88,83,"Democrat"
88,84,"Democrat"
88,85,"Republican"
88,86,"Democrat"
88,87,"Democrat"
88,88,"Democrat"
88,89,"Democrat"
88,90,"Republican"
88,91,"Republican"
88,92,"Democrat"
88,93,"Republican"
88,94,"Republican"
88,95,"Democrat"
88,96,"Democrat"
88,97,"Democrat"
88,98,"Democrat"
88,99,"Democrat"
88,100,"Democrat"
88,101,"Democrat"
88,102,"Democrat"
88,103,"Republican"
88,104,"Democrat"
89,1,"Democrat"
89,2,"Democrat"
89,3,"Democrat"
89,4,"Democrat"
89,5,"Democrat"
89,6,"Democrat"
89,7,"Republican"
89,8,"Democrat"
89,9,"Democrat"
89,10,"Republican"
89,11,"Republican"
89,12,"Republican"
89,13,"Republican"
89,14,"Democrat"
89,15,"Democrat"
89,16,"Republican"
89,17,"Republican"
89,18,"Democrat"
89,19,"Democrat"
89,20,"Democrat"
89,21,"Democrat"
89,22,"Republican"
89,23,"Democrat"
89,24,"Democrat"
89,25,"Republican"
89,26,"Republican"
89,27,"Democrat"
89,28,"Democrat"
89,29,"Democrat"
89,30,"Republican"
89,31,"Republican"
89,32,"Republican"
89,33,"Republican"
89,34,"Republican"
89,35,"Republican"
89,36,"Democrat"
89,37,"Democrat"
89,38,"Republican"
89,39,"Democrat"
89,40,"Democrat"
89,41,"Democrat"
89,42,"Democrat"
89,43,"Republican"
89,44,"Democrat"
89,45,"Democrat"
89,46,"Republican"
89,47,"Democrat"
89,48,"Democrat"
89,49,"Democrat"
89,50,"Democrat"
89,51,"Democrat"
89,52,"Democrat"
89,53,"Democrat"
89,54,"Democrat"
89,55,"Republican"
89,56,"Republican"
89,57,"Democrat"
89,58,"Democrat"
89,59,"Republican"
89,60,"Democrat"
89,61,"Republican"
89,62,"Democrat"
89,63,"Democrat"
89,64,"Democrat"
89,65,"Democrat"
89,66,"Republican"
89,67,"Democrat"
89,68,"Democrat"
89,69,"Democrat"
89,70,"Republican"
89,71,"Democrat"
89,72,"Democrat"
89,73,"Democrat"
89,74,"Democrat"
89,75,"Democrat"
89,76,"Democrat"
89,77,"Republican"
89,78,"Democrat"
89,79,"Democrat"
89,80,"Democrat"
89,81,"Republican"
89,82,"Democrat"
89,83,"Democrat"
89,84,"Democrat"
89,85,"Republican"
89,86,"Democrat"
89,87,"Democrat"
89,88,"Democrat"
89,89,"Republican"
89,90,"Republican"
89,91,"Democrat"
89,92,"Republican"
89,93,"Republican"
89,94,"Democrat"
89,95,"Democrat"
89,96,"Democrat"
89,97,"Democrat"
89,98,"Democrat"
89,99,"Democrat"
89,100,"Democrat"
89,101,"Democrat"
89,102,"Democrat"
89,103,"Republican"
89,104,"Democrat"
90,1,"Democrat"
90,2,"Democrat"
90,3,"Democrat"
90,4,"Democrat"
90,5,"Democrat"
90,6,"Democrat"
90,7,"Republican"
90,8,"Democrat"
90,9,"Democrat"
90,10,"Republican"
90,11,"Republican"
90,12,"Republican"
90,13,"Republican"
90,14,"Democrat"
90,15,"Democrat"
90,16,"Republican"
90,17,"Republican"
90,18,"Democrat"
90,19,"Democrat"
90,20,"Democrat"
90,21,"Democrat"
90,22,"Republican"
90,23,"Democrat"
90,24,"Democrat"
90,25,"Republican"
90,26,"Republican"
90,27,"Republican"
90,28,"Democrat"
90,29,"Democrat"
90,30,"Republican"
90,31,"Republican"
90,32,"Republican"
90,33,"Republican"
90,34,"Republican"
90,35,"Republican"
90,36,"Democrat"
90,37,"Democrat"
90,38,"Democrat"
90,39,"Republican"
90,40,"Democrat"
90,41,"Democrat"
90,42,"Republican"
90,43,"Democrat"
90,44,"Republican"
90,45,"Democrat"
90,46,"Democrat"
90,47,"Democrat"
90,48,"Democrat"
90,49,"Democrat"
90,50,"Democrat"
90,51,"Democrat"
90,52,"Democrat"
90,53,"Democrat"
90,54,"Republican"
90,55,"Republican"
90,56,"Democrat"
90,57,"Democrat"
90,58,"Democrat"
90,59,"Republican"
90,60,"Republican"
90,61,"Democrat"
90,62,"Democrat"
90,63,"Democrat"
90,64,"Republican"
90,65,"Republican"
90,66,"Democrat"
90,67,"Democrat"
90,68,"Democrat"
90,69,"Republican"
90,70,"Democrat"
90,71,"Democrat"
90,72,"Democrat"
90,73,"Democrat"
90,74,"Democrat"
90,75,"Democrat"
90,76,"Republican"
90,77,"Republican"
90,78,"Democrat"
90,79,"Democrat"
90,80,"Democrat"
90,81,"Democrat"
90,82,"Republican"
90,83,"Democrat"
90,84,"Republican"
90,85,"Republican"
90,86,"Democrat"
90,87,"Democrat"
90,88,"Republican"
90,89,"Republican"
90,90,"Democrat"
90,91,"Republican"
90,92,"Republican"
90,93,"Democrat"
90,94,"Democrat"
90,95,"Democrat"
90,96,"Democrat"
90,97,"Democrat"
90,98,"Democrat"
90,99,"Democrat"
90,100,"Democrat"
90,101,"Republican"
90,102,"Democrat"
91,1,"Republican"
91,2,"Democrat"
91,3,"Democrat"
91,4,"Democrat"
91,5,"Republican"
91,6,"Republican"
91,7,"Republican"
91,8,"Democrat"
91,9,"Democrat"
91,10,"Republican"
91,11,"Democrat"
91,12,"Republican"
91,13,"Republican"
91,14,"Democrat"
91,15,"Democrat"
91,16,"Republican"
91,17,"Republican"
91,18,"Republican"
91,19,"Democrat"
91,20,"Democrat"
91,21,"Democrat"
91,22,"Democrat"
91,23,"Republican"
91,24,"Republican"
91,25,"Democrat"
91,26,"Republican"
91,27,"Republican"
91,28,"Republican"
91,29,"Democrat"
91,30,"Democrat"
91,31,"Democrat"
91,32,"Democrat"
91,33,"Republican"
91,34,"Republican"
91,35,"Republican"
91,36,"Republican"
91,37,"Republican"
91,38,"Democrat"
91,39,"Democrat"
91,40,"Republican"
91,41,"Democrat"
91,42,"Republican"
91,43,"Democrat"
91,44,"Democrat"
91,45,"Republican"
91,46,"Republican"
91,47,"Democrat"
91,48,"Democrat"
91,49,"Democrat"
91,50,"Democrat"
91,51,"Democrat"
91,52,"Democrat"
91,53,"Democrat"
91,54,"Democrat"
91,55,"Democrat"
91,56,"Republican"
91,57,"Republican"
91,58,"Democrat"
91,59,"Democrat"
91,60,"Republican"
91,61,"Democrat"
91,62,"Democrat"
91,63,"Republican"
91,64,"Democrat"
91,65,"Democrat"
91,66,"Republican"
91,67,"Republican"
91,68,"Democrat"
91,69,"Democrat"
91,70,"Democrat"
91,71,"Republican"
91,72,"Republican"
91,73,"Democrat"
91,74,"Democrat"
91,75,"Republican"
91,76,"Republican"
91,77,"Republican"
91,78,"Republican"
91,79,"Republican"
91,80,"Democrat"
91,81,"Democrat"
91,82,"Democrat"
91,83,"Republican"
91,84,"Republican"
91,85,"Democrat"
91,86,"Republican"
91,87,"Democrat"
91,88,"Democrat"
91,89,"Republican"
91,90,"Democrat"
91,91,"Republican"
91,92,"Republican"
91,93,"Republican"
91,94,"Democrat"
91,95,"Democrat"
91,96,"Democrat"
91,97,"Democrat"
91,98,"Democrat"
91,99,"Democrat"
91,100,"Democrat"
91,101,"Democrat"
91,102,"Republican"
91,103,"Democrat"
92,1,"Republican"
92,2,"Democrat"
92,3,"Democrat"
92,4,"Democrat"
92,5,"Republican"
92,6,"Republican"
92,7,"Republican"
92,8,"Democrat"
92,9,"Democrat"
92,10,"Democrat"
92,11,"Democrat"
92,12,"Republican"
92,13,"Republican"
92,14,"Democrat"
92,15,"Republican"
92,16,"Republican"
92,17,"Republican"
92,18,"Republican"
92,19,"Democrat"
92,20,"Democrat"
92,21,"Democrat"
92,22,"Republican"
92,23,"Democrat"
92,24,"Republican"
92,25,"Democrat"
92,26,"Democrat"
92,27,"Republican"
92,28,"Democrat"
92,29,"Democrat"
92,30,"Republican"
92,31,"Democrat"
92,32,"Republican"
92,33,"Republican"
92,34,"Republican"
92,35,"Republican"
92,36,"Democrat"
92,37,"Democrat"
92,38,"Democrat"
92,39,"Republican"
92,40,"Democrat"
92,41,"Republican"
92,42,"Republican"
92,43,"Republican"
92,44,"Democrat"
92,45,"Democrat"
92,46,"Republican"
92,47,"Democrat"
92,48,"Democrat"
92,49,"Democrat"
92,50,"Democrat"
92,51,"Democrat"
92,52,"Democrat"
92,53,"Democrat"
92,54,"Democrat"
92,55,"Republican"
92,56,"Republican"
92,57,"Democrat"
92,58,"Democrat"
92,59,"Democrat"
92,60,"Republican"
92,61,"Republican"
92,62,"Democrat"
92,63,"Democrat"
92,64,"Democrat"
92,65,"Republican"
92,66,"Democrat"
92,67,"Democrat"
92,68,"Democrat"
92,69,"Democrat"
92,70,"Republican"
92,71,"Republican"
92,72,"Republican"
92,73,"Republican"
92,74,"Democrat"
92,75,"Republican"
92,76,"Republican"
92,77,"Republican"
92,78,"Republican"
92,79,"Democrat"
92,80,"Democrat"
92,81,"Democrat"
92,82,"Republican"
92,83,"Democrat"
92,84,"Republican"
92,85,"Republican"
92,86,"Republican"
92,87,"Republican"
92,88,"Democrat"
92,89,"Democrat"
92,90,"Republican"
92,91,"Republican"
92,92,"Republican"
92,93,"Republican"
92,94,"Democrat"
92,95,"Democrat"
92,96,"Democrat"
92,97,"Democrat"
92,98,"Democrat"
92,99,"Democrat"
92,100,"Democrat"
92,101,"Democrat"
92,102,"Republican"
92,103,"Democrat"
93,1,"Republican"
93,2,"Republican"
93,3,"Democrat"
93,4,"Democrat"
93,5,"Democrat"
93,6,"Republican"
93,7,"Republican"
93,8,"Republican"
93,9,"Democrat"
93,10,"Democrat"
93,11,"Democrat"
93,12,"Democrat"
93,13,"Democrat"
93,14,"Republican"
93,15,"Republican"
93,16,"Democrat"
93,17,"Democrat"
93,18,"Republican"
93,19,"Republican"
93,20,"Democrat"
93,21,"Democrat"
93,22,"Democrat"
93,23,"Republican"
93,24,"Democrat"
93,25,"Republican"
93,26,"Democrat"
93,27,"Democrat"
93,28,"Republican"
93,29,"Democrat"
93,30,"Democrat"
93,31,"Democrat"
93,32,"Democrat"
93,33,"Republican"
93,34,"Republican"
93,35,"Democrat"
93,36,"Republican"
93,37,"Democrat"
93,38,"Democrat"
93,39,"Democrat"
93,40,"Democrat"
93,41,"Republican"
93,42,"Republican"
93,43,"Democrat"
93,44,"Republican"
93,45,"Republican"
93,46,"Democrat"
93,47,"Democrat"
93,48,"Democrat"
93,49,"Democrat"
93,50,"Democrat"
93,51,"Democrat"
93,52,"Democrat"
93,53,"Democrat"
93,54,"Democrat"
93,55,"Republican"
93,56,"Republican"
93,57,"Democrat"
93,58,"Democrat"
93,59,"Republican"
93,60,"Republican"
93,61,"Democrat"
93,62,"Republican"
93,63,"Democrat"
93,64,"Republican"
93,65,"Democrat"
93,66,"Republican"
93,67,"Democrat"
93,68,"Democrat"
93,69,"Republican"
93,70,"Democrat"
93,71,"Republican"
93,72,"Republican"
93,73,"Republican"
93,74,"Democrat"
93,75,"Republican"
93,76,"Republican"
93,77,"Republican"
93,78,"Republican"
93,79,"Republican"
93,80,"Republican"
93,81,"Democrat"
93,82,"Democrat"
93,83,"Republican"
93,84,"Democrat"
93,85,"Democrat"
93,86,"Democrat"
93,87,"Republican"
93,88,"Republican"
93,89,"Republican"
93,90,"Democrat"
93,91,"Democrat"
93,92,"Republican"
93,93,"Republican"
93,94,"Republican"
93,95,"Republican"
93,96,"Democrat"
93,97,"Democrat"
93,98,"Democrat"
93,99,"Democrat"
93,100,"Democrat"
93,101,"Democrat"
93,102,"Democrat"
93,103,"Democrat"
93,104,"Republican"
94,1,"Republican"
94,2,"Democrat"
94,3,"Democrat"
94,4,"Democrat"
94,5,"Republican"
94,6,"Republican"
94,7,"Republican"
94,8,"Democrat"
94,9,"Democrat"
94,10,"Democrat"
94,11,"Democrat"
94,12,"Democrat"
94,13,"Democrat"
94,14,"Republican"
94,15,"Democrat"
94,16,"Democrat"
94,17,"Republican"
94,18,"Democrat"
94,19,"Democrat"
94,20,"Democrat"
94,21,"Democrat"
94,22,"Democrat"
94,23,"Republican"
94,24,"Republican"
94,25,"Democrat"
94,26,"Democrat"
94,27,"Republican"
94,28,"Democrat"
94,29,"Democrat"
94,30,"Democrat"
94,31,"Democrat"
94,32,"Republican"
94,33,"Republican"
94,34,"Democrat"
94,35,"Democrat"
94,36,"Democrat"
94,37,"Democrat"
94,38,"Democrat"
94,39,"Democrat"
94,40,"Republican"
94,41,"Republican"
94,42,"Democrat"
94,43,"Republican"
94,44,"Democrat"
94,45,"Republican"
94,46,"Democrat"
94,47,"Democrat"
94,48,"Democrat"
94,49,"Democrat"
94,50,"Democrat"
94,51,"Democrat"
94,52,"Democrat"
94,53,"Democrat"
94,54,"Republican"
94,55,"Republican"
94,56,"Democrat"
94,57,"Republican"
94,58,"Democrat"
94,59,"Republican"
94,60,"Democrat"
94,61,"Republican"
94,62,"Democrat"
94,63,"Republican"
94,64,"Democrat"
94,65,"Republican"
94,66,"Democrat"
94,67,"Democrat"
94,68,"Republican"
94,69,"Democrat"
94,70,"Republican"
94,71,"Democrat"
94,72,"Republican"
94,73,"Republican"
94,74,"Republican"
94,75,"Republican"
94,76,"Republican"
94,77,"Republican"
94,78,"Republican"
94,79,"Democrat"
94,80,"Democrat"
94,81,"Republican"
94,82,"Democrat"
94,83,"Democrat"
94,84,"Democrat"
94,85,"Republican"
94,86,"Republican"
94,87,"Democrat"
94,88,"Republican"
94,89,"Democrat"
94,90,"Republican"
94,91,"Republican"
94,92,"Democrat"
94,93,"Democrat"
94,94,"Republican"
94,95,"Democrat"
94,96,"Democrat"
94,97,"Democrat"
94,98,"Democrat"
94,99,"Democrat"
94,100,"Democrat"
94,101,"Republican"
94,102,"Democrat"
95,1,"Democrat"
95,2,"Democrat"
95,3,"Democrat"
95,4,"Democrat"
95,5,"Republican"
95,6,"Democrat"
95,7,"Democrat"
95,8,"Republican"
95,9,"Democrat"
95,10,"Democrat"
95,11,"Democrat"
95,12,"Democrat"
95,13,"Republican"
95,14,"Democrat"
95,15,"Democrat"
95,16,"Republican"
95,17,"Democrat"
95,18,"Republican"
95,19,"Democrat"
95,20,"Democrat"
95,21,"Democrat"
95,22,"Democrat"
95,23,"Democrat"
95,24,"Democrat"
95,25,"Democrat"
95,26,"Democrat"
95,27,"Republican"
95,28,"Democrat"
95,29,"Republican"
95,30,"Republican"
95,31,"Democrat"
95,32,"Democrat"
95,33,"Democrat"
95,34,"Republican"
95,35,"Republican"
95,36,"Democrat"
95,37,"Democrat"
95,38,"Democrat"
95,39,"Democrat"
95,40,"Democrat"
95,41,"Democrat"
95,42,"Democrat"
95,43,"Republican"
95,44,"Democrat"
95,45,"Republican"
95,46,"Republican"
95,47,"Democrat"
95,48,"Democrat"
95,49,"Democrat"
95,50,"Democrat"
95,51,"Democrat"
95,52,"Democrat"
95,53,"Republican"
95,54,"Democrat"
95,55,"Democrat"
95,56,"Democrat"
95,57,"Democrat"
95,58,"Democrat"
95,59,"Republican"
95,60,"Democrat"
95,61,"Republican"
95,62,"Democrat"
95,63,"Democrat"
95,64,"Republican"
95,65,"Democrat"
95,66,"Republican"
95,67,"Republican"
95,68,"Republican"
95,69,"Democrat"
95,70,"Republican"
95,71,"Democrat"
95,72,"Democrat"
95,73,"Republican"
95,74,"Democrat"
95,75,"Democrat"
95,76,"Republican"
95,77,"Republican"
95,78,"Republican"
95,79,"Republican"
95,80,"Republican"
95,81,"Republican"
95,82,"Republican"
95,83,"Democrat"
95,84,"Republican"
95,85,"Democrat"
95,86,"Democrat"
95,87,"Democrat"
95,88,"Democrat"
95,89,"Republican"
95,90,"Republican"
95,91,"Democrat"
95,92,"Republican"
95,93,"Republican"
95,94,"Republican"
95,95,"Democrat"
95,96,"Democrat"
95,97,"Republican"
95,98,"Democrat"
95,99,"Democrat"
95,100,"Democrat"
95,101,"Democrat"
95,102,"Democrat"
95,103,"Democrat"
95,104,"Republican"
95,105,"Republican"
96,1,"Democrat"
96,2,"Democrat"
96,3,"Democrat"
96,4,"Democrat"
96,5,"Republican"
96,6,"Democrat"
96,7,"Republican"
96,8,"Democrat"
96,9,"Democrat"
96,10,"Republican"
96,11,"Democrat"
96,12,"Democrat"
96,13,"Republican"
96,14,"Republican"
96,15,"Democrat"
96,16,"Democrat"
96,17,"Republican"
96,18,"Democrat"
96,19,"Democrat"
96,20,"Democrat"
96,21,"Democrat"
96,22,"Democrat"
96,23,"Democrat"
96,24,"Democrat"
96,25,"Republican"
96,26,"Democrat"
96,27,"Republican"
96,28,"Democrat"
96,29,"Republican"
96,30,"Republican"
96,31,"Democrat"
96,32,"Republican"
96,33,"Republican"
96,34,"Democrat"
96,35,"Democrat"
96,36,"Democrat"
96,37,"Democrat"
96,38,"Republican"
96,39,"Democrat"
96,40,"Democrat"
96,41,"Democrat"
96,42,"Republican"
96,43,"Democrat"
96,44,"Democrat"
96,45,"Democrat"
96,46,"Democrat"
96,47,"Republican"
96,48,"Republican"
96,49,"Republican"
96,50,"Democrat"
96,51,"Democrat"
96,52,"Republican"
96,53,"Democrat"
96,54,"Democrat"
96,55,"Democrat"
96,56,"Democrat"
96,57,"Republican"
96,58,"Democrat"
96,59,"Democrat"
96,60,"Republican"
96,61,"Democrat"
96,62,"Democrat"
96,63,"Republican"
96,64,"Republican"
96,65,"Republican"
96,66,"Democrat"
96,67,"Republican"
96,68,"Democrat"
96,69,"Republican"
96,70,"Democrat"
96,71,"Democrat"
96,72,"Democrat"
96,73,"Republican"
96,74,"Democrat"
96,75,"Republican"
96,76,"Republican"
96,77,"Republican"
96,78,"Republican"
96,79,"Democrat"
96,80,"Republican"
96,81,"Democrat"
96,82,"Republican"
96,83,"Democrat"
96,84,"Republican"
96,85,"Democrat"
96,86,"Republican"
96,87,"Democrat"
96,88,"Republican"
96,89,"Republican"
96,90,"Republican"
96,91,"Democrat"
96,92,"Republican"
96,93,"Republican"
96,94,"Democrat"
96,95,"Democrat"
96,96,"Democrat"
96,97,"Democrat"
96,98,"Democrat"
96,99,"Democrat"
96,100,"Democrat"
96,101,"Republican"
96,102,"Republican"
97,1,"Republican"
97,2,"Democrat"
97,3,"Republican"
97,4,"Republican"
97,5,"Republican"
97,6,"Republican"
97,7,"Democrat"
97,8,"Democrat"
97,9,"Democrat"
97,10,"Republican"
97,11,"Democrat"
97,12,"Democrat"
97,13,"Republican"
97,14,"Democrat"
97,15,"Republican"
97,16,"Democrat"
97,17,"Republican"
97,18,"Democrat"
97,19,"Republican"
97,20,"Democrat"
97,21,"Republican"
97,22,"Democrat"
97,23,"Democrat"
97,24,"Republican"
97,25,"Republican"
97,26,"Republican"
97,27,"Democrat"
97,28,"Republican"
97,29,"Republican"
97,30,"Republican"
97,31,"Republican"
97,32,"Republican"
97,33,"Republican"
97,34,"Democrat"
97,35,"Democrat"
97,36,"Democrat"
97,37,"Democrat"
97,38,"Democrat"
97,39,"Republican"
97,40,"Republican"
97,41,"Democrat"
97,42,"Democrat"
97,43,"Democrat"
97,44,"Democrat"
97,45,"Democrat"
97,46,"Republican"
97,47,"Republican"
97,48,"Republican"
97,49,"Democrat"
97,50,"Republican"
97,51,"Democrat"
97,52,"Democrat"
97,53,"Democrat"
97,54,"Democrat"
97,55,"Democrat"
97,56,"Democrat"
97,57,"Republican"
97,58,"Republican"
97,59,"Republican"
97,60,"Democrat"
97,61,"Democrat"
97,62,"Republican"
97,63,"Republican"
97,64,"Republican"
97,65,"Republican"
97,66,"Democrat"
97,67,"Republican"
97,68,"Republican"
97,69,"Republican"
97,70,"Democrat"
97,71,"Democrat"
97,72,"Democrat"
97,73,"Republican"
97,74,"Democrat"
97,75,"Republican"
97,76,"Republican"
97,77,"Republican"
97,78,"Republican"
97,79,"Democrat"
97,80,"Republican"
97,81,"Republican"
97,82,"Democrat"
97,83,"Republican"
97,84,"Republican"
97,85,"Republican"
97,86,"Democrat"
97,87,"Democrat"
97,88,"Republican"
97,89,"Republican"
97,90,"Republican"
97,91,"Republican"
97,92,"Democrat"
97,93,"Democrat"
97,94,"Republican"
97,95,"Democrat"
97,96,"Republican"
97,97,"Democrat"
97,98,"Democrat"
97,99,"Democrat"
97,100,"Republican"
97,101,"Republican"
97,102,"Republican"
98,1,"Republican"
98,2,"Democrat"
98,3,"Republican"
98,4,"Republican"
98,5,"Republican"
98,6,"Republican"
98,7,"Democrat"
98,8,"Democrat"
98,9,"Democrat"
98,10,"Republican"
98,11,"Democrat"
98,12,"Democrat"
98,13,"Republican"
98,14,"Democrat"
98,15,"Republican"
98,16,"Democrat"
98,17,"Republican"
98,18,"Republican"
98,19,"Democrat"
98,20,"Republican"
98,21,"Democrat"
98,22,"Democrat"
98,23,"Democrat"
98,24,"Republican"
98,25,"Republican"
98,26,"Democrat"
98,27,"Republican"
98,28,"Republican"
98,29,"Republican"
98,30,"Republican"
98,31,"Republican"
98,32,"Republican"
98,33,"Republican"
98,34,"Democrat"
98,35,"Democrat"
98,36,"Democrat"
98,37,"Democrat"
98,38,"Republican"
98,39,"Democrat"
98,40,"Democrat"
98,41,"Republican"
98,42,"Democrat"
98,43,"Democrat"
98,44,"Democrat"
98,45,"Democrat"
98,46,"Republican"
98,47,"Republican"
98,48,"Republican"
98,49,"Democrat"
98,50,"Democrat"
98,51,"Republican"
98,52,"Democrat"
98,53,"Democrat"
98,54,"Democrat"
98,55,"Democrat"
98,56,"Republican"
98,57,"Republican"
98,58,"Republican"
98,59,"Republican"
98,60,"Democrat"
98,61,"Democrat"
98,62,"Democrat"
98,63,"Republican"
98,64,"Democrat"
98,65,"Republican"
98,66,"Republican"
98,67,"Republican"
98,68,"Democrat"
98,69,"Republican"
98,70,"Democrat"
98,71,"Democrat"
98,72,"Democrat"
98,73,"Republican"
98,74,"Republican"
98,75,"Republican"
98,76,"Republican"
98,77,"Republican"
98,78,"Republican"
98,79,"Democrat"
98,80,"Republican"
98,81,"Democrat"
98,82,"Republican"
98,83,"Republican"
98,84,"Republican"
98,85,"Democrat"
98,86,"Democrat"
98,87,"Republican"
98,88,"Republican"
98,89,"Republican"
98,90,"Republican"
98,91,"Democrat"
98,92,"Republican"
98,93,"Republican"
98,94,"Democrat"
98,95,"Republican"
98,96,"Republican"
98,97,"Democrat"
98,98,"Democrat"
98,99,"Republican"
98,100,"Democrat"
98,101,"Republican"
98,102,"Republican"
99,1,"Republican"
99,2,"Republican"
99,3,"Democrat"
99,4,"Republican"
99,5,"Republican"
99,6,"Democrat"
99,7,"Republican"
99,8,"Democrat"
99,9,"Democrat"
99,10,"Republican"
99,11,"Democrat"
99,12,"Republican"
99,13,"Democrat"
99,14,"Democrat"
99,15,"Republican"
99,16,"Democrat"
99,17,"Republican"
99,18,"Republican"
99,19,"Democrat"
99,20,"Democrat"
99,21,"Republican"
99,22,"Democrat"
99,23,"Democrat"
99,24,"Republican"
99,25,"Republican"
99,26,"Democrat"
99,27,"Democrat"
99,28,"Republican"
99,29,"Republican"
99,30,"Democrat"
99,31,"Republican"
99,32,"Republican"
99,33,"Republican"
99,34,"Republican"
99,35,"Democrat"
99,36,"Democrat"
99,37,"Democrat"
99,38,"Democrat"
99,39,"Republican"
99,40,"Democrat"
99,41,"Republican"
99,42,"Democrat"
99,43,"Democrat"
99,44,"Democrat"
99,45,"Democrat"
99,46,"Republican"
99,47,"Republican"
99,48,"Republican"
99,49,"Democrat"
99,50,"Republican"
99,51,"Democrat"
99,52,"Democrat"
99,53,"Democrat"
99,54,"Democrat"
99,55,"Democrat"
99,56,"Republican"
99,57,"Republican"
99,58,"Republican"
99,59,"Republican"
99,60,"Democrat"
99,61,"Democrat"
99,62,"Republican"
99,63,"Democrat"
99,64,"Democrat"
99,65,"Republican"
99,66,"Republican"
99,67,"Republican"
99,68,"Republican"
99,69,"Republican"
99,70,"Democrat"
99,71,"Democrat"
99,72,"Democrat"
99,73,"Democrat"
99,74,"Republican"
99,75,"Republican"
99,76,"Republican"
99,77,"Republican"
99,78,"Republican"
99,79,"Democrat"
99,80,"Republican"
99,81,"Democrat"
99,82,"Republican"
99,83,"Republican"
99,84,"Republican"
99,85,"Democrat"
99,86,"Democrat"
99,87,"Democrat"
99,88,"Republican"
99,89,"Republican"
99,90,"Republican"
99,91,"Republican"
99,92,"Democrat"
99,93,"Republican"
99,94,"Republican"
99,95,"Republican"
99,96,"Republican"
99,97,"Democrat"
99,98,"Democrat"
99,99,"Democrat"
99,100,"Republican"
99,101,"Republican"
99,102,"Republican"
100,1,"Republican"
100,2,"Democrat"
100,3,"Democrat"
100,4,"Republican"
100,5,"Republican"
100,6,"Republican"
100,7,"Democrat"
100,8,"Democrat"
100,9,"Democrat"
100,10,"Republican"
100,11,"Democrat"
100,12,"Republican"
100,13,"Democrat"
100,14,"Democrat"
100,15,"Republican"
100,16,"Republican"
100,17,"Democrat"
100,18,"Democrat"
100,19,"Democrat"
100,20,"Democrat"
100,21,"Democrat"
100,22,"Democrat"
100,23,"Democrat"
100,24,"Republican"
100,25,"Republican"
100,26,"Democrat"
100,27,"Democrat"
100,28,"Republican"
100,29,"Republican"
100,30,"Republican"
100,31,"Democrat"
100,32,"Republican"
100,33,"Republican"
100,34,"Republican"
100,35,"Democrat"
100,36,"Democrat"
100,37,"Democrat"
100,38,"Democrat"
100,39,"Republican"
100,40,"Democrat"
100,41,"Democrat"
100,42,"Democrat"
100,43,"Democrat"
100,44,"Democrat"
100,45,"Democrat"
100,46,"Republican"
100,47,"Republican"
100,48,"Democrat"
100,49,"Republican"
100,50,"Republican"
100,51,"Republican"
100,52,"Democrat"
100,53,"Democrat"
100,54,"Democrat"
100,55,"Democrat"
100,56,"Republican"
100,57,"Republican"
100,58,"Democrat"
100,59,"Republican"
100,60,"Republican"
100,61,"Democrat"
100,62,"Democrat"
100,63,"Republican"
100,64,"Democrat"
100,65,"Republican"
100,66,"Democrat"
100,67,"Democrat"
100,68,"Republican"
100,69,"Democrat"
100,70,"Democrat"
100,71,"Democrat"
100,72,"Democrat"
100,73,"Republican"
100,74,"Democrat"
100,75,"Republican"
100,76,"Republican"
100,77,"Republican"
100,78,"Republican"
100,79,"Democrat"
100,80,"Republican"
100,81,"Republican"
100,82,"Democrat"
100,83,"Republican"
100,84,"Democrat"
100,85,"Democrat"
100,86,"Democrat"
100,87,"Democrat"
100,88,"Republican"
100,89,"Republican"
100,90,"Republican"
100,91,"Republican"
100,92,"Democrat"
100,93,"Republican"
100,94,"Republican"
100,95,"Democrat"
100,96,"Republican"
100,97,"Democrat"
100,98,"Democrat"
100,99,"Democrat"
100,100,"Republican"
100,101,"Republican"
100,102,"Republican"
101,1,"Republican"
101,2,"Democrat"
101,3,"Democrat"
101,4,"Republican"
101,5,"Republican"
101,6,"Democrat"
101,7,"Republican"
101,8,"Democrat"
101,9,"Democrat"
101,10,"Democrat"
101,11,"Republican"
101,12,"Republican"
101,13,"Democrat"
101,14,"Democrat"
101,15,"Democrat"
101,16,"Republican"
101,17,"Democrat"
101,18,"Republican"
101,19,"Democrat"
101,20,"Democrat"
101,21,"Democrat"
101,22,"Democrat"
101,23,"Democrat"
101,24,"Democrat"
101,25,"Republican"
101,26,"Republican"
101,27,"Democrat"
101,28,"Democrat"
101,29,"Republican"
101,30,"Republican"
101,31,"Republican"
101,32,"Democrat"
101,33,"Republican"
101,34,"Republican"
101,35,"Democrat"
101,36,"Republican"
101,37,"Democrat"
101,38,"Democrat"
101,39,"Republican"
101,40,"Democrat"
101,41,"Democrat"
101,42,"Democrat"
101,43,"Democrat"
101,44,"Democrat"
101,45,"Democrat"
101,46,"Democrat"
101,47,"Republican"
101,48,"Republican"
101,49,"Republican"
101,50,"Republican"
101,51,"Republican"
101,52,"Republican"
101,53,"Democrat"
101,54,"Republican"
101,55,"Democrat"
101,56,"Democrat"
101,57,"Democrat"
101,58,"Democrat"
101,59,"Republican"
101,60,"Republican"
101,61,"Democrat"
101,62,"Democrat"
101,63,"Republican"
101,64,"Democrat"
101,65,"Democrat"
101,66,"Republican"
101,67,"Republican"
101,68,"Democrat"
101,69,"Democrat"
101,70,"Democrat"
101,71,"Democrat"
101,72,"Democrat"
101,73,"Democrat"
101,74,"Republican"
101,75,"Republican"
101,76,"Republican"
101,77,"Republican"
101,78,"Republican"
101,79,"Democrat"
101,80,"Republican"
101,81,"Republican"
101,82,"Democrat"
101,83,"Republican"
101,84,"Democrat"
101,85,"Democrat"
101,86,"Democrat"
101,87,"Democrat"
101,88,"Republican"
101,89,"Republican"
101,90,"Republican"
101,91,"Republican"
101,92,"Democrat"
101,93,"Republican"
101,94,"Democrat"
101,95,"Democrat"
101,96,"Republican"
101,97,"Democrat"
101,98,"Democrat"
101,99,"Republican"
101,100,"Democrat"
101,101,"Republican"
101,102,"Republican"
102,1,"Republican"
102,2,"Democrat"
102,3,"Democrat"
102,4,"Republican"
102,5,"Republican"
102,6,"Democrat"
102,7,"Republican"
102,8,"Democrat"
102,9,"Democrat"
102,10,"Democrat"
102,11,"Republican"
102,12,"Republican"
102,13,"Democrat"
102,14,"Democrat"
102,15,"Democrat"
102,16,"Democrat"
102,17,"Republican"
102,18,"Democrat"
102,19,"Republican"
102,20,"Democrat"
102,21,"Democrat"
102,22,"Democrat"
102,23,"Democrat"
102,24,"Republican"
102,25,"Republican"
102,26,"Democrat"
102,27,"Democrat"
102,28,"Republican"
102,29,"Republican"
102,30,"Republican"
102,31,"Democrat"
102,32,"Republican"
102,33,"Republican"
102,34,"Democrat"
102,35,"Republican"
102,36,"Democrat"
102,37,"Democrat"
102,38,"Republican"
102,39,"Democrat"
102,40,"Democrat"
102,41,"Democrat"
102,42,"Democrat"
102,43,"Democrat"
102,44,"Democrat"
102,45,"Democrat"
102,46,"Republican"
102,47,"Democrat"
102,48,"Republican"
102,49,"Republican"
102,50,"Republican"
102,51,"Republican"
102,52,"Democrat"
102,53,"Republican"
102,54,"Democrat"
102,55,"Democrat"
102,56,"Democrat"
102,57,"Democrat"
102,58,"Republican"
102,59,"Republican"
102,60,"Democrat"
102,61,"Democrat"
102,62,"Democrat"
102,63,"Republican"
102,64,"Republican"
102,65,"Democrat"
102,66,"Republican"
102,67,"Democrat"
102,68,"Democrat"
102,69,"Democrat"
102,70,"Democrat"
102,71,"Democrat"
102,72,"Democrat"
102,73,"Democrat"
102,74,"Republican"
102,75,"Republican"
102,76,"Republican"
102,77,"Republican"
102,78,"Democrat"
102,79,"Republican"
102,80,"Republican"
102,81,"Democrat"
102,82,"Democrat"
102,83,"Republican"
102,84,"Democrat"
102,85,"Republican"
102,86,"Democrat"
102,87,"Democrat"
102,88,"Democrat"
102,89,"Republican"
102,90,"Republican"
102,91,"Republican"
102,92,"Republican"
102,93,"Democrat"
102,94,"Democrat"
102,95,"Republican"
102,96,"Democrat"
102,97,"Republican"
102,98,"Democrat"
102,99,"Democrat"
102,100,"Republican"
102,101,"Democrat"
102,102,"Republican"
102,103,"Republican"
103,1,"Democrat"
103,2,"Democrat"
103,3,"Democrat"
103,4,"Republican"
103,5,"Republican"
103,6,"Democrat"
103,7,"Republican"
103,8,"Democrat"
103,9,"Democrat"
103,10,"Democrat"
103,11,"Democrat"
103,12,"Republican"
103,13,"Democrat"
103,14,"Democrat"
103,15,"Democrat"
103,16,"Democrat"
103,17,"Republican"
103,18,"Democrat"
103,19,"Republican"
103,20,"Republican"
103,21,"Democrat"
103,22,"Democrat"
103,23,"Democrat"
103,24,"Republican"
103,25,"Republican"
103,26,"Democrat"
103,27,"Democrat"
103,28,"Republican"
103,29,"Republican"
103,30,"Republican"
103,31,"Democrat"
103,32,"Republican"
103,33,"Republican"
103,34,"Democrat"
103,35,"Republican"
103,36,"Democrat"
103,37,"Democrat"
103,38,"Republican"
103,39,"Democrat"
103,40,"Democrat"
103,41,"Democrat"
103,42,"Democrat"
103,43,"Democrat"
103,44,"Democrat"
103,45,"Democrat"
103,46,"Republican"
103,47,"Democrat"
103,48,"Republican"
103,49,"Republican"
103,50,"Republican"
103,51,"Republican"
103,52,"Democrat"
103,53,"Republican"
103,54,"Democrat"
103,55,"Democrat"
103,56,"Democrat"
103,57,"Democrat"
103,58,"Republican"
103,59,"Republican"
103,60,"Democrat"
103,61,"Democrat"
103,62,"Democrat"
103,63,"Republican"
103,64,"Republican"
103,65,"Democrat"
103,66,"Republican"
103,67,"Republican"
103,68,"Democrat"
103,69,"Democrat"
103,70,"Democrat"
103,71,"Democrat"
103,72,"Democrat"
103,73,"Republican"
103,74,"Republican"
103,75,"Republican"
103,76,"Republican"
103,77,"Republican"
103,78,"Democrat"
103,79,"Republican"
103,80,"Democrat"
103,81,"Democrat"
103,82,"Republican"
103,83,"Democrat"
103,84,"Republican"
103,85,"Democrat"
103,86,"Democrat"
103,87,"Republican"
103,88,"Republican"
103,89,"Democrat"
103,90,"Republican"
103,91,"Republican"
103,92,"Republican"
103,93,"Democrat"
103,94,"Democrat"
103,95,"Republican"
103,96,"Republican"
103,97,"Democrat"
103,98,"Democrat"
103,99,"Democrat"
103,100,"Democrat"
103,101,"Democrat"
103,102,"Republican"
103,103,"Republican"
104,1,"Democrat"
104,2,"Democrat"
104,3,"Republican"
104,4,"Republican"
104,5,"Republican"
104,6,"Republican"
104,7,"Republican"
104,8,"Democrat"
104,9,"Democrat"
104,10,"Democrat"
104,11,"Democrat"
104,12,"Republican"
104,13,"Democrat"
104,14,"Republican"
104,15,"Democrat"
104,16,"Democrat"
104,17,"Democrat"
104,18,"Republican"
104,19,"Democrat"
104,20,"Republican"
104,21,"Republican"
104,22,"Democrat"
104,23,"Democrat"
104,24,"Democrat"
104,25,"Republican"
104,26,"Republican"
104,27,"Democrat"
104,28,"Democrat"
104,29,"Republican"
104,30,"Republican"
104,31,"Republican"
104,32,"Democrat"
104,33,"Republican"
104,34,"Republican"
104,35,"Republican"
104,36,"Democrat"
104,37,"Republican"
104,38,"Democrat"
104,39,"Democrat"
104,40,"Republican"
104,41,"Republican"
104,42,"Democrat"
104,43,"Democrat"
104,44,"Democrat"
104,45,"Democrat"
104,46,"Republican"
104,47,"Democrat"
104,48,"Republican"
104,49,"Democrat"
104,50,"Republican"
104,51,"Republican"
104,52,"Republican"
104,53,"Republican"
104,54,"Democrat"
104,55,"Republican"
104,56,"Democrat"
104,57,"Democrat"
104,58,"Democrat"
104,59,"Democrat"
104,60,"Republican"
104,61,"Republican"
104,62,"Democrat"
104,63,"Democrat"
104,64,"Democrat"
104,65,"Republican"
104,66,"Republican"
104,67,"Democrat"
104,68,"Republican"
104,69,"Republican"
104,70,"Democrat"
104,71,"Democrat"
104,72,"Republican"
104,73,"Democrat"
104,74,"Republican"
104,75,"Republican"
104,76,"Republican"
104,77,"Republican"
104,78,"Democrat"
104,79,"Republican"
104,80,"Republican"
104,81,"Republican"
104,82,"Democrat"
104,83,"Democrat"
104,84,"Republican"
104,85,"Democrat"
104,86,"Republican"
104,87,"Republican"
104,88,"Republican"
104,89,"Republican"
104,90,"Republican"
104,91,"Republican"
104,92,"Republican"
104,93,"Republican"
104,94,"Democrat"
104,95,"Democrat"
104,96,"Republican"
104,97,"Republican"
104,98,"Democrat"
104,99,"Democrat"
104,100,"Democrat"
104,101,"Democrat"
104,102,"Democrat"
104,103,"Republican"
104,104,"Republican"
105,1,"Democrat"
105,2,"Republican"
105,3,"Republican"
105,4,"Republican"
105,5,"Republican"
105,6,"Republican"
105,7,"Republican"
105,8,"Democrat"
105,9,"Republican"
105,10,"Democrat"
105,11,"Democrat"
105,12,"Republican"
105,13,"Republican"
105,14,"Democrat"
105,15,"Democrat"
105,16,"Democrat"
105,17,"Republican"
105,18,"Democrat"
105,19,"Republican"
105,20,"Democrat"
105,21,"Republican"
105,22,"Democrat"
105,23,"Democrat"
105,24,"Republican"
105,25,"Republican"
105,26,"Democrat"
105,27,"Democrat"
105,28,"Republican"
105,29,"Republican"
105,30,"Republican"
105,31,"Democrat"
105,32,"Republican"
105,33,"Republican"
105,34,"Democrat"
105,35,"Republican"
105,36,"Democrat"
105,37,"Democrat"
105,38,"Republican"
105,39,"Republican"
105,40,"Democrat"
105,41,"Democrat"
105,42,"Democrat"
105,43,"Democrat"
105,44,"Republican"
105,45,"Democrat"
105,46,"Republican"
105,47,"Democrat"
105,48,"Republican"
105,49,"Republican"
105,50,"Republican"
105,51,"Republican"
105,52,"Democrat"
105,53,"Republican"
105,54,"Republican"
105,55,"Democrat"
105,56,"Democrat"
105,57,"Democrat"
105,58,"Republican"
105,59,"Republican"
105,60,"Democrat"
105,61,"Democrat"
105,62,"Democrat"
105,63,"Republican"
105,64,"Republican"
105,65,"Democrat"
105,66,"Republican"
105,67,"Republican"
105,68,"Democrat"
105,69,"Democrat"
105,70,"Republican"
105,71,"Democrat"
105,72,"Republican"
105,73,"Republican"
105,74,"Republican"
105,75,"Democrat"
105,76,"Republican"
105,77,"Republican"
105,78,"Republican"
105,79,"Democrat"
105,80,"Democrat"
105,81,"Republican"
105,82,"Democrat"
105,83,"Democrat"
105,84,"Republican"
105,85,"Republican"
105,86,"Republican"
105,87,"Republican"
105,88,"Republican"
105,89,"Republican"
105,90,"Republican"
105,91,"Democrat"
105,92,"Democrat"
105,93,"Republican"
105,94,"Republican"
105,95,"Democrat"
105,96,"Democrat"
105,97,"Democrat"
105,98,"Democrat"
105,99,"Democrat"
105,100,"Republican"
105,101,"Republican"
106,1,"Democrat"
106,2,"Republican"
106,3,"Republican"
106,4,"Republican"
106,5,"Republican"
106,6,"Republican"
106,7,"Republican"
106,8,"Republican"
106,9,"Democrat"
106,10,"Democrat"
106,11,"Democrat"
106,12,"Republican"
106,13,"Republican"
106,14,"Democrat"
106,15,"Democrat"
106,16,"Democrat"
106,17,"Republican"
106,18,"Democrat"
106,19,"Republican"
106,20,"Democrat"
106,21,"Republican"
106,22,"Democrat"
106,23,"Democrat"
106,24,"Democrat"
106,25,"Republican"
106,26,"Republican"
106,27,"Democrat"
106,28,"Republican"
106,29,"Democrat"
106,30,"Republican"
106,31,"Republican"
106,32,"Democrat"
106,33,"Republican"
106,34,"Republican"
106,35,"Republican"
106,36,"Republican"
106,37,"Democrat"
106,38,"Democrat"
106,39,"Republican"
106,40,"Republican"
106,41,"Democrat"
106,42,"Democrat"
106,43,"Democrat"
106,44,"Democrat"
106,45,"Republican"
106,46,"Democrat"
106,47,"Republican"
106,48,"Democrat"
106,49,"Republican"
106,50,"Republican"
106,51,"Republican"
106,52,"Republican"
106,53,"Democrat"
106,54,"Republican"
106,55,"Republican"
106,56,"Democrat"
106,57,"Democrat"
106,58,"Democrat"
106,59,"Republican"
106,60,"Republican"
106,61,"Democrat"
106,62,"Democrat"
106,63,"Democrat"
106,64,"Republican"
106,65,"Democrat"
106,66,"Democrat"
106,67,"Democrat"
106,68,"Republican"
106,69,"Democrat"
106,70,"Democrat"
106,71,"Republican"
106,72,"Republican"
106,73,"Republican"
106,74,"Republican"
106,75,"Republican"
106,76,"Democrat"
106,77,"Republican"
106,78,"Republican"
106,79,"Republican"
106,80,"Republican"
106,81,"Democrat"
106,82,"Democrat"
106,83,"Republican"
106,84,"Democrat"
106,85,"Democrat"
106,86,"Republican"
106,87,"Republican"
106,88,"Republican"
106,89,"Republican"
106,90,"Republican"
106,91,"Republican"
106,92,"Republican"
106,93,"Democrat"
106,94,"Democrat"
106,95,"Republican"
106,96,"Republican"
106,97,"Democrat"
106,98,"Democrat"
106,99,"Democrat"
106,100,"Democrat"
106,101,"Democrat"
106,102,"Republican"
106,103,"Republican"
107,1,"Republican"
107,2,"Republican"
107,3,"Republican"
107,4,"Republican"
107,5,"Republican"
107,6,"Republican"
107,7,"Republican"
107,8,"Republican"
107,9,"Democrat"
107,10,"Democrat"
107,11,"Democrat"
107,12,"Republican"
107,13,"Republican"
107,14,"Democrat"
107,15,"Democrat"
107,16,"Democrat"
107,17,"Democrat"
107,18,"Democrat"
107,19,"Democrat"
107,20,"Democrat"
107,21,"Democrat"
107,22,"Democrat"
107,23,"Democrat"
107,24,"Republican"
107,25,"Republican"
107,26,"Democrat"
107,27,"Republican"
107,28,"Democrat"
107,29,"Republican"
107,30,"Republican"
107,31,"Democrat"
107,32,"Republican"
107,33,"Republican"
107,34,"Republican"
107,35,"Republican"
107,36,"Democrat"
107,37,"Democrat"
107,38,"Republican"
107,39,"Republican"
107,40,"Democrat"
107,41,"Democrat"
107,42,"Democrat"
107,43,"Democrat"
107,44,"Democrat"
107,45,"Democrat"
107,46,"Democrat"
107,47,"Democrat"
107,48,"Democrat"
107,49,"Republican"
107,50,"Republican"
107,51,"Democrat"
107,52,"Republican"
107,53,"Democrat"
107,54,"Republican"
107,55,"Republican"
107,56,"Democrat"
107,57,"Republican"
107,58,"Democrat"
107,59,"Republican"
107,60,"Republican"
107,61,"Democrat"
107,62,"Democrat"
107,63,"Democrat"
107,64,"Republican"
107,65,"Democrat"
107,66,"Democrat"
107,67,"Democrat"
107,68,"Republican"
107,69,"Democrat"
107,70,"Democrat"
107,71,"Republican"
107,72,"Republican"
107,73,"Republican"
107,74,"Republican"
107,75,"Republican"
107,76,"Democrat"
107,77,"Republican"
107,78,"Republican"
107,79,"Republican"
107,80,"Democrat"
107,81,"Democrat"
107,82,"Republican"
107,83,"Democrat"
107,84,"Democrat"
107,85,"Republican"
107,86,"Republican"
107,87,"Republican"
107,88,"Republican"
107,89,"Republican"
107,90,"Republican"
107,91,"Republican"
107,92,"Democrat"
107,93,"Democrat"
107,94,"Republican"
107,95,"Republican"
107,96,"Democrat"
107,97,"Democrat"
107,98,"Democrat"
107,99,"Democrat"
107,100,"Democrat"
107,101,"Democrat"
107,102,"Republican"
107,103,"Republican"
108,1,"Republican"
108,2,"Republican"
108,3,"Republican"
108,4,"Republican"
108,5,"Republican"
108,6,"Republican"
108,7,"Republican"
108,8,"Democrat"
108,9,"Democrat"
108,10,"Democrat"
108,11,"Democrat"
108,12,"Republican"
108,13,"Republican"
108,14,"Democrat"
108,15,"Democrat"
108,16,"Democrat"
108,17,"Democrat"
108,18,"Democrat"
108,19,"Democrat"
108,20,"Republican"
108,21,"Democrat"
108,22,"Democrat"
108,23,"Democrat"
108,24,"Republican"
108,25,"Republican"
108,26,"Democrat"
108,27,"Republican"
108,28,"Democrat"
108,29,"Republican"
108,30,"Republican"
108,31,"Democrat"
108,32,"Republican"
108,33,"Republican"
108,34,"Republican"
108,35,"Republican"
108,36,"Democrat"
108,37,"Democrat"
108,38,"Republican"
108,39,"Republican"
108,40,"Democrat"
108,41,"Democrat"
108,42,"Democrat"
108,43,"Democrat"
108,44,"Democrat"
108,45,"Democrat"
108,46,"Democrat"
108,47,"Republican"
108,48,"Republican"
108,49,"Republican"
108,50,"Republican"
108,51,"Republican"
108,52,"Democrat"
108,53,"Republican"
108,54,"Republican"
108,55,"Democrat"
108,56,"Republican"
108,57,"Democrat"
108,58,"Republican"
108,59,"Republican"
108,60,"Democrat"
108,61,"Democrat"
108,62,"Democrat"
108,63,"Republican"
108,64,"Democrat"
108,65,"Democrat"
108,66,"Democrat"
108,67,"Republican"
108,68,"Democrat"
108,69,"Democrat"
108,70,"Republican"
108,71,"Republican"
108,72,"Republican"
108,73,"Republican"
108,74,"Republican"
108,75,"Democrat"
108,76,"Republican"
108,77,"Republican"
108,78,"Republican"
108,79,"Democrat"
108,80,"Democrat"
108,81,"Republican"
108,82,"Democrat"
108,83,"Democrat"
108,84,"Republican"
108,85,"Republican"
108,86,"Republican"
108,87,"Republican"
108,88,"Republican"
108,89,"Republican"
108,90,"Democrat"
108,91,"Democrat"
108,92,"Republican"
108,93,"Republican"
108,94,"Democrat"
108,95,"Democrat"
108,96,"Democrat"
108,97,"Democrat"
108,98,"Democrat"
108,99,"Democrat"
108,100,"Republican"
108,101,"Republican"
109,1,"Republican"
109,2,"Republican"
109,3,"Republican"
109,4,"Republican"
109,5,"Republican"
109,6,"Republican"
109,7,"Republican"
109,8,"Democrat"
109,9,"Democrat"
109,10,"Democrat"
109,11,"Democrat"
109,12,"Republican"
109,13,"Democrat"
109,14,"Democrat"
109,15,"Democrat"
109,16,"Democrat"
109,17,"Democrat"
109,18,"Republican"
109,19,"Democrat"
109,20,"Republican"
109,21,"Republican"
109,22,"Democrat"
109,23,"Democrat"
109,24,"Republican"
109,25,"Republican"
109,26,"Democrat"
109,27,"Democrat"
109,28,"Democrat"
109,29,"Republican"
109,30,"Republican"
109,31,"Democrat"
109,32,"Republican"
109,33,"Republican"
109,34,"Republican"
109,35,"Republican"
109,36,"Republican"
109,37,"Democrat"
109,38,"Republican"
109,39,"Republican"
109,40,"Democrat"
109,41,"Democrat"
109,42,"Democrat"
109,43,"Democrat"
109,44,"Democrat"
109,45,"Democrat"
109,46,"Democrat"
109,47,"Republican"
109,48,"Republican"
109,49,"Republican"
109,50,"Republican"
109,51,"Republican"
109,52,"Democrat"
109,53,"Republican"
109,54,"Republican"
109,55,"Democrat"
109,56,"Republican"
109,57,"Democrat"
109,58,"Republican"
109,59,"Republican"
109,60,"Democrat"
109,61,"Democrat"
109,62,"Democrat"
109,63,"Democrat"
109,64,"Republican"
109,65,"Democrat"
109,66,"Democrat"
109,67,"Republican"
109,68,"Republican"
109,69,"Democrat"
109,70,"Democrat"
109,71,"Republican"
109,72,"Republican"
109,73,"Republican"
109,74,"Republican"
109,75,"Republican"
109,76,"Democrat"
109,77,"Republican"
109,78,"Republican"
109,79,"Republican"
109,80,"Democrat"
109,81,"Republican"
109,82,"Republican"
109,83,"Republican"
109,84,"Democrat"
109,85,"Republican"
109,86,"Republican"
109,87,"Republican"
109,88,"Republican"
109,89,"Republican"
109,90,"Republican"
109,91,"Democrat"
109,92,"Democrat"
109,93,"Republican"
109,94,"Republican"
109,95,"Democrat"
109,96,"Democrat"
109,97,"Democrat"
109,98,"Democrat"
109,99,"Democrat"
109,100,"Democrat"
109,101,"Republican"
109,102,"Republican"
110,1,"Republican"
110,2,"Republican"
110,3,"Republican"
110,4,"Republican"
110,5,"Republican"
110,6,"Republican"
110,7,"Republican"
110,8,"Democrat"
110,9,"Democrat"
110,10,"Democrat"
110,11,"Democrat"
110,12,"Republican"
110,13,"Democrat"
110,14,"Democrat"
110,15,"Democrat"
110,16,"Democrat"
110,17,"Democrat"
110,18,"Republican"
110,19,"Democrat"
110,20,"Republican"
110,21,"Republican"
110,22,"Democrat"
110,23,"Democrat"
110,24,"Republican"
110,25,"Republican"
110,26,"Democrat"
110,27,"Democrat"
110,28,"Democrat"
110,29,"Republican"
110,30,"Republican"
110,31,"Democrat"
110,32,"Republican"
110,33,"Republican"
110,34,"Republican"
110,35,"Republican"
110,36,"Republican"
110,37,"Democrat"
110,38,"Republican"
110,39,"Republican"
110,40,"Democrat"
110,41,"Democrat"
110,42,"Democrat"
110,43,"Democrat"
110,44,"Democrat"
110,45,"Democrat"
110,46,"Democrat"
110,47,"Republican"
110,48,"Republican"
110,49,"Republican"
110,50,"Republican"
110,51,"Democrat"
110,52,"Republican"
110,53,"Democrat"
110,54,"Democrat"
110,55,"Republican"
110,56,"Democrat"
110,57,"Republican"
110,58,"Democrat"
110,59,"Republican"
110,60,"Republican"
110,61,"Democrat"
110,62,"Democrat"
110,63,"Democrat"
110,64,"Republican"
110,65,"Democrat"
110,66,"Democrat"
110,67,"Republican"
110,68,"Republican"
110,69,"Democrat"
110,70,"Democrat"
110,71,"Democrat"
110,72,"Republican"
110,73,"Republican"
110,74,"Republican"
110,75,"Republican"
110,76,"Democrat"
110,77,"Democrat"
110,78,"Republican"
110,79,"Democrat"
110,80,"Democrat"
110,81,"Republican"
110,82,"Republican"
110,83,"Republican"
110,84,"Democrat"
110,85,"Republican"
110,86,"Republican"
110,87,"Republican"
110,88,"Republican"
110,89,"Republican"
110,90,"Republican"
110,91,"Democrat"
110,92,"Democrat"
110,93,"Democrat"
110,94,"Republican"
110,95,"Democrat"
110,96,"Democrat"
110,97,"Democrat"
110,98,"Democrat"
110,99,"Democrat"
110,100,"Democrat"
110,101,"Republican"
110,102,"Republican"
110,103,"Republican"
111,1,"Democrat"
111,2,"Republican"
111,3,"Republican"
111,4,"Republican"
111,5,"Democrat"
111,6,"Republican"
111,7,"Republican"
111,8,"Democrat"
111,9,"Democrat"
111,10,"Democrat"
111,11,"Democrat"
111,12,"Democrat"
111,13,"Democrat"
111,14,"Democrat"
111,15,"Democrat"
111,16,"Democrat"
111,17,"Democrat"
111,18,"Democrat"
111,19,"Democrat"
111,20,"Democrat"
111,21,"Republican"
111,22,"Republican"
111,23,"Democrat"
111,24,"Republican"
111,25,"Republican"
111,26,"Democrat"
111,27,"Democrat"
111,28,"Republican"
111,29,"Republican"
111,30,"Democrat"
111,31,"Democrat"
111,32,"Republican"
111,33,"Democrat"
111,34,"Republican"
111,35,"Republican"
111,36,"Democrat"
111,37,"Republican"
111,38,"Republican"
111,39,"Republican"
111,40,"Republican"
111,41,"Republican"
111,42,"Democrat"
111,43,"Republican"
111,44,"Republican"
111,45,"Democrat"
111,46,"Democrat"
111,47,"Democrat"
111,48,"Democrat"
111,49,"Republican"
111,50,"Democrat"
111,51,"Democrat"
111,52,"Democrat"
111,53,"Democrat"
111,54,"Democrat"
111,55,"Republican"
111,56,"Republican"
111,57,"Democrat"
111,58,"Republican"
111,59,"Democrat"
111,60,"Democrat"
111,61,"Republican"
111,62,"Democrat"
111,63,"Republican"
111,64,"Democrat"
111,65,"Republican"
111,66,"Democrat"
111,67,"Democrat"
111,68,"Democrat"
111,69,"Democrat"
111,70,"Democrat"
111,71,"Democrat"
111,72,"Democrat"
111,73,"Democrat"
111,74,"Republican"
111,75,"Democrat"
111,76,"Democrat"
111,77,"Democrat"
111,78,"Democrat"
111,79,"Republican"
111,80,"Republican"
111,81,"Republican"
111,82,"Democrat"
111,83,"Democrat"
111,84,"Democrat"
111,85,"Republican"
111,86,"Democrat"
111,87,"Democrat"
111,88,"Democrat"
111,89,"Republican"
111,90,"Republican"
111,91,"Republican"
111,92,"Democrat"
111,93,"Republican"
111,94,"Republican"
111,95,"Republican"
111,96,"Republican"
111,97,"Republican"
111,98,"Republican"
111,99,"Democrat"
111,100,"Democrat"
111,101,"Democrat"
111,102,"Democrat"
111,103,"Democrat"
111,104,"Democrat"
111,105,"Democrat"
111,106,"Democrat"
111,107,"Democrat"
111,108,"Democrat"
111,109,"Democrat"
111,110,"Democrat"
111,111,"Republican"
111,112,"Republican"
112,1,"Democrat"
112,2,"Republican"
112,3,"Republican"
112,4,"Republican"
112,5,"Democrat"
112,6,"Republican"
112,7,"Republican"
112,8,"Democrat"
112,9,"Republican"
112,10,"Democrat"
112,11,"Democrat"
112,12,"Democrat"
112,13,"Democrat"
112,14,"Democrat"
112,15,"Democrat"
112,16,"Democrat"
112,17,"Democrat"
112,18,"Republican"
112,19,"Democrat"
112,20,"Republican"
112,21,"Republican"
112,22,"Democrat"
112,23,"Democrat"
112,24,"Democrat"
112,25,"Republican"
112,26,"Republican"
112,27,"Democrat"
112,28,"Republican"
112,29,"Republican"
112,30,"Republican"
112,31,"Republican"
112,32,"Democrat"
112,33,"Republican"
112,34,"Republican"
112,35,"Republican"
112,36,"Republican"
112,37,"Republican"
112,38,"Democrat"
112,39,"Republican"
112,40,"Republican"
112,41,"Democrat"
112,42,"Democrat"
112,43,"Republican"
112,44,"Democrat"
112,45,"Democrat"
112,46,"Democrat"
112,47,"Democrat"
112,48,"Democrat"
112,49,"Republican"
112,50,"Republican"
112,51,"Democrat"
112,52,"Republican"
112,53,"Democrat"
112,54,"Democrat"
112,55,"Republican"
112,56,"Democrat"
112,57,"Republican"
112,58,"Republican"
112,59,"Democrat"
112,60,"Republican"
112,61,"Democrat"
112,62,"Democrat"
112,63,"Democrat"
112,64,"Democrat"
112,65,"Democrat"
112,66,"Democrat"
112,67,"Democrat"
112,68,"Republican"
112,69,"Democrat"
112,70,"Democrat"
112,71,"Republican"
112,72,"Democrat"
112,73,"Republican"
112,74,"Republican"
112,75,"Republican"
112,76,"Democrat"
112,77,"Democrat"
112,78,"Democrat"
112,79,"Republican"
112,80,"Democrat"
112,81,"Democrat"
112,82,"Republican"
112,83,"Republican"
112,84,"Republican"
112,85,"Democrat"
112,86,"Republican"
112,87,"Republican"
112,88,"Republican"
112,89,"Republican"
112,90,"Republican"
112,91,"Republican"
112,92,"Democrat"
112,93,"Democrat"
112,94,"Democrat"
112,95,"Democrat"
112,96,"Democrat"
112,97,"Democrat"
112,98,"Democrat"
112,99,"Democrat"
112,100,"Republican"
112,101,"Democrat"
112,102,"Republican"
112,103,"Republican"
113,1,"Democrat"
113,2,"Republican"
113,3,"Republican"
113,4,"Republican"
113,5,"Democrat"
113,6,"Republican"
113,7,"Republican"
113,8,"Democrat"
113,9,"Republican"
113,10,"Democrat"
113,11,"Democrat"
113,12,"Democrat"
113,13,"Democrat"
113,14,"Democrat"
113,15,"Democrat"
113,16,"Democrat"
113,17,"Democrat"
113,18,"Republican"
113,19,"Democrat"
113,20,"Republican"
113,21,"Republican"
113,22,"Democrat"
113,23,"Democrat"
113,24,"Republican"
113,25,"Republican"
113,26,"Democrat"
113,27,"Republican"
113,28,"Republican"
113,29,"Democrat"
113,30,"Republican"
113,31,"Democrat"
113,32,"Republican"
113,33,"Republican"
113,34,"Republican"
113,35,"Republican"
113,36,"Republican"
113,37,"Democrat"
113,38,"Republican"
113,39,"Democrat"
113,40,"Democrat"
113,41,"Democrat"
113,42,"Democrat"
113,43,"Democrat"
113,44,"Democrat"
113,45,"Democrat"
113,46,"Democrat"
113,47,"Democrat"
113,48,"Democrat"
113,49,"Democrat"
113,50,"Republican"
113,51,"Republican"
113,52,"Democrat"
113,53,"Republican"
113,54,"Democrat"
113,55,"Democrat"
113,56,"Democrat"
113,57,"Republican"
113,58,"Republican"
113,59,"Republican"
113,60,"Democrat"
113,61,"Republican"
113,62,"Democrat"
113,63,"Democrat"
113,64,"Democrat"
113,65,"Republican"
113,66,"Democrat"
113,67,"Democrat"
113,68,"Democrat"
113,69,"Democrat"
113,70,"Democrat"
113,71,"Republican"
113,72,"Democrat"
113,73,"Democrat"
113,74,"Republican"
113,75,"Democrat"
113,76,"Republican"
113,77,"Republican"
113,78,"Republican"
113,79,"Democrat"
113,80,"Democrat"
113,81,"Democrat"
113,82,"Republican"
113,83,"Democrat"
113,84,"Democrat"
113,85,"Republican"
113,86,"Republican"
113,87,"Republican"
113,88,"Democrat"
113,89,"Republican"
113,90,"Republican"
113,91,"Republican"
113,92,"Republican"
113,93,"Republican"
113,94,"Republican"
113,95,"Democrat"
113,96,"Democrat"
113,97,"Democrat"
113,98,"Democrat"
113,99,"Democrat"
113,100,"Democrat"
113,101,"Democrat"
113,102,"Democrat"
113,103,"Republican"
113,104,"Democrat"
113,105,"Republican"
113,106,"Republican"
