40,3,4
40,4,13
40,4,26
40,5,43
40,8,9
40,8,11
40,8,17
40,8,31
40,8,56
40,8,68
40,9,11
40,9,17
40,9,23
40,9,24
40,9,29
40,9,30
40,9,36
40,9,56
40,9,63
40,9,68
40,11,17
40,11,23
40,11,24
40,11,29
40,11,30
40,11,31
40,11,36
40,11,56
40,11,63
40,11,68
40,12,13
40,13,26
40,16,26
40,17,23
40,17,29
40,17,30
40,17,36
40,17,56
40,17,63
40,17,68
40,23,24
40,23,29
40,23,30
40,23,31
40,23,56
40,23,63
40,23,68
40,24,29
40,24,31
40,24,36
40,24,56
40,24,63
40,29,30
40,29,31
40,29,36
40,29,56
40,29,68
40,30,36
40,30,63
40,30,66
40,30,68
40,34,35
40,36,56
40,36,68
40,40,42
40,40,53
40,50,61
40,56,63
40,56,68
40,63,68
41,1,45
41,3,4
41,6,9
41,6,10
41,6,13
41,6,24
41,6,25
41,6,31
41,6,32
41,6,38
41,6,53
41,6,59
41,6,75
41,9,10
41,9,13
41,9,24
41,9,25
41,9,31
41,9,32
41,9,38
41,9,53
41,9,59
41,9,75
41,10,13
41,10,25
41,10,31
41,10,32
41,10,38
41,10,53
41,10,59
41,10,75
41,11,39
41,12,42
41,13,14
41,13,24
41,13,25
41,13,31
41,13,59
41,13,75
41,15,45
41,19,45
41,24,25
41,24,31
41,24,32
41,24,59
41,24,75
41,25,31
41,25,32
41,25,53
41,25,59
41,25,75
41,28,45
41,31,32
41,31,38
41,31,53
41,31,59
41,31,75
41,32,38
41,32,53
41,32,59
41,32,75
41,35,36
41,36,39
41,36,45
41,37,45
41,38,53
41,38,59
41,39,48
41,39,55
41,39,61
41,42,45
41,42,71
41,42,76
41,45,52
41,45,60
41,45,63
41,45,68
41,45,71
41,45,73
41,45,76
41,46,59
41,46,75
41,49,50
41,50,54
41,53,59
41,53,75
41,57,58
41,59,75
42,2,6
42,2,9
42,2,10
42,2,13
42,2,23
42,2,24
42,2,25
42,2,30
42,2,31
42,2,40
42,2,41
42,2,48
42,2,53
42,2,55
42,2,57
42,2,65
42,2,71
42,2,72
42,4,64
42,6,9
42,6,10
42,6,13
42,6,23
42,6,24
42,6,31
42,6,41
42,6,48
42,6,53
42,6,55
42,6,57
42,6,65
42,6,71
42,6,72
42,7,24
42,8,47
42,8,49
42,8,60
42,8,69
42,9,10
42,9,13
42,9,23
42,9,24
42,9,25
42,9,30
42,9,31
42,9,40
42,9,41
42,9,48
42,9,53
42,9,55
42,9,57
42,9,65
42,9,71
42,9,72
42,10,13
42,10,23
42,10,24
42,10,25
42,10,30
42,10,31
42,10,40
42,10,41
42,10,48
42,10,53
42,10,55
42,10,57
42,10,65
42,10,71
42,10,72
42,12,21
42,12,64
42,12,67
42,13,23
42,13,24
42,13,25
42,13,30
42,13,31
42,13,41
42,13,53
42,13,55
42,13,57
42,13,65
42,13,71
42,13,72
42,14,53
42,15,24
42,15,40
42,21,44
42,21,45
42,22,58
42,23,24
42,23,25
42,23,30
42,23,31
42,23,41
42,23,48
42,23,53
42,23,55
42,23,57
42,23,65
42,23,71
42,23,72
42,24,31
42,24,41
42,24,48
42,24,55
42,24,57
42,24,65
42,24,71
42,25,30
42,25,31
42,25,43
42,25,65
42,25,72
42,30,31
42,30,53
42,30,55
42,30,65
42,30,71
42,30,72
42,31,41
42,31,55
42,31,57
42,31,65
42,31,71
42,31,72
42,34,35
42,34,36
42,35,50
42,39,68
42,40,41
42,40,55
42,40,71
42,40,72
42,41,48
42,41,53
42,41,55
42,41,57
42,41,65
42,41,71
42,41,72
42,44,45
42,44,64
42,47,64
42,47,69
42,48,53
42,48,55
42,48,57
42,48,65
42,48,71
42,49,58
42,49,59
42,49,60
42,50,60
42,52,67
42,53,55
42,53,57
42,53,65
42,53,71
42,53,72
42,55,57
42,55,65
42,55,71
42,55,72
42,57,65
42,57,71
42,57,72
42,58,64
42,60,68
42,60,69
42,64,67
42,65,71
42,65,72
42,68,69
42,71,72
42,74,75
43,1,10
43,1,15
43,1,16
43,1,27
43,1,28
43,1,32
43,1,44
43,1,56
43,1,57
43,1,75
43,2,4
43,2,14
43,2,17
43,2,20
43,2,26
43,2,29
43,2,42
43,2,43
43,2,61
43,2,62
43,2,67
43,3,4
43,3,24
43,3,26
43,3,40
43,3,43
43,3,47
43,3,67
43,4,14
43,4,17
43,4,20
43,4,24
43,4,26
43,4,29
43,4,37
43,4,40
43,4,43
43,4,61
43,4,67
43,5,30
43,5,42
43,6,11
43,6,12
43,6,15
43,6,16
43,6,28
43,6,32
43,6,44
43,6,45
43,6,52
43,6,56
43,6,57
43,6,58
43,6,60
43,6,68
43,6,76
43,7,10
43,7,33
43,7,52
43,9,24
43,9,25
43,9,30
43,9,31
43,9,34
43,9,42
43,9,51
43,9,53
43,9,55
43,9,65
43,9,73
43,10,11
43,10,12
43,10,15
43,10,16
43,10,27
43,10,28
43,10,32
43,10,33
43,10,46
43,10,52
43,10,54
43,10,56
43,10,57
43,10,58
43,10,60
43,10,64
43,10,68
43,10,75
43,11,12
43,11,27
43,11,28
43,11,33
43,11,52
43,11,57
43,11,58
43,11,60
43,11,68
43,11,76
43,12,28
43,12,33
43,12,52
43,12,58
43,12,60
43,12,68
43,12,76
43,14,24
43,14,43
43,14,67
43,15,16
43,15,27
43,15,28
43,15,32
43,15,44
43,15,56
43,15,57
43,15,75
43,16,27
43,16,28
43,16,32
43,16,44
43,16,56
43,16,57
43,16,68
43,16,75
43,16,76
43,17,18
43,17,20
43,17,22
43,17,23
43,17,24
43,17,26
43,17,29
43,17,37
43,17,42
43,17,43
43,17,47
43,17,61
43,17,67
43,17,78
43,18,20
43,18,24
43,18,26
43,18,37
43,19,20
43,19,24
43,20,24
43,20,26
43,20,29
43,20,37
43,20,39
43,20,40
43,20,42
43,20,43
43,20,61
43,21,24
43,21,37
43,21,42
43,23,24
43,24,31
43,24,37
43,24,38
43,24,40
43,24,49
43,24,50
43,24,55
43,24,61
43,24,71
43,25,31
43,25,34
43,25,42
43,25,63
43,25,73
43,25,78
43,25,79
43,26,29
43,26,37
43,26,43
43,26,61
43,26,62
43,26,67
43,26,78
43,27,28
43,27,56
43,27,57
43,27,75
43,28,32
43,28,33
43,28,52
43,28,56
43,28,57
43,28,58
43,28,60
43,28,68
43,28,76
43,29,37
43,29,39
43,29,43
43,29,61
43,30,31
43,30,34
43,30,38
43,30,42
43,30,53
43,30,55
43,30,65
43,30,73
43,31,34
43,31,38
43,31,42
43,31,51
43,31,53
43,31,55
43,31,65
43,31,73
43,32,44
43,32,56
43,32,57
43,32,68
43,32,74
43,32,75
43,33,52
43,33,68
43,34,36
43,34,38
43,34,42
43,34,53
43,34,55
43,34,65
43,34,73
43,35,48
43,36,73
43,37,39
43,37,42
43,37,61
43,37,78
43,38,42
43,38,51
43,38,53
43,38,55
43,38,65
43,38,73
43,39,40
43,40,62
43,40,77
43,42,51
43,42,55
43,42,59
43,42,61
43,42,69
43,42,72
43,42,73
43,42,78
43,42,79
43,43,61
43,43,62
43,43,67
43,43,69
43,44,57
43,44,75
43,45,54
43,45,58
43,48,49
43,51,73
43,52,57
43,52,58
43,52,60
43,52,68
43,52,76
43,53,55
43,53,65
43,53,72
43,53,73
43,55,73
43,55,79
43,56,57
43,56,75
43,57,68
43,57,75
43,57,76
43,58,76
43,60,68
43,60,76
43,61,67
43,62,67
43,64,69
43,65,72
43,65,73
43,68,76
43,72,73
43,74,75
44,1,9
44,1,12
44,1,13
44,1,14
44,1,17
44,1,18
44,1,27
44,1,28
44,1,33
44,1,34
44,1,44
44,1,57
44,1,59
44,1,67
44,1,68
44,1,76
44,1,77
44,1,78
44,1,79
44,2,3
44,2,4
44,2,7
44,2,8
44,2,15
44,2,20
44,2,22
44,2,24
44,2,25
44,2,29
44,2,31
44,2,32
44,2,36
44,2,38
44,2,39
44,2,40
44,2,41
44,2,45
44,2,47
44,2,50
44,2,52
44,2,60
44,2,65
44,3,4
44,3,15
44,3,19
44,3,20
44,3,22
44,3,26
44,3,29
44,3,32
44,3,41
44,3,45
44,3,60
44,3,65
44,4,7
44,4,8
44,4,15
44,4,20
44,4,22
44,4,24
44,4,25
44,4,29
44,4,30
44,4,32
44,4,36
44,4,38
44,4,39
44,4,40
44,4,41
44,4,45
44,4,47
44,4,48
44,4,50
44,4,60
44,4,65
44,4,82
44,5,58
44,5,63
44,7,8
44,7,19
44,7,20
44,7,22
44,7,24
44,7,25
44,7,26
44,7,29
44,7,30
44,7,32
44,7,35
44,7,36
44,7,37
44,7,38
44,7,39
44,7,40
44,7,45
44,7,47
44,7,50
44,7,52
44,7,54
44,7,60
44,7,61
44,7,64
44,7,82
44,8,19
44,8,20
44,8,22
44,8,24
44,8,25
44,8,26
44,8,29
44,8,30
44,8,35
44,8,36
44,8,37
44,8,39
44,8,41
44,8,47
44,8,50
44,8,52
44,8,54
44,8,60
44,8,61
44,8,63
44,8,65
44,8,82
44,9,11
44,9,12
44,9,68
44,9,80
44,11,13
44,11,16
44,11,17
44,11,28
44,11,51
44,11,53
44,11,76
44,11,78
44,12,13
44,12,17
44,12,18
44,12,21
44,12,28
44,12,34
44,12,56
44,12,57
44,12,59
44,12,76
44,13,14
44,13,16
44,13,17
44,13,18
44,13,21
44,13,28
44,13,33
44,13,34
44,13,43
44,13,51
44,13,53
44,13,55
44,13,57
44,13,59
44,13,62
44,13,67
44,13,68
44,13,70
44,13,72
44,13,75
44,13,76
44,13,77
44,13,78
44,13,79
44,13,80
44,14,17
44,14,18
44,14,21
44,14,27
44,14,28
44,14,33
44,14,43
44,14,51
44,14,53
44,14,55
44,14,56
44,14,57
44,14,62
44,14,67
44,14,68
44,14,70
44,14,75
44,14,76
44,14,77
44,14,79
44,14,80
44,15,20
44,15,22
44,15,29
44,15,38
44,15,39
44,15,40
44,15,41
44,15,45
44,15,47
44,15,48
44,15,50
44,15,60
44,15,63
44,15,65
44,16,17
44,16,18
44,16,34
44,16,51
44,16,55
44,16,59
44,16,68
44,16,70
44,16,76
44,16,78
44,16,79
44,16,80
44,17,18
44,17,21
44,17,28
44,17,34
44,17,43
44,17,44
44,17,51
44,17,55
44,17,57
44,17,59
44,17,62
44,17,68
44,17,72
44,17,75
44,17,76
44,17,77
44,17,78
44,17,79
44,17,80
44,18,28
44,18,33
44,18,34
44,18,51
44,18,55
44,18,57
44,18,59
44,18,67
44,18,68
44,18,76
44,18,77
44,18,78
44,18,80
44,19,20
44,19,22
44,19,23
44,19,32
44,19,40
44,19,48
44,19,81
44,20,22
44,20,24
44,20,25
44,20,29
44,20,30
44,20,32
44,20,36
44,20,38
44,20,40
44,20,41
44,20,47
44,20,48
44,20,50
44,20,54
44,20,65
44,21,27
44,21,28
44,21,44
44,21,51
44,21,53
44,21,55
44,21,57
44,21,59
44,21,62
44,21,68
44,21,70
44,21,76
44,21,78
44,21,79
44,21,80
44,22,24
44,22,26
44,22,29
44,22,30
44,22,32
44,22,38
44,22,40
44,22,41
44,22,45
44,22,50
44,22,54
44,22,60
44,22,61
44,22,64
44,22,65
44,22,81
44,23,40
44,23,64
44,24,29
44,24,30
44,24,31
44,24,36
44,24,38
44,24,39
44,24,40
44,24,47
44,24,50
44,24,52
44,24,54
44,24,63
44,24,65
44,24,81
44,24,82
44,25,26
44,25,40
44,25,41
44,25,45
44,25,47
44,25,60
44,27,28
44,27,33
44,27,44
44,27,57
44,27,62
44,27,68
44,27,70
44,27,76
44,27,79
44,27,80
44,28,33
44,28,43
44,28,44
44,28,51
44,28,53
44,28,55
44,28,56
44,28,57
44,28,59
44,28,62
44,28,67
44,28,68
44,28,70
44,28,76
44,28,77
44,28,78
44,28,79
44,28,80
44,29,30
44,29,31
44,29,32
44,29,38
44,29,39
44,29,40
44,29,41
44,29,45
44,29,47
44,29,50
44,29,54
44,29,60
44,29,64
44,29,65
44,29,81
44,29,82
44,30,31
44,30,32
44,30,36
44,30,38
44,30,39
44,30,41
44,30,48
44,30,50
44,30,52
44,30,54
44,30,61
44,30,63
44,30,82
44,31,35
44,31,36
44,31,38
44,31,39
44,31,50
44,31,52
44,31,54
44,31,63
44,31,73
44,31,81
44,31,82
44,32,36
44,32,38
44,32,39
44,32,45
44,32,46
44,32,47
44,32,48
44,32,50
44,32,52
44,32,54
44,32,60
44,32,61
44,32,63
44,32,64
44,32,65
44,32,82
44,33,43
44,33,44
44,33,51
44,33,53
44,33,56
44,33,57
44,33,62
44,33,68
44,33,70
44,33,75
44,33,76
44,33,77
44,33,78
44,33,79
44,33,80
44,34,43
44,34,51
44,34,55
44,34,59
44,34,68
44,34,72
44,34,76
44,34,77
44,34,78
44,34,79
44,34,80
44,36,38
44,36,40
44,36,41
44,36,47
44,36,48
44,36,50
44,36,52
44,36,54
44,36,63
44,36,81
44,36,82
44,37,38
44,37,40
44,37,47
44,37,50
44,37,52
44,37,64
44,37,81
44,38,39
44,38,40
44,38,41
44,38,47
44,38,48
44,38,50
44,38,52
44,38,60
44,38,65
44,38,81
44,39,40
44,39,41
44,39,45
44,39,47
44,39,50
44,39,52
44,39,54
44,39,63
44,39,65
44,39,81
44,40,41
44,40,47
44,40,48
44,40,50
44,40,52
44,40,54
44,40,63
44,40,64
44,40,81
44,41,45
44,41,47
44,41,50
44,41,52
44,41,60
44,41,61
44,41,65
44,41,81
44,42,66
44,43,44
44,43,51
44,43,57
44,43,59
44,43,67
44,43,68
44,43,76
44,43,77
44,43,78
44,43,79
44,43,80
44,44,56
44,44,57
44,44,59
44,44,62
44,44,68
44,44,70
44,44,72
44,44,75
44,44,76
44,44,78
44,44,79
44,44,80
44,45,65
44,47,48
44,47,50
44,47,52
44,47,54
44,47,64
44,47,65
44,47,81
44,48,50
44,48,54
44,48,60
44,49,64
44,50,52
44,50,54
44,50,63
44,50,65
44,50,81
44,50,82
44,51,53
44,51,55
44,51,57
44,51,62
44,51,67
44,51,68
44,51,70
44,51,72
44,51,76
44,51,77
44,51,78
44,51,79
44,51,80
44,52,54
44,52,63
44,52,64
44,52,81
44,52,82
44,53,55
44,53,57
44,53,62
44,53,68
44,53,76
44,53,77
44,53,79
44,54,63
44,54,81
44,54,82
44,55,57
44,55,59
44,55,67
44,55,68
44,55,70
44,55,76
44,55,77
44,55,78
44,55,79
44,55,80
44,56,57
44,56,68
44,56,70
44,56,76
44,56,79
44,56,80
44,57,59
44,57,62
44,57,68
44,57,70
44,57,75
44,57,76
44,57,77
44,57,78
44,57,79
44,57,80
44,59,62
44,59,68
44,59,72
44,59,75
44,59,76
44,59,77
44,59,78
44,59,79
44,59,80
44,61,65
44,62,68
44,62,76
44,62,77
44,62,78
44,62,79
44,62,80
44,63,64
44,63,73
44,63,74
44,63,81
44,63,82
44,64,81
44,65,81
44,67,68
44,67,76
44,67,77
44,67,78
44,67,79
44,67,80
44,68,72
44,68,75
44,68,77
44,68,78
44,70,72
44,70,76
44,70,77
44,70,80
44,72,76
44,72,78
44,72,79
44,72,80
44,73,74
44,75,76
44,75,77
44,75,78
44,75,79
44,75,80
44,76,77
44,76,78
44,76,79
44,76,80
44,77,78
44,77,79
44,77,80
45,1,4
45,2,16
45,2,19
45,2,20
45,2,21
45,2,27
45,2,33
45,2,59
45,2,62
45,2,64
45,2,71
45,2,72
45,2,73
45,2,77
45,2,78
45,2,79
45,3,13
45,3,16
45,3,21
45,3,27
45,3,33
45,3,42
45,3,43
45,3,44
45,3,46
45,3,64
45,3,71
45,3,73
45,3,74
45,3,77
45,3,78
45,4,7
45,4,20
45,4,22
45,4,41
45,4,47
45,4,48
45,4,49
45,4,66
45,5,49
45,6,20
45,6,38
45,7,8
45,7,22
45,7,23
45,7,25
45,7,38
45,7,41
45,7,47
45,7,48
45,7,49
45,7,60
45,7,81
45,8,17
45,8,20
45,8,23
45,8,38
45,8,60
45,8,65
45,9,10
45,9,44
45,10,44
45,11,12
45,11,27
45,11,44
45,11,53
45,11,59
45,11,72
45,11,80
45,12,32
45,12,42
45,12,44
45,12,53
45,12,54
45,12,55
45,13,16
45,13,27
45,13,33
45,13,42
45,13,43
45,13,45
45,13,46
45,13,58
45,13,59
45,13,62
45,13,64
45,13,71
45,13,72
45,13,77
45,13,78
45,13,79
45,13,80
45,14,20
45,15,33
45,15,42
45,15,46
45,15,78
45,16,21
45,16,27
45,16,29
45,16,33
45,16,42
45,16,43
45,16,46
45,16,58
45,16,59
45,16,62
45,16,64
45,16,71
45,16,72
45,16,73
45,16,74
45,16,77
45,16,78
45,16,79
45,16,80
45,17,20
45,17,39
45,17,49
45,17,60
45,17,65
45,17,81
45,19,21
45,19,27
45,19,33
45,19,43
45,19,59
45,19,64
45,19,79
45,19,80
45,20,22
45,20,23
45,20,24
45,20,25
45,20,30
45,20,31
45,20,34
45,20,35
45,20,39
45,20,40
45,20,41
45,20,47
45,20,48
45,20,50
45,20,51
45,20,60
45,20,63
45,20,65
45,20,67
45,20,70
45,20,81
45,21,27
45,21,33
45,21,43
45,21,59
45,21,64
45,21,71
45,21,72
45,21,79
45,22,23
45,22,38
45,22,39
45,22,40
45,22,50
45,22,60
45,22,61
45,22,65
45,23,31
45,23,38
45,23,39
45,23,40
45,23,48
45,23,60
45,23,65
45,23,81
45,24,38
45,24,60
45,24,65
45,25,41
45,25,49
45,25,66
45,26,27
45,26,33
45,26,43
45,26,59
45,26,64
45,26,71
45,26,72
45,26,73
45,26,78
45,26,79
45,27,33
45,27,43
45,27,57
45,27,58
45,27,59
45,27,62
45,27,64
45,27,71
45,27,72
45,27,73
45,27,74
45,27,77
45,27,78
45,27,79
45,27,80
45,28,41
45,28,47
45,28,70
45,29,33
45,29,43
45,29,45
45,29,46
45,29,58
45,29,59
45,29,62
45,29,64
45,29,73
45,29,74
45,29,77
45,29,78
45,29,79
45,30,31
45,30,34
45,30,35
45,30,38
45,30,51
45,30,56
45,30,67
45,30,75
45,31,34
45,31,38
45,31,56
45,31,60
45,31,63
45,31,65
45,32,53
45,32,54
45,32,55
45,33,42
45,33,43
45,33,45
45,33,46
45,33,57
45,33,58
45,33,59
45,33,62
45,33,64
45,33,71
45,33,72
45,33,73
45,33,78
45,33,79
45,33,80
45,34,35
45,34,37
45,34,51
45,34,52
45,34,56
45,34,67
45,34,68
45,34,76
45,35,37
45,35,38
45,35,51
45,35,52
45,35,56
45,35,67
45,35,68
45,35,75
45,35,76
45,36,39
45,36,48
45,37,52
45,37,67
45,37,68
45,37,75
45,37,76
45,38,39
45,38,40
45,38,48
45,38,50
45,38,51
45,38,67
45,38,76
45,38,81
45,38,82
45,39,40
45,39,48
45,39,60
45,39,65
45,39,81
45,39,82
45,41,49
45,41,50
45,41,60
45,41,65
45,41,66
45,42,46
45,42,53
45,42,54
45,42,58
45,42,69
45,43,45
45,43,46
45,43,57
45,43,59
45,43,64
45,43,71
45,43,72
45,43,73
45,43,74
45,43,77
45,43,78
45,43,79
45,43,80
45,44,53
45,44,59
45,44,73
45,44,74
45,44,77
45,45,57
45,45,58
45,45,62
45,45,73
45,45,78
45,45,80
45,46,59
45,46,64
45,46,69
45,46,73
45,46,74
45,46,77
45,47,48
45,48,60
45,48,81
45,48,82
45,49,50
45,50,60
45,50,63
45,50,70
45,51,52
45,51,56
45,51,60
45,51,65
45,51,67
45,51,76
45,52,67
45,52,75
45,52,76
45,53,54
45,53,55
45,54,55
45,56,67
45,56,76
45,57,58
45,57,59
45,57,72
45,57,78
45,57,79
45,57,80
45,58,59
45,58,62
45,58,77
45,58,79
45,58,80
45,59,62
45,59,64
45,59,71
45,59,72
45,59,73
45,59,77
45,59,78
45,59,79
45,59,80
45,60,63
45,60,81
45,62,65
45,62,72
45,62,73
45,62,77
45,62,79
45,62,80
45,63,65
45,64,71
45,64,72
45,64,73
45,64,74
45,64,77
45,64,78
45,64,79
45,64,80
45,65,70
45,67,68
45,67,75
45,67,76
45,71,72
45,71,73
45,71,74
45,71,77
45,71,78
45,71,79
45,71,80
45,72,73
45,72,77
45,72,78
45,72,79
45,72,80
45,73,74
45,73,77
45,73,78
45,73,79
45,73,80
45,74,77
45,74,78
45,74,79
45,74,80
45,75,76
45,77,78
45,77,79
45,77,80
45,78,79
45,78,80
45,79,80
45,81,82
46,1,2
46,1,3
46,1,4
46,1,5
46,1,6
46,1,13
46,1,14
46,1,15
46,1,16
46,1,17
46,1,18
46,1,28
46,1,30
46,1,43
46,1,45
46,1,46
46,1,54
46,1,56
46,1,58
46,1,59
46,1,60
46,1,61
46,1,62
46,1,63
46,1,65
46,1,70
46,1,71
46,1,72
46,1,73
46,1,76
46,1,77
46,1,78
46,1,79
46,2,5
46,2,6
46,2,7
46,2,12
46,2,13
46,2,14
46,2,15
46,2,16
46,2,17
46,2,22
46,2,28
46,2,29
46,2,30
46,2,34
46,2,35
46,2,43
46,2,45
46,2,46
46,2,54
46,2,55
46,2,56
46,2,58
46,2,59
46,2,60
46,2,61
46,2,62
46,2,63
46,2,65
46,2,69
46,2,70
46,2,71
46,2,72
46,2,73
46,2,76
46,2,77
46,2,78
46,2,79
46,3,5
46,3,6
46,3,14
46,3,15
46,3,16
46,3,17
46,3,18
46,3,28
46,3,29
46,3,30
46,3,35
46,3,43
46,3,54
46,3,58
46,3,59
46,3,60
46,3,61
46,3,62
46,3,68
46,3,69
46,3,70
46,3,72
46,3,73
46,3,76
46,3,77
46,3,79
46,4,5
46,4,7
46,4,13
46,4,30
46,4,43
46,4,46
46,4,59
46,4,62
46,4,63
46,4,72
46,4,73
46,5,6
46,5,7
46,5,13
46,5,14
46,5,15
46,5,16
46,5,17
46,5,18
46,5,22
46,5,23
46,5,28
46,5,29
46,5,30
46,5,34
46,5,43
46,5,45
46,5,46
46,5,54
46,5,58
46,5,59
46,5,60
46,5,61
46,5,62
46,5,63
46,5,68
46,5,69
46,5,70
46,5,71
46,5,72
46,5,73
46,5,76
46,5,77
46,5,78
46,5,79
46,6,7
46,6,15
46,6,16
46,6,17
46,6,18
46,6,22
46,6,23
46,6,28
46,6,29
46,6,30
46,6,34
46,6,43
46,6,45
46,6,46
46,6,54
46,6,58
46,6,59
46,6,60
46,6,61
46,6,62
46,6,63
46,6,68
46,6,69
46,6,70
46,6,71
46,6,72
46,6,73
46,6,76
46,6,79
46,7,13
46,7,14
46,7,15
46,7,16
46,7,17
46,7,18
46,7,28
46,7,30
46,7,43
46,7,45
46,7,46
46,7,54
46,7,56
46,7,58
46,7,59
46,7,61
46,7,62
46,7,63
46,7,65
46,7,68
46,7,69
46,7,70
46,7,72
46,7,73
46,7,76
46,7,77
46,7,78
46,7,79
46,8,10
46,8,25
46,8,33
46,8,39
46,8,41
46,8,44
46,8,52
46,8,57
46,8,66
46,9,10
46,9,21
46,9,24
46,9,26
46,9,33
46,9,36
46,9,39
46,9,47
46,9,48
46,9,49
46,9,52
46,9,57
46,9,80
46,9,81
46,10,11
46,10,21
46,10,24
46,10,25
46,10,31
46,10,32
46,10,33
46,10,36
46,10,37
46,10,38
46,10,39
46,10,40
46,10,41
46,10,42
46,10,44
46,10,47
46,10,48
46,10,49
46,10,50
46,10,51
46,10,52
46,10,53
46,10,57
46,10,64
46,10,66
46,10,67
46,10,74
46,10,75
46,10,80
46,10,81
46,11,21
46,11,24
46,11,25
46,11,31
46,11,32
46,11,33
46,11,36
46,11,37
46,11,38
46,11,39
46,11,40
46,11,41
46,11,42
46,11,44
46,11,48
46,11,51
46,11,52
46,11,53
46,11,57
46,11,64
46,11,66
46,11,67
46,11,74
46,11,80
46,11,81
46,12,13
46,12,54
46,12,56
46,12,63
46,12,65
46,12,78
46,13,14
46,13,15
46,13,16
46,13,17
46,13,18
46,13,22
46,13,28
46,13,30
46,13,34
46,13,43
46,13,45
46,13,46
46,13,54
46,13,56
46,13,58
46,13,59
46,13,60
46,13,61
46,13,62
46,13,63
46,13,65
46,13,70
46,13,71
46,13,72
46,13,76
46,13,77
46,13,78
46,13,79
46,14,15
46,14,16
46,14,17
46,14,18
46,14,28
46,14,34
46,14,35
46,14,43
46,14,54
46,14,55
46,14,56
46,14,58
46,14,59
46,14,60
46,14,62
46,14,63
46,14,65
46,14,68
46,14,69
46,14,70
46,14,76
46,14,77
46,14,78
46,14,79
46,15,16
46,15,17
46,15,18
46,15,22
46,15,23
46,15,28
46,15,30
46,15,34
46,15,43
46,15,46
46,15,54
46,15,58
46,15,59
46,15,60
46,15,61
46,15,62
46,15,63
46,15,68
46,15,69
46,15,70
46,15,71
46,15,72
46,15,73
46,15,76
46,15,77
46,15,79
46,16,17
46,16,18
46,16,22
46,16,23
46,16,28
46,16,29
46,16,30
46,16,34
46,16,35
46,16,43
46,16,45
46,16,46
46,16,54
46,16,58
46,16,59
46,16,60
46,16,61
46,16,62
46,16,63
46,16,68
46,16,69
46,16,70
46,16,71
46,16,72
46,16,73
46,16,76
46,16,77
46,16,78
46,16,79
46,17,18
46,17,19
46,17,28
46,17,29
46,17,30
46,17,34
46,17,43
46,17,45
46,17,46
46,17,54
46,17,56
46,17,58
46,17,59
46,17,61
46,17,62
46,17,63
46,17,69
46,17,70
46,17,71
46,17,72
46,17,73
46,17,76
46,17,78
46,17,79
46,18,22
46,18,23
46,18,28
46,18,29
46,18,30
46,18,34
46,18,35
46,18,43
46,18,45
46,18,46
46,18,54
46,18,55
46,18,58
46,18,59
46,18,60
46,18,61
46,18,62
46,18,63
46,18,65
46,18,68
46,18,69
46,18,70
46,18,71
46,18,72
46,18,73
46,18,76
46,18,77
46,18,78
46,18,79
46,20,49
46,21,24
46,21,25
46,21,26
46,21,31
46,21,33
46,21,36
46,21,37
46,21,38
46,21,39
46,21,41
46,21,42
46,21,44
46,21,47
46,21,48
46,21,49
46,21,50
46,21,51
46,21,52
46,21,57
46,21,64
46,21,66
46,21,67
46,21,74
46,21,80
46,21,81
46,22,23
46,22,28
46,22,29
46,22,30
46,22,45
46,22,46
46,22,54
46,22,58
46,22,59
46,22,62
46,22,63
46,22,70
46,22,71
46,22,77
46,22,79
46,23,59
46,23,63
46,24,25
46,24,26
46,24,31
46,24,33
46,24,36
46,24,37
46,24,38
46,24,39
46,24,41
46,24,42
46,24,44
46,24,47
46,24,48
46,24,49
46,24,50
46,24,51
46,24,52
46,24,53
46,24,57
46,24,64
46,24,66
46,24,67
46,24,74
46,24,75
46,24,80
46,24,81
46,25,31
46,25,32
46,25,33
46,25,36
46,25,37
46,25,38
46,25,39
46,25,40
46,25,41
46,25,42
46,25,44
46,25,47
46,25,48
46,25,49
46,25,51
46,25,52
46,25,53
46,25,57
46,25,64
46,25,66
46,25,67
46,25,74
46,25,75
46,25,80
46,25,81
46,26,31
46,26,33
46,26,39
46,26,44
46,26,47
46,26,50
46,26,52
46,27,33
46,27,39
46,27,50
46,28,29
46,28,30
46,28,34
46,28,43
46,28,45
46,28,46
46,28,54
46,28,56
46,28,58
46,28,59
46,28,60
46,28,61
46,28,62
46,28,63
46,28,65
46,28,70
46,28,71
46,28,72
46,28,73
46,28,76
46,28,77
46,28,78
46,28,79
46,29,30
46,29,34
46,29,46
46,29,54
46,29,59
46,29,62
46,29,63
46,29,70
46,29,72
46,29,79
46,30,34
46,30,43
46,30,45
46,30,46
46,30,54
46,30,58
46,30,59
46,30,60
46,30,61
46,30,62
46,30,63
46,30,65
46,30,69
46,30,70
46,30,71
46,30,72
46,30,73
46,30,76
46,30,77
46,30,78
46,30,79
46,31,33
46,31,36
46,31,37
46,31,38
46,31,39
46,31,41
46,31,42
46,31,44
46,31,47
46,31,48
46,31,50
46,31,51
46,31,53
46,31,64
46,31,66
46,31,67
46,31,80
46,31,81
46,32,33
46,32,36
46,32,37
46,32,38
46,32,39
46,32,40
46,32,41
46,32,42
46,32,44
46,32,48
46,32,49
46,32,50
46,32,51
46,32,52
46,32,53
46,32,57
46,32,64
46,32,66
46,32,67
46,32,74
46,32,75
46,32,80
46,32,81
46,33,36
46,33,37
46,33,38
46,33,39
46,33,40
46,33,41
46,33,42
46,33,44
46,33,47
46,33,48
46,33,50
46,33,51
46,33,52
46,33,53
46,33,57
46,33,64
46,33,66
46,33,67
46,33,74
46,33,80
46,33,81
46,34,35
46,34,46
46,34,54
46,34,56
46,34,58
46,34,59
46,34,61
46,34,62
46,34,63
46,34,65
46,34,69
46,34,70
46,34,73
46,34,76
46,34,78
46,34,79
46,35,54
46,35,58
46,35,60
46,35,63
46,35,65
46,35,69
46,35,70
46,35,76
46,35,78
46,35,79
46,36,37
46,36,38
46,36,39
46,36,40
46,36,41
46,36,42
46,36,44
46,36,47
46,36,48
46,36,50
46,36,51
46,36,52
46,36,53
46,36,57
46,36,64
46,36,66
46,36,67
46,36,74
46,36,75
46,36,80
46,36,81
46,37,38
46,37,39
46,37,40
46,37,41
46,37,42
46,37,44
46,37,47
46,37,50
46,37,51
46,37,52
46,37,53
46,37,57
46,37,64
46,37,66
46,37,67
46,37,74
46,37,75
46,37,81
46,38,39
46,38,40
46,38,41
46,38,42
46,38,44
46,38,47
46,38,48
46,38,51
46,38,52
46,38,53
46,38,64
46,38,66
46,38,67
46,38,74
46,38,80
46,38,81
46,39,41
46,39,42
46,39,44
46,39,47
46,39,48
46,39,50
46,39,51
46,39,52
46,39,53
46,39,57
46,39,64
46,39,66
46,39,67
46,39,74
46,39,75
46,39,80
46,39,81
46,40,41
46,40,42
46,40,44
46,40,48
46,40,49
46,40,50
46,40,51
46,40,53
46,40,64
46,40,66
46,40,67
46,40,74
46,40,75
46,40,80
46,40,81
46,41,42
46,41,44
46,41,47
46,41,48
46,41,49
46,41,50
46,41,51
46,41,52
46,41,53
46,41,57
46,41,64
46,41,66
46,41,67
46,41,74
46,41,75
46,41,81
46,42,44
46,42,47
46,42,48
46,42,49
46,42,50
46,42,51
46,42,52
46,42,53
46,42,57
46,42,64
46,42,66
46,42,67
46,42,74
46,42,75
46,42,80
46,42,81
46,43,46
46,43,54
46,43,58
46,43,59
46,43,60
46,43,62
46,43,63
46,43,68
46,43,69
46,43,70
46,43,71
46,43,72
46,43,73
46,43,76
46,43,77
46,43,78
46,43,79
46,44,47
46,44,48
46,44,50
46,44,51
46,44,52
46,44,53
46,44,57
46,44,64
46,44,66
46,44,67
46,44,74
46,44,75
46,44,81
46,45,46
46,45,58
46,45,59
46,45,60
46,45,61
46,45,62
46,45,63
46,45,65
46,45,70
46,45,71
46,45,72
46,45,73
46,45,76
46,45,77
46,45,78
46,45,79
46,46,54
46,46,58
46,46,59
46,46,60
46,46,61
46,46,62
46,46,63
46,46,65
46,46,69
46,46,70
46,46,72
46,46,73
46,46,76
46,46,79
46,47,48
46,47,49
46,47,51
46,47,52
46,47,53
46,47,57
46,47,64
46,47,66
46,47,80
46,47,81
46,48,49
46,48,51
46,48,52
46,48,53
46,48,57
46,48,64
46,48,66
46,48,80
46,48,81
46,49,80
46,50,52
46,50,53
46,50,57
46,50,64
46,50,66
46,50,67
46,50,80
46,50,81
46,51,52
46,51,53
46,51,57
46,51,64
46,51,66
46,51,67
46,51,74
46,51,75
46,51,80
46,51,81
46,52,57
46,52,64
46,52,66
46,52,67
46,52,74
46,52,75
46,52,80
46,52,81
46,53,57
46,53,64
46,53,66
46,53,67
46,53,80
46,53,81
46,54,55
46,54,56
46,54,58
46,54,59
46,54,60
46,54,62
46,54,63
46,54,65
46,54,68
46,54,69
46,54,70
46,54,71
46,54,72
46,54,73
46,54,76
46,54,77
46,54,78
46,54,79
46,55,56
46,55,63
46,55,65
46,56,62
46,56,63
46,56,65
46,56,69
46,56,70
46,56,76
46,56,77
46,56,78
46,57,66
46,57,80
46,57,81
46,58,59
46,58,60
46,58,61
46,58,62
46,58,63
46,58,65
46,58,68
46,58,69
46,58,70
46,58,72
46,58,73
46,58,76
46,58,77
46,58,78
46,58,79
46,59,60
46,59,62
46,59,63
46,59,68
46,59,69
46,59,70
46,59,71
46,59,72
46,59,73
46,59,78
46,59,79
46,60,61
46,60,62
46,60,63
46,60,65
46,60,69
46,60,70
46,60,71
46,60,72
46,60,76
46,60,78
46,60,79
46,61,62
46,61,63
46,61,65
46,61,68
46,61,70
46,61,71
46,61,76
46,61,77
46,61,78
46,61,79
46,62,63
46,62,65
46,62,69
46,62,70
46,62,71
46,62,72
46,62,73
46,62,76
46,62,77
46,62,78
46,62,79
46,63,65
46,63,68
46,63,69
46,63,70
46,63,71
46,63,72
46,63,73
46,63,76
46,63,77
46,63,78
46,63,79
46,64,66
46,64,67
46,64,74
46,64,75
46,64,80
46,64,81
46,65,69
46,65,70
46,65,71
46,65,73
46,65,76
46,65,77
46,65,78
46,66,67
46,66,74
46,66,75
46,66,80
46,66,81
46,67,74
46,67,75
46,67,81
46,68,69
46,68,70
46,68,76
46,68,77
46,69,70
46,69,72
46,69,73
46,69,76
46,69,77
46,69,78
46,70,71
46,70,72
46,70,73
46,70,76
46,70,77
46,70,78
46,70,79
46,71,72
46,71,73
46,71,76
46,71,77
46,71,78
46,71,79
46,72,73
46,72,76
46,72,77
46,72,78
46,72,79
46,73,76
46,73,77
46,73,78
46,73,79
46,74,75
46,74,80
46,74,81
46,75,80
46,76,77
46,76,78
46,76,79
46,77,78
46,77,79
46,78,79
46,80,81
47,1,2
47,1,6
47,1,14
47,1,15
47,1,18
47,1,19
47,1,29
47,1,43
47,1,44
47,1,49
47,1,59
47,1,60
47,1,61
47,1,63
47,1,64
47,1,70
47,1,72
47,1,73
47,1,74
47,1,75
47,1,78
47,2,3
47,2,6
47,2,14
47,2,15
47,2,18
47,2,19
47,2,28
47,2,29
47,2,30
47,2,43
47,2,44
47,2,45
47,2,46
47,2,49
47,2,59
47,2,60
47,2,63
47,2,64
47,2,70
47,2,71
47,2,72
47,2,73
47,2,74
47,2,75
47,2,78
47,3,4
47,3,6
47,3,14
47,3,15
47,3,18
47,3,19
47,3,28
47,3,29
47,3,30
47,3,43
47,3,44
47,3,45
47,3,46
47,3,49
47,3,59
47,3,63
47,3,64
47,3,70
47,3,71
47,3,73
47,3,74
47,3,75
47,3,78
47,4,6
47,4,19
47,4,43
47,4,46
47,4,64
47,4,73
47,4,74
47,4,75
47,5,7
47,5,12
47,5,21
47,5,22
47,5,24
47,5,25
47,5,31
47,5,32
47,5,33
47,5,36
47,5,37
47,5,38
47,5,39
47,5,40
47,5,41
47,5,42
47,5,50
47,5,51
47,5,52
47,5,55
47,5,56
47,5,57
47,5,65
47,5,66
47,5,67
47,5,68
47,5,79
47,5,82
47,5,83
47,6,13
47,6,14
47,6,15
47,6,16
47,6,18
47,6,19
47,6,28
47,6,29
47,6,30
47,6,43
47,6,44
47,6,45
47,6,46
47,6,49
47,6,59
47,6,60
47,6,61
47,6,63
47,6,64
47,6,70
47,6,71
47,6,73
47,6,74
47,6,75
47,6,78
47,7,8
47,7,9
47,7,10
47,7,11
47,7,12
47,7,21
47,7,22
47,7,24
47,7,25
47,7,31
47,7,32
47,7,33
47,7,36
47,7,37
47,7,38
47,7,39
47,7,40
47,7,41
47,7,42
47,7,50
47,7,51
47,7,52
47,7,53
47,7,55
47,7,56
47,7,57
47,7,58
47,7,62
47,7,65
47,7,67
47,7,68
47,7,69
47,7,76
47,7,79
47,7,82
47,7,83
47,8,21
47,8,22
47,8,24
47,8,27
47,8,31
47,8,32
47,8,36
47,8,39
47,8,41
47,8,50
47,8,51
47,8,52
47,8,53
47,8,55
47,8,56
47,8,58
47,8,68
47,8,79
47,8,82
47,9,21
47,9,50
47,9,82
47,9,83
47,10,11
47,10,21
47,10,31
47,10,32
47,10,33
47,10,36
47,10,37
47,10,38
47,10,39
47,10,40
47,10,42
47,10,51
47,10,52
47,10,53
47,10,57
47,10,58
47,10,62
47,10,65
47,10,67
47,10,69
47,10,82
47,11,12
47,11,21
47,11,22
47,11,24
47,11,32
47,11,33
47,11,36
47,11,37
47,11,38
47,11,40
47,11,41
47,11,42
47,11,51
47,11,52
47,11,55
47,11,56
47,11,57
47,11,62
47,11,65
47,11,67
47,11,68
47,11,69
47,11,76
47,11,77
47,11,79
47,11,82
47,12,21
47,12,22
47,12,24
47,12,32
47,12,33
47,12,36
47,12,37
47,12,38
47,12,40
47,12,41
47,12,42
47,12,51
47,12,52
47,12,53
47,12,55
47,12,56
47,12,57
47,12,58
47,12,65
47,12,67
47,12,68
47,12,69
47,12,76
47,12,77
47,12,79
47,12,82
47,13,14
47,13,18
47,13,29
47,13,34
47,13,35
47,13,43
47,13,49
47,13,61
47,13,63
47,13,64
47,13,70
47,13,78
47,13,81
47,14,18
47,14,19
47,14,29
47,14,30
47,14,43
47,14,44
47,14,45
47,14,46
47,14,49
47,14,59
47,14,60
47,14,61
47,14,63
47,14,64
47,14,70
47,14,72
47,14,73
47,14,74
47,14,75
47,14,78
47,14,80
47,15,16
47,15,18
47,15,23
47,15,30
47,15,43
47,15,44
47,15,49
47,15,59
47,15,60
47,15,61
47,15,63
47,15,64
47,15,70
47,15,71
47,15,78
47,16,18
47,16,30
47,16,43
47,16,49
47,16,60
47,16,61
47,16,64
47,16,70
47,16,71
47,16,72
47,16,78
47,17,18
47,18,23
47,18,28
47,18,29
47,18,30
47,18,34
47,18,35
47,18,43
47,18,44
47,18,45
47,18,46
47,18,49
47,18,54
47,18,59
47,18,60
47,18,61
47,18,63
47,18,64
47,18,70
47,18,71
47,18,72
47,18,73
47,18,74
47,18,75
47,18,78
47,18,80
47,18,81
47,19,28
47,19,29
47,19,30
47,19,43
47,19,44
47,19,45
47,19,46
47,19,49
47,19,59
47,19,60
47,19,63
47,19,64
47,19,70
47,19,71
47,19,72
47,19,73
47,19,74
47,19,78
47,21,22
47,21,24
47,21,25
47,21,31
47,21,32
47,21,33
47,21,36
47,21,37
47,21,38
47,21,39
47,21,40
47,21,41
47,21,42
47,21,50
47,21,51
47,21,52
47,21,53
47,21,55
47,21,56
47,21,57
47,21,58
47,21,62
47,21,65
47,21,67
47,21,68
47,21,69
47,21,76
47,21,77
47,21,79
47,21,82
47,21,83
47,22,24
47,22,25
47,22,31
47,22,32
47,22,33
47,22,36
47,22,37
47,22,38
47,22,39
47,22,40
47,22,41
47,22,42
47,22,51
47,22,52
47,22,53
47,22,55
47,22,56
47,22,57
47,22,58
47,22,62
47,22,65
47,22,67
47,22,68
47,22,69
47,22,76
47,22,77
47,22,79
47,22,82
47,22,83
47,23,28
47,23,30
47,23,43
47,23,49
47,23,64
47,23,78
47,24,25
47,24,32
47,24,33
47,24,36
47,24,37
47,24,38
47,24,39
47,24,40
47,24,41
47,24,51
47,24,52
47,24,55
47,24,56
47,24,67
47,24,68
47,24,69
47,24,76
47,24,77
47,24,82
47,24,83
47,25,27
47,25,31
47,25,32
47,25,36
47,25,38
47,25,39
47,25,40
47,25,41
47,25,47
47,25,51
47,25,55
47,25,56
47,25,65
47,25,68
47,25,79
47,25,82
47,25,83
47,26,41
47,26,55
47,26,56
47,26,68
47,27,41
47,27,55
47,27,56
47,27,68
47,28,29
47,28,30
47,28,43
47,28,45
47,28,49
47,28,59
47,28,61
47,28,64
47,28,71
47,28,72
47,28,78
47,29,30
47,29,34
47,29,43
47,29,44
47,29,45
47,29,46
47,29,49
47,29,59
47,29,60
47,29,61
47,29,63
47,29,64
47,29,70
47,29,72
47,29,73
47,29,74
47,29,75
47,29,78
47,30,34
47,30,35
47,30,43
47,30,44
47,30,45
47,30,46
47,30,49
47,30,59
47,30,60
47,30,61
47,30,63
47,30,64
47,30,70
47,30,72
47,30,73
47,30,74
47,30,78
47,31,32
47,31,36
47,31,37
47,31,38
47,31,39
47,31,40
47,31,41
47,31,47
47,31,50
47,31,51
47,31,53
47,31,55
47,31,56
47,31,65
47,31,68
47,31,79
47,31,82
47,31,83
47,32,33
47,32,36
47,32,37
47,32,38
47,32,39
47,32,40
47,32,41
47,32,42
47,32,50
47,32,51
47,32,52
47,32,55
47,32,56
47,32,65
47,32,67
47,32,68
47,32,69
47,32,76
47,32,82
47,32,83
47,33,36
47,33,37
47,33,38
47,33,39
47,33,40
47,33,41
47,33,42
47,33,51
47,33,52
47,33,53
47,33,55
47,33,56
47,33,57
47,33,58
47,33,65
47,33,67
47,33,68
47,33,69
47,33,76
47,33,77
47,33,82
47,34,35
47,34,43
47,34,46
47,34,49
47,34,70
47,34,72
47,34,73
47,34,78
47,34,80
47,34,81
47,35,43
47,35,49
47,35,70
47,35,78
47,35,80
47,35,81
47,36,37
47,36,38
47,36,39
47,36,40
47,36,41
47,36,42
47,36,51
47,36,52
47,36,55
47,36,56
47,36,57
47,36,58
47,36,62
47,36,65
47,36,67
47,36,68
47,36,69
47,36,76
47,36,77
47,36,79
47,36,82
47,36,83
47,37,38
47,37,39
47,37,40
47,37,41
47,37,51
47,37,52
47,37,53
47,37,55
47,37,56
47,37,58
47,37,62
47,37,65
47,37,67
47,37,68
47,37,69
47,37,76
47,37,79
47,37,82
47,38,39
47,38,40
47,38,41
47,38,42
47,38,50
47,38,51
47,38,52
47,38,53
47,38,55
47,38,56
47,38,57
47,38,58
47,38,62
47,38,65
47,38,67
47,38,68
47,38,69
47,38,76
47,38,77
47,38,79
47,38,82
47,38,83
47,39,40
47,39,41
47,39,50
47,39,51
47,39,53
47,39,55
47,39,56
47,39,62
47,39,65
47,39,66
47,39,67
47,39,68
47,39,69
47,39,76
47,39,79
47,39,82
47,39,83
47,40,41
47,40,42
47,40,50
47,40,51
47,40,52
47,40,53
47,40,55
47,40,56
47,40,57
47,40,62
47,40,65
47,40,67
47,40,68
47,40,69
47,40,76
47,40,77
47,40,79
47,40,82
47,40,83
47,41,47
47,41,48
47,41,50
47,41,51
47,41,52
47,41,53
47,41,55
47,41,56
47,41,57
47,41,62
47,41,65
47,41,66
47,41,67
47,41,68
47,41,76
47,41,77
47,41,79
47,41,82
47,41,83
47,42,51
47,42,52
47,42,57
47,42,58
47,42,65
47,42,67
47,42,69
47,42,76
47,42,77
47,42,82
47,43,44
47,43,45
47,43,46
47,43,49
47,43,54
47,43,59
47,43,60
47,43,61
47,43,63
47,43,64
47,43,70
47,43,71
47,43,72
47,43,73
47,43,74
47,43,75
47,43,78
47,43,80
47,43,81
47,44,45
47,44,59
47,44,60
47,44,61
47,44,63
47,44,64
47,44,70
47,44,72
47,44,73
47,44,74
47,44,75
47,44,78
47,45,46
47,45,49
47,45,59
47,45,60
47,45,61
47,45,63
47,45,64
47,45,74
47,45,78
47,46,49
47,46,61
47,46,63
47,46,64
47,46,72
47,46,73
47,46,74
47,46,75
47,46,78
47,47,55
47,47,56
47,47,68
47,47,82
47,48,55
47,48,56
47,48,68
47,49,54
47,49,60
47,49,61
47,49,63
47,49,64
47,49,70
47,49,71
47,49,72
47,49,73
47,49,74
47,49,75
47,49,78
47,49,80
47,49,81
47,50,55
47,50,56
47,50,65
47,50,66
47,50,68
47,50,79
47,50,82
47,50,83
47,51,52
47,51,55
47,51,56
47,51,57
47,51,58
47,51,62
47,51,65
47,51,67
47,51,68
47,51,69
47,51,76
47,51,77
47,51,79
47,51,82
47,51,83
47,52,53
47,52,55
47,52,56
47,52,57
47,52,58
47,52,65
47,52,67
47,52,68
47,52,69
47,52,76
47,52,77
47,52,79
47,52,82
47,53,55
47,53,56
47,53,57
47,53,58
47,53,65
47,53,66
47,53,67
47,53,68
47,53,79
47,53,82
47,54,64
47,55,56
47,55,62
47,55,65
47,55,66
47,55,67
47,55,68
47,55,76
47,55,79
47,55,82
47,55,83
47,56,62
47,56,65
47,56,66
47,56,67
47,56,68
47,56,76
47,56,79
47,56,82
47,56,83
47,57,58
47,57,65
47,57,66
47,57,67
47,57,69
47,57,77
47,57,79
47,57,82
47,58,65
47,58,67
47,58,69
47,58,82
47,59,60
47,59,61
47,59,63
47,59,64
47,59,70
47,59,71
47,59,72
47,59,73
47,59,74
47,59,75
47,59,78
47,60,61
47,60,63
47,60,64
47,60,70
47,60,71
47,60,73
47,60,74
47,60,78
47,61,63
47,61,64
47,61,70
47,61,71
47,61,73
47,61,74
47,61,78
47,61,80
47,62,65
47,62,67
47,62,68
47,62,69
47,62,76
47,62,79
47,62,82
47,63,64
47,63,70
47,63,71
47,63,72
47,63,73
47,63,74
47,63,78
47,64,70
47,64,71
47,64,72
47,64,73
47,64,74
47,64,75
47,64,78
47,65,66
47,65,67
47,65,68
47,65,69
47,65,76
47,65,77
47,65,79
47,65,82
47,65,83
47,66,68
47,66,79
47,66,82
47,67,68
47,67,69
47,67,76
47,67,77
47,67,79
47,67,82
47,67,83
47,68,76
47,68,79
47,68,82
47,68,83
47,69,76
47,69,77
47,69,79
47,69,82
47,70,71
47,70,72
47,70,73
47,70,74
47,70,78
47,70,80
47,71,78
47,71,80
47,72,73
47,72,74
47,72,78
47,72,80
47,73,74
47,73,75
47,73,78
47,74,75
47,74,78
47,76,77
47,76,79
47,76,82
47,77,79
47,77,82
47,78,80
47,78,81
47,79,82
47,79,83
47,80,81
47,82,83
48,1,5
48,2,15
48,2,39
48,3,4
48,4,14
48,4,25
48,4,26
48,4,27
48,4,28
48,4,39
48,4,41
48,4,42
48,4,53
48,4,54
48,4,57
48,4,65
48,4,69
48,4,75
48,5,26
48,5,45
48,5,49
48,5,53
48,5,67
48,5,69
48,6,7
48,6,8
48,6,17
48,6,18
48,6,20
48,6,29
48,6,30
48,6,35
48,6,36
48,6,37
48,6,43
48,6,46
48,6,52
48,6,61
48,6,63
48,6,77
48,7,8
48,7,17
48,7,18
48,7,21
48,7,29
48,7,30
48,7,33
48,7,35
48,7,43
48,7,46
48,7,47
48,7,51
48,7,52
48,7,62
48,7,77
48,7,78
48,8,17
48,8,18
48,8,20
48,8,21
48,8,29
48,8,35
48,8,43
48,8,46
48,8,62
48,8,77
48,9,10
48,9,18
48,9,22
48,9,30
48,9,33
48,9,61
48,9,62
48,9,72
48,10,18
48,10,30
48,10,33
48,10,51
48,10,61
48,10,72
48,11,26
48,11,31
48,11,45
48,11,49
48,11,56
48,11,76
48,12,26
48,12,41
48,12,56
48,12,57
48,13,27
48,13,32
48,13,53
48,14,25
48,14,53
48,14,75
48,15,26
48,15,27
48,15,39
48,15,53
48,15,57
48,15,65
48,15,67
48,15,68
48,15,75
48,15,76
48,17,18
48,17,20
48,17,21
48,17,22
48,17,24
48,17,29
48,17,30
48,17,33
48,17,34
48,17,35
48,17,36
48,17,37
48,17,38
48,17,43
48,17,46
48,17,47
48,17,51
48,17,52
48,17,58
48,17,61
48,17,74
48,17,77
48,17,78
48,18,20
48,18,21
48,18,22
48,18,24
48,18,29
48,18,30
48,18,33
48,18,34
48,18,35
48,18,37
48,18,38
48,18,43
48,18,46
48,18,47
48,18,50
48,18,51
48,18,52
48,18,55
48,18,60
48,18,62
48,18,63
48,18,64
48,18,74
48,18,77
48,18,78
48,20,21
48,20,22
48,20,29
48,20,30
48,20,33
48,20,34
48,20,37
48,20,43
48,20,55
48,20,61
48,20,62
48,20,64
48,20,72
48,21,22
48,21,29
48,21,30
48,21,33
48,21,62
48,21,78
48,22,24
48,22,29
48,22,30
48,22,33
48,22,37
48,22,71
48,22,72
48,22,78
48,24,29
48,26,39
48,26,41
48,26,45
48,26,53
48,26,57
48,26,65
48,26,67
48,26,69
48,27,28
48,27,32
48,27,39
48,27,42
48,27,53
48,27,54
48,27,65
48,27,75
48,27,76
48,28,32
48,28,39
48,28,65
48,28,66
48,28,68
48,28,75
48,28,76
48,29,30
48,29,33
48,29,34
48,29,35
48,29,36
48,29,37
48,29,43
48,29,46
48,29,47
48,29,48
48,29,50
48,29,51
48,29,52
48,29,55
48,29,58
48,29,61
48,29,62
48,29,63
48,29,72
48,29,74
48,29,77
48,29,78
48,30,33
48,30,59
48,30,61
48,30,62
48,30,63
48,30,72
48,30,78
48,31,32
48,31,53
48,31,67
48,33,34
48,33,37
48,33,43
48,33,48
48,33,52
48,33,59
48,33,61
48,33,62
48,33,71
48,33,72
48,33,78
48,34,37
48,34,38
48,34,47
48,34,48
48,34,51
48,34,63
48,34,72
48,34,77
48,35,36
48,35,37
48,35,38
48,35,43
48,35,46
48,35,51
48,35,59
48,35,61
48,35,64
48,35,74
48,35,77
48,36,37
48,36,38
48,36,51
48,36,59
48,36,61
48,36,62
48,36,64
48,36,74
48,36,77
48,37,38
48,37,52
48,37,58
48,37,60
48,37,61
48,37,62
48,37,64
48,37,71
48,37,72
48,37,77
48,38,43
48,38,50
48,38,52
48,38,61
48,38,77
48,39,40
48,39,45
48,39,54
48,39,65
48,39,68
48,39,76
48,41,42
48,41,57
48,41,67
48,41,69
48,42,57
48,43,50
48,43,52
48,43,58
48,43,61
48,43,62
48,43,63
48,45,76
48,46,50
48,46,51
48,46,74
48,46,77
48,47,48
48,47,52
48,47,61
48,48,61
48,48,63
48,48,72
48,48,74
48,50,61
48,50,63
48,50,64
48,50,74
48,51,52
48,51,58
48,51,59
48,51,60
48,51,62
48,51,63
48,51,64
48,51,74
48,51,77
48,52,58
48,52,61
48,52,62
48,52,74
48,52,77
48,53,54
48,53,65
48,53,67
48,53,75
48,54,65
48,54,69
48,55,72
48,57,65
48,57,69
48,57,76
48,58,61
48,58,62
48,58,64
48,58,77
48,59,61
48,59,62
48,59,63
48,59,72
48,59,74
48,60,74
48,61,62
48,61,63
48,61,64
48,61,72
48,62,71
48,62,72
48,62,78
48,63,72
48,63,77
48,65,66
48,65,75
48,65,76
48,68,76
48,69,70
48,71,72
48,72,78
48,75,76
48,77,78
49,2,17
49,2,43
49,2,70
49,2,78
49,3,4
49,3,17
49,3,22
49,3,29
49,3,43
49,3,69
49,3,71
49,3,78
49,4,13
49,4,17
49,4,29
49,4,31
49,4,34
49,4,45
49,4,58
49,4,69
49,4,70
49,4,72
49,4,73
49,5,6
49,5,8
49,5,9
49,5,21
49,5,36
49,5,38
49,5,41
49,5,50
49,5,52
49,5,55
49,5,56
49,5,81
49,6,10
49,6,12
49,6,24
49,6,25
49,6,33
49,6,36
49,6,37
49,6,40
49,6,46
49,6,47
49,6,48
49,6,50
49,6,51
49,6,55
49,6,61
49,6,74
49,6,75
49,6,80
49,6,81
49,7,29
49,7,31
49,7,70
49,8,9
49,8,10
49,8,21
49,8,23
49,8,25
49,8,32
49,8,36
49,8,38
49,8,39
49,8,47
49,8,48
49,8,50
49,8,52
49,8,55
49,8,56
49,8,62
49,8,66
49,8,77
49,8,80
49,8,81
49,9,10
49,9,21
49,9,38
49,9,41
49,9,47
49,9,48
49,9,55
49,9,63
49,10,19
49,10,21
49,10,77
49,11,12
49,11,23
49,11,25
49,11,32
49,11,51
49,11,64
49,11,66
49,11,74
49,11,75
49,12,23
49,12,51
49,12,66
49,13,17
49,13,34
49,13,58
49,13,72
49,14,34
49,14,78
49,15,78
49,16,49
49,17,29
49,17,34
49,17,43
49,17,54
49,17,69
49,17,70
49,17,71
49,17,78
49,19,20
49,19,21
49,19,23
49,19,24
49,19,25
49,19,32
49,19,38
49,19,39
49,19,40
49,19,41
49,19,47
49,19,61
49,19,77
49,19,80
49,19,81
49,20,23
49,20,24
49,20,25
49,20,33
49,20,38
49,20,40
49,20,41
49,20,47
49,20,56
49,20,64
49,20,77
49,20,80
49,20,81
49,21,23
49,21,25
49,21,33
49,21,36
49,21,37
49,21,38
49,21,39
49,21,41
49,21,47
49,21,48
49,21,50
49,21,52
49,21,55
49,21,56
49,21,61
49,21,62
49,21,63
49,21,64
49,21,74
49,21,77
49,21,80
49,21,81
49,22,29
49,22,31
49,22,49
49,23,24
49,23,25
49,23,32
49,23,33
49,23,36
49,23,37
49,23,38
49,23,39
49,23,40
49,23,41
49,23,47
49,23,50
49,23,51
49,23,52
49,23,55
49,23,56
49,23,60
49,23,61
49,23,64
49,23,66
49,23,74
49,23,77
49,23,80
49,23,81
49,24,25
49,24,40
49,24,47
49,25,32
49,25,33
49,25,36
49,25,37
49,25,40
49,25,47
49,25,50
49,25,51
49,25,52
49,25,55
49,25,56
49,25,60
49,25,65
49,25,74
49,25,75
49,25,80
49,25,81
49,29,31
49,29,34
49,29,43
49,29,45
49,29,69
49,29,70
49,29,72
49,29,73
49,29,78
49,30,31
49,30,49
49,30,57
49,30,67
49,30,70
49,30,78
49,30,79
49,31,58
49,31,70
49,32,33
49,32,37
49,32,60
49,32,75
49,32,80
49,33,36
49,33,37
49,33,40
49,33,41
49,33,50
49,33,51
49,33,52
49,33,55
49,33,56
49,33,60
49,33,61
49,33,74
49,33,80
49,33,81
49,34,43
49,34,69
49,34,72
49,34,73
49,34,78
49,35,49
49,35,70
49,35,78
49,35,79
49,36,37
49,36,38
49,36,40
49,36,41
49,36,50
49,36,51
49,36,52
49,36,55
49,36,56
49,36,74
49,36,77
49,36,80
49,36,81
49,37,40
49,37,41
49,37,50
49,37,51
49,37,52
49,37,55
49,37,56
49,37,66
49,37,74
49,37,75
49,37,77
49,37,80
49,37,81
49,38,39
49,38,40
49,38,41
49,38,47
49,38,50
49,38,51
49,38,52
49,38,55
49,38,56
49,38,61
49,38,64
49,38,77
49,38,80
49,38,81
49,39,41
49,39,47
49,39,50
49,39,51
49,39,52
49,39,55
49,39,61
49,39,77
49,39,81
49,40,41
49,40,47
49,40,50
49,40,55
49,40,56
49,40,61
49,40,74
49,40,75
49,40,77
49,40,80
49,40,81
49,41,47
49,41,50
49,41,51
49,41,52
49,41,53
49,41,55
49,41,56
49,41,63
49,41,77
49,41,80
49,41,81
49,42,43
49,42,58
49,43,70
49,43,78
49,44,45
49,44,73
49,44,78
49,45,69
49,45,72
49,45,73
49,45,78
49,47,51
49,47,52
49,47,55
49,47,56
49,47,61
49,47,77
49,47,80
49,48,63
49,49,79
49,50,51
49,50,52
49,50,55
49,50,56
49,50,61
49,50,74
49,50,77
49,50,80
49,50,81
49,51,53
49,51,55
49,51,63
49,51,75
49,51,81
49,52,55
49,52,56
49,52,61
49,52,74
49,52,77
49,52,80
49,53,55
49,53,63
49,53,77
49,53,81
49,54,70
49,55,56
49,55,61
49,55,63
49,55,64
49,55,66
49,55,77
49,55,80
49,55,81
49,56,64
49,56,77
49,56,80
49,56,81
49,57,70
49,57,78
49,58,73
49,59,70
49,60,64
49,60,74
49,61,80
49,61,81
49,63,64
49,63,77
49,64,65
49,64,66
49,64,74
49,64,77
49,64,81
49,65,66
49,65,74
49,66,74
49,66,80
49,66,81
49,67,78
49,68,78
49,69,71
49,69,72
49,69,73
49,70,78
49,70,79
49,72,73
49,73,78
49,74,75
49,74,77
49,77,80
49,77,81
49,78,79
49,80,81
50,1,2
50,1,3
50,1,4
50,1,11
50,1,12
50,1,13
50,1,14
50,1,15
50,1,19
50,1,20
50,1,25
50,1,27
50,1,31
50,1,39
50,1,40
50,1,41
50,1,42
50,1,53
50,1,54
50,1,65
50,1,67
50,1,68
50,1,71
50,2,11
50,2,12
50,2,20
50,2,25
50,2,26
50,2,28
50,2,31
50,2,32
50,2,41
50,2,42
50,2,49
50,2,54
50,2,64
50,2,65
50,2,73
50,2,74
50,3,4
50,3,12
50,3,13
50,3,14
50,3,15
50,3,19
50,3,25
50,3,27
50,3,31
50,3,39
50,3,40
50,3,41
50,3,42
50,3,53
50,3,54
50,3,65
50,3,66
50,3,67
50,3,68
50,3,71
50,4,11
50,4,12
50,4,13
50,4,14
50,4,15
50,4,19
50,4,25
50,4,27
50,4,28
50,4,31
50,4,39
50,4,40
50,4,41
50,4,42
50,4,53
50,4,54
50,4,65
50,4,66
50,4,67
50,4,68
50,4,71
50,5,8
50,5,17
50,5,18
50,5,21
50,5,24
50,5,34
50,5,35
50,5,43
50,5,44
50,5,46
50,5,48
50,5,51
50,5,52
50,5,57
50,5,58
50,5,60
50,5,62
50,5,72
50,5,75
50,5,76
50,6,28
50,6,54
50,6,55
50,7,8
50,7,9
50,7,17
50,7,18
50,7,21
50,7,22
50,7,23
50,7,24
50,7,29
50,7,30
50,7,33
50,7,34
50,7,35
50,7,36
50,7,37
50,7,38
50,7,43
50,7,44
50,7,45
50,7,46
50,7,47
50,7,48
50,7,51
50,7,52
50,7,56
50,7,57
50,7,58
50,7,60
50,7,61
50,7,62
50,7,70
50,7,75
50,7,76
50,8,9
50,8,17
50,8,18
50,8,22
50,8,23
50,8,24
50,8,29
50,8,33
50,8,34
50,8,35
50,8,36
50,8,37
50,8,38
50,8,43
50,8,44
50,8,45
50,8,46
50,8,47
50,8,48
50,8,51
50,8,52
50,8,56
50,8,57
50,8,58
50,8,59
50,8,60
50,8,61
50,8,62
50,8,72
50,8,75
50,8,76
50,9,10
50,9,17
50,9,18
50,9,21
50,9,22
50,9,24
50,9,29
50,9,30
50,9,33
50,9,34
50,9,35
50,9,36
50,9,37
50,9,43
50,9,44
50,9,45
50,9,46
50,9,47
50,9,48
50,9,51
50,9,52
50,9,56
50,9,57
50,9,58
50,9,60
50,9,61
50,9,62
50,9,69
50,9,70
50,9,75
50,9,76
50,10,17
50,10,18
50,10,21
50,10,22
50,10,24
50,10,29
50,10,30
50,10,33
50,10,34
50,10,35
50,10,36
50,10,37
50,10,38
50,10,43
50,10,44
50,10,46
50,10,48
50,10,51
50,10,52
50,10,56
50,10,57
50,10,61
50,10,62
50,10,69
50,10,70
50,10,75
50,10,76
50,11,12
50,11,13
50,11,14
50,11,15
50,11,20
50,11,25
50,11,26
50,11,27
50,11,28
50,11,31
50,11,32
50,11,39
50,11,41
50,11,42
50,11,49
50,11,53
50,11,54
50,11,63
50,11,64
50,11,65
50,11,66
50,11,68
50,11,71
50,11,73
50,11,74
50,12,13
50,12,14
50,12,15
50,12,19
50,12,20
50,12,25
50,12,26
50,12,27
50,12,28
50,12,31
50,12,32
50,12,39
50,12,41
50,12,42
50,12,49
50,12,53
50,12,54
50,12,65
50,12,66
50,12,67
50,12,68
50,12,71
50,13,14
50,13,15
50,13,20
50,13,25
50,13,27
50,13,28
50,13,53
50,13,54
50,13,65
50,13,68
50,13,71
50,14,15
50,14,19
50,14,20
50,14,25
50,14,26
50,14,27
50,14,28
50,14,31
50,14,32
50,14,39
50,14,40
50,14,41
50,14,42
50,14,50
50,14,53
50,14,54
50,14,63
50,14,64
50,14,65
50,14,66
50,14,67
50,14,68
50,14,71
50,14,74
50,15,25
50,15,26
50,15,27
50,15,28
50,15,31
50,15,39
50,15,40
50,15,41
50,15,53
50,15,54
50,15,63
50,15,65
50,15,66
50,15,67
50,15,68
50,17,18
50,17,21
50,17,22
50,17,23
50,17,24
50,17,29
50,17,30
50,17,33
50,17,34
50,17,35
50,17,36
50,17,37
50,17,38
50,17,43
50,17,44
50,17,45
50,17,46
50,17,47
50,17,48
50,17,51
50,17,52
50,17,56
50,17,57
50,17,58
50,17,60
50,17,61
50,17,62
50,17,69
50,17,70
50,17,75
50,17,76
50,18,21
50,18,22
50,18,23
50,18,24
50,18,29
50,18,30
50,18,33
50,18,34
50,18,35
50,18,36
50,18,37
50,18,38
50,18,43
50,18,44
50,18,45
50,18,46
50,18,47
50,18,48
50,18,51
50,18,52
50,18,56
50,18,57
50,18,58
50,18,59
50,18,60
50,18,61
50,18,62
50,18,70
50,18,72
50,18,75
50,18,76
50,19,20
50,19,25
50,19,27
50,19,39
50,19,42
50,19,50
50,19,53
50,19,65
50,19,68
50,19,71
50,19,74
50,20,25
50,20,27
50,20,28
50,20,32
50,20,39
50,20,40
50,20,42
50,20,53
50,20,54
50,20,64
50,20,65
50,20,71
50,20,73
50,20,74
50,21,22
50,21,23
50,21,24
50,21,29
50,21,30
50,21,33
50,21,34
50,21,35
50,21,36
50,21,37
50,21,38
50,21,43
50,21,44
50,21,46
50,21,47
50,21,48
50,21,51
50,21,52
50,21,56
50,21,57
50,21,58
50,21,60
50,21,61
50,21,62
50,21,69
50,21,70
50,21,75
50,21,76
50,22,24
50,22,29
50,22,30
50,22,33
50,22,34
50,22,35
50,22,36
50,22,37
50,22,43
50,22,44
50,22,46
50,22,47
50,22,48
50,22,51
50,22,52
50,22,56
50,22,57
50,22,58
50,22,60
50,22,61
50,22,62
50,22,69
50,22,70
50,22,75
50,22,76
50,23,24
50,23,30
50,23,33
50,23,35
50,23,37
50,23,38
50,23,43
50,23,44
50,23,45
50,23,46
50,23,47
50,23,48
50,23,57
50,23,58
50,23,61
50,23,62
50,23,75
50,23,76
50,24,29
50,24,30
50,24,33
50,24,34
50,24,35
50,24,36
50,24,37
50,24,38
50,24,43
50,24,44
50,24,45
50,24,46
50,24,47
50,24,48
50,24,51
50,24,52
50,24,56
50,24,57
50,24,58
50,24,60
50,24,61
50,24,62
50,24,69
50,24,70
50,24,75
50,24,76
50,25,26
50,25,27
50,25,28
50,25,31
50,25,39
50,25,40
50,25,41
50,25,42
50,25,50
50,25,53
50,25,54
50,25,63
50,25,64
50,25,65
50,25,66
50,25,67
50,25,68
50,25,71
50,25,73
50,25,74
50,26,31
50,26,32
50,26,39
50,26,41
50,26,42
50,26,55
50,26,63
50,26,65
50,26,66
50,26,74
50,27,28
50,27,31
50,27,39
50,27,40
50,27,41
50,27,42
50,27,53
50,27,54
50,27,64
50,27,65
50,27,66
50,27,67
50,27,68
50,27,71
50,27,74
50,28,31
50,28,39
50,28,40
50,28,41
50,28,42
50,28,49
50,28,50
50,28,53
50,28,54
50,28,63
50,28,64
50,28,65
50,28,67
50,28,68
50,28,71
50,29,30
50,29,33
50,29,34
50,29,35
50,29,36
50,29,37
50,29,38
50,29,43
50,29,44
50,29,45
50,29,46
50,29,47
50,29,48
50,29,51
50,29,52
50,29,56
50,29,57
50,29,58
50,29,61
50,29,62
50,29,70
50,29,75
50,29,76
50,30,33
50,30,34
50,30,35
50,30,36
50,30,37
50,30,38
50,30,43
50,30,44
50,30,48
50,30,51
50,30,52
50,30,56
50,30,57
50,30,58
50,30,60
50,30,61
50,30,62
50,30,69
50,30,70
50,30,75
50,30,76
50,31,32
50,31,39
50,31,40
50,31,41
50,31,42
50,31,53
50,31,54
50,31,63
50,31,64
50,31,65
50,31,66
50,31,67
50,31,68
50,31,74
50,32,41
50,32,49
50,32,50
50,32,54
50,32,64
50,32,65
50,32,73
50,32,74
50,33,34
50,33,35
50,33,36
50,33,37
50,33,43
50,33,44
50,33,45
50,33,46
50,33,47
50,33,48
50,33,51
50,33,52
50,33,56
50,33,57
50,33,58
50,33,59
50,33,61
50,33,62
50,33,69
50,33,70
50,33,75
50,33,76
50,34,35
50,34,36
50,34,37
50,34,43
50,34,44
50,34,46
50,34,47
50,34,48
50,34,51
50,34,52
50,34,56
50,34,57
50,34,58
50,34,61
50,34,62
50,34,70
50,34,72
50,34,75
50,34,76
50,35,36
50,35,37
50,35,38
50,35,43
50,35,44
50,35,45
50,35,46
50,35,47
50,35,48
50,35,51
50,35,52
50,35,56
50,35,57
50,35,58
50,35,59
50,35,60
50,35,61
50,35,62
50,35,69
50,35,70
50,35,75
50,35,76
50,36,37
50,36,38
50,36,43
50,36,44
50,36,45
50,36,46
50,36,47
50,36,48
50,36,51
50,36,52
50,36,56
50,36,57
50,36,58
50,36,59
50,36,60
50,36,61
50,36,62
50,36,70
50,36,72
50,36,75
50,36,76
50,37,38
50,37,43
50,37,44
50,37,45
50,37,46
50,37,47
50,37,48
50,37,51
50,37,52
50,37,56
50,37,57
50,37,58
50,37,59
50,37,60
50,37,61
50,37,62
50,37,69
50,37,70
50,37,72
50,37,75
50,37,76
50,38,43
50,38,44
50,38,45
50,38,46
50,38,47
50,38,48
50,38,51
50,38,52
50,38,56
50,38,57
50,38,58
50,38,60
50,38,61
50,38,62
50,38,75
50,38,76
50,39,40
50,39,41
50,39,42
50,39,53
50,39,54
50,39,65
50,39,66
50,39,67
50,39,68
50,39,74
50,40,41
50,40,54
50,40,65
50,40,71
50,40,74
50,41,42
50,41,53
50,41,54
50,41,65
50,41,66
50,41,67
50,41,68
50,41,74
50,42,50
50,42,53
50,42,54
50,42,65
50,42,66
50,42,67
50,42,68
50,42,71
50,42,73
50,42,74
50,43,44
50,43,45
50,43,46
50,43,47
50,43,48
50,43,51
50,43,52
50,43,56
50,43,57
50,43,58
50,43,59
50,43,60
50,43,61
50,43,62
50,43,70
50,43,72
50,43,75
50,43,76
50,44,45
50,44,46
50,44,47
50,44,48
50,44,51
50,44,52
50,44,56
50,44,57
50,44,58
50,44,59
50,44,60
50,44,61
50,44,62
50,44,70
50,44,72
50,44,75
50,44,76
50,45,46
50,45,48
50,45,52
50,45,57
50,45,58
50,45,60
50,45,61
50,45,62
50,45,72
50,45,75
50,45,76
50,46,47
50,46,48
50,46,51
50,46,52
50,46,57
50,46,58
50,46,60
50,46,61
50,46,62
50,46,70
50,46,72
50,46,75
50,46,76
50,47,48
50,47,51
50,47,52
50,47,56
50,47,57
50,47,58
50,47,61
50,47,62
50,47,69
50,47,70
50,47,75
50,47,76
50,48,51
50,48,52
50,48,56
50,48,57
50,48,58
50,48,60
50,48,61
50,48,62
50,48,69
50,48,70
50,48,72
50,48,75
50,48,76
50,49,55
50,49,73
50,50,65
50,50,74
50,51,52
50,51,56
50,51,57
50,51,58
50,51,59
50,51,60
50,51,61
50,51,62
50,51,70
50,51,72
50,51,75
50,51,76
50,52,56
50,52,57
50,52,58
50,52,59
50,52,60
50,52,61
50,52,62
50,52,69
50,52,70
50,52,72
50,52,75
50,52,76
50,53,54
50,53,63
50,53,65
50,53,66
50,53,67
50,53,68
50,53,71
50,54,63
50,54,64
50,54,65
50,54,66
50,54,68
50,54,71
50,54,73
50,54,74
50,56,57
50,56,58
50,56,60
50,56,61
50,56,62
50,56,69
50,56,70
50,56,75
50,56,76
50,57,58
50,57,59
50,57,60
50,57,61
50,57,62
50,57,69
50,57,70
50,57,75
50,57,76
50,58,59
50,58,60
50,58,61
50,58,62
50,58,70
50,58,72
50,58,75
50,58,76
50,59,60
50,59,61
50,59,70
50,59,75
50,60,61
50,60,62
50,60,70
50,60,75
50,60,76
50,61,62
50,61,69
50,61,70
50,61,72
50,61,75
50,61,76
50,62,69
50,62,70
50,62,72
50,62,75
50,62,76
50,63,64
50,63,65
50,64,65
50,64,71
50,64,74
50,65,66
50,65,67
50,65,68
50,65,71
50,65,73
50,65,74
50,66,67
50,66,68
50,67,68
50,68,74
50,69,70
50,69,76
50,70,75
50,70,76
50,71,74
50,73,74
50,75,76
51,1,2
51,1,3
51,1,4
51,1,12
51,1,13
51,1,14
51,1,15
51,1,22
51,1,27
51,1,28
51,1,29
51,1,30
51,1,34
51,1,35
51,1,42
51,1,43
51,1,44
51,1,45
51,1,59
51,1,60
51,1,76
51,1,77
51,1,78
51,1,79
51,1,82
51,1,83
51,1,86
51,1,87
51,2,4
51,2,12
51,2,13
51,2,14
51,2,15
51,2,21
51,2,22
51,2,27
51,2,28
51,2,29
51,2,30
51,2,31
51,2,35
51,2,44
51,2,45
51,2,55
51,2,59
51,2,60
51,2,63
51,2,72
51,2,73
51,2,76
51,2,82
51,2,83
51,2,86
51,2,87
51,3,4
51,3,13
51,3,14
51,3,15
51,3,21
51,3,22
51,3,27
51,3,28
51,3,29
51,3,34
51,3,35
51,3,42
51,3,43
51,3,44
51,3,45
51,3,59
51,3,60
51,3,76
51,3,77
51,3,78
51,3,79
51,3,82
51,3,83
51,3,87
51,4,12
51,4,13
51,4,14
51,4,15
51,4,21
51,4,22
51,4,27
51,4,28
51,4,29
51,4,30
51,4,31
51,4,34
51,4,35
51,4,42
51,4,43
51,4,44
51,4,45
51,4,59
51,4,60
51,4,72
51,4,73
51,4,76
51,4,77
51,4,78
51,4,79
51,4,82
51,4,83
51,4,86
51,4,87
51,5,22
51,5,56
51,5,72
51,6,7
51,6,20
51,6,26
51,6,36
51,6,50
51,6,51
51,6,52
51,6,53
51,6,61
51,6,84
51,6,85
51,7,8
51,7,50
51,7,51
51,7,66
51,7,67
51,7,74
51,7,75
51,7,85
51,9,10
51,9,11
51,9,17
51,9,18
51,9,19
51,9,20
51,9,23
51,9,24
51,9,32
51,9,33
51,9,36
51,9,37
51,9,38
51,9,39
51,9,40
51,9,46
51,9,52
51,9,53
51,9,54
51,9,57
51,9,58
51,9,62
51,9,64
51,9,65
51,9,69
51,9,71
51,9,74
51,9,80
51,9,81
51,9,84
51,9,88
51,9,89
51,9,90
51,9,91
51,10,11
51,10,19
51,10,20
51,10,23
51,10,24
51,10,32
51,10,33
51,10,36
51,10,37
51,10,38
51,10,39
51,10,40
51,10,41
51,10,46
51,10,47
51,10,49
51,10,52
51,10,53
51,10,54
51,10,57
51,10,58
51,10,62
51,10,64
51,10,65
51,10,68
51,10,69
51,10,71
51,10,74
51,10,81
51,10,84
51,10,85
51,10,88
51,10,89
51,10,90
51,10,91
51,11,18
51,11,19
51,11,20
51,11,23
51,11,32
51,11,33
51,11,36
51,11,37
51,11,38
51,11,39
51,11,40
51,11,41
51,11,46
51,11,47
51,11,49
51,11,52
51,11,54
51,11,57
51,11,58
51,11,62
51,11,64
51,11,65
51,11,67
51,11,68
51,11,69
51,11,71
51,11,80
51,11,81
51,11,84
51,11,85
51,11,88
51,11,89
51,11,90
51,11,91
51,12,13
51,12,14
51,12,15
51,12,21
51,12,22
51,12,27
51,12,28
51,12,29
51,12,30
51,12,34
51,12,35
51,12,43
51,12,44
51,12,55
51,12,59
51,12,60
51,12,72
51,12,73
51,12,76
51,12,77
51,12,82
51,12,83
51,12,86
51,12,87
51,13,14
51,13,15
51,13,21
51,13,27
51,13,29
51,13,30
51,13,31
51,13,35
51,13,43
51,13,59
51,13,60
51,13,72
51,13,73
51,13,76
51,13,77
51,13,79
51,13,82
51,13,83
51,13,86
51,13,87
51,14,15
51,14,21
51,14,22
51,14,27
51,14,28
51,14,29
51,14,30
51,14,31
51,14,34
51,14,35
51,14,42
51,14,43
51,14,44
51,14,45
51,14,55
51,14,56
51,14,59
51,14,60
51,14,72
51,14,73
51,14,76
51,14,77
51,14,78
51,14,79
51,14,82
51,14,83
51,14,86
51,14,87
51,15,16
51,15,21
51,15,22
51,15,27
51,15,29
51,15,30
51,15,31
51,15,34
51,15,35
51,15,42
51,15,43
51,15,44
51,15,45
51,15,55
51,15,59
51,15,60
51,15,72
51,15,73
51,15,76
51,15,77
51,15,78
51,15,79
51,15,82
51,15,83
51,15,86
51,15,87
51,16,17
51,16,18
51,16,22
51,16,30
51,16,31
51,16,35
51,16,63
51,16,83
51,17,18
51,17,20
51,17,23
51,17,41
51,17,58
51,17,65
51,17,69
51,17,84
51,17,85
51,17,90
51,17,91
51,18,20
51,18,23
51,18,33
51,18,37
51,18,38
51,18,46
51,18,47
51,18,49
51,18,52
51,18,58
51,18,65
51,18,67
51,18,69
51,18,71
51,18,84
51,18,85
51,18,89
51,18,90
51,18,91
51,19,20
51,19,23
51,19,24
51,19,32
51,19,33
51,19,36
51,19,37
51,19,38
51,19,39
51,19,40
51,19,41
51,19,46
51,19,47
51,19,49
51,19,50
51,19,52
51,19,54
51,19,57
51,19,58
51,19,61
51,19,62
51,19,64
51,19,65
51,19,66
51,19,67
51,19,68
51,19,69
51,19,71
51,19,74
51,19,75
51,19,84
51,19,85
51,19,88
51,19,89
51,19,90
51,19,91
51,20,36
51,20,37
51,20,38
51,20,39
51,20,40
51,20,41
51,20,46
51,20,47
51,20,49
51,20,50
51,20,53
51,20,57
51,20,58
51,20,62
51,20,67
51,20,68
51,20,69
51,20,71
51,20,84
51,20,88
51,20,89
51,20,90
51,20,91
51,21,22
51,21,30
51,21,31
51,21,34
51,21,35
51,21,42
51,21,43
51,21,44
51,21,45
51,21,55
51,21,59
51,21,60
51,21,72
51,21,73
51,21,76
51,21,77
51,21,79
51,21,82
51,21,83
51,21,86
51,21,87
51,22,27
51,22,28
51,22,29
51,22,31
51,22,34
51,22,35
51,22,43
51,22,44
51,22,45
51,22,59
51,22,60
51,22,63
51,22,72
51,22,73
51,22,77
51,22,78
51,22,79
51,22,82
51,22,83
51,22,86
51,22,87
51,23,24
51,23,32
51,23,33
51,23,36
51,23,37
51,23,38
51,23,39
51,23,41
51,23,46
51,23,47
51,23,49
51,23,52
51,23,57
51,23,58
51,23,62
51,23,64
51,23,65
51,23,66
51,23,67
51,23,68
51,23,69
51,23,71
51,23,74
51,23,80
51,23,81
51,23,84
51,23,85
51,23,88
51,23,89
51,23,90
51,23,91
51,24,32
51,24,33
51,24,36
51,24,39
51,24,46
51,24,47
51,24,53
51,24,57
51,24,58
51,24,62
51,24,64
51,24,65
51,24,69
51,24,71
51,24,74
51,24,80
51,24,81
51,24,88
51,24,89
51,26,46
51,26,49
51,26,50
51,26,62
51,27,29
51,27,31
51,27,35
51,27,43
51,27,44
51,27,45
51,27,60
51,27,72
51,27,73
51,27,76
51,27,77
51,27,78
51,27,79
51,27,82
51,27,83
51,27,86
51,27,87
51,28,31
51,28,34
51,28,35
51,28,43
51,28,44
51,28,59
51,28,72
51,28,73
51,28,77
51,28,78
51,28,79
51,28,86
51,28,87
51,29,30
51,29,31
51,29,34
51,29,42
51,29,43
51,29,44
51,29,45
51,29,56
51,29,59
51,29,60
51,29,72
51,29,73
51,29,76
51,29,77
51,29,78
51,29,79
51,29,83
51,29,86
51,29,87
51,30,31
51,30,35
51,30,43
51,30,55
51,30,56
51,30,59
51,30,60
51,30,72
51,30,73
51,30,77
51,30,82
51,30,83
51,30,86
51,30,87
51,31,35
51,31,43
51,31,44
51,31,45
51,31,55
51,31,56
51,31,59
51,31,60
51,31,72
51,31,73
51,31,76
51,31,77
51,31,79
51,31,82
51,31,83
51,31,86
51,31,87
51,32,33
51,32,36
51,32,37
51,32,38
51,32,39
51,32,46
51,32,52
51,32,53
51,32,54
51,32,57
51,32,58
51,32,62
51,32,64
51,32,68
51,32,69
51,32,71
51,32,74
51,32,88
51,32,89
51,33,36
51,33,37
51,33,38
51,33,39
51,33,41
51,33,46
51,33,49
51,33,52
51,33,53
51,33,54
51,33,57
51,33,58
51,33,62
51,33,64
51,33,65
51,33,68
51,33,69
51,33,71
51,33,74
51,33,80
51,33,84
51,33,88
51,33,89
51,33,90
51,33,91
51,34,35
51,34,43
51,34,44
51,34,45
51,34,59
51,34,60
51,34,72
51,34,76
51,34,77
51,34,78
51,34,79
51,34,82
51,34,86
51,34,87
51,35,43
51,35,44
51,35,45
51,35,55
51,35,59
51,35,60
51,35,73
51,35,77
51,35,79
51,35,82
51,35,83
51,35,86
51,35,87
51,36,37
51,36,38
51,36,39
51,36,41
51,36,46
51,36,49
51,36,52
51,36,54
51,36,57
51,36,58
51,36,62
51,36,64
51,36,65
51,36,68
51,36,69
51,36,71
51,36,74
51,36,80
51,36,84
51,36,88
51,36,89
51,36,90
51,36,91
51,37,38
51,37,39
51,37,40
51,37,46
51,37,49
51,37,52
51,37,53
51,37,54
51,37,57
51,37,58
51,37,62
51,37,64
51,37,65
51,37,67
51,37,68
51,37,69
51,37,71
51,37,80
51,37,81
51,37,84
51,37,88
51,37,89
51,37,90
51,37,91
51,38,39
51,38,40
51,38,41
51,38,46
51,38,49
51,38,50
51,38,53
51,38,54
51,38,57
51,38,58
51,38,62
51,38,64
51,38,65
51,38,67
51,38,68
51,38,69
51,38,71
51,38,84
51,38,85
51,38,88
51,38,89
51,38,90
51,38,91
51,39,40
51,39,41
51,39,46
51,39,47
51,39,49
51,39,52
51,39,53
51,39,54
51,39,57
51,39,58
51,39,61
51,39,62
51,39,64
51,39,65
51,39,67
51,39,68
51,39,69
51,39,71
51,39,74
51,39,80
51,39,84
51,39,85
51,39,88
51,39,89
51,40,41
51,40,57
51,40,58
51,40,62
51,40,65
51,40,69
51,40,71
51,40,84
51,40,85
51,40,88
51,40,89
51,41,46
51,41,47
51,41,49
51,41,53
51,41,57
51,41,61
51,41,62
51,41,64
51,41,65
51,41,67
51,41,69
51,41,71
51,41,74
51,41,84
51,41,85
51,41,88
51,41,89
51,41,90
51,41,91
51,42,43
51,42,44
51,42,45
51,42,59
51,42,60
51,42,77
51,42,78
51,42,79
51,42,82
51,42,83
51,42,87
51,43,44
51,43,45
51,43,59
51,43,60
51,43,72
51,43,73
51,43,76
51,43,77
51,43,78
51,43,79
51,43,82
51,43,83
51,43,86
51,43,87
51,44,45
51,44,59
51,44,60
51,44,72
51,44,73
51,44,76
51,44,77
51,44,78
51,44,79
51,44,82
51,44,83
51,44,86
51,44,87
51,45,59
51,45,60
51,45,73
51,45,76
51,45,77
51,45,78
51,45,79
51,45,82
51,45,83
51,45,86
51,45,87
51,46,47
51,46,49
51,46,50
51,46,52
51,46,57
51,46,58
51,46,62
51,46,64
51,46,65
51,46,67
51,46,68
51,46,69
51,46,71
51,46,74
51,46,84
51,46,85
51,46,89
51,47,52
51,47,57
51,47,58
51,47,62
51,47,64
51,47,65
51,47,67
51,47,69
51,47,71
51,47,74
51,47,75
51,47,84
51,47,85
51,47,89
51,48,49
51,48,53
51,48,85
51,48,90
51,49,50
51,49,54
51,49,58
51,49,62
51,49,65
51,49,66
51,49,67
51,49,68
51,49,69
51,49,71
51,49,74
51,49,84
51,49,85
51,49,88
51,49,89
51,49,90
51,49,91
51,50,51
51,50,53
51,50,67
51,50,71
51,50,74
51,50,85
51,50,89
51,51,53
51,51,67
51,51,74
51,51,85
51,52,54
51,52,57
51,52,58
51,52,62
51,52,65
51,52,69
51,52,71
51,52,74
51,52,81
51,52,84
51,52,88
51,52,89
51,53,57
51,53,64
51,53,66
51,53,67
51,53,80
51,53,88
51,53,89
51,54,57
51,54,58
51,54,62
51,54,65
51,54,69
51,54,71
51,54,74
51,54,84
51,54,88
51,54,90
51,55,59
51,55,60
51,55,73
51,55,86
51,55,87
51,56,59
51,56,72
51,56,82
51,56,83
51,56,86
51,56,87
51,57,58
51,57,62
51,57,64
51,57,65
51,57,67
51,57,68
51,57,69
51,57,71
51,57,74
51,57,80
51,57,81
51,57,84
51,57,88
51,57,89
51,57,91
51,58,62
51,58,64
51,58,65
51,58,68
51,58,69
51,58,71
51,58,80
51,58,81
51,58,84
51,58,88
51,58,89
51,58,90
51,58,91
51,59,60
51,59,72
51,59,73
51,59,76
51,59,77
51,59,78
51,59,79
51,59,82
51,59,83
51,59,86
51,59,87
51,60,72
51,60,73
51,60,76
51,60,77
51,60,78
51,60,79
51,60,82
51,60,83
51,60,86
51,60,87
51,61,62
51,61,74
51,61,84
51,61,85
51,61,88
51,61,90
51,61,91
51,62,64
51,62,65
51,62,66
51,62,67
51,62,68
51,62,69
51,62,71
51,62,74
51,62,75
51,62,84
51,62,85
51,62,88
51,62,89
51,62,90
51,62,91
51,63,83
51,64,69
51,64,71
51,64,74
51,64,80
51,64,84
51,64,88
51,64,89
51,65,66
51,65,67
51,65,68
51,65,69
51,65,71
51,65,74
51,65,84
51,65,85
51,65,89
51,65,90
51,65,91
51,66,67
51,66,74
51,66,84
51,66,85
51,66,90
51,67,68
51,67,69
51,67,71
51,67,74
51,67,84
51,67,85
51,67,89
51,68,69
51,68,71
51,68,88
51,68,90
51,68,91
51,69,71
51,69,74
51,69,80
51,69,81
51,69,84
51,69,85
51,69,88
51,69,89
51,69,90
51,69,91
51,71,74
51,71,80
51,71,81
51,71,84
51,71,85
51,71,88
51,71,89
51,71,90
51,71,91
51,72,73
51,72,77
51,72,79
51,72,83
51,72,86
51,73,76
51,73,77
51,73,78
51,73,79
51,73,82
51,73,83
51,73,86
51,73,87
51,74,75
51,74,84
51,74,85
51,74,89
51,74,90
51,76,77
51,76,78
51,76,79
51,76,82
51,76,83
51,76,86
51,76,87
51,77,78
51,77,79
51,77,82
51,77,83
51,77,86
51,77,87
51,78,79
51,78,82
51,78,87
51,79,82
51,79,83
51,79,86
51,79,87
51,80,81
51,80,89
51,82,83
51,82,86
51,82,87
51,83,86
51,83,87
51,84,85
51,84,88
51,84,89
51,84,90
51,84,91
51,85,88
51,85,89
51,86,87
51,88,89
51,88,90
51,89,91
51,90,91
52,1,79
52,1,88
52,2,15
52,2,16
52,2,59
52,2,71
52,2,88
52,3,14
52,3,44
52,3,45
52,3,77
52,3,79
52,5,7
52,5,8
52,5,17
52,5,18
52,5,42
52,5,47
52,5,48
52,5,49
52,5,50
52,5,57
52,5,61
52,5,65
52,5,85
52,5,86
52,5,92
52,5,93
52,6,42
52,6,61
52,6,62
52,6,93
52,7,8
52,7,51
52,7,65
52,7,68
52,8,17
52,8,18
52,8,24
52,8,51
52,8,61
52,8,65
52,8,85
52,9,10
52,9,11
52,9,19
52,9,23
52,9,33
52,9,34
52,9,38
52,9,39
52,9,40
52,9,42
52,9,70
52,9,80
52,9,81
52,10,23
52,10,24
52,10,34
52,10,37
52,10,38
52,10,40
52,10,42
52,10,66
52,10,70
52,11,19
52,11,23
52,11,33
52,11,34
52,11,38
52,11,39
52,11,40
52,11,41
52,11,42
52,11,50
52,11,61
52,11,64
52,11,81
52,11,92
52,12,29
52,12,30
52,13,88
52,14,44
52,14,59
52,14,72
52,14,84
52,14,87
52,14,88
52,15,16
52,15,21
52,15,44
52,15,51
52,15,71
52,15,88
52,16,44
52,16,72
52,16,88
52,17,18
52,17,47
52,17,48
52,17,49
52,17,51
52,17,61
52,17,65
52,17,73
52,17,85
52,17,86
52,18,48
52,18,49
52,18,50
52,18,51
52,18,61
52,18,65
52,18,68
52,18,85
52,18,86
52,19,23
52,19,33
52,19,34
52,19,37
52,19,38
52,19,40
52,19,42
52,19,53
52,19,61
52,19,64
52,19,66
52,19,70
52,19,80
52,19,81
52,19,91
52,19,92
52,19,93
52,20,79
52,21,22
52,21,44
52,21,79
52,21,84
52,21,87
52,21,88
52,22,44
52,22,77
52,22,79
52,22,82
52,22,84
52,22,88
52,23,24
52,23,33
52,23,34
52,23,37
52,23,38
52,23,40
52,23,41
52,23,42
52,23,53
52,23,61
52,23,64
52,23,66
52,23,80
52,23,81
52,23,92
52,23,93
52,24,33
52,24,34
52,24,38
52,24,40
52,24,53
52,24,54
52,24,61
52,24,66
52,24,81
52,24,93
52,26,42
52,26,53
52,26,66
52,26,81
52,27,29
52,27,45
52,27,60
52,27,76
52,27,83
52,27,87
52,28,30
52,28,36
52,28,46
52,28,56
52,28,79
52,29,30
52,29,45
52,29,58
52,29,87
52,29,89
52,30,31
52,30,32
52,30,63
52,30,84
52,31,84
52,32,36
52,32,58
52,32,70
52,33,34
52,33,38
52,33,39
52,33,40
52,33,41
52,33,53
52,33,64
52,33,80
52,33,81
52,33,92
52,33,93
52,34,37
52,34,38
52,34,40
52,34,41
52,34,42
52,34,49
52,34,53
52,34,54
52,34,61
52,34,64
52,34,66
52,34,70
52,34,80
52,34,81
52,34,85
52,34,91
52,34,92
52,34,93
52,35,36
52,35,58
52,35,89
52,36,58
52,36,63
52,36,82
52,36,84
52,36,89
52,36,90
52,37,38
52,37,40
52,37,42
52,37,57
52,37,61
52,37,68
52,37,70
52,38,40
52,38,41
52,38,42
52,38,53
52,38,61
52,38,62
52,38,64
52,38,66
52,38,70
52,38,80
52,38,81
52,38,93
52,39,40
52,39,41
52,39,42
52,39,50
52,39,62
52,39,66
52,40,41
52,40,42
52,40,53
52,40,61
52,40,64
52,40,66
52,40,70
52,40,81
52,40,91
52,40,92
52,40,93
52,41,42
52,41,50
52,41,53
52,41,61
52,41,62
52,41,66
52,41,81
52,41,92
52,41,93
52,42,50
52,42,53
52,42,54
52,42,61
52,42,62
52,42,66
52,42,67
52,42,70
52,42,81
52,42,86
52,42,91
52,42,92
52,42,93
52,43,44
52,43,60
52,43,77
52,43,88
52,44,45
52,44,59
52,44,76
52,44,77
52,44,79
52,44,88
52,45,77
52,45,84
52,45,87
52,45,88
52,46,78
52,46,82
52,46,84
52,47,73
52,49,50
52,49,61
52,49,85
52,50,61
52,50,92
52,51,65
52,51,79
52,51,85
52,51,86
52,51,88
52,53,54
52,53,61
52,53,66
52,53,85
52,53,92
52,53,93
52,54,85
52,55,58
52,56,79
52,57,61
52,57,66
52,57,69
52,57,70
52,57,91
52,58,82
52,58,87
52,58,88
52,58,89
52,59,60
52,59,71
52,59,79
52,59,88
52,60,76
52,60,77
52,60,84
52,60,87
52,61,62
52,61,66
52,61,81
52,61,85
52,61,86
52,61,91
52,61,92
52,61,93
52,62,66
52,62,73
52,62,86
52,63,89
52,64,80
52,64,81
52,65,85
52,66,70
52,66,81
52,66,91
52,66,92
52,67,68
52,69,70
52,69,91
52,70,80
52,70,91
52,71,84
52,73,85
52,73,86
52,75,77
52,75,79
52,76,84
52,77,79
52,77,88
52,78,82
52,78,88
52,80,81
52,81,91
52,82,84
52,84,87
52,84,88
52,85,86
52,87,88
52,91,92
52,92,93
53,1,2
53,1,3
53,1,4
53,1,5
53,1,13
53,1,14
53,1,15
53,1,16
53,1,17
53,1,27
53,1,32
53,1,36
53,1,47
53,1,48
53,1,49
53,1,63
53,1,64
53,1,65
53,1,75
53,1,79
53,1,80
53,1,82
53,1,85
53,1,86
53,1,90
53,2,3
53,2,4
53,2,5
53,2,14
53,2,15
53,2,16
53,2,17
53,2,22
53,2,23
53,2,27
53,2,29
53,2,32
53,2,36
53,2,47
53,2,48
53,2,49
53,2,61
53,2,63
53,2,65
53,2,75
53,2,79
53,2,80
53,2,82
53,2,85
53,2,86
53,2,89
53,2,90
53,3,4
53,3,5
53,3,13
53,3,14
53,3,15
53,3,16
53,3,17
53,3,20
53,3,22
53,3,23
53,3,27
53,3,28
53,3,29
53,3,30
53,3,32
53,3,36
53,3,45
53,3,46
53,3,47
53,3,48
53,3,49
53,3,58
53,3,59
53,3,61
53,3,63
53,3,65
53,3,68
53,3,75
53,3,79
53,3,80
53,3,81
53,3,82
53,3,85
53,3,86
53,3,89
53,3,90
53,3,91
53,3,92
53,4,5
53,4,13
53,4,14
53,4,15
53,4,16
53,4,17
53,4,20
53,4,22
53,4,23
53,4,27
53,4,28
53,4,29
53,4,32
53,4,36
53,4,45
53,4,46
53,4,47
53,4,48
53,4,49
53,4,61
53,4,62
53,4,63
53,4,65
53,4,79
53,4,80
53,4,81
53,4,82
53,4,85
53,4,86
53,4,89
53,4,90
53,4,91
53,4,92
53,5,12
53,5,13
53,5,14
53,5,15
53,5,16
53,5,17
53,5,20
53,5,22
53,5,23
53,5,27
53,5,28
53,5,29
53,5,30
53,5,32
53,5,36
53,5,45
53,5,47
53,5,48
53,5,49
53,5,51
53,5,58
53,5,59
53,5,61
53,5,63
53,5,65
53,5,75
53,5,79
53,5,80
53,5,81
53,5,82
53,5,85
53,5,86
53,5,89
53,5,90
53,5,91
53,5,92
53,6,8
53,6,9
53,6,10
53,6,11
53,6,18
53,6,19
53,6,21
53,6,24
53,6,25
53,6,33
53,6,34
53,6,37
53,6,38
53,6,41
53,6,43
53,6,44
53,6,50
53,6,51
53,6,53
53,6,54
53,6,55
53,6,56
53,6,66
53,6,67
53,6,69
53,6,70
53,6,71
53,6,73
53,6,74
53,6,87
53,6,94
53,7,8
53,7,16
53,7,18
53,7,50
53,7,54
53,8,18
53,8,19
53,8,41
53,8,50
53,8,54
53,8,55
53,8,66
53,8,70
53,8,77
53,9,10
53,9,11
53,9,18
53,9,21
53,9,24
53,9,25
53,9,33
53,9,34
53,9,37
53,9,38
53,9,39
53,9,40
53,9,41
53,9,42
53,9,43
53,9,44
53,9,53
53,9,55
53,9,56
53,9,64
53,9,67
53,9,69
53,9,70
53,9,72
53,9,73
53,9,74
53,9,83
53,9,84
53,9,87
53,9,94
53,10,11
53,10,18
53,10,21
53,10,24
53,10,25
53,10,33
53,10,34
53,10,37
53,10,38
53,10,39
53,10,40
53,10,41
53,10,42
53,10,43
53,10,44
53,10,53
53,10,55
53,10,56
53,10,67
53,10,69
53,10,72
53,10,73
53,10,74
53,10,83
53,10,84
53,10,87
53,10,94
53,11,18
53,11,19
53,11,21
53,11,24
53,11,25
53,11,33
53,11,34
53,11,37
53,11,38
53,11,39
53,11,41
53,11,42
53,11,43
53,11,44
53,11,50
53,11,53
53,11,55
53,11,56
53,11,67
53,11,69
53,11,70
53,11,71
53,11,72
53,11,73
53,11,74
53,11,83
53,11,84
53,11,87
53,11,94
53,12,14
53,12,15
53,12,17
53,12,20
53,12,22
53,12,23
53,12,28
53,12,29
53,12,30
53,12,31
53,12,35
53,12,36
53,12,47
53,12,49
53,12,57
53,12,58
53,12,59
53,12,61
53,12,63
53,12,68
53,12,79
53,12,81
53,12,89
53,12,90
53,12,91
53,12,92
53,13,15
53,13,16
53,13,17
53,13,22
53,13,23
53,13,27
53,13,32
53,13,45
53,13,47
53,13,48
53,13,62
53,13,63
53,13,65
53,13,76
53,13,79
53,13,80
53,13,82
53,13,86
53,14,15
53,14,17
53,14,20
53,14,22
53,14,23
53,14,27
53,14,28
53,14,29
53,14,30
53,14,31
53,14,32
53,14,35
53,14,36
53,14,45
53,14,47
53,14,48
53,14,49
53,14,57
53,14,58
53,14,59
53,14,61
53,14,63
53,14,65
53,14,79
53,14,80
53,14,81
53,14,82
53,14,85
53,14,86
53,14,89
53,14,90
53,14,91
53,14,92
53,15,16
53,15,17
53,15,20
53,15,22
53,15,23
53,15,27
53,15,28
53,15,29
53,15,30
53,15,31
53,15,32
53,15,35
53,15,36
53,15,45
53,15,47
53,15,48
53,15,49
53,15,57
53,15,58
53,15,59
53,15,61
53,15,63
53,15,65
53,15,68
53,15,75
53,15,79
53,15,80
53,15,81
53,15,82
53,15,85
53,15,86
53,15,89
53,15,90
53,15,91
53,15,92
53,16,26
53,16,27
53,16,32
53,16,45
53,16,47
53,16,48
53,16,49
53,16,52
53,16,54
53,16,62
53,16,65
53,16,75
53,16,76
53,16,78
53,16,79
53,16,80
53,16,82
53,16,86
53,17,20
53,17,22
53,17,23
53,17,27
53,17,28
53,17,29
53,17,30
53,17,32
53,17,36
53,17,45
53,17,47
53,17,48
53,17,49
53,17,58
53,17,59
53,17,61
53,17,63
53,17,65
53,17,79
53,17,80
53,17,81
53,17,82
53,17,85
53,17,86
53,17,89
53,17,90
53,17,91
53,17,92
53,18,19
53,18,21
53,18,24
53,18,25
53,18,33
53,18,34
53,18,37
53,18,38
53,18,39
53,18,41
53,18,43
53,18,44
53,18,50
53,18,53
53,18,54
53,18,55
53,18,56
53,18,64
53,18,66
53,18,67
53,18,69
53,18,70
53,18,71
53,18,73
53,18,74
53,18,77
53,18,83
53,18,87
53,18,93
53,18,94
53,19,24
53,19,25
53,19,37
53,19,38
53,19,41
53,19,44
53,19,50
53,19,51
53,19,54
53,19,55
53,19,64
53,19,66
53,19,70
53,19,71
53,19,74
53,19,77
53,19,87
53,19,88
53,19,93
53,20,22
53,20,23
53,20,28
53,20,29
53,20,30
53,20,31
53,20,32
53,20,35
53,20,36
53,20,47
53,20,48
53,20,49
53,20,57
53,20,58
53,20,59
53,20,61
53,20,63
53,20,68
53,20,79
53,20,81
53,20,82
53,20,89
53,20,90
53,20,91
53,20,92
53,21,24
53,21,25
53,21,33
53,21,34
53,21,37
53,21,38
53,21,39
53,21,40
53,21,41
53,21,43
53,21,44
53,21,53
53,21,55
53,21,56
53,21,67
53,21,69
53,21,72
53,21,73
53,21,74
53,21,83
53,21,84
53,21,94
53,22,23
53,22,27
53,22,28
53,22,29
53,22,30
53,22,31
53,22,32
53,22,35
53,22,36
53,22,45
53,22,47
53,22,48
53,22,49
53,22,57
53,22,58
53,22,59
53,22,61
53,22,63
53,22,65
53,22,68
53,22,79
53,22,80
53,22,81
53,22,82
53,22,85
53,22,86
53,22,89
53,22,90
53,22,91
53,22,92
53,23,27
53,23,28
53,23,29
53,23,30
53,23,31
53,23,32
53,23,35
53,23,36
53,23,45
53,23,47
53,23,48
53,23,49
53,23,57
53,23,58
53,23,59
53,23,61
53,23,63
53,23,65
53,23,68
53,23,79
53,23,80
53,23,81
53,23,82
53,23,85
53,23,86
53,23,89
53,23,90
53,23,91
53,23,92
53,24,25
53,24,33
53,24,34
53,24,37
53,24,38
53,24,39
53,24,40
53,24,41
53,24,43
53,24,44
53,24,53
53,24,55
53,24,56
53,24,67
53,24,69
53,24,70
53,24,71
53,24,72
53,24,73
53,24,74
53,24,83
53,24,84
53,24,87
53,24,94
53,25,33
53,25,34
53,25,37
53,25,38
53,25,41
53,25,42
53,25,44
53,25,53
53,25,54
53,25,55
53,25,56
53,25,64
53,25,67
53,25,69
53,25,70
53,25,71
53,25,74
53,25,83
53,25,84
53,25,87
53,25,88
53,25,94
53,27,28
53,27,29
53,27,32
53,27,45
53,27,46
53,27,47
53,27,48
53,27,49
53,27,63
53,27,65
53,27,75
53,27,79
53,27,80
53,27,82
53,27,85
53,27,86
53,27,89
53,27,90
53,28,29
53,28,30
53,28,31
53,28,32
53,28,35
53,28,36
53,28,45
53,28,47
53,28,48
53,28,49
53,28,57
53,28,58
53,28,59
53,28,61
53,28,63
53,28,65
53,28,68
53,28,79
53,28,80
53,28,81
53,28,82
53,28,85
53,28,86
53,28,89
53,28,90
53,28,91
53,28,92
53,29,30
53,29,32
53,29,36
53,29,45
53,29,46
53,29,47
53,29,48
53,29,49
53,29,58
53,29,61
53,29,63
53,29,65
53,29,79
53,29,80
53,29,81
53,29,82
53,29,85
53,29,86
53,29,89
53,29,90
53,29,91
53,29,92
53,30,31
53,30,32
53,30,36
53,30,47
53,30,48
53,30,49
53,30,57
53,30,58
53,30,59
53,30,61
53,30,63
53,30,68
53,30,79
53,30,81
53,30,89
53,30,90
53,30,91
53,30,92
53,31,35
53,31,36
53,31,57
53,31,58
53,31,59
53,31,61
53,31,68
53,31,81
53,31,89
53,31,90
53,31,91
53,31,92
53,32,36
53,32,45
53,32,47
53,32,48
53,32,49
53,32,58
53,32,59
53,32,61
53,32,63
53,32,65
53,32,68
53,32,75
53,32,79
53,32,80
53,32,82
53,32,85
53,32,86
53,32,89
53,32,90
53,32,91
53,32,92
53,33,34
53,33,37
53,33,38
53,33,39
53,33,40
53,33,41
53,33,42
53,33,43
53,33,44
53,33,53
53,33,55
53,33,56
53,33,64
53,33,67
53,33,69
53,33,72
53,33,73
53,33,74
53,33,83
53,33,84
53,33,87
53,33,94
53,34,37
53,34,38
53,34,39
53,34,41
53,34,42
53,34,43
53,34,44
53,34,53
53,34,55
53,34,56
53,34,64
53,34,67
53,34,69
53,34,72
53,34,73
53,34,74
53,34,83
53,34,84
53,34,94
53,35,36
53,35,49
53,35,58
53,35,59
53,35,61
53,35,63
53,35,68
53,35,89
53,35,90
53,35,91
53,36,47
53,36,48
53,36,49
53,36,57
53,36,58
53,36,59
53,36,61
53,36,63
53,36,65
53,36,68
53,36,79
53,36,81
53,36,82
53,36,85
53,36,86
53,36,89
53,36,90
53,36,91
53,36,92
53,37,38
53,37,39
53,37,40
53,37,41
53,37,42
53,37,43
53,37,44
53,37,53
53,37,55
53,37,56
53,37,64
53,37,67
53,37,69
53,37,70
53,37,72
53,37,73
53,37,74
53,37,83
53,37,84
53,37,87
53,37,94
53,38,39
53,38,40
53,38,41
53,38,42
53,38,43
53,38,44
53,38,53
53,38,55
53,38,56
53,38,67
53,38,69
53,38,70
53,38,72
53,38,73
53,38,74
53,38,83
53,38,84
53,38,87
53,38,94
53,39,40
53,39,41
53,39,42
53,39,43
53,39,44
53,39,53
53,39,55
53,39,56
53,39,64
53,39,67
53,39,69
53,39,72
53,39,73
53,39,74
53,39,83
53,39,84
53,39,94
53,40,43
53,40,44
53,40,53
53,40,56
53,40,59
53,40,67
53,40,68
53,40,73
53,40,74
53,40,83
53,40,84
53,40,94
53,41,43
53,41,44
53,41,50
53,41,53
53,41,54
53,41,55
53,41,56
53,41,66
53,41,67
53,41,69
53,41,70
53,41,71
53,41,72
53,41,73
53,41,74
53,41,77
53,41,83
53,41,84
53,41,87
53,41,94
53,42,44
53,42,51
53,42,53
53,42,56
53,42,64
53,42,69
53,42,72
53,42,73
53,42,74
53,42,75
53,42,84
53,42,87
53,42,93
53,42,94
53,43,44
53,43,50
53,43,53
53,43,55
53,43,56
53,43,67
53,43,69
53,43,72
53,43,73
53,43,74
53,43,83
53,43,94
53,44,53
53,44,55
53,44,56
53,44,66
53,44,67
53,44,69
53,44,70
53,44,72
53,44,73
53,44,74
53,44,83
53,44,84
53,44,94
53,45,47
53,45,48
53,45,49
53,45,62
53,45,63
53,45,65
53,45,79
53,45,80
53,45,81
53,45,82
53,45,86
53,45,89
53,45,90
53,45,92
53,46,48
53,46,49
53,46,65
53,46,75
53,46,76
53,46,79
53,46,80
53,46,85
53,46,86
53,47,48
53,47,49
53,47,58
53,47,61
53,47,63
53,47,65
53,47,79
53,47,80
53,47,81
53,47,82
53,47,85
53,47,86
53,47,89
53,47,90
53,47,91
53,47,92
53,48,49
53,48,61
53,48,62
53,48,63
53,48,65
53,48,79
53,48,80
53,48,81
53,48,82
53,48,85
53,48,86
53,48,89
53,48,90
53,48,91
53,48,92
53,49,58
53,49,59
53,49,61
53,49,62
53,49,63
53,49,65
53,49,68
53,49,79
53,49,80
53,49,81
53,49,82
53,49,85
53,49,86
53,49,89
53,49,90
53,49,91
53,49,92
53,50,51
53,50,54
53,50,55
53,50,66
53,50,70
53,50,77
53,50,88
53,51,54
53,51,87
53,51,93
53,52,62
53,52,78
53,53,55
53,53,56
53,53,64
53,53,67
53,53,69
53,53,72
53,53,73
53,53,74
53,53,83
53,53,84
53,53,87
53,53,94
53,54,55
53,54,66
53,54,70
53,54,71
53,54,77
53,54,87
53,54,93
53,55,56
53,55,67
53,55,69
53,55,70
53,55,71
53,55,72
53,55,73
53,55,74
53,55,83
53,55,84
53,55,87
53,55,94
53,56,64
53,56,69
53,56,72
53,56,73
53,56,74
53,56,83
53,56,84
53,56,94
53,57,58
53,57,59
53,57,61
53,57,63
53,57,68
53,57,81
53,57,89
53,57,90
53,57,91
53,57,92
53,58,59
53,58,61
53,58,63
53,58,68
53,58,79
53,58,81
53,58,89
53,58,90
53,58,91
53,58,92
53,59,61
53,59,63
53,59,68
53,59,86
53,59,89
53,59,90
53,59,91
53,59,92
53,61,63
53,61,68
53,61,79
53,61,81
53,61,82
53,61,85
53,61,86
53,61,89
53,61,90
53,61,91
53,61,92
53,62,76
53,62,78
53,62,82
53,62,86
53,63,65
53,63,68
53,63,75
53,63,79
53,63,80
53,63,81
53,63,82
53,63,85
53,63,86
53,63,89
53,63,90
53,63,91
53,63,92
53,64,69
53,64,70
53,64,74
53,64,84
53,64,87
53,64,93
53,64,94
53,65,75
53,65,79
53,65,80
53,65,82
53,65,85
53,65,86
53,65,89
53,65,90
53,66,77
53,66,87
53,67,69
53,67,70
53,67,72
53,67,73
53,67,74
53,67,83
53,67,84
53,67,87
53,67,94
53,68,79
53,68,89
53,68,90
53,68,91
53,68,92
53,69,70
53,69,73
53,69,74
53,69,83
53,69,84
53,69,87
53,69,94
53,70,73
53,70,87
53,70,94
53,71,87
53,71,88
53,72,73
53,72,74
53,72,83
53,72,84
53,72,94
53,73,74
53,73,83
53,73,84
53,73,87
53,73,94
53,74,83
53,74,84
53,74,87
53,74,94
53,75,79
53,75,85
53,75,86
53,76,78
53,76,86
53,79,80
53,79,81
53,79,82
53,79,85
53,79,86
53,79,89
53,79,90
53,79,91
53,79,92
53,80,81
53,80,82
53,80,85
53,80,86
53,80,89
53,80,90
53,80,91
53,81,82
53,81,89
53,81,90
53,81,91
53,81,92
53,82,85
53,82,86
53,82,89
53,82,90
53,82,91
53,82,92
53,83,84
53,83,87
53,83,94
53,84,87
53,84,94
53,85,86
53,85,89
53,85,90
53,86,89
53,86,90
53,86,92
53,87,88
53,87,93
53,87,94
53,88,93
53,89,90
53,89,91
53,89,92
53,90,91
53,90,92
53,91,92
54,1,3
54,1,42
54,1,70
54,2,15
54,3,4
54,3,13
54,3,41
54,3,43
54,3,72
54,4,13
54,4,41
54,4,42
54,4,44
54,4,71
54,4,72
54,6,17
54,6,61
54,7,64
54,8,18
54,8,87
54,9,24
54,9,31
54,9,36
54,9,38
54,9,40
54,9,51
54,9,65
54,9,84
54,10,20
54,10,23
54,10,24
54,10,31
54,10,32
54,10,35
54,10,36
54,10,37
54,10,38
54,10,40
54,10,51
54,10,62
54,10,63
54,10,65
54,10,66
54,10,77
54,10,78
54,10,82
54,10,84
54,11,16
54,11,79
54,12,83
54,13,22
54,13,41
54,13,71
54,15,21
54,15,27
54,15,29
54,15,53
54,15,60
54,15,67
54,15,83
54,16,67
54,17,40
54,17,51
54,17,56
54,17,57
54,17,61
54,17,62
54,17,66
54,17,81
54,17,82
54,17,84
54,17,87
54,17,88
54,18,45
54,18,46
54,18,61
54,18,76
54,19,29
54,19,52
54,19,86
54,20,23
54,20,24
54,20,31
54,20,32
54,20,36
54,20,38
54,20,40
54,20,51
54,20,59
54,20,62
54,20,65
54,20,66
54,20,82
54,20,84
54,21,22
54,22,67
54,23,24
54,23,31
54,23,32
54,23,35
54,23,36
54,23,37
54,23,38
54,23,40
54,23,47
54,23,51
54,23,65
54,23,66
54,23,78
54,24,31
54,24,36
54,24,37
54,24,38
54,24,40
54,24,51
54,24,59
54,24,65
54,24,66
54,25,55
54,25,70
54,28,41
54,28,44
54,28,80
54,29,86
54,31,32
54,31,36
54,31,38
54,31,51
54,31,65
54,31,66
54,31,78
54,31,84
54,32,36
54,32,38
54,32,40
54,32,51
54,32,62
54,32,66
54,32,77
54,32,78
54,32,82
54,32,84
54,33,34
54,33,53
54,33,83
54,34,60
54,34,83
54,34,85
54,35,36
54,35,37
54,35,40
54,35,51
54,35,59
54,35,62
54,35,84
54,36,38
54,36,51
54,36,59
54,36,65
54,36,66
54,37,38
54,37,40
54,37,51
54,37,62
54,37,84
54,38,40
54,38,51
54,38,62
54,38,65
54,38,66
54,38,77
54,38,78
54,38,84
54,39,40
54,39,62
54,39,82
54,39,84
54,39,88
54,40,50
54,40,62
54,40,66
54,40,77
54,40,81
54,40,82
54,40,84
54,41,44
54,41,71
54,41,72
54,41,80
54,42,68
54,42,73
54,44,72
54,45,46
54,45,57
54,45,82
54,46,55
54,46,57
54,46,76
54,46,82
54,47,84
54,48,55
54,48,70
54,50,62
54,50,84
54,51,59
54,51,62
54,51,63
54,51,65
54,51,66
54,51,77
54,51,78
54,51,84
54,52,53
54,52,54
54,52,79
54,55,70
54,56,61
54,56,87
54,57,61
54,57,62
54,57,81
54,57,87
54,57,88
54,58,70
54,59,66
54,59,84
54,60,83
54,60,85
54,61,62
54,61,81
54,61,82
54,61,87
54,61,88
54,62,66
54,62,77
54,62,81
54,62,82
54,62,84
54,63,66
54,63,84
54,65,66
54,65,78
54,65,84
54,66,78
54,66,84
54,67,72
54,68,70
54,68,80
54,71,72
54,71,73
54,77,78
54,77,84
54,78,84
54,79,80
54,81,82
54,81,88
54,82,84
54,82,88
54,85,86
54,87,88
55,1,2
55,1,3
55,1,4
55,1,5
55,1,12
55,1,13
55,1,14
55,1,15
55,1,21
55,1,25
55,1,42
55,1,43
55,1,44
55,1,45
55,1,46
55,1,59
55,1,71
55,1,72
55,1,76
55,1,78
55,1,79
55,1,91
55,2,12
55,2,42
55,2,71
55,2,76
55,2,79
55,3,4
55,3,5
55,3,12
55,3,13
55,3,14
55,3,15
55,3,16
55,3,18
55,3,21
55,3,25
55,3,42
55,3,45
55,3,46
55,3,54
55,3,58
55,3,59
55,3,70
55,3,72
55,3,75
55,3,76
55,3,77
55,3,78
55,3,79
55,3,80
55,3,85
55,3,86
55,3,91
55,4,5
55,4,12
55,4,13
55,4,14
55,4,15
55,4,16
55,4,21
55,4,25
55,4,42
55,4,45
55,4,46
55,4,54
55,4,58
55,4,59
55,4,75
55,4,76
55,4,77
55,4,78
55,4,79
55,4,80
55,4,85
55,4,86
55,4,91
55,5,12
55,5,13
55,5,14
55,5,15
55,5,16
55,5,21
55,5,41
55,5,42
55,5,45
55,5,46
55,5,59
55,5,75
55,5,76
55,5,78
55,5,79
55,5,85
55,5,86
55,6,9
55,6,10
55,6,17
55,6,19
55,6,20
55,6,22
55,6,23
55,6,24
55,6,26
55,6,27
55,6,31
55,6,32
55,6,33
55,6,35
55,6,36
55,6,37
55,6,38
55,6,39
55,6,40
55,6,51
55,6,52
55,6,53
55,6,56
55,6,57
55,6,61
55,6,63
55,6,64
55,6,66
55,6,67
55,6,68
55,6,69
55,6,82
55,6,87
55,6,89
55,6,92
55,6,93
55,7,9
55,7,17
55,7,23
55,7,27
55,7,31
55,7,35
55,7,57
55,7,82
55,7,84
55,7,89
55,7,93
55,7,94
55,8,48
55,8,81
55,9,10
55,9,17
55,9,19
55,9,22
55,9,23
55,9,24
55,9,26
55,9,27
55,9,31
55,9,32
55,9,33
55,9,35
55,9,36
55,9,37
55,9,38
55,9,39
55,9,40
55,9,47
55,9,50
55,9,52
55,9,53
55,9,56
55,9,57
55,9,60
55,9,61
55,9,63
55,9,64
55,9,66
55,9,67
55,9,68
55,9,69
55,9,82
55,9,83
55,9,84
55,9,87
55,9,89
55,9,92
55,9,93
55,9,94
55,10,17
55,10,19
55,10,20
55,10,22
55,10,23
55,10,24
55,10,27
55,10,31
55,10,32
55,10,33
55,10,35
55,10,36
55,10,37
55,10,38
55,10,39
55,10,40
55,10,52
55,10,53
55,10,56
55,10,57
55,10,61
55,10,63
55,10,64
55,10,66
55,10,67
55,10,68
55,10,69
55,10,82
55,10,83
55,10,84
55,10,87
55,10,89
55,10,92
55,10,93
55,10,94
55,11,28
55,11,42
55,11,55
55,11,76
55,11,90
55,12,13
55,12,14
55,12,15
55,12,16
55,12,21
55,12,25
55,12,42
55,12,43
55,12,45
55,12,46
55,12,54
55,12,55
55,12,59
55,12,72
55,12,75
55,12,76
55,12,78
55,12,79
55,12,80
55,12,86
55,12,91
55,13,14
55,13,15
55,13,16
55,13,18
55,13,21
55,13,25
55,13,42
55,13,45
55,13,46
55,13,49
55,13,54
55,13,58
55,13,59
55,13,70
55,13,72
55,13,75
55,13,76
55,13,78
55,13,79
55,13,80
55,13,85
55,13,86
55,13,91
55,14,15
55,14,16
55,14,21
55,14,42
55,14,45
55,14,46
55,14,54
55,14,59
55,14,70
55,14,72
55,14,75
55,14,78
55,14,79
55,14,80
55,14,85
55,14,86
55,14,91
55,15,16
55,15,21
55,15,25
55,15,42
55,15,46
55,15,58
55,15,59
55,15,70
55,15,71
55,15,72
55,15,75
55,15,76
55,15,78
55,15,79
55,15,80
55,15,85
55,15,86
55,15,91
55,16,21
55,16,42
55,16,46
55,16,59
55,16,70
55,16,71
55,16,72
55,16,75
55,16,78
55,16,79
55,16,85
55,16,86
55,16,91
55,17,19
55,17,22
55,17,23
55,17,24
55,17,26
55,17,27
55,17,31
55,17,32
55,17,35
55,17,37
55,17,38
55,17,39
55,17,40
55,17,47
55,17,50
55,17,51
55,17,52
55,17,53
55,17,56
55,17,57
55,17,60
55,17,61
55,17,63
55,17,64
55,17,65
55,17,66
55,17,67
55,17,68
55,17,82
55,17,87
55,17,89
55,17,92
55,17,93
55,17,94
55,18,25
55,18,43
55,18,44
55,18,49
55,18,58
55,18,71
55,18,72
55,18,74
55,18,79
55,18,80
55,18,81
55,18,88
55,19,20
55,19,22
55,19,23
55,19,24
55,19,27
55,19,31
55,19,32
55,19,33
55,19,35
55,19,36
55,19,37
55,19,38
55,19,39
55,19,40
55,19,52
55,19,53
55,19,56
55,19,57
55,19,60
55,19,61
55,19,63
55,19,64
55,19,65
55,19,66
55,19,67
55,19,68
55,19,69
55,19,82
55,19,83
55,19,87
55,19,89
55,19,92
55,19,93
55,19,94
55,20,22
55,20,24
55,20,27
55,20,31
55,20,35
55,20,37
55,20,38
55,20,40
55,20,50
55,20,51
55,20,52
55,20,53
55,20,56
55,20,57
55,20,60
55,20,61
55,20,63
55,20,64
55,20,66
55,20,67
55,20,68
55,20,82
55,20,87
55,20,89
55,21,41
55,21,42
55,21,45
55,21,46
55,21,54
55,21,59
55,21,72
55,21,75
55,21,76
55,21,77
55,21,78
55,21,79
55,21,85
55,21,86
55,21,90
55,22,23
55,22,24
55,22,27
55,22,31
55,22,32
55,22,33
55,22,35
55,22,36
55,22,37
55,22,38
55,22,39
55,22,40
55,22,47
55,22,50
55,22,52
55,22,53
55,22,56
55,22,57
55,22,60
55,22,61
55,22,63
55,22,64
55,22,66
55,22,67
55,22,68
55,22,69
55,22,82
55,22,83
55,22,87
55,22,89
55,22,92
55,22,93
55,22,94
55,23,24
55,23,26
55,23,27
55,23,31
55,23,32
55,23,33
55,23,35
55,23,36
55,23,37
55,23,38
55,23,39
55,23,40
55,23,47
55,23,52
55,23,53
55,23,56
55,23,57
55,23,60
55,23,61
55,23,63
55,23,64
55,23,66
55,23,67
55,23,68
55,23,69
55,23,82
55,23,83
55,23,87
55,23,89
55,23,92
55,23,93
55,23,94
55,24,27
55,24,31
55,24,32
55,24,33
55,24,35
55,24,36
55,24,37
55,24,38
55,24,39
55,24,40
55,24,52
55,24,53
55,24,56
55,24,57
55,24,60
55,24,61
55,24,63
55,24,64
55,24,66
55,24,67
55,24,68
55,24,69
55,24,82
55,24,83
55,24,87
55,24,89
55,24,92
55,24,93
55,24,94
55,25,44
55,25,49
55,25,58
55,25,59
55,25,71
55,25,72
55,25,78
55,25,79
55,25,81
55,26,27
55,26,39
55,26,40
55,26,47
55,26,50
55,26,52
55,26,56
55,26,60
55,26,61
55,26,64
55,26,65
55,26,66
55,26,67
55,26,71
55,26,84
55,26,89
55,27,31
55,27,32
55,27,33
55,27,35
55,27,36
55,27,37
55,27,38
55,27,39
55,27,40
55,27,47
55,27,50
55,27,51
55,27,52
55,27,53
55,27,56
55,27,57
55,27,60
55,27,61
55,27,63
55,27,64
55,27,66
55,27,67
55,27,68
55,27,69
55,27,82
55,27,83
55,27,84
55,27,87
55,27,89
55,27,92
55,27,93
55,27,94
55,28,42
55,28,90
55,30,42
55,31,32
55,31,33
55,31,35
55,31,36
55,31,37
55,31,38
55,31,39
55,31,40
55,31,47
55,31,50
55,31,51
55,31,52
55,31,53
55,31,56
55,31,57
55,31,60
55,31,61
55,31,63
55,31,64
55,31,66
55,31,67
55,31,68
55,31,69
55,31,82
55,31,83
55,31,84
55,31,87
55,31,89
55,31,92
55,31,93
55,31,94
55,32,33
55,32,35
55,32,36
55,32,37
55,32,38
55,32,39
55,32,40
55,32,52
55,32,53
55,32,56
55,32,57
55,32,61
55,32,63
55,32,64
55,32,66
55,32,67
55,32,68
55,32,69
55,32,82
55,32,83
55,32,87
55,32,89
55,32,92
55,32,93
55,33,35
55,33,36
55,33,37
55,33,38
55,33,39
55,33,40
55,33,52
55,33,53
55,33,56
55,33,57
55,33,61
55,33,63
55,33,64
55,33,68
55,33,69
55,33,82
55,33,83
55,33,87
55,33,89
55,33,92
55,34,42
55,34,55
55,35,36
55,35,37
55,35,38
55,35,39
55,35,40
55,35,52
55,35,53
55,35,56
55,35,57
55,35,60
55,35,61
55,35,63
55,35,64
55,35,66
55,35,67
55,35,68
55,35,69
55,35,82
55,35,83
55,35,87
55,35,89
55,35,92
55,35,93
55,36,37
55,36,38
55,36,39
55,36,52
55,36,53
55,36,56
55,36,57
55,36,61
55,36,63
55,36,64
55,36,67
55,36,68
55,36,69
55,36,82
55,36,83
55,36,87
55,36,89
55,36,92
55,37,38
55,37,39
55,37,40
55,37,47
55,37,50
55,37,52
55,37,53
55,37,56
55,37,57
55,37,60
55,37,61
55,37,63
55,37,64
55,37,66
55,37,67
55,37,68
55,37,69
55,37,82
55,37,83
55,37,87
55,37,89
55,37,92
55,37,93
55,37,94
55,38,39
55,38,40
55,38,47
55,38,50
55,38,51
55,38,52
55,38,53
55,38,56
55,38,57
55,38,60
55,38,61
55,38,63
55,38,64
55,38,66
55,38,67
55,38,68
55,38,69
55,38,82
55,38,83
55,38,87
55,38,89
55,38,92
55,38,93
55,38,94
55,39,40
55,39,52
55,39,53
55,39,56
55,39,57
55,39,60
55,39,61
55,39,63
55,39,64
55,39,66
55,39,68
55,39,69
55,39,82
55,39,83
55,39,87
55,39,89
55,39,92
55,39,93
55,39,94
55,40,50
55,40,51
55,40,52
55,40,53
55,40,56
55,40,57
55,40,60
55,40,61
55,40,63
55,40,64
55,40,66
55,40,68
55,40,69
55,40,82
55,40,84
55,40,87
55,40,89
55,40,92
55,40,93
55,41,54
55,42,43
55,42,45
55,42,46
55,42,54
55,42,55
55,42,59
55,42,72
55,42,75
55,42,77
55,42,78
55,42,79
55,42,80
55,42,85
55,42,86
55,42,90
55,42,91
55,43,46
55,43,54
55,43,70
55,43,72
55,43,79
55,43,80
55,43,81
55,43,85
55,43,86
55,45,46
55,45,54
55,45,59
55,45,72
55,45,75
55,45,78
55,45,79
55,45,85
55,45,90
55,46,54
55,46,59
55,46,70
55,46,71
55,46,72
55,46,75
55,46,76
55,46,78
55,46,79
55,46,80
55,46,85
55,46,86
55,46,91
55,47,50
55,47,53
55,47,56
55,47,57
55,47,60
55,47,61
55,47,63
55,47,64
55,47,66
55,47,67
55,47,87
55,47,89
55,47,93
55,47,94
55,48,71
55,49,58
55,49,59
55,49,81
55,50,51
55,50,52
55,50,57
55,50,60
55,50,61
55,50,63
55,50,64
55,50,66
55,50,67
55,50,68
55,50,82
55,50,83
55,50,87
55,50,89
55,50,93
55,51,52
55,51,57
55,51,61
55,51,65
55,51,66
55,51,82
55,51,89
55,51,93
55,52,53
55,52,56
55,52,57
55,52,60
55,52,61
55,52,63
55,52,64
55,52,65
55,52,66
55,52,67
55,52,68
55,52,69
55,52,71
55,52,82
55,52,83
55,52,87
55,52,89
55,52,92
55,52,93
55,52,94
55,53,56
55,53,57
55,53,60
55,53,61
55,53,63
55,53,64
55,53,66
55,53,67
55,53,68
55,53,69
55,53,82
55,53,83
55,53,87
55,53,89
55,53,92
55,53,93
55,53,94
55,54,55
55,54,72
55,54,77
55,54,85
55,54,91
55,55,76
55,55,90
55,55,91
55,56,57
55,56,61
55,56,63
55,56,64
55,56,66
55,56,67
55,56,68
55,56,69
55,56,82
55,56,83
55,56,84
55,56,87
55,56,89
55,56,92
55,56,93
55,56,94
55,57,60
55,57,61
55,57,63
55,57,64
55,57,66
55,57,67
55,57,68
55,57,69
55,57,82
55,57,83
55,57,87
55,57,89
55,57,92
55,57,93
55,57,94
55,58,59
55,58,70
55,58,71
55,58,72
55,58,74
55,58,75
55,58,77
55,58,78
55,58,79
55,58,80
55,58,81
55,58,86
55,59,70
55,59,71
55,59,72
55,59,75
55,59,76
55,59,78
55,59,79
55,59,80
55,59,85
55,59,86
55,59,91
55,60,61
55,60,63
55,60,64
55,60,65
55,60,66
55,60,67
55,60,68
55,60,69
55,60,82
55,60,83
55,60,87
55,60,89
55,60,93
55,60,94
55,61,63
55,61,64
55,61,66
55,61,67
55,61,68
55,61,69
55,61,82
55,61,83
55,61,87
55,61,89
55,61,92
55,61,93
55,61,94
55,63,64
55,63,66
55,63,67
55,63,68
55,63,69
55,63,82
55,63,83
55,63,87
55,63,89
55,63,92
55,63,93
55,63,94
55,64,65
55,64,66
55,64,67
55,64,68
55,64,69
55,64,82
55,64,83
55,64,87
55,64,89
55,64,92
55,64,93
55,64,94
55,65,66
55,65,68
55,65,69
55,65,82
55,65,87
55,65,90
55,65,94
55,66,67
55,66,68
55,66,82
55,66,87
55,66,89
55,66,93
55,66,94
55,67,68
55,67,89
55,67,93
55,68,69
55,68,82
55,68,83
55,68,84
55,68,87
55,68,89
55,68,92
55,68,93
55,68,94
55,69,82
55,69,83
55,69,84
55,69,87
55,69,89
55,69,92
55,69,93
55,69,94
55,70,71
55,70,72
55,70,75
55,70,77
55,70,79
55,70,80
55,70,85
55,70,86
55,71,73
55,71,75
55,71,79
55,71,80
55,72,75
55,72,78
55,72,79
55,72,80
55,72,85
55,72,86
55,74,80
55,74,85
55,75,76
55,75,77
55,75,78
55,75,79
55,75,80
55,75,85
55,75,86
55,76,78
55,76,79
55,76,80
55,76,85
55,77,78
55,77,85
55,77,86
55,78,79
55,78,85
55,78,86
55,78,91
55,79,80
55,79,85
55,79,86
55,79,91
55,80,85
55,80,86
55,81,86
55,82,83
55,82,87
55,82,89
55,82,92
55,82,93
55,82,94
55,83,87
55,83,89
55,83,92
55,84,89
55,85,86
55,87,89
55,87,92
55,87,93
55,87,94
55,89,92
55,89,93
55,89,94
55,90,91
55,92,93
55,92,94
55,93,94
56,1,2
56,1,14
56,1,45
56,1,48
56,1,75
56,2,48
56,2,70
56,3,4
56,3,8
56,3,12
56,3,13
56,3,14
56,3,15
56,3,16
56,3,25
56,3,41
56,3,44
56,3,45
56,3,48
56,3,57
56,3,69
56,3,72
56,3,73
56,3,74
56,3,75
56,3,76
56,3,77
56,3,84
56,4,8
56,4,12
56,4,13
56,4,14
56,4,15
56,4,16
56,4,25
56,4,41
56,4,44
56,4,45
56,4,48
56,4,57
56,4,69
56,4,72
56,4,73
56,4,74
56,4,75
56,4,76
56,4,77
56,4,83
56,5,9
56,5,17
56,5,19
56,5,20
56,5,21
56,5,22
56,5,23
56,5,24
56,5,26
56,5,28
56,5,34
56,5,37
56,5,38
56,5,39
56,5,42
56,5,47
56,5,49
56,5,54
56,5,55
56,5,56
56,5,58
56,5,59
56,5,60
56,5,61
56,5,62
56,5,63
56,5,65
56,5,67
56,5,68
56,5,71
56,5,78
56,5,81
56,5,85
56,5,86
56,5,87
56,5,88
56,5,89
56,5,90
56,5,91
56,6,21
56,6,24
56,6,78
56,6,81
56,7,9
56,7,10
56,7,17
56,7,19
56,7,21
56,7,22
56,7,23
56,7,24
56,7,26
56,7,28
56,7,31
56,7,34
56,7,36
56,7,37
56,7,38
56,7,49
56,7,53
56,7,54
56,7,55
56,7,58
56,7,59
56,7,60
56,7,61
56,7,62
56,7,67
56,7,68
56,7,85
56,7,86
56,7,89
56,7,90
56,8,12
56,8,41
56,8,45
56,8,57
56,8,69
56,8,72
56,8,73
56,8,75
56,8,77
56,9,10
56,9,17
56,9,19
56,9,21
56,9,22
56,9,24
56,9,26
56,9,28
56,9,31
56,9,34
56,9,36
56,9,37
56,9,38
56,9,53
56,9,54
56,9,55
56,9,56
56,9,58
56,9,59
56,9,60
56,9,61
56,9,62
56,9,63
56,9,64
56,9,67
56,9,68
56,9,71
56,9,78
56,9,79
56,9,80
56,9,81
56,9,85
56,9,86
56,9,87
56,9,88
56,9,89
56,9,91
56,10,17
56,10,19
56,10,20
56,10,21
56,10,22
56,10,24
56,10,28
56,10,31
56,10,34
56,10,36
56,10,37
56,10,38
56,10,53
56,10,54
56,10,55
56,10,56
56,10,58
56,10,59
56,10,60
56,10,61
56,10,62
56,10,63
56,10,64
56,10,67
56,10,68
56,10,78
56,10,79
56,10,80
56,10,81
56,10,85
56,10,86
56,10,87
56,10,88
56,10,89
56,11,13
56,11,14
56,11,15
56,11,16
56,11,25
56,11,45
56,11,48
56,11,50
56,11,76
56,11,82
56,11,84
56,12,13
56,12,14
56,12,15
56,12,16
56,12,25
56,12,41
56,12,43
56,12,44
56,12,45
56,12,57
56,12,69
56,12,73
56,12,74
56,12,76
56,12,77
56,12,82
56,12,83
56,12,84
56,13,14
56,13,15
56,13,16
56,13,25
56,13,41
56,13,43
56,13,44
56,13,45
56,13,48
56,13,50
56,13,57
56,13,73
56,13,74
56,13,76
56,13,82
56,13,83
56,14,15
56,14,16
56,14,25
56,14,41
56,14,44
56,14,45
56,14,48
56,14,50
56,14,57
56,14,69
56,14,72
56,14,73
56,14,74
56,14,75
56,14,76
56,14,77
56,14,82
56,14,83
56,14,84
56,15,16
56,15,25
56,15,41
56,15,44
56,15,45
56,15,48
56,15,57
56,15,69
56,15,73
56,15,74
56,15,75
56,15,76
56,15,77
56,15,82
56,15,83
56,16,25
56,16,41
56,16,44
56,16,45
56,16,46
56,16,50
56,16,57
56,16,69
56,16,72
56,16,73
56,16,74
56,16,75
56,16,76
56,16,77
56,16,83
56,16,84
56,17,19
56,17,20
56,17,21
56,17,22
56,17,23
56,17,24
56,17,26
56,17,28
56,17,31
56,17,34
56,17,36
56,17,37
56,17,38
56,17,47
56,17,49
56,17,53
56,17,54
56,17,55
56,17,56
56,17,58
56,17,59
56,17,60
56,17,61
56,17,62
56,17,63
56,17,64
56,17,65
56,17,67
56,17,68
56,17,71
56,17,78
56,17,79
56,17,80
56,17,81
56,17,85
56,17,86
56,17,87
56,17,88
56,17,89
56,17,90
56,17,91
56,18,40
56,18,42
56,18,78
56,19,20
56,19,21
56,19,22
56,19,23
56,19,24
56,19,28
56,19,31
56,19,34
56,19,36
56,19,37
56,19,38
56,19,39
56,19,40
56,19,47
56,19,49
56,19,51
56,19,53
56,19,54
56,19,55
56,19,56
56,19,58
56,19,59
56,19,60
56,19,61
56,19,62
56,19,63
56,19,64
56,19,67
56,19,68
56,19,78
56,19,79
56,19,80
56,19,81
56,19,85
56,19,86
56,19,87
56,19,88
56,19,89
56,19,90
56,19,91
56,20,21
56,20,22
56,20,23
56,20,24
56,20,28
56,20,34
56,20,37
56,20,39
56,20,40
56,20,47
56,20,49
56,20,53
56,20,56
56,20,59
56,20,60
56,20,61
56,20,62
56,20,63
56,20,65
56,20,78
56,20,85
56,20,87
56,20,88
56,21,22
56,21,23
56,21,24
56,21,26
56,21,28
56,21,31
56,21,34
56,21,36
56,21,37
56,21,38
56,21,47
56,21,49
56,21,53
56,21,54
56,21,55
56,21,56
56,21,58
56,21,59
56,21,60
56,21,61
56,21,62
56,21,63
56,21,64
56,21,67
56,21,68
56,21,71
56,21,78
56,21,79
56,21,80
56,21,81
56,21,85
56,21,86
56,21,87
56,21,88
56,21,89
56,21,90
56,21,91
56,22,23
56,22,24
56,22,26
56,22,28
56,22,31
56,22,34
56,22,36
56,22,37
56,22,38
56,22,39
56,22,47
56,22,49
56,22,53
56,22,54
56,22,55
56,22,56
56,22,58
56,22,59
56,22,60
56,22,61
56,22,62
56,22,63
56,22,64
56,22,67
56,22,68
56,22,71
56,22,78
56,22,79
56,22,80
56,22,81
56,22,85
56,22,86
56,22,87
56,22,88
56,22,89
56,22,90
56,22,91
56,23,26
56,23,28
56,23,31
56,23,34
56,23,35
56,23,36
56,23,37
56,23,38
56,23,40
56,23,47
56,23,49
56,23,51
56,23,53
56,23,54
56,23,55
56,23,56
56,23,58
56,23,59
56,23,60
56,23,61
56,23,62
56,23,64
56,23,65
56,23,67
56,23,68
56,23,85
56,23,86
56,23,87
56,23,88
56,23,89
56,23,90
56,24,26
56,24,28
56,24,31
56,24,32
56,24,34
56,24,36
56,24,37
56,24,38
56,24,39
56,24,47
56,24,49
56,24,53
56,24,54
56,24,55
56,24,56
56,24,58
56,24,59
56,24,61
56,24,62
56,24,63
56,24,64
56,24,67
56,24,68
56,24,71
56,24,78
56,24,79
56,24,81
56,24,85
56,24,86
56,24,88
56,24,89
56,24,91
56,25,44
56,25,45
56,25,48
56,25,50
56,25,57
56,25,69
56,25,73
56,25,74
56,25,76
56,25,77
56,25,84
56,26,28
56,26,31
56,26,34
56,26,36
56,26,37
56,26,38
56,26,47
56,26,53
56,26,54
56,26,55
56,26,56
56,26,58
56,26,59
56,26,61
56,26,62
56,26,65
56,26,67
56,26,68
56,26,71
56,26,85
56,26,86
56,26,87
56,26,88
56,26,89
56,26,90
56,26,91
56,28,31
56,28,34
56,28,36
56,28,37
56,28,38
56,28,39
56,28,47
56,28,49
56,28,51
56,28,53
56,28,54
56,28,55
56,28,56
56,28,58
56,28,59
56,28,60
56,28,61
56,28,62
56,28,63
56,28,64
56,28,67
56,28,68
56,28,71
56,28,78
56,28,79
56,28,80
56,28,81
56,28,85
56,28,86
56,28,87
56,28,88
56,28,89
56,28,90
56,28,91
56,29,48
56,31,32
56,31,34
56,31,36
56,31,37
56,31,38
56,31,53
56,31,54
56,31,55
56,31,56
56,31,58
56,31,59
56,31,60
56,31,61
56,31,62
56,31,64
56,31,67
56,31,68
56,31,78
56,31,79
56,31,80
56,31,81
56,31,85
56,31,86
56,31,88
56,31,89
56,31,90
56,32,34
56,32,36
56,32,37
56,32,51
56,32,53
56,32,60
56,32,64
56,32,80
56,32,81
56,32,89
56,34,36
56,34,37
56,34,38
56,34,47
56,34,53
56,34,54
56,34,55
56,34,56
56,34,58
56,34,59
56,34,60
56,34,61
56,34,62
56,34,63
56,34,64
56,34,65
56,34,67
56,34,68
56,34,71
56,34,79
56,34,80
56,34,81
56,34,85
56,34,86
56,34,87
56,34,88
56,34,89
56,34,90
56,34,91
56,36,37
56,36,38
56,36,51
56,36,53
56,36,54
56,36,55
56,36,56
56,36,58
56,36,59
56,36,60
56,36,61
56,36,62
56,36,63
56,36,64
56,36,67
56,36,68
56,36,79
56,36,80
56,36,81
56,36,85
56,36,86
56,36,88
56,36,89
56,37,38
56,37,47
56,37,49
56,37,51
56,37,53
56,37,54
56,37,55
56,37,56
56,37,58
56,37,59
56,37,60
56,37,61
56,37,62
56,37,63
56,37,64
56,37,67
56,37,68
56,37,78
56,37,79
56,37,80
56,37,81
56,37,85
56,37,86
56,37,87
56,37,88
56,37,89
56,37,91
56,38,39
56,38,47
56,38,49
56,38,51
56,38,53
56,38,54
56,38,55
56,38,56
56,38,58
56,38,59
56,38,60
56,38,61
56,38,62
56,38,63
56,38,64
56,38,67
56,38,68
56,38,71
56,38,78
56,38,79
56,38,80
56,38,81
56,38,85
56,38,86
56,38,87
56,38,88
56,38,89
56,38,90
56,38,91
56,39,40
56,39,53
56,39,54
56,39,58
56,39,62
56,39,63
56,39,67
56,39,68
56,39,78
56,39,81
56,40,49
56,40,53
56,40,58
56,40,63
56,41,45
56,41,50
56,41,57
56,41,69
56,41,72
56,41,73
56,41,74
56,41,76
56,41,82
56,42,56
56,42,85
56,43,44
56,43,48
56,43,82
56,44,45
56,44,46
56,44,48
56,44,57
56,44,69
56,44,73
56,44,74
56,44,75
56,44,76
56,44,77
56,44,82
56,44,83
56,45,46
56,45,48
56,45,50
56,45,69
56,45,73
56,45,74
56,45,75
56,45,76
56,45,77
56,45,82
56,45,83
56,45,84
56,46,48
56,46,50
56,46,57
56,46,74
56,46,76
56,46,77
56,46,82
56,47,49
56,47,53
56,47,54
56,47,55
56,47,56
56,47,58
56,47,59
56,47,62
56,47,63
56,47,65
56,47,67
56,47,68
56,47,78
56,47,81
56,47,85
56,47,86
56,47,87
56,47,88
56,47,89
56,47,90
56,47,91
56,48,50
56,48,57
56,48,69
56,48,70
56,48,73
56,48,74
56,48,75
56,48,76
56,48,77
56,48,82
56,48,83
56,49,53
56,49,54
56,49,55
56,49,58
56,49,60
56,49,62
56,49,63
56,49,67
56,49,68
56,49,78
56,49,81
56,49,85
56,49,86
56,49,89
56,49,91
56,50,57
56,50,69
56,50,73
56,50,76
56,50,82
56,50,83
56,50,84
56,51,53
56,51,54
56,51,59
56,51,60
56,51,62
56,51,64
56,51,68
56,51,80
56,51,81
56,51,89
56,52,58
56,53,54
56,53,55
56,53,56
56,53,58
56,53,59
56,53,60
56,53,61
56,53,62
56,53,63
56,53,64
56,53,67
56,53,68
56,53,71
56,53,78
56,53,79
56,53,80
56,53,81
56,53,85
56,53,86
56,53,87
56,53,88
56,53,89
56,53,90
56,53,91
56,54,55
56,54,56
56,54,58
56,54,59
56,54,60
56,54,61
56,54,62
56,54,63
56,54,64
56,54,65
56,54,67
56,54,68
56,54,71
56,54,78
56,54,79
56,54,80
56,54,81
56,54,85
56,54,86
56,54,87
56,54,88
56,54,89
56,54,90
56,54,91
56,55,56
56,55,58
56,55,59
56,55,60
56,55,61
56,55,62
56,55,64
56,55,65
56,55,67
56,55,68
56,55,71
56,55,78
56,55,80
56,55,81
56,55,85
56,55,86
56,55,87
56,55,88
56,55,89
56,55,90
56,55,91
56,56,58
56,56,59
56,56,60
56,56,61
56,56,62
56,56,63
56,56,64
56,56,65
56,56,67
56,56,68
56,56,71
56,56,79
56,56,80
56,56,81
56,56,85
56,56,86
56,56,87
56,56,88
56,56,89
56,56,90
56,57,69
56,57,73
56,57,74
56,57,75
56,57,76
56,57,77
56,57,84
56,58,59
56,58,60
56,58,61
56,58,62
56,58,63
56,58,64
56,58,65
56,58,67
56,58,68
56,58,78
56,58,79
56,58,80
56,58,85
56,58,86
56,58,87
56,58,88
56,58,89
56,58,90
56,58,91
56,59,60
56,59,61
56,59,62
56,59,65
56,59,67
56,59,68
56,59,78
56,59,79
56,59,81
56,59,85
56,59,86
56,59,87
56,59,88
56,59,89
56,59,90
56,59,91
56,60,61
56,60,62
56,60,63
56,60,64
56,60,67
56,60,68
56,60,78
56,60,79
56,60,80
56,60,81
56,60,85
56,60,86
56,60,88
56,60,89
56,60,90
56,61,62
56,61,63
56,61,64
56,61,67
56,61,68
56,61,71
56,61,79
56,61,80
56,61,81
56,61,85
56,61,86
56,61,87
56,61,88
56,61,89
56,61,90
56,61,91
56,62,63
56,62,64
56,62,67
56,62,68
56,62,71
56,62,78
56,62,79
56,62,80
56,62,81
56,62,85
56,62,86
56,62,87
56,62,88
56,62,89
56,62,90
56,62,91
56,63,64
56,63,67
56,63,68
56,63,78
56,63,79
56,63,80
56,63,81
56,63,85
56,63,86
56,63,88
56,63,89
56,63,90
56,64,67
56,64,68
56,64,80
56,64,85
56,64,87
56,64,88
56,64,89
56,64,90
56,65,78
56,65,86
56,65,87
56,65,88
56,65,90
56,67,68
56,67,71
56,67,78
56,67,79
56,67,80
56,67,81
56,67,85
56,67,86
56,67,87
56,67,88
56,67,89
56,67,90
56,67,91
56,68,71
56,68,78
56,68,79
56,68,80
56,68,81
56,68,85
56,68,86
56,68,87
56,68,88
56,68,89
56,68,90
56,68,91
56,69,72
56,69,73
56,69,74
56,69,75
56,69,76
56,69,77
56,69,83
56,71,78
56,71,79
56,71,81
56,71,85
56,71,88
56,71,89
56,71,90
56,71,91
56,72,73
56,72,77
56,73,74
56,73,75
56,73,76
56,73,77
56,74,75
56,74,76
56,74,77
56,74,82
56,74,83
56,75,76
56,75,77
56,75,83
56,76,77
56,76,82
56,76,83
56,76,84
56,78,79
56,78,81
56,78,85
56,78,87
56,78,88
56,78,89
56,78,90
56,78,91
56,79,80
56,79,81
56,79,85
56,79,87
56,79,88
56,79,89
56,79,91
56,80,87
56,80,88
56,80,89
56,80,90
56,81,85
56,81,86
56,81,88
56,81,89
56,81,91
56,82,83
56,85,86
56,85,87
56,85,88
56,85,89
56,85,90
56,85,91
56,86,87
56,86,88
56,86,89
56,86,90
56,87,88
56,87,89
56,87,90
56,87,91
56,88,89
56,88,90
56,88,91
56,89,90
56,89,91
57,1,2
57,1,81
57,2,4
57,2,26
57,2,28
57,2,41
57,2,42
57,2,44
57,2,45
57,2,46
57,2,73
57,2,74
57,2,75
57,2,76
57,2,77
57,3,4
57,3,8
57,3,12
57,3,13
57,3,42
57,3,46
57,3,57
57,3,74
57,3,75
57,3,76
57,3,77
57,4,7
57,4,8
57,4,12
57,4,13
57,4,14
57,4,15
57,4,16
57,4,17
57,4,25
57,4,26
57,4,28
57,4,41
57,4,42
57,4,43
57,4,44
57,4,45
57,4,46
57,4,57
57,4,69
57,4,73
57,4,74
57,4,75
57,4,76
57,4,77
57,4,81
57,4,82
57,4,84
57,5,6
57,5,20
57,5,36
57,5,37
57,5,40
57,5,55
57,5,63
57,5,64
57,5,65
57,5,78
57,5,86
57,6,10
57,6,20
57,6,21
57,6,24
57,6,27
57,6,30
57,6,31
57,6,35
57,6,36
57,6,37
57,6,38
57,6,48
57,6,50
57,6,51
57,6,52
57,6,53
57,6,54
57,6,55
57,6,58
57,6,62
57,6,63
57,6,64
57,6,65
57,6,67
57,6,68
57,6,71
57,6,72
57,6,78
57,6,83
57,6,88
57,7,8
57,7,12
57,7,13
57,7,14
57,7,15
57,7,16
57,7,17
57,7,25
57,7,26
57,7,28
57,7,29
57,7,41
57,7,42
57,7,43
57,7,45
57,7,46
57,7,57
57,7,73
57,7,74
57,7,75
57,7,76
57,7,77
57,7,82
57,7,84
57,8,12
57,8,13
57,8,14
57,8,15
57,8,16
57,8,17
57,8,26
57,8,28
57,8,41
57,8,42
57,8,45
57,8,46
57,8,57
57,8,73
57,8,74
57,8,75
57,8,76
57,8,77
57,8,84
57,9,10
57,9,18
57,9,21
57,9,23
57,9,24
57,9,27
57,9,31
57,9,32
57,9,35
57,9,36
57,9,37
57,9,40
57,9,48
57,9,51
57,9,52
57,9,53
57,9,59
57,9,61
57,9,62
57,9,64
57,9,67
57,9,68
57,9,71
57,9,72
57,9,78
57,9,80
57,9,86
57,9,88
57,9,90
57,10,18
57,10,19
57,10,20
57,10,21
57,10,22
57,10,23
57,10,24
57,10,27
57,10,30
57,10,31
57,10,32
57,10,34
57,10,35
57,10,36
57,10,37
57,10,38
57,10,47
57,10,48
57,10,50
57,10,51
57,10,52
57,10,53
57,10,54
57,10,55
57,10,58
57,10,59
57,10,60
57,10,61
57,10,62
57,10,64
57,10,67
57,10,68
57,10,71
57,10,72
57,10,78
57,10,79
57,10,80
57,10,83
57,10,85
57,10,86
57,10,87
57,10,88
57,10,89
57,10,90
57,12,13
57,12,14
57,12,15
57,12,16
57,12,17
57,12,26
57,12,28
57,12,41
57,12,42
57,12,45
57,12,57
57,12,69
57,12,73
57,12,74
57,12,75
57,12,76
57,12,77
57,12,82
57,12,84
57,13,14
57,13,15
57,13,16
57,13,17
57,13,25
57,13,26
57,13,28
57,13,29
57,13,41
57,13,42
57,13,43
57,13,45
57,13,46
57,13,57
57,13,69
57,13,73
57,13,74
57,13,75
57,13,76
57,13,77
57,13,81
57,13,82
57,13,84
57,14,15
57,14,16
57,14,17
57,14,26
57,14,28
57,14,41
57,14,42
57,14,45
57,14,46
57,14,57
57,14,69
57,14,73
57,14,74
57,14,75
57,14,76
57,14,77
57,14,82
57,14,84
57,15,16
57,15,17
57,15,25
57,15,26
57,15,28
57,15,41
57,15,42
57,15,45
57,15,46
57,15,57
57,15,73
57,15,74
57,15,75
57,15,76
57,15,77
57,15,82
57,15,84
57,16,17
57,16,26
57,16,28
57,16,29
57,16,41
57,16,42
57,16,43
57,16,45
57,16,46
57,16,57
57,16,73
57,16,74
57,16,75
57,16,76
57,16,77
57,16,81
57,16,82
57,16,84
57,17,26
57,17,28
57,17,41
57,17,42
57,17,45
57,17,46
57,17,57
57,17,73
57,17,74
57,17,75
57,17,76
57,17,77
57,17,82
57,17,84
57,18,20
57,18,21
57,18,22
57,18,23
57,18,24
57,18,27
57,18,30
57,18,31
57,18,32
57,18,35
57,18,36
57,18,37
57,18,47
57,18,48
57,18,51
57,18,52
57,18,53
57,18,54
57,18,56
57,18,58
57,18,61
57,18,62
57,18,64
57,18,67
57,18,68
57,18,71
57,18,72
57,18,78
57,18,79
57,18,80
57,18,83
57,18,85
57,18,86
57,18,87
57,18,88
57,18,90
57,19,21
57,19,24
57,19,27
57,19,30
57,19,34
57,19,36
57,19,37
57,19,48
57,19,50
57,19,51
57,19,52
57,19,53
57,19,55
57,19,59
57,19,61
57,19,62
57,19,71
57,19,72
57,19,78
57,19,80
57,19,88
57,20,21
57,20,22
57,20,23
57,20,24
57,20,27
57,20,30
57,20,31
57,20,32
57,20,35
57,20,36
57,20,37
57,20,38
57,20,47
57,20,48
57,20,50
57,20,51
57,20,52
57,20,53
57,20,54
57,20,55
57,20,58
57,20,59
57,20,60
57,20,61
57,20,62
57,20,63
57,20,64
57,20,65
57,20,67
57,20,68
57,20,71
57,20,72
57,20,78
57,20,79
57,20,80
57,20,83
57,20,85
57,20,86
57,20,87
57,20,88
57,20,89
57,20,90
57,21,22
57,21,23
57,21,24
57,21,27
57,21,30
57,21,31
57,21,32
57,21,35
57,21,36
57,21,37
57,21,38
57,21,39
57,21,47
57,21,48
57,21,50
57,21,51
57,21,52
57,21,53
57,21,54
57,21,55
57,21,58
57,21,59
57,21,60
57,21,61
57,21,62
57,21,64
57,21,67
57,21,68
57,21,71
57,21,72
57,21,78
57,21,79
57,21,80
57,21,83
57,21,85
57,21,86
57,21,87
57,21,88
57,21,89
57,21,90
57,22,23
57,22,24
57,22,27
57,22,30
57,22,31
57,22,32
57,22,35
57,22,36
57,22,37
57,22,38
57,22,47
57,22,48
57,22,51
57,22,52
57,22,53
57,22,58
57,22,61
57,22,62
57,22,64
57,22,67
57,22,68
57,22,71
57,22,72
57,22,78
57,22,79
57,22,80
57,22,83
57,22,86
57,22,87
57,22,88
57,22,90
57,23,24
57,23,27
57,23,30
57,23,31
57,23,32
57,23,35
57,23,36
57,23,37
57,23,38
57,23,39
57,23,47
57,23,48
57,23,51
57,23,52
57,23,53
57,23,54
57,23,55
57,23,56
57,23,58
57,23,59
57,23,60
57,23,61
57,23,62
57,23,63
57,23,64
57,23,67
57,23,68
57,23,71
57,23,72
57,23,78
57,23,79
57,23,80
57,23,83
57,23,86
57,23,87
57,23,88
57,23,90
57,24,27
57,24,30
57,24,31
57,24,32
57,24,35
57,24,36
57,24,37
57,24,47
57,24,48
57,24,50
57,24,51
57,24,52
57,24,53
57,24,54
57,24,55
57,24,58
57,24,59
57,24,60
57,24,61
57,24,62
57,24,64
57,24,65
57,24,67
57,24,68
57,24,71
57,24,72
57,24,78
57,24,79
57,24,80
57,24,83
57,24,85
57,24,86
57,24,87
57,24,88
57,24,89
57,24,90
57,25,41
57,25,42
57,25,45
57,25,74
57,25,75
57,25,76
57,26,28
57,26,29
57,26,41
57,26,42
57,26,44
57,26,45
57,26,46
57,26,57
57,26,73
57,26,74
57,26,75
57,26,76
57,26,77
57,26,81
57,26,82
57,27,30
57,27,31
57,27,32
57,27,35
57,27,36
57,27,37
57,27,38
57,27,40
57,27,47
57,27,48
57,27,50
57,27,51
57,27,52
57,27,53
57,27,54
57,27,55
57,27,58
57,27,59
57,27,60
57,27,61
57,27,62
57,27,64
57,27,67
57,27,68
57,27,71
57,27,72
57,27,78
57,27,79
57,27,80
57,27,83
57,27,85
57,27,86
57,27,87
57,27,88
57,27,89
57,27,90
57,28,29
57,28,41
57,28,42
57,28,43
57,28,44
57,28,45
57,28,46
57,28,57
57,28,73
57,28,74
57,28,75
57,28,76
57,28,77
57,28,81
57,28,82
57,28,84
57,29,41
57,29,42
57,29,45
57,29,75
57,29,77
57,29,82
57,29,84
57,30,31
57,30,32
57,30,34
57,30,35
57,30,36
57,30,37
57,30,38
57,30,48
57,30,50
57,30,51
57,30,52
57,30,53
57,30,54
57,30,55
57,30,58
57,30,59
57,30,61
57,30,62
57,30,64
57,30,67
57,30,68
57,30,71
57,30,72
57,30,78
57,30,79
57,30,80
57,30,83
57,30,85
57,30,87
57,30,88
57,30,90
57,31,32
57,31,34
57,31,35
57,31,36
57,31,37
57,31,38
57,31,40
57,31,47
57,31,48
57,31,50
57,31,51
57,31,52
57,31,53
57,31,54
57,31,55
57,31,56
57,31,58
57,31,59
57,31,60
57,31,61
57,31,62
57,31,64
57,31,67
57,31,68
57,31,71
57,31,72
57,31,78
57,31,79
57,31,80
57,31,83
57,31,85
57,31,86
57,31,87
57,31,88
57,31,89
57,31,90
57,32,35
57,32,36
57,32,37
57,32,38
57,32,47
57,32,48
57,32,51
57,32,52
57,32,53
57,32,54
57,32,58
57,32,59
57,32,60
57,32,61
57,32,62
57,32,64
57,32,67
57,32,68
57,32,71
57,32,72
57,32,78
57,32,79
57,32,80
57,32,83
57,32,85
57,32,86
57,32,87
57,32,88
57,32,89
57,32,90
57,34,37
57,34,54
57,34,55
57,34,68
57,34,85
57,35,36
57,35,37
57,35,38
57,35,47
57,35,48
57,35,50
57,35,51
57,35,52
57,35,53
57,35,54
57,35,55
57,35,58
57,35,61
57,35,62
57,35,64
57,35,67
57,35,68
57,35,71
57,35,72
57,35,78
57,35,79
57,35,80
57,35,83
57,35,85
57,35,86
57,35,87
57,35,88
57,35,90
57,36,37
57,36,40
57,36,47
57,36,48
57,36,50
57,36,51
57,36,52
57,36,53
57,36,54
57,36,55
57,36,58
57,36,59
57,36,60
57,36,61
57,36,62
57,36,63
57,36,64
57,36,65
57,36,67
57,36,68
57,36,71
57,36,72
57,36,78
57,36,79
57,36,80
57,36,83
57,36,85
57,36,86
57,36,87
57,36,88
57,36,89
57,36,90
57,37,40
57,37,47
57,37,48
57,37,50
57,37,51
57,37,52
57,37,53
57,37,54
57,37,55
57,37,58
57,37,59
57,37,60
57,37,61
57,37,62
57,37,64
57,37,67
57,37,68
57,37,71
57,37,72
57,37,78
57,37,79
57,37,80
57,37,83
57,37,85
57,37,86
57,37,87
57,37,88
57,37,89
57,37,90
57,38,47
57,38,48
57,38,51
57,38,53
57,38,54
57,38,55
57,38,56
57,38,58
57,38,62
57,38,64
57,38,67
57,38,68
57,38,71
57,38,72
57,38,78
57,38,79
57,38,80
57,38,88
57,38,90
57,39,40
57,39,51
57,39,56
57,39,61
57,39,63
57,39,64
57,39,65
57,39,78
57,39,80
57,40,52
57,40,55
57,40,61
57,40,62
57,40,63
57,40,64
57,40,65
57,40,78
57,40,86
57,40,88
57,41,42
57,41,43
57,41,45
57,41,46
57,41,57
57,41,69
57,41,73
57,41,74
57,41,75
57,41,76
57,41,77
57,41,81
57,41,82
57,41,84
57,42,43
57,42,45
57,42,46
57,42,57
57,42,69
57,42,73
57,42,74
57,42,75
57,42,76
57,42,77
57,42,82
57,42,84
57,43,45
57,43,57
57,43,74
57,43,75
57,43,76
57,43,77
57,43,82
57,44,46
57,44,81
57,44,82
57,45,46
57,45,57
57,45,73
57,45,74
57,45,75
57,45,76
57,45,77
57,45,81
57,45,82
57,45,84
57,46,73
57,46,74
57,46,75
57,46,76
57,46,77
57,46,82
57,47,48
57,47,51
57,47,52
57,47,53
57,47,54
57,47,55
57,47,58
57,47,59
57,47,60
57,47,61
57,47,62
57,47,64
57,47,67
57,47,68
57,47,71
57,47,72
57,47,78
57,47,79
57,47,80
57,47,83
57,47,85
57,47,86
57,47,87
57,47,88
57,47,89
57,47,90
57,48,50
57,48,51
57,48,52
57,48,53
57,48,54
57,48,55
57,48,58
57,48,59
57,48,60
57,48,61
57,48,62
57,48,63
57,48,64
57,48,67
57,48,68
57,48,71
57,48,72
57,48,78
57,48,79
57,48,80
57,48,83
57,48,85
57,48,86
57,48,87
57,48,88
57,48,89
57,48,90
57,49,56
57,49,63
57,49,86
57,50,51
57,50,52
57,50,53
57,50,55
57,50,59
57,50,61
57,50,62
57,50,67
57,50,68
57,50,72
57,50,78
57,50,83
57,50,85
57,50,86
57,50,88
57,50,89
57,50,90
57,51,52
57,51,53
57,51,54
57,51,55
57,51,58
57,51,59
57,51,60
57,51,61
57,51,62
57,51,64
57,51,67
57,51,68
57,51,71
57,51,72
57,51,78
57,51,79
57,51,80
57,51,83
57,51,85
57,51,86
57,51,87
57,51,88
57,51,89
57,51,90
57,52,53
57,52,54
57,52,55
57,52,58
57,52,59
57,52,60
57,52,61
57,52,62
57,52,64
57,52,67
57,52,68
57,52,71
57,52,72
57,52,78
57,52,79
57,52,80
57,52,83
57,52,85
57,52,86
57,52,87
57,52,88
57,52,89
57,52,90
57,53,54
57,53,55
57,53,58
57,53,59
57,53,60
57,53,61
57,53,62
57,53,64
57,53,67
57,53,68
57,53,71
57,53,72
57,53,78
57,53,79
57,53,80
57,53,83
57,53,85
57,53,86
57,53,87
57,53,88
57,53,89
57,53,90
57,54,55
57,54,58
57,54,60
57,54,61
57,54,62
57,54,64
57,54,67
57,54,68
57,54,71
57,54,78
57,54,79
57,54,80
57,54,83
57,54,85
57,54,86
57,54,88
57,54,89
57,54,90
57,55,56
57,55,58
57,55,59
57,55,60
57,55,61
57,55,62
57,55,63
57,55,64
57,55,65
57,55,67
57,55,68
57,55,71
57,55,72
57,55,78
57,55,79
57,55,80
57,55,83
57,55,85
57,55,86
57,55,88
57,55,89
57,56,64
57,56,78
57,56,79
57,56,80
57,56,86
57,57,73
57,57,74
57,57,75
57,57,76
57,57,77
57,57,82
57,57,84
57,58,59
57,58,60
57,58,61
57,58,62
57,58,64
57,58,67
57,58,68
57,58,71
57,58,72
57,58,78
57,58,79
57,58,80
57,58,83
57,58,85
57,58,86
57,58,87
57,58,88
57,58,89
57,58,90
57,59,60
57,59,62
57,59,67
57,59,71
57,59,72
57,59,78
57,59,79
57,59,80
57,59,83
57,59,86
57,59,88
57,59,90
57,60,61
57,60,62
57,60,67
57,60,68
57,60,71
57,60,72
57,60,78
57,60,83
57,60,88
57,61,62
57,61,63
57,61,64
57,61,67
57,61,68
57,61,71
57,61,72
57,61,78
57,61,79
57,61,80
57,61,83
57,61,85
57,61,86
57,61,87
57,61,88
57,61,89
57,61,90
57,62,64
57,62,67
57,62,68
57,62,71
57,62,72
57,62,78
57,62,79
57,62,80
57,62,83
57,62,85
57,62,86
57,62,87
57,62,88
57,62,89
57,62,90
57,63,64
57,63,65
57,63,66
57,63,71
57,63,78
57,63,83
57,63,86
57,64,65
57,64,67
57,64,68
57,64,71
57,64,72
57,64,78
57,64,79
57,64,80
57,64,83
57,64,86
57,64,87
57,64,88
57,64,90
57,65,78
57,65,83
57,65,86
57,67,68
57,67,71
57,67,72
57,67,78
57,67,79
57,67,80
57,67,83
57,67,85
57,67,86
57,67,88
57,67,89
57,67,90
57,68,71
57,68,72
57,68,78
57,68,79
57,68,80
57,68,83
57,68,85
57,68,86
57,68,87
57,68,88
57,68,89
57,68,90
57,69,73
57,69,74
57,69,75
57,69,76
57,69,82
57,70,89
57,71,72
57,71,78
57,71,79
57,71,80
57,71,83
57,71,85
57,71,86
57,71,87
57,71,88
57,71,89
57,71,90
57,72,78
57,72,79
57,72,80
57,72,83
57,72,85
57,72,86
57,72,87
57,72,88
57,72,89
57,72,90
57,73,74
57,73,75
57,73,76
57,73,77
57,73,81
57,73,82
57,73,84
57,74,75
57,74,76
57,74,77
57,74,82
57,74,84
57,75,76
57,75,77
57,75,81
57,75,82
57,75,84
57,76,77
57,76,81
57,76,82
57,76,84
57,77,82
57,77,84
57,78,79
57,78,80
57,78,83
57,78,85
57,78,86
57,78,87
57,78,88
57,78,89
57,78,90
57,79,80
57,79,83
57,79,85
57,79,86
57,79,87
57,79,88
57,79,90
57,80,83
57,80,85
57,80,86
57,80,87
57,80,88
57,80,89
57,80,90
57,81,82
57,83,85
57,83,86
57,83,87
57,83,88
57,83,89
57,83,90
57,85,86
57,85,88
57,85,89
57,85,90
57,86,87
57,86,88
57,86,89
57,86,90
57,87,88
57,87,90
57,88,89
57,88,90
57,89,90
58,1,2
58,1,3
58,1,8
58,1,14
58,1,27
58,1,42
58,1,43
58,1,50
58,1,76
58,1,77
58,1,78
58,1,79
58,1,84
58,1,85
58,2,3
58,2,7
58,2,8
58,2,13
58,2,43
58,2,45
58,2,50
58,2,58
58,2,73
58,2,76
58,2,77
58,2,78
58,2,79
58,2,84
58,2,85
58,3,7
58,3,8
58,3,13
58,3,14
58,3,15
58,3,16
58,3,27
58,3,28
58,3,30
58,3,42
58,3,43
58,3,45
58,3,50
58,3,58
58,3,59
58,3,72
58,3,73
58,3,76
58,3,77
58,3,78
58,3,79
58,3,84
58,3,85
58,6,22
58,6,36
58,6,39
58,6,41
58,6,62
58,6,67
58,6,88
58,6,89
58,7,8
58,7,13
58,7,14
58,7,15
58,7,16
58,7,28
58,7,30
58,7,34
58,7,45
58,7,58
58,7,59
58,7,72
58,7,73
58,7,76
58,7,77
58,7,78
58,7,79
58,7,84
58,8,14
58,8,16
58,8,28
58,8,30
58,8,34
58,8,43
58,8,50
58,8,58
58,8,59
58,8,72
58,8,73
58,8,76
58,8,77
58,8,78
58,8,84
58,9,10
58,9,11
58,9,12
58,9,19
58,9,20
58,9,21
58,9,22
58,9,23
58,9,24
58,9,25
58,9,31
58,9,32
58,9,33
58,9,35
58,9,37
58,9,38
58,9,41
58,9,48
58,9,49
58,9,52
58,9,54
58,9,55
58,9,56
58,9,64
58,9,66
58,9,70
58,9,71
58,9,74
58,9,81
58,9,82
58,9,83
58,9,86
58,9,87
58,9,88
58,9,89
58,9,90
58,9,91
58,9,93
58,10,11
58,10,12
58,10,17
58,10,20
58,10,21
58,10,23
58,10,24
58,10,25
58,10,32
58,10,33
58,10,35
58,10,39
58,10,40
58,10,41
58,10,52
58,10,53
58,10,54
58,10,62
58,10,66
58,10,71
58,10,81
58,10,86
58,10,87
58,10,90
58,10,91
58,10,93
58,11,12
58,11,19
58,11,20
58,11,21
58,11,22
58,11,23
58,11,24
58,11,25
58,11,31
58,11,32
58,11,33
58,11,35
58,11,37
58,11,38
58,11,39
58,11,41
58,11,48
58,11,49
58,11,52
58,11,54
58,11,55
58,11,56
58,11,57
58,11,64
58,11,66
58,11,69
58,11,70
58,11,71
58,11,74
58,11,80
58,11,81
58,11,82
58,11,83
58,11,86
58,11,87
58,11,88
58,11,89
58,11,90
58,11,91
58,11,92
58,11,93
58,12,19
58,12,20
58,12,21
58,12,22
58,12,23
58,12,24
58,12,25
58,12,31
58,12,32
58,12,33
58,12,35
58,12,36
58,12,37
58,12,38
58,12,39
58,12,41
58,12,48
58,12,49
58,12,51
58,12,52
58,12,54
58,12,55
58,12,56
58,12,57
58,12,62
58,12,64
58,12,66
58,12,67
58,12,68
58,12,70
58,12,71
58,12,74
58,12,80
58,12,81
58,12,82
58,12,83
58,12,86
58,12,87
58,12,88
58,12,89
58,12,90
58,12,91
58,12,92
58,12,93
58,13,14
58,13,15
58,13,16
58,13,27
58,13,28
58,13,29
58,13,30
58,13,34
58,13,42
58,13,43
58,13,45
58,13,47
58,13,50
58,13,58
58,13,59
58,13,72
58,13,73
58,13,76
58,13,77
58,13,78
58,13,79
58,13,84
58,13,85
58,14,15
58,14,16
58,14,27
58,14,28
58,14,29
58,14,30
58,14,34
58,14,42
58,14,43
58,14,45
58,14,47
58,14,58
58,14,59
58,14,72
58,14,73
58,14,76
58,14,77
58,14,78
58,14,79
58,14,84
58,14,85
58,15,16
58,15,27
58,15,28
58,15,30
58,15,34
58,15,42
58,15,43
58,15,47
58,15,58
58,15,59
58,15,72
58,15,73
58,15,76
58,15,77
58,15,78
58,15,79
58,15,84
58,15,85
58,16,27
58,16,28
58,16,30
58,16,34
58,16,42
58,16,43
58,16,45
58,16,58
58,16,59
58,16,72
58,16,73
58,16,76
58,16,77
58,16,78
58,16,79
58,16,84
58,17,39
58,17,62
58,17,89
58,18,28
58,18,34
58,18,47
58,18,76
58,19,20
58,19,21
58,19,22
58,19,23
58,19,24
58,19,25
58,19,31
58,19,32
58,19,33
58,19,35
58,19,37
58,19,38
58,19,40
58,19,41
58,19,48
58,19,49
58,19,52
58,19,54
58,19,55
58,19,56
58,19,57
58,19,64
58,19,70
58,19,74
58,19,75
58,19,80
58,19,81
58,19,82
58,19,83
58,19,86
58,19,87
58,19,88
58,19,91
58,20,21
58,20,22
58,20,23
58,20,24
58,20,25
58,20,31
58,20,32
58,20,33
58,20,35
58,20,37
58,20,38
58,20,49
58,20,52
58,20,54
58,20,55
58,20,56
58,20,57
58,20,64
58,20,66
58,20,67
58,20,68
58,20,70
58,20,71
58,20,74
58,20,80
58,20,81
58,20,82
58,20,83
58,20,86
58,20,87
58,20,88
58,20,89
58,20,90
58,20,91
58,20,92
58,20,93
58,21,22
58,21,23
58,21,24
58,21,25
58,21,31
58,21,32
58,21,33
58,21,35
58,21,36
58,21,37
58,21,38
58,21,41
58,21,48
58,21,49
58,21,51
58,21,52
58,21,54
58,21,55
58,21,56
58,21,57
58,21,62
58,21,64
58,21,66
58,21,67
58,21,69
58,21,70
58,21,71
58,21,74
58,21,80
58,21,81
58,21,82
58,21,83
58,21,86
58,21,87
58,21,88
58,21,89
58,21,90
58,21,91
58,21,92
58,21,93
58,22,23
58,22,24
58,22,25
58,22,31
58,22,32
58,22,33
58,22,35
58,22,37
58,22,38
58,22,39
58,22,41
58,22,48
58,22,49
58,22,51
58,22,52
58,22,54
58,22,55
58,22,56
58,22,57
58,22,62
58,22,64
58,22,66
58,22,67
58,22,68
58,22,70
58,22,71
58,22,74
58,22,80
58,22,81
58,22,82
58,22,83
58,22,86
58,22,87
58,22,88
58,22,89
58,22,90
58,22,91
58,22,92
58,22,93
58,23,24
58,23,25
58,23,31
58,23,32
58,23,33
58,23,35
58,23,37
58,23,38
58,23,48
58,23,49
58,23,52
58,23,54
58,23,55
58,23,56
58,23,64
58,23,66
58,23,70
58,23,71
58,23,80
58,23,81
58,23,82
58,23,83
58,23,86
58,23,89
58,23,90
58,23,93
58,24,25
58,24,31
58,24,32
58,24,33
58,24,35
58,24,37
58,24,38
58,24,48
58,24,52
58,24,54
58,24,55
58,24,56
58,24,64
58,24,66
58,24,70
58,24,71
58,24,74
58,24,81
58,24,82
58,24,83
58,24,86
58,24,87
58,24,88
58,24,89
58,24,90
58,24,91
58,24,92
58,24,93
58,25,31
58,25,32
58,25,33
58,25,35
58,25,37
58,25,38
58,25,48
58,25,49
58,25,52
58,25,54
58,25,55
58,25,56
58,25,64
58,25,66
58,25,69
58,25,70
58,25,71
58,25,74
58,25,81
58,25,82
58,25,83
58,25,86
58,25,87
58,25,89
58,25,90
58,25,91
58,25,92
58,25,93
58,27,28
58,27,34
58,27,42
58,27,43
58,27,45
58,27,50
58,27,58
58,27,59
58,27,72
58,27,76
58,27,77
58,27,78
58,27,79
58,27,84
58,27,85
58,28,30
58,28,34
58,28,42
58,28,43
58,28,45
58,28,47
58,28,50
58,28,58
58,28,59
58,28,72
58,28,76
58,28,77
58,28,79
58,28,84
58,29,30
58,29,47
58,29,76
58,29,77
58,29,84
58,30,34
58,30,42
58,30,43
58,30,47
58,30,58
58,30,59
58,30,72
58,30,76
58,30,77
58,30,78
58,30,79
58,30,84
58,30,85
58,31,32
58,31,33
58,31,35
58,31,36
58,31,38
58,31,40
58,31,41
58,31,48
58,31,49
58,31,52
58,31,54
58,31,55
58,31,56
58,31,57
58,31,64
58,31,65
58,31,66
58,31,70
58,31,71
58,31,74
58,31,75
58,31,80
58,31,81
58,31,82
58,31,83
58,31,86
58,31,87
58,31,89
58,31,91
58,31,92
58,32,33
58,32,35
58,32,37
58,32,38
58,32,41
58,32,48
58,32,49
58,32,52
58,32,54
58,32,55
58,32,56
58,32,64
58,32,66
58,32,69
58,32,70
58,32,71
58,32,74
58,32,81
58,32,82
58,32,83
58,32,86
58,32,87
58,32,88
58,32,89
58,32,90
58,32,91
58,32,92
58,32,93
58,33,35
58,33,36
58,33,37
58,33,38
58,33,39
58,33,41
58,33,49
58,33,52
58,33,54
58,33,55
58,33,56
58,33,57
58,33,62
58,33,64
58,33,66
58,33,70
58,33,71
58,33,81
58,33,82
58,33,83
58,33,86
58,33,87
58,33,88
58,33,89
58,33,90
58,33,91
58,33,92
58,33,93
58,34,42
58,34,44
58,34,45
58,34,50
58,34,58
58,34,59
58,34,76
58,34,77
58,34,78
58,34,79
58,34,84
58,34,85
58,35,36
58,35,37
58,35,38
58,35,41
58,35,48
58,35,52
58,35,53
58,35,54
58,35,55
58,35,56
58,35,57
58,35,64
58,35,70
58,35,74
58,35,81
58,35,82
58,35,83
58,35,86
58,35,87
58,35,88
58,35,89
58,35,90
58,35,91
58,36,39
58,36,40
58,36,41
58,36,48
58,36,51
58,36,55
58,36,56
58,36,57
58,36,61
58,36,62
58,36,71
58,36,74
58,36,87
58,36,89
58,37,38
58,37,39
58,37,49
58,37,52
58,37,53
58,37,54
58,37,55
58,37,56
58,37,57
58,37,62
58,37,64
58,37,66
58,37,67
58,37,70
58,37,71
58,37,80
58,37,81
58,37,82
58,37,83
58,37,86
58,37,87
58,37,88
58,37,89
58,37,90
58,37,91
58,37,92
58,37,93
58,38,41
58,38,49
58,38,52
58,38,54
58,38,55
58,38,56
58,38,57
58,38,62
58,38,64
58,38,66
58,38,70
58,38,71
58,38,74
58,38,81
58,38,82
58,38,83
58,38,86
58,38,87
58,38,88
58,38,89
58,38,90
58,38,91
58,38,92
58,38,93
58,39,51
58,39,52
58,39,53
58,39,56
58,39,57
58,39,62
58,39,65
58,39,66
58,39,67
58,39,68
58,39,71
58,39,81
58,39,83
58,39,88
58,39,89
58,39,92
58,39,93
58,40,75
58,40,86
58,41,49
58,41,52
58,41,55
58,41,56
58,41,64
58,41,66
58,41,74
58,41,75
58,41,80
58,41,81
58,41,82
58,41,83
58,41,87
58,41,88
58,41,91
58,42,43
58,42,45
58,42,58
58,42,59
58,42,72
58,42,73
58,42,76
58,42,77
58,42,78
58,42,79
58,42,84
58,42,85
58,43,45
58,43,47
58,43,50
58,43,58
58,43,59
58,43,72
58,43,73
58,43,76
58,43,77
58,43,78
58,43,79
58,43,84
58,43,85
58,44,59
58,44,73
58,45,58
58,45,59
58,45,72
58,45,77
58,45,84
58,47,72
58,47,76
58,47,84
58,47,85
58,48,49
58,48,54
58,48,55
58,48,66
58,48,69
58,48,70
58,48,80
58,48,81
58,48,83
58,48,86
58,48,87
58,48,90
58,48,91
58,48,92
58,48,93
58,49,52
58,49,54
58,49,55
58,49,56
58,49,64
58,49,66
58,49,68
58,49,70
58,49,74
58,49,75
58,49,81
58,49,82
58,49,83
58,49,86
58,49,88
58,49,91
58,49,92
58,49,93
58,50,72
58,50,73
58,50,77
58,50,78
58,50,79
58,50,84
58,50,85
58,51,56
58,51,57
58,51,62
58,51,65
58,51,66
58,51,67
58,51,87
58,51,89
58,51,93
58,52,53
58,52,54
58,52,55
58,52,56
58,52,57
58,52,62
58,52,64
58,52,66
58,52,67
58,52,70
58,52,71
58,52,74
58,52,80
58,52,81
58,52,82
58,52,83
58,52,86
58,52,87
58,52,88
58,52,89
58,52,90
58,52,91
58,52,92
58,52,93
58,53,55
58,53,57
58,53,62
58,53,70
58,53,89
58,54,55
58,54,56
58,54,57
58,54,62
58,54,64
58,54,69
58,54,70
58,54,71
58,54,74
58,54,80
58,54,81
58,54,82
58,54,83
58,54,86
58,54,87
58,54,88
58,54,89
58,54,90
58,54,91
58,54,92
58,54,93
58,55,56
58,55,57
58,55,64
58,55,66
58,55,70
58,55,71
58,55,74
58,55,80
58,55,81
58,55,82
58,55,83
58,55,86
58,55,87
58,55,88
58,55,89
58,55,90
58,55,91
58,55,92
58,55,93
58,56,57
58,56,64
58,56,66
58,56,70
58,56,71
58,56,74
58,56,80
58,56,81
58,56,82
58,56,83
58,56,86
58,56,87
58,56,88
58,56,89
58,56,90
58,56,91
58,56,92
58,56,93
58,57,64
58,57,65
58,57,66
58,57,71
58,57,80
58,57,81
58,57,82
58,57,83
58,57,86
58,57,87
58,57,89
58,57,91
58,58,59
58,58,72
58,58,73
58,58,76
58,58,77
58,58,78
58,58,79
58,58,84
58,58,85
58,59,72
58,59,73
58,59,76
58,59,77
58,59,78
58,59,84
58,59,85
58,60,61
58,60,62
58,60,65
58,60,70
58,61,68
58,62,67
58,62,70
58,62,71
58,62,81
58,62,87
58,62,88
58,62,89
58,64,66
58,64,70
58,64,71
58,64,74
58,64,80
58,64,81
58,64,82
58,64,83
58,64,86
58,64,87
58,64,88
58,64,89
58,64,90
58,64,91
58,64,92
58,64,93
58,65,66
58,65,68
58,65,71
58,65,80
58,65,87
58,65,92
58,66,68
58,66,70
58,66,71
58,66,80
58,66,81
58,66,82
58,66,83
58,66,86
58,66,87
58,66,88
58,66,89
58,66,91
58,66,92
58,66,93
58,67,68
58,67,74
58,67,80
58,67,81
58,67,82
58,67,87
58,67,89
58,67,92
58,67,93
58,68,71
58,68,82
58,68,86
58,68,92
58,68,93
58,69,70
58,70,71
58,70,81
58,70,82
58,70,83
58,70,86
58,70,87
58,70,88
58,70,89
58,70,90
58,70,91
58,70,92
58,70,93
58,71,80
58,71,81
58,71,82
58,71,83
58,71,86
58,71,87
58,71,88
58,71,89
58,71,91
58,71,92
58,71,93
58,72,73
58,72,76
58,72,77
58,72,84
58,72,85
58,73,76
58,73,77
58,73,78
58,73,79
58,73,84
58,73,85
58,74,75
58,74,81
58,74,82
58,74,83
58,74,88
58,74,91
58,76,77
58,76,78
58,76,79
58,76,84
58,76,85
58,77,78
58,77,79
58,77,84
58,77,85
58,78,79
58,78,84
58,78,85
58,79,84
58,79,85
58,80,81
58,80,82
58,80,83
58,80,86
58,80,87
58,80,88
58,80,91
58,80,92
58,80,93
58,81,82
58,81,83
58,81,86
58,81,87
58,81,88
58,81,89
58,81,90
58,81,91
58,81,92
58,81,93
58,82,83
58,82,86
58,82,87
58,82,88
58,82,89
58,82,90
58,82,91
58,82,92
58,82,93
58,83,86
58,83,87
58,83,88
58,83,89
58,83,90
58,83,91
58,83,92
58,83,93
58,84,85
58,86,87
58,86,88
58,86,89
58,86,90
58,86,91
58,86,92
58,86,93
58,87,88
58,87,90
58,87,91
58,87,92
58,87,93
58,88,89
58,88,90
58,88,91
58,88,92
58,88,93
58,89,90
58,89,92
58,89,93
58,90,91
58,90,92
58,90,93
58,91,92
58,91,93
58,92,93
59,1,2
59,2,13
59,3,8
59,3,13
59,3,14
59,3,15
59,3,16
59,3,17
59,3,28
59,3,29
59,3,34
59,3,43
59,3,46
59,3,59
59,3,60
59,3,67
59,3,72
59,3,73
59,3,76
59,3,77
59,3,78
59,3,79
59,3,84
59,3,90
59,4,14
59,4,17
59,4,51
59,4,59
59,4,60
59,4,90
59,5,6
59,5,9
59,5,10
59,5,12
59,5,18
59,5,19
59,5,20
59,5,22
59,5,23
59,5,24
59,5,25
59,5,26
59,5,27
59,5,32
59,5,36
59,5,37
59,5,38
59,5,45
59,5,48
59,5,52
59,5,53
59,5,56
59,5,58
59,5,61
59,5,63
59,5,64
59,5,65
59,5,68
59,5,69
59,5,71
59,5,74
59,5,83
59,5,86
59,5,87
59,5,89
59,5,91
59,5,92
59,5,93
59,6,10
59,6,21
59,6,25
59,6,27
59,6,38
59,6,39
59,6,45
59,6,48
59,6,52
59,6,53
59,6,58
59,6,61
59,6,63
59,6,65
59,6,68
59,6,71
59,6,86
59,6,88
59,7,66
59,8,13
59,8,14
59,8,17
59,8,67
59,8,77
59,8,78
59,8,79
59,9,10
59,9,12
59,9,18
59,9,25
59,9,27
59,9,32
59,9,33
59,9,36
59,9,37
59,9,39
59,9,48
59,9,50
59,9,52
59,9,53
59,9,54
59,9,55
59,9,57
59,9,58
59,9,63
59,9,64
59,9,66
59,9,68
59,9,69
59,9,70
59,9,71
59,9,80
59,9,81
59,9,82
59,9,83
59,9,86
59,9,87
59,9,89
59,9,91
59,9,92
59,9,93
59,10,12
59,10,19
59,10,21
59,10,22
59,10,24
59,10,25
59,10,26
59,10,36
59,10,37
59,10,39
59,10,45
59,10,50
59,10,52
59,10,53
59,10,55
59,10,58
59,10,63
59,10,64
59,10,65
59,10,68
59,10,69
59,10,71
59,10,75
59,10,82
59,10,83
59,10,86
59,10,88
59,10,91
59,11,19
59,11,26
59,11,32
59,11,40
59,11,52
59,11,68
59,11,70
59,11,71
59,11,75
59,11,89
59,12,18
59,12,20
59,12,21
59,12,22
59,12,24
59,12,25
59,12,27
59,12,32
59,12,33
59,12,36
59,12,37
59,12,42
59,12,48
59,12,50
59,12,53
59,12,55
59,12,56
59,12,57
59,12,58
59,12,64
59,12,66
59,12,68
59,12,69
59,12,70
59,12,71
59,12,74
59,12,80
59,12,81
59,12,82
59,12,83
59,12,86
59,12,87
59,12,89
59,12,91
59,12,92
59,12,93
59,13,14
59,13,15
59,13,16
59,13,17
59,13,28
59,13,29
59,13,30
59,13,34
59,13,46
59,13,59
59,13,60
59,13,73
59,13,76
59,13,77
59,13,78
59,13,79
59,13,84
59,14,15
59,14,16
59,14,17
59,14,28
59,14,29
59,14,34
59,14,35
59,14,43
59,14,46
59,14,59
59,14,60
59,14,67
59,14,73
59,14,76
59,14,77
59,14,78
59,14,79
59,14,84
59,15,16
59,15,17
59,15,28
59,15,29
59,15,30
59,15,34
59,15,43
59,15,44
59,15,46
59,15,59
59,15,60
59,15,67
59,15,73
59,15,76
59,15,77
59,15,78
59,15,79
59,15,84
59,16,17
59,16,28
59,16,59
59,16,60
59,16,77
59,16,78
59,16,79
59,16,84
59,17,28
59,17,30
59,17,34
59,17,43
59,17,44
59,17,51
59,17,59
59,17,60
59,17,67
59,17,72
59,17,73
59,17,77
59,17,78
59,17,79
59,17,84
59,17,90
59,18,20
59,18,25
59,18,26
59,18,27
59,18,32
59,18,36
59,18,37
59,18,38
59,18,39
59,18,48
59,18,52
59,18,54
59,18,55
59,18,56
59,18,57
59,18,58
59,18,63
59,18,64
59,18,70
59,18,71
59,18,80
59,18,81
59,18,83
59,18,87
59,18,91
59,18,92
59,18,93
59,19,20
59,19,21
59,19,22
59,19,23
59,19,24
59,19,25
59,19,26
59,19,32
59,19,36
59,19,37
59,19,41
59,19,45
59,19,52
59,19,53
59,19,55
59,19,56
59,19,64
59,19,65
59,19,68
59,19,69
59,19,70
59,19,71
59,19,75
59,19,81
59,19,83
59,19,86
59,19,88
59,20,21
59,20,22
59,20,23
59,20,24
59,20,25
59,20,26
59,20,27
59,20,32
59,20,36
59,20,37
59,20,41
59,20,45
59,20,48
59,20,50
59,20,52
59,20,53
59,20,56
59,20,58
59,20,63
59,20,64
59,20,65
59,20,68
59,20,69
59,20,71
59,20,75
59,20,80
59,20,81
59,20,83
59,20,86
59,20,87
59,20,88
59,20,93
59,21,22
59,21,24
59,21,25
59,21,36
59,21,40
59,21,45
59,21,50
59,21,53
59,21,58
59,21,64
59,21,68
59,21,69
59,21,70
59,21,71
59,21,74
59,21,75
59,21,86
59,21,88
59,22,23
59,22,24
59,22,25
59,22,26
59,22,32
59,22,36
59,22,41
59,22,42
59,22,45
59,22,48
59,22,49
59,22,50
59,22,52
59,22,53
59,22,56
59,22,58
59,22,64
59,22,65
59,22,66
59,22,68
59,22,69
59,22,70
59,22,71
59,22,74
59,22,75
59,22,80
59,22,81
59,22,83
59,22,86
59,22,87
59,22,88
59,22,89
59,23,24
59,23,42
59,23,45
59,23,49
59,23,61
59,23,65
59,23,66
59,23,75
59,23,82
59,23,83
59,24,25
59,24,26
59,24,27
59,24,32
59,24,36
59,24,37
59,24,42
59,24,45
59,24,50
59,24,53
59,24,55
59,24,56
59,24,58
59,24,64
59,24,65
59,24,66
59,24,68
59,24,69
59,24,70
59,24,71
59,24,74
59,24,75
59,24,80
59,24,81
59,24,82
59,24,83
59,24,86
59,24,87
59,24,93
59,25,26
59,25,27
59,25,32
59,25,33
59,25,36
59,25,37
59,25,42
59,25,45
59,25,48
59,25,50
59,25,52
59,25,53
59,25,55
59,25,56
59,25,63
59,25,64
59,25,65
59,25,68
59,25,69
59,25,70
59,25,71
59,25,74
59,25,75
59,25,80
59,25,81
59,25,82
59,25,83
59,25,86
59,25,87
59,25,92
59,25,93
59,26,32
59,26,36
59,26,37
59,26,38
59,26,42
59,26,45
59,26,48
59,26,49
59,26,51
59,26,52
59,26,53
59,26,63
59,26,65
59,26,68
59,26,69
59,26,71
59,26,74
59,26,75
59,26,83
59,26,86
59,26,88
59,26,89
59,26,91
59,27,32
59,27,36
59,27,37
59,27,45
59,27,48
59,27,50
59,27,52
59,27,53
59,27,54
59,27,55
59,27,57
59,27,58
59,27,62
59,27,63
59,27,64
59,27,65
59,27,68
59,27,69
59,27,80
59,27,83
59,27,86
59,27,87
59,27,91
59,27,92
59,28,29
59,28,30
59,28,34
59,28,43
59,28,46
59,28,51
59,28,59
59,28,60
59,28,67
59,28,72
59,28,73
59,28,76
59,28,77
59,28,78
59,28,79
59,28,84
59,29,30
59,29,43
59,29,59
59,29,60
59,29,72
59,29,73
59,29,77
59,29,78
59,29,79
59,29,84
59,29,85
59,30,34
59,30,51
59,30,59
59,30,60
59,30,73
59,30,77
59,30,78
59,30,84
59,30,85
59,32,36
59,32,38
59,32,48
59,32,50
59,32,52
59,32,53
59,32,57
59,32,58
59,32,68
59,32,69
59,32,70
59,32,71
59,32,80
59,32,81
59,32,83
59,32,89
59,32,91
59,33,36
59,33,37
59,33,40
59,33,50
59,33,52
59,33,54
59,33,55
59,33,57
59,33,64
59,33,70
59,33,71
59,33,80
59,33,81
59,33,87
59,33,89
59,33,93
59,34,35
59,34,43
59,34,46
59,34,59
59,34,60
59,34,67
59,34,72
59,34,73
59,34,76
59,34,77
59,34,78
59,34,79
59,34,84
59,35,67
59,35,79
59,36,37
59,36,48
59,36,50
59,36,52
59,36,53
59,36,54
59,36,55
59,36,56
59,36,57
59,36,58
59,36,63
59,36,64
59,36,65
59,36,68
59,36,69
59,36,70
59,36,71
59,36,75
59,36,80
59,36,81
59,36,82
59,36,83
59,36,86
59,36,87
59,36,91
59,36,92
59,36,93
59,37,50
59,37,52
59,37,53
59,37,54
59,37,55
59,37,58
59,37,63
59,37,64
59,37,66
59,37,68
59,37,69
59,37,70
59,37,71
59,37,75
59,37,80
59,37,81
59,37,82
59,37,83
59,37,86
59,37,87
59,37,91
59,37,92
59,37,93
59,38,39
59,38,40
59,38,48
59,38,52
59,38,53
59,38,54
59,38,56
59,38,61
59,38,63
59,38,65
59,38,71
59,38,74
59,38,75
59,38,81
59,38,83
59,38,88
59,38,89
59,38,91
59,39,53
59,39,63
59,39,71
59,39,80
59,39,91
59,39,92
59,40,61
59,40,70
59,40,89
59,41,42
59,41,45
59,41,49
59,41,53
59,41,56
59,41,58
59,41,68
59,41,69
59,41,74
59,41,83
59,41,88
59,42,45
59,42,49
59,42,53
59,42,65
59,42,74
59,42,75
59,42,81
59,42,83
59,42,86
59,43,44
59,43,59
59,43,60
59,43,72
59,43,73
59,43,77
59,43,78
59,43,79
59,43,84
59,44,51
59,44,59
59,44,60
59,44,73
59,44,76
59,44,77
59,44,78
59,44,79
59,44,84
59,45,52
59,45,53
59,45,58
59,45,65
59,45,68
59,45,69
59,45,71
59,45,74
59,45,75
59,45,83
59,45,86
59,45,88
59,46,59
59,46,60
59,46,73
59,46,76
59,46,77
59,46,79
59,46,84
59,48,50
59,48,52
59,48,53
59,48,54
59,48,56
59,48,58
59,48,62
59,48,63
59,48,64
59,48,65
59,48,68
59,48,71
59,48,74
59,48,80
59,48,81
59,48,83
59,48,86
59,48,87
59,48,89
59,48,91
59,48,92
59,48,93
59,49,75
59,50,52
59,50,53
59,50,55
59,50,56
59,50,57
59,50,58
59,50,64
59,50,65
59,50,66
59,50,68
59,50,69
59,50,70
59,50,71
59,50,80
59,50,81
59,50,82
59,50,83
59,50,86
59,50,87
59,50,89
59,50,91
59,50,92
59,50,93
59,51,59
59,51,60
59,51,67
59,51,72
59,51,73
59,51,78
59,51,79
59,51,84
59,51,85
59,52,53
59,52,55
59,52,56
59,52,58
59,52,61
59,52,62
59,52,63
59,52,64
59,52,65
59,52,68
59,52,69
59,52,70
59,52,71
59,52,80
59,52,81
59,52,82
59,52,83
59,52,86
59,52,88
59,52,89
59,52,92
59,52,93
59,53,55
59,53,57
59,53,58
59,53,63
59,53,64
59,53,65
59,53,68
59,53,69
59,53,70
59,53,71
59,53,74
59,53,80
59,53,81
59,53,82
59,53,83
59,53,86
59,53,87
59,53,88
59,53,89
59,53,91
59,53,92
59,53,93
59,54,55
59,54,58
59,54,63
59,54,64
59,54,71
59,54,81
59,54,93
59,55,57
59,55,58
59,55,63
59,55,64
59,55,68
59,55,69
59,55,70
59,55,71
59,55,80
59,55,81
59,55,83
59,55,87
59,55,89
59,55,91
59,55,92
59,55,93
59,56,57
59,56,61
59,56,62
59,56,64
59,56,70
59,56,71
59,56,74
59,56,80
59,56,81
59,56,82
59,56,83
59,56,89
59,56,92
59,56,93
59,57,64
59,57,66
59,57,68
59,57,70
59,57,71
59,57,80
59,57,81
59,57,83
59,57,89
59,57,92
59,57,93
59,58,62
59,58,63
59,58,64
59,58,65
59,58,66
59,58,68
59,58,69
59,58,71
59,58,75
59,58,80
59,58,86
59,58,87
59,58,88
59,58,91
59,58,92
59,59,60
59,59,67
59,59,72
59,59,73
59,59,76
59,59,77
59,59,78
59,59,79
59,59,84
59,59,85
59,60,72
59,60,73
59,60,76
59,60,77
59,60,78
59,60,79
59,60,84
59,60,85
59,61,75
59,62,81
59,62,83
59,63,64
59,63,65
59,63,68
59,63,71
59,63,80
59,63,83
59,63,88
59,63,89
59,63,91
59,63,92
59,63,93
59,64,65
59,64,68
59,64,69
59,64,70
59,64,71
59,64,80
59,64,81
59,64,83
59,64,86
59,64,87
59,64,89
59,64,91
59,64,92
59,64,93
59,65,68
59,65,69
59,65,71
59,65,74
59,65,75
59,65,80
59,65,81
59,65,83
59,65,86
59,65,87
59,65,89
59,65,93
59,66,75
59,66,83
59,66,86
59,66,92
59,67,73
59,67,79
59,67,84
59,67,85
59,68,69
59,68,70
59,68,71
59,68,75
59,68,80
59,68,81
59,68,82
59,68,83
59,68,86
59,68,87
59,68,88
59,68,92
59,68,93
59,69,70
59,69,71
59,69,75
59,69,80
59,69,82
59,69,83
59,69,86
59,69,87
59,69,91
59,69,92
59,69,93
59,70,71
59,70,80
59,70,81
59,70,82
59,70,83
59,70,86
59,70,87
59,70,89
59,70,92
59,70,93
59,71,80
59,71,81
59,71,83
59,71,86
59,71,87
59,71,88
59,71,89
59,71,91
59,71,92
59,71,93
59,72,73
59,72,77
59,72,78
59,72,79
59,72,84
59,72,85
59,73,77
59,73,78
59,73,79
59,73,84
59,73,85
59,74,81
59,74,83
59,74,86
59,75,82
59,75,83
59,75,86
59,76,77
59,76,78
59,76,79
59,77,78
59,77,79
59,77,84
59,77,85
59,78,79
59,78,84
59,78,85
59,79,84
59,80,81
59,80,82
59,80,83
59,80,86
59,80,87
59,80,89
59,80,92
59,80,93
59,81,82
59,81,83
59,81,86
59,81,87
59,81,89
59,81,92
59,81,93
59,82,83
59,82,86
59,82,93
59,83,86
59,83,87
59,83,89
59,83,91
59,83,92
59,83,93
59,84,85
59,86,87
59,86,92
59,86,93
59,87,92
59,87,93
59,89,91
59,89,92
59,89,93
59,91,92
59,92,93
60,1,2
60,1,4
60,1,13
60,1,15
60,1,30
60,1,32
60,1,36
60,1,43
60,1,44
60,1,52
60,1,59
60,1,60
60,1,73
60,1,74
60,1,77
60,1,78
60,1,79
60,1,80
60,1,86
60,1,87
60,2,4
60,2,13
60,2,15
60,2,30
60,2,59
60,2,60
60,2,74
60,2,78
60,2,79
60,2,80
60,2,86
60,2,87
60,3,30
60,3,31
60,3,32
60,3,36
60,3,44
60,3,73
60,3,78
60,3,79
60,3,80
60,3,87
60,4,13
60,4,15
60,4,16
60,4,17
60,4,30
60,4,36
60,4,43
60,4,44
60,4,59
60,4,60
60,4,66
60,4,73
60,4,74
60,4,77
60,4,78
60,4,79
60,4,80
60,4,86
60,4,87
60,5,6
60,5,8
60,5,9
60,5,11
60,5,12
60,5,20
60,5,21
60,5,22
60,5,23
60,5,24
60,5,25
60,5,27
60,5,33
60,5,37
60,5,38
60,5,39
60,5,51
60,5,54
60,5,56
60,5,57
60,5,58
60,5,61
60,5,63
60,5,70
60,5,71
60,5,72
60,5,76
60,5,81
60,5,82
60,5,83
60,5,88
60,5,90
60,5,91
60,6,8
60,6,9
60,6,10
60,6,11
60,6,12
60,6,21
60,6,22
60,6,25
60,6,27
60,6,33
60,6,37
60,6,39
60,6,48
60,6,51
60,6,56
60,6,57
60,6,58
60,6,61
60,6,63
60,6,64
60,6,70
60,6,71
60,6,72
60,6,75
60,6,76
60,6,81
60,6,82
60,6,83
60,6,84
60,6,88
60,6,90
60,6,91
60,6,94
60,6,95
60,8,9
60,8,11
60,8,12
60,8,20
60,8,21
60,8,22
60,8,25
60,8,27
60,8,33
60,8,34
60,8,37
60,8,38
60,8,39
60,8,48
60,8,51
60,8,53
60,8,54
60,8,55
60,8,56
60,8,57
60,8,58
60,8,63
60,8,64
60,8,70
60,8,71
60,8,72
60,8,75
60,8,81
60,8,82
60,8,83
60,8,90
60,8,91
60,8,94
60,8,95
60,9,10
60,9,11
60,9,12
60,9,20
60,9,21
60,9,22
60,9,23
60,9,24
60,9,25
60,9,27
60,9,33
60,9,37
60,9,38
60,9,39
60,9,48
60,9,51
60,9,53
60,9,54
60,9,55
60,9,56
60,9,58
60,9,63
60,9,64
60,9,69
60,9,70
60,9,71
60,9,72
60,9,81
60,9,83
60,9,89
60,9,90
60,9,91
60,9,94
60,9,95
60,10,22
60,10,27
60,10,37
60,10,39
60,10,51
60,10,56
60,10,63
60,10,64
60,10,71
60,10,72
60,10,83
60,10,90
60,10,91
60,10,95
60,11,12
60,11,20
60,11,21
60,11,22
60,11,24
60,11,25
60,11,27
60,11,33
60,11,37
60,11,38
60,11,39
60,11,51
60,11,54
60,11,56
60,11,57
60,11,58
60,11,63
60,11,64
60,11,69
60,11,70
60,11,71
60,11,72
60,11,81
60,11,82
60,11,83
60,11,84
60,11,90
60,11,91
60,11,95
60,12,20
60,12,21
60,12,22
60,12,25
60,12,26
60,12,27
60,12,33
60,12,37
60,12,38
60,12,39
60,12,45
60,12,48
60,12,53
60,12,54
60,12,55
60,12,56
60,12,57
60,12,58
60,12,63
60,12,69
60,12,70
60,12,71
60,12,72
60,12,76
60,12,81
60,12,82
60,12,83
60,12,84
60,12,89
60,12,90
60,12,91
60,12,95
60,13,15
60,13,16
60,13,17
60,13,30
60,13,32
60,13,43
60,13,44
60,13,59
60,13,60
60,13,73
60,13,74
60,13,77
60,13,78
60,13,79
60,13,80
60,13,86
60,13,87
60,15,30
60,15,36
60,15,43
60,15,44
60,15,59
60,15,60
60,15,66
60,15,73
60,15,74
60,15,77
60,15,78
60,15,79
60,15,80
60,15,87
60,16,17
60,16,35
60,16,36
60,16,46
60,16,59
60,16,60
60,16,74
60,16,78
60,16,79
60,16,86
60,16,87
60,17,29
60,17,30
60,17,35
60,17,36
60,17,60
60,17,73
60,17,74
60,17,77
60,17,78
60,17,79
60,17,80
60,17,87
60,18,92
60,19,22
60,19,91
60,20,21
60,20,22
60,20,23
60,20,24
60,20,25
60,20,26
60,20,27
60,20,28
60,20,33
60,20,37
60,20,38
60,20,39
60,20,45
60,20,47
60,20,48
60,20,50
60,20,51
60,20,53
60,20,54
60,20,55
60,20,56
60,20,57
60,20,58
60,20,63
60,20,70
60,20,71
60,20,72
60,20,76
60,20,81
60,20,82
60,20,83
60,20,88
60,20,90
60,20,95
60,21,22
60,21,25
60,21,27
60,21,33
60,21,34
60,21,37
60,21,38
60,21,39
60,21,48
60,21,51
60,21,53
60,21,54
60,21,55
60,21,63
60,21,70
60,21,71
60,21,72
60,21,75
60,21,76
60,21,81
60,21,83
60,21,90
60,21,91
60,21,94
60,21,95
60,22,25
60,22,27
60,22,33
60,22,34
60,22,37
60,22,38
60,22,39
60,22,48
60,22,51
60,22,53
60,22,54
60,22,55
60,22,56
60,22,57
60,22,63
60,22,64
60,22,68
60,22,69
60,22,70
60,22,71
60,22,72
60,22,75
60,22,81
60,22,82
60,22,83
60,22,84
60,22,89
60,22,90
60,22,91
60,22,93
60,22,94
60,22,95
60,23,24
60,23,25
60,23,28
60,23,40
60,23,41
60,23,47
60,23,50
60,23,56
60,23,58
60,23,61
60,23,68
60,23,71
60,23,76
60,23,88
60,24,25
60,24,28
60,24,33
60,24,41
60,24,47
60,24,50
60,24,51
60,24,61
60,24,63
60,24,71
60,24,83
60,25,27
60,25,28
60,25,33
60,25,37
60,25,38
60,25,39
60,25,41
60,25,42
60,25,45
60,25,47
60,25,48
60,25,50
60,25,51
60,25,54
60,25,57
60,25,63
60,25,70
60,25,71
60,25,72
60,25,76
60,25,83
60,25,90
60,25,95
60,26,28
60,26,45
60,26,47
60,26,49
60,26,50
60,26,57
60,26,58
60,26,61
60,26,62
60,26,70
60,26,92
60,27,28
60,27,33
60,27,34
60,27,37
60,27,38
60,27,39
60,27,51
60,27,53
60,27,54
60,27,55
60,27,63
60,27,64
60,27,70
60,27,71
60,27,72
60,27,75
60,27,81
60,27,82
60,27,83
60,27,88
60,27,89
60,27,90
60,27,91
60,27,94
60,27,95
60,28,41
60,28,42
60,28,45
60,28,47
60,28,51
60,28,57
60,28,58
60,28,71
60,28,76
60,28,83
60,28,88
60,28,89
60,29,44
60,29,79
60,29,80
60,30,31
60,30,32
60,30,36
60,30,59
60,30,60
60,30,74
60,30,78
60,30,79
60,30,80
60,31,32
60,31,36
60,31,52
60,31,65
60,31,74
60,31,78
60,31,79
60,32,36
60,32,43
60,32,59
60,32,74
60,32,78
60,32,79
60,33,37
60,33,38
60,33,39
60,33,48
60,33,51
60,33,54
60,33,58
60,33,61
60,33,63
60,33,70
60,33,71
60,33,72
60,33,76
60,33,81
60,33,82
60,33,83
60,33,85
60,33,90
60,33,91
60,33,95
60,34,37
60,34,39
60,34,51
60,34,53
60,34,55
60,34,57
60,34,63
60,34,64
60,34,71
60,34,72
60,34,75
60,34,84
60,34,90
60,34,91
60,34,94
60,34,95
60,35,36
60,35,46
60,36,43
60,36,44
60,36,46
60,36,59
60,36,66
60,36,74
60,36,77
60,36,78
60,36,79
60,36,80
60,36,87
60,37,38
60,37,39
60,37,48
60,37,51
60,37,53
60,37,54
60,37,55
60,37,56
60,37,57
60,37,58
60,37,63
60,37,64
60,37,69
60,37,70
60,37,71
60,37,72
60,37,75
60,37,81
60,37,82
60,37,83
60,37,84
60,37,85
60,37,90
60,37,91
60,37,94
60,37,95
60,38,39
60,38,53
60,38,54
60,38,55
60,38,56
60,38,58
60,38,61
60,38,63
60,38,67
60,38,70
60,38,71
60,38,72
60,38,81
60,38,82
60,38,83
60,38,85
60,38,90
60,38,91
60,38,95
60,39,53
60,39,54
60,39,55
60,39,56
60,39,57
60,39,58
60,39,63
60,39,64
60,39,70
60,39,71
60,39,72
60,39,75
60,39,76
60,39,81
60,39,82
60,39,83
60,39,85
60,39,89
60,39,90
60,39,91
60,39,93
60,39,94
60,39,95
60,40,56
60,40,58
60,40,76
60,40,81
60,40,89
60,41,42
60,41,51
60,41,71
60,41,93
60,42,51
60,42,89
60,43,44
60,43,59
60,43,60
60,43,73
60,43,74
60,43,78
60,43,79
60,43,80
60,43,86
60,43,87
60,44,46
60,44,59
60,44,60
60,44,65
60,44,73
60,44,74
60,44,78
60,44,79
60,44,80
60,44,87
60,45,57
60,45,58
60,45,62
60,45,71
60,45,76
60,45,89
60,45,90
60,45,91
60,45,95
60,46,79
60,47,49
60,47,50
60,48,51
60,48,55
60,48,70
60,48,71
60,48,76
60,48,82
60,48,83
60,48,84
60,48,90
60,48,91
60,48,94
60,49,50
60,49,61
60,49,92
60,51,54
60,51,56
60,51,57
60,51,58
60,51,63
60,51,64
60,51,68
60,51,71
60,51,72
60,51,76
60,51,81
60,51,82
60,51,83
60,51,84
60,51,89
60,51,90
60,51,91
60,51,93
60,51,94
60,52,59
60,52,60
60,52,65
60,52,78
60,52,79
60,53,54
60,53,55
60,53,56
60,53,57
60,53,63
60,53,70
60,53,71
60,53,72
60,53,75
60,53,83
60,53,90
60,53,91
60,53,94
60,53,95
60,54,56
60,54,58
60,54,63
60,54,64
60,54,70
60,54,71
60,54,72
60,54,76
60,54,81
60,54,82
60,54,83
60,54,89
60,54,90
60,54,91
60,54,94
60,54,95
60,55,57
60,55,69
60,55,70
60,55,71
60,55,72
60,55,75
60,55,83
60,55,90
60,56,57
60,56,58
60,56,63
60,56,67
60,56,69
60,56,71
60,56,72
60,56,75
60,56,76
60,56,81
60,56,82
60,56,83
60,56,85
60,56,89
60,56,90
60,56,91
60,56,93
60,56,94
60,56,95
60,57,58
60,57,62
60,57,67
60,57,69
60,57,71
60,57,72
60,57,75
60,57,82
60,57,83
60,57,84
60,57,85
60,57,90
60,57,91
60,57,93
60,57,95
60,58,63
60,58,64
60,58,69
60,58,70
60,58,71
60,58,72
60,58,81
60,58,83
60,58,84
60,58,89
60,58,90
60,58,91
60,58,95
60,59,60
60,59,73
60,59,74
60,59,78
60,59,79
60,59,80
60,59,87
60,60,73
60,60,74
60,60,77
60,60,78
60,60,79
60,60,80
60,61,67
60,61,68
60,61,70
60,61,76
60,61,81
60,61,85
60,61,88
60,61,90
60,61,91
60,62,85
60,62,91
60,62,92
60,62,93
60,63,64
60,63,70
60,63,71
60,63,72
60,63,76
60,63,81
60,63,82
60,63,83
60,63,84
60,63,85
60,63,88
60,63,89
60,63,90
60,63,91
60,63,94
60,63,95
60,64,70
60,64,71
60,64,72
60,64,75
60,64,83
60,64,84
60,64,89
60,64,90
60,64,91
60,64,94
60,64,95
60,65,73
60,65,78
60,65,80
60,66,74
60,66,77
60,66,80
60,66,86
60,66,87
60,68,71
60,68,82
60,68,89
60,68,90
60,68,91
60,69,70
60,69,71
60,69,72
60,69,75
60,69,83
60,69,90
60,69,91
60,70,71
60,70,72
60,70,81
60,70,83
60,70,90
60,70,95
60,71,72
60,71,75
60,71,76
60,71,81
60,71,82
60,71,83
60,71,84
60,71,85
60,71,88
60,71,89
60,71,90
60,71,91
60,71,93
60,71,94
60,71,95
60,72,75
60,72,81
60,72,83
60,72,84
60,72,85
60,72,89
60,72,90
60,72,91
60,72,94
60,72,95
60,73,74
60,73,77
60,73,78
60,73,79
60,73,80
60,73,87
60,74,77
60,74,78
60,74,79
60,74,80
60,74,86
60,75,83
60,75,84
60,75,90
60,75,91
60,75,93
60,75,94
60,75,95
60,76,81
60,76,82
60,76,85
60,76,88
60,76,89
60,76,90
60,76,91
60,76,95
60,77,78
60,77,79
60,77,80
60,78,79
60,78,80
60,78,87
60,79,80
60,79,87
60,80,87
60,81,82
60,81,83
60,81,84
60,81,89
60,81,90
60,81,91
60,81,94
60,81,95
60,82,83
60,82,84
60,82,89
60,82,90
60,82,91
60,82,93
60,82,95
60,83,84
60,83,85
60,83,89
60,83,90
60,83,91
60,83,93
60,83,94
60,83,95
60,84,89
60,84,90
60,84,91
60,84,93
60,84,94
60,84,95
60,85,90
60,85,91
60,85,93
60,85,95
60,86,87
60,88,89
60,88,91
60,89,90
60,89,91
60,89,93
60,89,94
60,89,95
60,90,91
60,90,93
60,90,94
60,90,95
60,91,93
60,91,94
60,91,95
60,94,95
61,1,2
61,1,4
61,1,7
61,1,13
61,1,14
61,1,15
61,1,16
61,1,17
61,1,22
61,1,30
61,1,31
61,1,33
61,1,36
61,1,37
61,1,44
61,1,45
61,1,46
61,1,47
61,1,49
61,1,54
61,1,62
61,1,63
61,1,67
61,1,71
61,1,73
61,1,79
61,1,80
61,1,83
61,1,84
61,1,85
61,1,86
61,1,91
61,1,92
61,1,93
61,1,98
61,2,4
61,2,7
61,2,13
61,2,14
61,2,15
61,2,16
61,2,17
61,2,22
61,2,30
61,2,31
61,2,33
61,2,36
61,2,37
61,2,44
61,2,45
61,2,47
61,2,49
61,2,54
61,2,62
61,2,63
61,2,67
61,2,71
61,2,79
61,2,80
61,2,83
61,2,84
61,2,85
61,2,86
61,2,91
61,2,92
61,2,93
61,2,98
61,3,4
61,3,7
61,3,16
61,3,22
61,3,37
61,3,45
61,3,46
61,3,49
61,3,54
61,3,62
61,3,71
61,3,80
61,3,83
61,3,86
61,3,99
61,4,7
61,4,13
61,4,15
61,4,16
61,4,22
61,4,30
61,4,36
61,4,37
61,4,44
61,4,45
61,4,47
61,4,49
61,4,54
61,4,62
61,4,63
61,4,67
61,4,71
61,4,72
61,4,73
61,4,79
61,4,80
61,4,83
61,4,84
61,4,85
61,4,86
61,4,91
61,4,92
61,5,6
61,5,8
61,5,9
61,5,10
61,5,11
61,5,12
61,5,19
61,5,20
61,5,21
61,5,26
61,5,27
61,5,29
61,5,34
61,5,35
61,5,38
61,5,39
61,5,40
61,5,41
61,5,48
61,5,50
61,5,55
61,5,56
61,5,57
61,5,58
61,5,59
61,5,60
61,5,61
61,5,64
61,5,65
61,5,69
61,5,75
61,5,76
61,5,77
61,5,78
61,5,87
61,5,88
61,5,89
61,5,90
61,5,95
61,5,96
61,5,97
61,5,100
61,5,101
61,5,102
61,6,8
61,6,9
61,6,10
61,6,11
61,6,12
61,6,19
61,6,20
61,6,21
61,6,26
61,6,27
61,6,29
61,6,34
61,6,35
61,6,38
61,6,39
61,6,40
61,6,41
61,6,48
61,6,50
61,6,55
61,6,56
61,6,57
61,6,58
61,6,59
61,6,60
61,6,61
61,6,65
61,6,69
61,6,75
61,6,76
61,6,77
61,6,78
61,6,87
61,6,88
61,6,89
61,6,90
61,6,95
61,6,96
61,6,97
61,6,100
61,6,101
61,6,102
61,7,13
61,7,14
61,7,15
61,7,16
61,7,22
61,7,30
61,7,36
61,7,37
61,7,44
61,7,45
61,7,46
61,7,47
61,7,49
61,7,54
61,7,62
61,7,63
61,7,67
61,7,71
61,7,72
61,7,79
61,7,80
61,7,83
61,7,84
61,7,85
61,7,86
61,8,9
61,8,10
61,8,11
61,8,12
61,8,19
61,8,20
61,8,21
61,8,26
61,8,27
61,8,29
61,8,34
61,8,35
61,8,38
61,8,39
61,8,40
61,8,41
61,8,48
61,8,50
61,8,55
61,8,56
61,8,57
61,8,58
61,8,59
61,8,60
61,8,61
61,8,64
61,8,65
61,8,69
61,8,75
61,8,76
61,8,77
61,8,78
61,8,87
61,8,88
61,8,89
61,8,90
61,8,95
61,8,96
61,8,97
61,8,100
61,8,101
61,8,102
61,9,10
61,9,11
61,9,12
61,9,19
61,9,20
61,9,21
61,9,29
61,9,34
61,9,35
61,9,38
61,9,39
61,9,41
61,9,48
61,9,50
61,9,55
61,9,56
61,9,57
61,9,58
61,9,59
61,9,60
61,9,61
61,9,65
61,9,69
61,9,75
61,9,76
61,9,77
61,9,78
61,9,87
61,9,88
61,9,89
61,9,90
61,9,95
61,9,96
61,9,97
61,9,100
61,9,101
61,9,102
61,10,11
61,10,12
61,10,19
61,10,20
61,10,21
61,10,29
61,10,34
61,10,35
61,10,38
61,10,39
61,10,41
61,10,48
61,10,50
61,10,55
61,10,56
61,10,57
61,10,58
61,10,59
61,10,60
61,10,61
61,10,65
61,10,69
61,10,75
61,10,76
61,10,77
61,10,78
61,10,87
61,10,88
61,10,89
61,10,90
61,10,95
61,10,96
61,10,97
61,10,100
61,10,101
61,10,102
61,11,12
61,11,19
61,11,20
61,11,21
61,11,27
61,11,29
61,11,34
61,11,35
61,11,38
61,11,39
61,11,41
61,11,48
61,11,50
61,11,55
61,11,56
61,11,57
61,11,58
61,11,59
61,11,60
61,11,61
61,11,64
61,11,65
61,11,69
61,11,75
61,11,76
61,11,77
61,11,78
61,11,87
61,11,88
61,11,89
61,11,90
61,11,95
61,11,96
61,11,97
61,11,100
61,11,101
61,11,102
61,12,20
61,12,21
61,12,27
61,12,29
61,12,34
61,12,35
61,12,38
61,12,39
61,12,41
61,12,48
61,12,50
61,12,55
61,12,56
61,12,57
61,12,58
61,12,59
61,12,60
61,12,61
61,12,69
61,12,75
61,12,76
61,12,77
61,12,78
61,12,87
61,12,88
61,12,89
61,12,90
61,12,95
61,12,96
61,12,97
61,12,100
61,12,101
61,12,102
61,13,14
61,13,15
61,13,16
61,13,17
61,13,22
61,13,30
61,13,31
61,13,36
61,13,37
61,13,44
61,13,45
61,13,46
61,13,47
61,13,49
61,13,54
61,13,62
61,13,63
61,13,67
61,13,71
61,13,73
61,13,79
61,13,80
61,13,83
61,13,84
61,13,85
61,13,86
61,13,91
61,13,92
61,13,93
61,13,98
61,14,15
61,14,16
61,14,17
61,14,30
61,14,31
61,14,33
61,14,36
61,14,37
61,14,44
61,14,45
61,14,49
61,14,54
61,14,62
61,14,63
61,14,67
61,14,71
61,14,73
61,14,79
61,14,80
61,14,83
61,14,84
61,14,85
61,14,86
61,14,91
61,14,92
61,14,93
61,15,16
61,15,17
61,15,22
61,15,30
61,15,31
61,15,33
61,15,36
61,15,37
61,15,44
61,15,45
61,15,47
61,15,49
61,15,54
61,15,62
61,15,63
61,15,67
61,15,71
61,15,72
61,15,73
61,15,79
61,15,80
61,15,83
61,15,84
61,15,85
61,15,86
61,15,91
61,15,92
61,15,93
61,16,22
61,16,30
61,16,37
61,16,44
61,16,45
61,16,49
61,16,54
61,16,62
61,16,63
61,16,67
61,16,71
61,16,72
61,16,73
61,16,79
61,16,80
61,16,83
61,16,84
61,16,85
61,16,86
61,16,91
61,16,92
61,16,99
61,17,22
61,17,31
61,17,47
61,17,49
61,17,62
61,17,63
61,17,67
61,17,79
61,17,80
61,17,83
61,17,84
61,17,86
61,18,51
61,18,67
61,18,68
61,19,20
61,19,29
61,19,34
61,19,35
61,19,38
61,19,39
61,19,41
61,19,48
61,19,50
61,19,55
61,19,56
61,19,57
61,19,58
61,19,59
61,19,60
61,19,61
61,19,65
61,19,69
61,19,75
61,19,76
61,19,77
61,19,78
61,19,87
61,19,88
61,19,89
61,19,90
61,19,95
61,19,96
61,19,97
61,19,100
61,19,101
61,19,102
61,20,21
61,20,27
61,20,29
61,20,34
61,20,35
61,20,38
61,20,39
61,20,40
61,20,41
61,20,48
61,20,50
61,20,55
61,20,56
61,20,57
61,20,58
61,20,59
61,20,60
61,20,61
61,20,64
61,20,65
61,20,69
61,20,70
61,20,75
61,20,76
61,20,77
61,20,78
61,20,87
61,20,88
61,20,89
61,20,90
61,20,95
61,20,96
61,20,97
61,20,100
61,20,101
61,20,102
61,21,29
61,21,34
61,21,35
61,21,38
61,21,39
61,21,41
61,21,48
61,21,50
61,21,55
61,21,56
61,21,57
61,21,58
61,21,59
61,21,60
61,21,61
61,21,65
61,21,69
61,21,75
61,21,76
61,21,77
61,21,78
61,21,87
61,21,88
61,21,89
61,21,90
61,21,95
61,21,96
61,21,97
61,21,100
61,21,101
61,21,102
61,22,30
61,22,37
61,22,44
61,22,45
61,22,47
61,22,49
61,22,54
61,22,62
61,22,63
61,22,67
61,22,71
61,22,72
61,22,73
61,22,79
61,22,80
61,22,83
61,22,84
61,22,85
61,22,86
61,22,92
61,22,99
61,23,24
61,23,25
61,23,28
61,23,42
61,23,52
61,23,53
61,23,68
61,23,99
61,24,25
61,24,28
61,24,42
61,24,68
61,24,99
61,25,28
61,25,42
61,26,27
61,26,35
61,26,43
61,26,48
61,26,50
61,26,52
61,26,75
61,26,77
61,26,87
61,26,88
61,26,89
61,26,100
61,27,29
61,27,35
61,27,38
61,27,39
61,27,41
61,27,50
61,27,55
61,27,56
61,27,57
61,27,58
61,27,59
61,27,61
61,27,75
61,27,77
61,27,78
61,27,87
61,27,88
61,27,89
61,27,90
61,27,96
61,27,97
61,27,100
61,28,42
61,28,54
61,28,68
61,28,71
61,28,72
61,28,99
61,29,34
61,29,35
61,29,38
61,29,39
61,29,40
61,29,41
61,29,48
61,29,50
61,29,55
61,29,56
61,29,57
61,29,58
61,29,59
61,29,60
61,29,61
61,29,64
61,29,65
61,29,69
61,29,75
61,29,76
61,29,77
61,29,78
61,29,87
61,29,88
61,29,89
61,29,90
61,29,95
61,29,96
61,29,97
61,29,100
61,29,101
61,29,102
61,30,31
61,30,33
61,30,36
61,30,37
61,30,44
61,30,45
61,30,46
61,30,47
61,30,49
61,30,54
61,30,62
61,30,63
61,30,67
61,30,71
61,30,79
61,30,80
61,30,83
61,30,84
61,30,85
61,30,86
61,30,91
61,30,92
61,30,93
61,30,98
61,31,33
61,31,36
61,31,44
61,31,45
61,31,47
61,31,63
61,31,80
61,31,83
61,31,84
61,31,85
61,31,91
61,31,92
61,31,93
61,31,98
61,32,46
61,33,36
61,33,44
61,33,54
61,33,79
61,33,80
61,33,85
61,33,86
61,33,91
61,33,93
61,33,98
61,34,35
61,34,38
61,34,39
61,34,41
61,34,48
61,34,50
61,34,55
61,34,56
61,34,57
61,34,58
61,34,59
61,34,60
61,34,61
61,34,65
61,34,69
61,34,75
61,34,76
61,34,77
61,34,78
61,34,87
61,34,88
61,34,89
61,34,90
61,34,95
61,34,96
61,34,97
61,34,100
61,34,101
61,34,102
61,35,38
61,35,39
61,35,40
61,35,41
61,35,48
61,35,50
61,35,55
61,35,56
61,35,57
61,35,58
61,35,59
61,35,60
61,35,61
61,35,65
61,35,69
61,35,75
61,35,76
61,35,77
61,35,78
61,35,87
61,35,88
61,35,89
61,35,90
61,35,95
61,35,96
61,35,97
61,35,100
61,35,101
61,35,102
61,36,37
61,36,44
61,36,45
61,36,49
61,36,54
61,36,62
61,36,63
61,36,71
61,36,79
61,36,80
61,36,83
61,36,84
61,36,85
61,36,86
61,36,91
61,36,92
61,36,93
61,36,98
61,37,44
61,37,45
61,37,47
61,37,49
61,37,54
61,37,62
61,37,63
61,37,67
61,37,71
61,37,72
61,37,79
61,37,80
61,37,83
61,37,84
61,37,85
61,37,86
61,37,91
61,37,92
61,37,93
61,37,98
61,38,39
61,38,41
61,38,48
61,38,50
61,38,55
61,38,56
61,38,57
61,38,58
61,38,59
61,38,60
61,38,61
61,38,65
61,38,69
61,38,75
61,38,76
61,38,77
61,38,78
61,38,87
61,38,88
61,38,89
61,38,90
61,38,95
61,38,96
61,38,97
61,38,100
61,38,101
61,38,102
61,39,41
61,39,48
61,39,50
61,39,55
61,39,56
61,39,57
61,39,58
61,39,59
61,39,60
61,39,61
61,39,65
61,39,69
61,39,70
61,39,75
61,39,76
61,39,77
61,39,78
61,39,87
61,39,88
61,39,89
61,39,90
61,39,95
61,39,96
61,39,97
61,39,100
61,39,101
61,39,102
61,40,41
61,40,48
61,40,50
61,40,51
61,40,55
61,40,58
61,40,61
61,40,65
61,40,75
61,40,78
61,40,87
61,40,88
61,40,89
61,40,95
61,40,96
61,40,97
61,40,100
61,40,101
61,41,48
61,41,50
61,41,55
61,41,56
61,41,57
61,41,58
61,41,59
61,41,60
61,41,61
61,41,64
61,41,65
61,41,69
61,41,70
61,41,75
61,41,76
61,41,77
61,41,78
61,41,87
61,41,88
61,41,89
61,41,90
61,41,95
61,41,96
61,41,97
61,41,100
61,41,101
61,41,102
61,42,67
61,42,68
61,42,99
61,44,45
61,44,46
61,44,47
61,44,49
61,44,54
61,44,62
61,44,63
61,44,71
61,44,72
61,44,73
61,44,79
61,44,80
61,44,83
61,44,84
61,44,85
61,44,86
61,44,91
61,44,92
61,44,93
61,44,98
61,45,49
61,45,54
61,45,62
61,45,63
61,45,71
61,45,72
61,45,73
61,45,79
61,45,80
61,45,83
61,45,84
61,45,85
61,45,86
61,45,91
61,45,92
61,45,99
61,46,49
61,46,62
61,46,63
61,46,73
61,46,80
61,46,91
61,47,49
61,47,62
61,47,63
61,47,71
61,47,79
61,47,80
61,47,83
61,47,85
61,47,86
61,47,98
61,48,50
61,48,51
61,48,55
61,48,56
61,48,57
61,48,58
61,48,59
61,48,60
61,48,61
61,48,65
61,48,69
61,48,75
61,48,76
61,48,77
61,48,78
61,48,87
61,48,88
61,48,89
61,48,90
61,48,95
61,48,96
61,48,97
61,48,100
61,48,101
61,48,102
61,49,54
61,49,62
61,49,63
61,49,67
61,49,71
61,49,72
61,49,73
61,49,79
61,49,80
61,49,83
61,49,84
61,49,85
61,49,86
61,49,91
61,49,92
61,49,93
61,49,98
61,49,99
61,50,55
61,50,56
61,50,57
61,50,58
61,50,59
61,50,60
61,50,61
61,50,64
61,50,65
61,50,69
61,50,75
61,50,76
61,50,77
61,50,78
61,50,87
61,50,88
61,50,89
61,50,90
61,50,95
61,50,96
61,50,97
61,50,100
61,50,101
61,50,102
61,51,65
61,51,74
61,51,75
61,51,76
61,51,78
61,51,94
61,52,53
61,53,68
61,54,62
61,54,63
61,54,67
61,54,68
61,54,71
61,54,72
61,54,73
61,54,79
61,54,80
61,54,83
61,54,85
61,54,86
61,54,91
61,54,92
61,54,99
61,55,56
61,55,57
61,55,58
61,55,59
61,55,60
61,55,61
61,55,65
61,55,69
61,55,75
61,55,76
61,55,77
61,55,78
61,55,87
61,55,88
61,55,89
61,55,90
61,55,95
61,55,96
61,55,97
61,55,100
61,55,101
61,55,102
61,56,57
61,56,58
61,56,59
61,56,60
61,56,61
61,56,65
61,56,69
61,56,75
61,56,76
61,56,77
61,56,78
61,56,87
61,56,88
61,56,89
61,56,90
61,56,95
61,56,96
61,56,97
61,56,100
61,56,101
61,56,102
61,57,58
61,57,59
61,57,60
61,57,61
61,57,65
61,57,69
61,57,75
61,57,76
61,57,77
61,57,78
61,57,87
61,57,88
61,57,89
61,57,90
61,57,95
61,57,96
61,57,97
61,57,100
61,57,101
61,57,102
61,58,59
61,58,60
61,58,61
61,58,64
61,58,65
61,58,69
61,58,75
61,58,76
61,58,77
61,58,78
61,58,87
61,58,88
61,58,89
61,58,90
61,58,95
61,58,96
61,58,97
61,58,100
61,58,101
61,58,102
61,59,60
61,59,61
61,59,65
61,59,69
61,59,70
61,59,75
61,59,76
61,59,77
61,59,78
61,59,87
61,59,88
61,59,89
61,59,90
61,59,95
61,59,96
61,59,97
61,59,100
61,59,101
61,59,102
61,60,61
61,60,65
61,60,69
61,60,70
61,60,75
61,60,76
61,60,77
61,60,78
61,60,87
61,60,88
61,60,89
61,60,90
61,60,95
61,60,96
61,60,97
61,60,100
61,60,101
61,60,102
61,61,64
61,61,65
61,61,69
61,61,70
61,61,75
61,61,76
61,61,77
61,61,78
61,61,87
61,61,88
61,61,89
61,61,90
61,61,95
61,61,96
61,61,97
61,61,100
61,61,101
61,61,102
61,62,63
61,62,67
61,62,71
61,62,72
61,62,73
61,62,79
61,62,80
61,62,83
61,62,84
61,62,85
61,62,86
61,62,91
61,62,92
61,62,93
61,62,98
61,63,67
61,63,71
61,63,73
61,63,79
61,63,80
61,63,83
61,63,84
61,63,85
61,63,86
61,63,91
61,63,92
61,63,93
61,63,98
61,64,65
61,64,69
61,64,76
61,64,78
61,64,87
61,64,88
61,64,90
61,64,95
61,64,96
61,64,100
61,64,101
61,65,69
61,65,70
61,65,74
61,65,75
61,65,76
61,65,77
61,65,78
61,65,87
61,65,88
61,65,89
61,65,90
61,65,94
61,65,95
61,65,96
61,65,97
61,65,100
61,65,101
61,65,102
61,67,71
61,67,72
61,67,73
61,67,79
61,67,80
61,67,83
61,68,72
61,68,74
61,68,94
61,68,99
61,69,75
61,69,76
61,69,77
61,69,78
61,69,87
61,69,88
61,69,89
61,69,90
61,69,95
61,69,96
61,69,97
61,69,100
61,69,101
61,69,102
61,70,78
61,70,87
61,70,88
61,70,90
61,71,72
61,71,73
61,71,79
61,71,80
61,71,83
61,71,84
61,71,85
61,71,86
61,71,91
61,71,92
61,71,93
61,71,98
61,71,99
61,72,73
61,72,79
61,72,80
61,72,83
61,72,86
61,72,92
61,72,99
61,73,80
61,73,83
61,73,86
61,73,92
61,73,99
61,75,76
61,75,77
61,75,78
61,75,87
61,75,88
61,75,89
61,75,90
61,75,95
61,75,96
61,75,97
61,75,100
61,75,101
61,75,102
61,76,77
61,76,78
61,76,87
61,76,88
61,76,89
61,76,90
61,76,95
61,76,96
61,76,97
61,76,100
61,76,101
61,76,102
61,77,78
61,77,87
61,77,88
61,77,89
61,77,90
61,77,95
61,77,96
61,77,97
61,77,100
61,77,101
61,77,102
61,78,87
61,78,88
61,78,89
61,78,90
61,78,94
61,78,95
61,78,96
61,78,97
61,78,100
61,78,101
61,78,102
61,79,80
61,79,83
61,79,84
61,79,85
61,79,86
61,79,91
61,79,92
61,79,93
61,79,98
61,80,83
61,80,84
61,80,85
61,80,86
61,80,91
61,80,92
61,80,93
61,80,98
61,83,84
61,83,85
61,83,86
61,83,91
61,83,92
61,83,93
61,83,98
61,83,99
61,84,85
61,84,86
61,84,91
61,84,92
61,84,93
61,84,98
61,85,86
61,85,91
61,85,92
61,85,93
61,85,98
61,86,91
61,86,92
61,86,93
61,86,98
61,86,99
61,87,88
61,87,89
61,87,90
61,87,94
61,87,95
61,87,96
61,87,97
61,87,100
61,87,101
61,87,102
61,88,89
61,88,90
61,88,95
61,88,96
61,88,97
61,88,100
61,88,101
61,88,102
61,89,90
61,89,95
61,89,96
61,89,97
61,89,100
61,89,101
61,89,102
61,90,95
61,90,96
61,90,97
61,90,100
61,90,101
61,90,102
61,91,92
61,91,93
61,91,98
61,93,98
61,95,96
61,95,97
61,95,100
61,95,101
61,95,102
61,96,97
61,96,100
61,96,101
61,96,102
61,97,100
61,97,101
61,97,102
61,100,101
61,100,102
61,101,102
62,1,2
62,1,6
62,1,8
62,1,17
62,1,18
62,1,19
62,1,20
62,1,34
62,1,36
62,1,41
62,1,42
62,1,50
62,1,70
62,1,84
62,1,85
62,1,89
62,1,92
62,1,100
62,1,101
62,1,104
62,1,105
62,2,6
62,2,7
62,2,17
62,2,18
62,2,19
62,2,20
62,2,21
62,2,29
62,2,34
62,2,41
62,2,42
62,2,52
62,2,53
62,2,57
62,2,70
62,2,71
62,2,76
62,2,84
62,2,85
62,2,89
62,2,92
62,2,94
62,2,100
62,2,101
62,2,105
62,3,4
62,3,6
62,3,19
62,3,21
62,3,24
62,3,28
62,3,29
62,3,41
62,3,42
62,3,53
62,3,54
62,3,61
62,3,65
62,3,68
62,3,70
62,3,71
62,3,76
62,3,77
62,3,84
62,3,85
62,3,88
62,3,92
62,3,94
62,3,100
62,3,101
62,3,105
62,4,6
62,4,17
62,4,19
62,4,21
62,4,24
62,4,28
62,4,29
62,4,42
62,4,53
62,4,54
62,4,57
62,4,65
62,4,70
62,4,71
62,4,76
62,4,84
62,4,85
62,4,88
62,4,91
62,4,92
62,4,95
62,4,100
62,4,101
62,4,105
62,5,71
62,5,95
62,6,17
62,6,18
62,6,19
62,6,21
62,6,28
62,6,29
62,6,34
62,6,41
62,6,42
62,6,52
62,6,53
62,6,54
62,6,57
62,6,65
62,6,68
62,6,70
62,6,75
62,6,76
62,6,77
62,6,84
62,6,85
62,6,88
62,6,89
62,6,92
62,6,100
62,6,101
62,6,105
62,7,17
62,7,21
62,7,85
62,7,94
62,8,17
62,8,18
62,8,19
62,8,21
62,8,24
62,8,36
62,8,37
62,8,38
62,8,85
62,8,92
62,8,100
62,8,101
62,8,105
62,9,11
62,9,13
62,9,14
62,9,15
62,9,16
62,9,26
62,9,33
62,9,35
62,9,39
62,9,43
62,9,44
62,9,45
62,9,46
62,9,47
62,9,58
62,9,60
62,9,62
62,9,63
62,9,64
62,9,69
62,9,80
62,9,82
62,9,83
62,9,87
62,9,90
62,9,96
62,9,97
62,9,98
62,9,99
62,9,106
62,9,108
62,9,109
62,11,13
62,11,14
62,11,15
62,11,16
62,11,26
62,11,33
62,11,35
62,11,44
62,11,45
62,11,46
62,11,47
62,11,58
62,11,60
62,11,62
62,11,63
62,11,64
62,11,66
62,11,67
62,11,69
62,11,74
62,11,80
62,11,81
62,11,82
62,11,83
62,11,87
62,11,90
62,11,96
62,11,97
62,11,98
62,11,99
62,11,102
62,11,106
62,11,108
62,11,109
62,12,19
62,13,14
62,13,15
62,13,16
62,13,23
62,13,26
62,13,35
62,13,43
62,13,44
62,13,45
62,13,46
62,13,58
62,13,62
62,13,63
62,13,64
62,13,66
62,13,69
62,13,74
62,13,80
62,13,81
62,13,82
62,13,83
62,13,87
62,13,90
62,13,96
62,13,97
62,13,98
62,13,99
62,13,106
62,13,108
62,13,109
62,14,15
62,14,16
62,14,26
62,14,33
62,14,35
62,14,43
62,14,44
62,14,45
62,14,46
62,14,47
62,14,58
62,14,60
62,14,63
62,14,64
62,14,69
62,14,74
62,14,80
62,14,81
62,14,82
62,14,83
62,14,90
62,14,96
62,14,97
62,14,98
62,14,99
62,14,106
62,14,108
62,14,109
62,15,16
62,15,26
62,15,33
62,15,35
62,15,43
62,15,44
62,15,45
62,15,46
62,15,47
62,15,58
62,15,60
62,15,62
62,15,63
62,15,64
62,15,66
62,15,69
62,15,74
62,15,80
62,15,81
62,15,82
62,15,83
62,15,90
62,15,96
62,15,97
62,15,98
62,15,99
62,15,106
62,15,108
62,15,109
62,16,23
62,16,26
62,16,35
62,16,44
62,16,45
62,16,58
62,16,62
62,16,63
62,16,64
62,16,66
62,16,69
62,16,74
62,16,80
62,16,81
62,16,82
62,16,83
62,16,90
62,16,96
62,16,97
62,16,98
62,16,99
62,16,106
62,16,108
62,16,109
62,17,18
62,17,19
62,17,20
62,17,21
62,17,28
62,17,29
62,17,41
62,17,42
62,17,52
62,17,53
62,17,54
62,17,57
62,17,70
62,17,71
62,17,76
62,17,84
62,17,85
62,17,88
62,17,89
62,17,92
62,17,94
62,17,95
62,17,100
62,17,101
62,17,105
62,18,19
62,18,20
62,18,34
62,18,41
62,18,42
62,18,52
62,18,53
62,18,70
62,18,71
62,18,84
62,18,85
62,18,89
62,18,92
62,18,100
62,18,101
62,18,105
62,19,20
62,19,21
62,19,28
62,19,29
62,19,34
62,19,41
62,19,42
62,19,52
62,19,53
62,19,54
62,19,57
62,19,65
62,19,68
62,19,70
62,19,71
62,19,75
62,19,76
62,19,77
62,19,84
62,19,85
62,19,88
62,19,89
62,19,92
62,19,95
62,19,100
62,19,101
62,19,105
62,20,28
62,20,29
62,20,34
62,20,36
62,20,37
62,20,38
62,20,41
62,20,42
62,20,50
62,20,51
62,20,52
62,20,53
62,20,54
62,20,57
62,20,59
62,20,65
62,20,68
62,20,70
62,20,71
62,20,75
62,20,76
62,20,79
62,20,84
62,20,88
62,20,89
62,20,92
62,20,93
62,20,100
62,20,101
62,20,104
62,20,105
62,21,24
62,21,28
62,21,42
62,21,52
62,21,53
62,21,54
62,21,57
62,21,70
62,21,71
62,21,76
62,21,77
62,21,84
62,21,85
62,21,88
62,21,92
62,21,94
62,21,95
62,21,100
62,21,101
62,21,105
62,22,30
62,23,27
62,23,39
62,23,44
62,23,45
62,23,62
62,23,63
62,23,64
62,23,66
62,23,69
62,23,80
62,23,81
62,23,82
62,23,83
62,23,87
62,23,96
62,23,99
62,23,108
62,24,53
62,24,54
62,24,65
62,24,76
62,24,77
62,24,85
62,24,88
62,24,92
62,25,26
62,25,78
62,25,104
62,26,33
62,26,35
62,26,43
62,26,44
62,26,45
62,26,46
62,26,47
62,26,58
62,26,60
62,26,62
62,26,63
62,26,64
62,26,66
62,26,69
62,26,74
62,26,80
62,26,82
62,26,83
62,26,87
62,26,90
62,26,96
62,26,97
62,26,98
62,26,99
62,26,106
62,26,108
62,26,109
62,27,46
62,27,62
62,27,63
62,27,66
62,27,80
62,27,81
62,27,83
62,27,87
62,27,90
62,27,108
62,28,29
62,28,41
62,28,42
62,28,52
62,28,53
62,28,54
62,28,57
62,28,65
62,28,68
62,28,70
62,28,76
62,28,84
62,28,88
62,28,89
62,28,92
62,28,94
62,28,100
62,28,101
62,28,105
62,29,52
62,29,53
62,29,54
62,29,57
62,29,65
62,29,68
62,29,70
62,29,75
62,29,76
62,29,77
62,29,84
62,29,88
62,29,89
62,29,92
62,29,100
62,29,105
62,30,31
62,30,32
62,30,56
62,31,49
62,31,56
62,31,107
62,32,49
62,32,55
62,32,86
62,32,107
62,33,35
62,33,39
62,33,43
62,33,44
62,33,45
62,33,46
62,33,47
62,33,58
62,33,60
62,33,63
62,33,64
62,33,67
62,33,82
62,33,83
62,33,87
62,33,90
62,33,96
62,33,97
62,33,98
62,33,99
62,33,102
62,33,108
62,34,41
62,34,42
62,34,70
62,34,89
62,34,92
62,34,101
62,34,105
62,35,39
62,35,44
62,35,45
62,35,46
62,35,58
62,35,60
62,35,62
62,35,63
62,35,64
62,35,66
62,35,69
62,35,74
62,35,80
62,35,81
62,35,82
62,35,83
62,35,87
62,35,90
62,35,96
62,35,97
62,35,98
62,35,99
62,35,106
62,35,108
62,35,109
62,36,37
62,36,41
62,36,42
62,36,89
62,36,101
62,37,41
62,37,42
62,37,89
62,37,93
62,38,40
62,38,41
62,38,75
62,38,89
62,38,95
62,38,101
62,38,104
62,39,46
62,39,47
62,39,63
62,39,64
62,39,83
62,39,87
62,39,96
62,39,97
62,39,98
62,39,108
62,39,109
62,40,84
62,40,89
62,40,95
62,40,105
62,41,42
62,41,51
62,41,52
62,41,53
62,41,54
62,41,57
62,41,59
62,41,65
62,41,68
62,41,70
62,41,71
62,41,79
62,41,84
62,41,89
62,41,92
62,41,100
62,41,101
62,41,104
62,41,105
62,42,51
62,42,52
62,42,53
62,42,57
62,42,59
62,42,68
62,42,70
62,42,71
62,42,75
62,42,76
62,42,77
62,42,84
62,42,88
62,42,89
62,42,92
62,42,93
62,42,100
62,42,101
62,42,105
62,43,45
62,43,46
62,43,47
62,43,48
62,43,56
62,43,62
62,43,63
62,43,64
62,43,69
62,43,82
62,43,83
62,43,90
62,43,96
62,43,98
62,43,99
62,43,109
62,44,45
62,44,58
62,44,62
62,44,63
62,44,64
62,44,66
62,44,69
62,44,74
62,44,80
62,44,81
62,44,82
62,44,83
62,44,87
62,44,90
62,44,96
62,44,97
62,44,98
62,44,99
62,44,106
62,44,108
62,44,109
62,45,46
62,45,58
62,45,62
62,45,63
62,45,64
62,45,69
62,45,74
62,45,80
62,45,81
62,45,82
62,45,83
62,45,90
62,45,96
62,45,97
62,45,98
62,45,99
62,45,106
62,45,108
62,45,109
62,46,47
62,46,58
62,46,60
62,46,62
62,46,63
62,46,64
62,46,66
62,46,74
62,46,80
62,46,81
62,46,82
62,46,83
62,46,87
62,46,90
62,46,96
62,46,97
62,46,98
62,46,99
62,46,106
62,46,108
62,46,109
62,47,58
62,47,60
62,47,64
62,47,90
62,47,98
62,47,102
62,47,108
62,48,73
62,48,90
62,48,97
62,49,56
62,49,107
62,50,89
62,51,52
62,51,70
62,51,84
62,51,89
62,51,92
62,51,100
62,51,101
62,52,53
62,52,54
62,52,57
62,52,65
62,52,68
62,52,70
62,52,71
62,52,76
62,52,84
62,52,85
62,52,88
62,52,89
62,52,92
62,52,100
62,52,101
62,52,104
62,52,105
62,53,54
62,53,57
62,53,59
62,53,65
62,53,68
62,53,70
62,53,71
62,53,75
62,53,76
62,53,77
62,53,84
62,53,85
62,53,88
62,53,89
62,53,92
62,53,100
62,53,101
62,53,104
62,53,105
62,54,57
62,54,59
62,54,65
62,54,68
62,54,70
62,54,75
62,54,76
62,54,84
62,54,85
62,54,88
62,54,89
62,54,92
62,54,100
62,54,101
62,54,105
62,55,86
62,55,107
62,56,60
62,56,67
62,56,72
62,56,86
62,56,90
62,57,59
62,57,65
62,57,68
62,57,75
62,57,76
62,57,77
62,57,88
62,57,89
62,57,92
62,57,100
62,57,105
62,58,62
62,58,63
62,58,64
62,58,66
62,58,67
62,58,69
62,58,74
62,58,80
62,58,81
62,58,82
62,58,83
62,58,87
62,58,90
62,58,96
62,58,97
62,58,98
62,58,99
62,58,102
62,58,106
62,58,108
62,58,109
62,59,75
62,59,77
62,59,79
62,59,89
62,59,100
62,59,101
62,59,104
62,59,105
62,60,63
62,60,64
62,60,66
62,60,74
62,60,80
62,60,90
62,60,96
62,60,97
62,60,98
62,60,99
62,60,106
62,60,108
62,60,109
62,61,65
62,61,75
62,62,63
62,62,64
62,62,66
62,62,69
62,62,80
62,62,81
62,62,82
62,62,83
62,62,90
62,62,96
62,62,99
62,62,106
62,62,108
62,62,109
62,63,64
62,63,66
62,63,69
62,63,74
62,63,80
62,63,81
62,63,82
62,63,83
62,63,87
62,63,90
62,63,96
62,63,97
62,63,98
62,63,99
62,63,106
62,63,108
62,63,109
62,64,66
62,64,69
62,64,74
62,64,80
62,64,81
62,64,82
62,64,83
62,64,87
62,64,90
62,64,96
62,64,97
62,64,98
62,64,99
62,64,106
62,64,108
62,64,109
62,65,68
62,65,75
62,65,89
62,65,92
62,65,105
62,66,80
62,66,81
62,66,82
62,66,87
62,66,90
62,66,96
62,66,97
62,66,99
62,66,106
62,66,108
62,66,109
62,68,75
62,68,76
62,68,89
62,68,92
62,68,94
62,68,105
62,69,74
62,69,80
62,69,81
62,69,82
62,69,83
62,69,87
62,69,90
62,69,96
62,69,97
62,69,98
62,69,99
62,69,106
62,69,108
62,69,109
62,70,71
62,70,76
62,70,84
62,70,85
62,70,88
62,70,89
62,70,92
62,70,95
62,70,100
62,70,101
62,70,105
62,71,84
62,71,85
62,71,88
62,71,92
62,71,93
62,71,94
62,71,95
62,71,100
62,71,101
62,72,86
62,73,90
62,73,97
62,74,80
62,74,82
62,74,83
62,74,90
62,74,96
62,74,97
62,74,98
62,74,99
62,74,106
62,74,108
62,74,109
62,75,89
62,75,105
62,76,77
62,76,84
62,76,88
62,76,89
62,76,92
62,76,94
62,76,100
62,76,101
62,76,105
62,77,88
62,77,89
62,77,92
62,77,105
62,79,84
62,79,89
62,79,101
62,79,104
62,80,81
62,80,82
62,80,83
62,80,87
62,80,90
62,80,96
62,80,97
62,80,98
62,80,99
62,80,106
62,80,108
62,80,109
62,81,82
62,81,83
62,81,87
62,81,90
62,81,96
62,81,97
62,81,98
62,81,99
62,81,106
62,81,108
62,81,109
62,82,83
62,82,87
62,82,90
62,82,96
62,82,97
62,82,98
62,82,99
62,82,106
62,82,108
62,82,109
62,83,87
62,83,90
62,83,96
62,83,97
62,83,98
62,83,99
62,83,106
62,83,108
62,83,109
62,84,85
62,84,88
62,84,89
62,84,92
62,84,95
62,84,100
62,84,101
62,84,104
62,84,105
62,85,92
62,85,94
62,85,100
62,85,101
62,85,105
62,87,90
62,87,96
62,87,97
62,87,98
62,87,99
62,87,106
62,87,108
62,87,109
62,88,89
62,88,91
62,88,92
62,88,93
62,88,95
62,88,100
62,88,101
62,88,105
62,89,92
62,89,100
62,89,101
62,89,104
62,89,105
62,90,96
62,90,97
62,90,98
62,90,99
62,90,106
62,90,108
62,90,109
62,91,95
62,91,104
62,91,105
62,92,95
62,92,100
62,92,101
62,92,105
62,94,100
62,94,101
62,95,104
62,96,97
62,96,98
62,96,99
62,96,106
62,96,108
62,96,109
62,97,98
62,97,99
62,97,106
62,97,108
62,97,109
62,98,99
62,98,106
62,98,108
62,98,109
62,99,106
62,99,108
62,99,109
62,100,101
62,100,104
62,100,105
62,101,104
62,101,105
62,104,105
62,106,108
62,106,109
62,108,109
63,1,2
63,1,7
63,1,16
63,1,17
63,1,18
63,1,19
63,1,20
63,1,21
63,1,34
63,1,35
63,1,36
63,1,39
63,1,65
63,1,66
63,1,67
63,1,92
63,1,93
63,2,4
63,2,5
63,2,6
63,2,7
63,2,10
63,2,11
63,2,14
63,2,16
63,2,17
63,2,18
63,2,19
63,2,24
63,2,26
63,2,27
63,2,30
63,2,32
63,2,35
63,2,36
63,2,38
63,2,39
63,2,48
63,2,49
63,2,50
63,2,51
63,2,52
63,2,53
63,2,54
63,2,56
63,2,57
63,2,58
63,2,60
63,2,61
63,2,65
63,2,66
63,2,67
63,2,71
63,2,72
63,2,73
63,2,74
63,2,75
63,2,80
63,2,81
63,2,84
63,2,85
63,2,86
63,2,92
63,2,93
63,2,96
63,3,5
63,3,6
63,3,14
63,3,16
63,3,18
63,3,32
63,3,35
63,3,39
63,3,50
63,3,56
63,3,57
63,3,58
63,3,66
63,3,67
63,3,72
63,3,73
63,3,80
63,3,84
63,3,86
63,3,92
63,3,93
63,3,96
63,4,5
63,4,6
63,4,11
63,4,19
63,4,24
63,4,26
63,4,27
63,4,30
63,4,32
63,4,38
63,4,50
63,4,51
63,4,52
63,4,57
63,4,58
63,4,61
63,4,72
63,4,74
63,4,80
63,4,84
63,4,85
63,4,86
63,4,96
63,5,6
63,5,7
63,5,10
63,5,11
63,5,14
63,5,16
63,5,17
63,5,18
63,5,19
63,5,24
63,5,26
63,5,27
63,5,30
63,5,32
63,5,35
63,5,36
63,5,38
63,5,39
63,5,41
63,5,48
63,5,50
63,5,51
63,5,52
63,5,53
63,5,56
63,5,57
63,5,58
63,5,60
63,5,61
63,5,66
63,5,67
63,5,71
63,5,72
63,5,73
63,5,74
63,5,80
63,5,81
63,5,84
63,5,85
63,5,86
63,5,87
63,5,92
63,5,93
63,5,96
63,6,7
63,6,10
63,6,11
63,6,14
63,6,16
63,6,17
63,6,18
63,6,19
63,6,24
63,6,26
63,6,27
63,6,30
63,6,32
63,6,36
63,6,38
63,6,39
63,6,41
63,6,48
63,6,50
63,6,51
63,6,52
63,6,53
63,6,56
63,6,57
63,6,58
63,6,60
63,6,61
63,6,66
63,6,67
63,6,71
63,6,72
63,6,73
63,6,74
63,6,80
63,6,81
63,6,84
63,6,85
63,6,86
63,6,87
63,6,92
63,6,93
63,6,96
63,7,11
63,7,17
63,7,18
63,7,19
63,7,21
63,7,26
63,7,27
63,7,30
63,7,34
63,7,38
63,7,39
63,7,49
63,7,57
63,7,65
63,7,66
63,7,67
63,7,72
63,7,80
63,7,92
63,8,13
63,8,15
63,8,25
63,8,33
63,8,40
63,8,44
63,8,45
63,8,47
63,8,76
63,8,88
63,8,90
63,8,91
63,8,97
63,8,98
63,8,100
63,8,101
63,9,15
63,9,22
63,9,23
63,9,28
63,9,31
63,9,37
63,9,40
63,9,44
63,9,45
63,9,46
63,9,82
63,9,83
63,9,94
63,10,11
63,10,14
63,10,19
63,10,26
63,10,27
63,10,30
63,10,50
63,10,51
63,10,52
63,10,58
63,10,60
63,10,72
63,10,75
63,10,80
63,11,14
63,11,16
63,11,17
63,11,18
63,11,19
63,11,24
63,11,26
63,11,27
63,11,30
63,11,32
63,11,38
63,11,39
63,11,48
63,11,50
63,11,51
63,11,52
63,11,53
63,11,56
63,11,57
63,11,58
63,11,60
63,11,66
63,11,67
63,11,71
63,11,72
63,11,73
63,11,80
63,11,81
63,11,84
63,11,85
63,11,86
63,11,92
63,11,93
63,11,96
63,12,13
63,12,15
63,12,25
63,12,33
63,12,40
63,12,42
63,12,43
63,12,44
63,12,45
63,12,59
63,12,62
63,12,64
63,12,69
63,12,70
63,12,76
63,12,77
63,12,78
63,12,79
63,12,88
63,12,89
63,12,90
63,12,91
63,12,98
63,12,100
63,12,101
63,13,15
63,13,25
63,13,33
63,13,40
63,13,42
63,13,43
63,13,44
63,13,45
63,13,47
63,13,59
63,13,62
63,13,64
63,13,69
63,13,70
63,13,76
63,13,77
63,13,78
63,13,79
63,13,83
63,13,88
63,13,89
63,13,90
63,13,91
63,13,97
63,13,98
63,13,100
63,13,101
63,14,16
63,14,17
63,14,18
63,14,19
63,14,24
63,14,26
63,14,27
63,14,30
63,14,32
63,14,35
63,14,36
63,14,38
63,14,39
63,14,41
63,14,48
63,14,50
63,14,51
63,14,52
63,14,53
63,14,56
63,14,57
63,14,58
63,14,60
63,14,61
63,14,66
63,14,67
63,14,71
63,14,72
63,14,73
63,14,74
63,14,80
63,14,81
63,14,84
63,14,85
63,14,86
63,14,87
63,14,92
63,14,93
63,14,96
63,15,23
63,15,25
63,15,33
63,15,37
63,15,40
63,15,42
63,15,44
63,15,45
63,15,47
63,15,59
63,15,62
63,15,63
63,15,69
63,15,70
63,15,76
63,15,77
63,15,78
63,15,79
63,15,88
63,15,89
63,15,90
63,15,91
63,15,97
63,15,98
63,15,100
63,15,101
63,16,17
63,16,18
63,16,19
63,16,20
63,16,24
63,16,26
63,16,27
63,16,30
63,16,32
63,16,35
63,16,36
63,16,38
63,16,39
63,16,41
63,16,48
63,16,50
63,16,52
63,16,53
63,16,56
63,16,57
63,16,58
63,16,60
63,16,66
63,16,67
63,16,71
63,16,72
63,16,73
63,16,80
63,16,81
63,16,84
63,16,85
63,16,86
63,16,87
63,16,92
63,16,93
63,16,96
63,17,18
63,17,19
63,17,20
63,17,26
63,17,27
63,17,32
63,17,35
63,17,36
63,17,38
63,17,39
63,17,48
63,17,50
63,17,52
63,17,53
63,17,56
63,17,58
63,17,60
63,17,66
63,17,67
63,17,71
63,17,72
63,17,73
63,17,80
63,17,81
63,17,84
63,17,85
63,17,87
63,17,92
63,17,93
63,17,96
63,18,19
63,18,26
63,18,27
63,18,30
63,18,32
63,18,35
63,18,36
63,18,38
63,18,39
63,18,48
63,18,50
63,18,53
63,18,56
63,18,57
63,18,58
63,18,60
63,18,66
63,18,67
63,18,71
63,18,72
63,18,73
63,18,80
63,18,81
63,18,84
63,18,85
63,18,86
63,18,87
63,18,92
63,18,93
63,18,96
63,19,24
63,19,26
63,19,27
63,19,30
63,19,32
63,19,36
63,19,38
63,19,39
63,19,48
63,19,49
63,19,50
63,19,51
63,19,52
63,19,53
63,19,56
63,19,57
63,19,58
63,19,60
63,19,61
63,19,65
63,19,66
63,19,67
63,19,71
63,19,72
63,19,73
63,19,74
63,19,75
63,19,80
63,19,81
63,19,84
63,19,85
63,19,86
63,19,92
63,19,93
63,19,96
63,20,35
63,20,39
63,20,50
63,20,66
63,20,67
63,20,92
63,20,93
63,21,34
63,21,49
63,22,23
63,22,29
63,22,31
63,22,46
63,22,82
63,23,25
63,23,28
63,23,29
63,23,31
63,23,37
63,23,40
63,23,44
63,23,46
63,23,62
63,23,68
63,23,76
63,23,82
63,23,83
63,23,94
63,23,100
63,24,26
63,24,27
63,24,30
63,24,32
63,24,38
63,24,39
63,24,41
63,24,50
63,24,52
63,24,53
63,24,56
63,24,57
63,24,58
63,24,60
63,24,61
63,24,66
63,24,67
63,24,71
63,24,72
63,24,80
63,24,81
63,24,84
63,24,85
63,24,86
63,24,92
63,24,93
63,24,96
63,25,31
63,25,37
63,25,40
63,25,42
63,25,43
63,25,44
63,25,45
63,25,47
63,25,59
63,25,62
63,25,69
63,25,70
63,25,76
63,25,79
63,25,82
63,25,83
63,25,88
63,25,89
63,25,90
63,25,91
63,25,94
63,25,98
63,25,100
63,25,101
63,26,27
63,26,30
63,26,32
63,26,38
63,26,39
63,26,41
63,26,48
63,26,50
63,26,51
63,26,52
63,26,53
63,26,56
63,26,57
63,26,58
63,26,60
63,26,66
63,26,67
63,26,71
63,26,72
63,26,73
63,26,80
63,26,81
63,26,84
63,26,85
63,26,86
63,26,87
63,26,92
63,26,93
63,26,96
63,27,30
63,27,32
63,27,38
63,27,39
63,27,48
63,27,50
63,27,51
63,27,52
63,27,53
63,27,57
63,27,58
63,27,60
63,27,66
63,27,67
63,27,71
63,27,72
63,27,80
63,27,81
63,27,84
63,27,85
63,27,86
63,27,87
63,27,92
63,27,93
63,27,96
63,28,29
63,28,31
63,28,37
63,28,40
63,28,46
63,28,68
63,28,82
63,29,31
63,29,46
63,29,55
63,29,68
63,29,82
63,29,99
63,30,32
63,30,38
63,30,39
63,30,48
63,30,50
63,30,51
63,30,52
63,30,53
63,30,57
63,30,58
63,30,60
63,30,66
63,30,71
63,30,72
63,30,73
63,30,74
63,30,80
63,30,81
63,30,84
63,30,85
63,30,86
63,30,92
63,30,93
63,30,96
63,31,40
63,31,44
63,31,46
63,31,68
63,31,82
63,31,94
63,32,38
63,32,39
63,32,41
63,32,48
63,32,50
63,32,51
63,32,52
63,32,53
63,32,56
63,32,57
63,32,58
63,32,60
63,32,66
63,32,67
63,32,71
63,32,72
63,32,73
63,32,80
63,32,81
63,32,84
63,32,85
63,32,86
63,32,92
63,32,93
63,32,96
63,33,37
63,33,40
63,33,42
63,33,43
63,33,44
63,33,45
63,33,47
63,33,59
63,33,62
63,33,63
63,33,64
63,33,69
63,33,70
63,33,76
63,33,77
63,33,78
63,33,79
63,33,83
63,33,88
63,33,89
63,33,90
63,33,91
63,33,97
63,33,98
63,33,100
63,33,101
63,34,65
63,35,36
63,35,38
63,35,39
63,35,48
63,35,56
63,35,66
63,35,67
63,35,87
63,35,92
63,35,93
63,35,96
63,36,39
63,36,48
63,36,50
63,36,56
63,36,60
63,36,66
63,36,67
63,36,84
63,36,85
63,36,92
63,36,93
63,36,96
63,37,42
63,37,44
63,37,45
63,37,59
63,37,62
63,37,63
63,37,76
63,37,77
63,37,78
63,37,83
63,37,88
63,37,90
63,37,91
63,37,97
63,37,100
63,37,101
63,38,39
63,38,41
63,38,48
63,38,50
63,38,51
63,38,52
63,38,53
63,38,56
63,38,57
63,38,58
63,38,60
63,38,61
63,38,66
63,38,67
63,38,71
63,38,72
63,38,73
63,38,74
63,38,80
63,38,81
63,38,84
63,38,85
63,38,86
63,38,92
63,38,93
63,38,96
63,39,41
63,39,48
63,39,50
63,39,51
63,39,52
63,39,53
63,39,56
63,39,57
63,39,58
63,39,60
63,39,65
63,39,66
63,39,67
63,39,71
63,39,72
63,39,73
63,39,74
63,39,80
63,39,81
63,39,84
63,39,85
63,39,87
63,39,92
63,39,93
63,39,96
63,40,42
63,40,43
63,40,44
63,40,45
63,40,47
63,40,59
63,40,62
63,40,64
63,40,68
63,40,70
63,40,76
63,40,77
63,40,78
63,40,79
63,40,82
63,40,83
63,40,88
63,40,89
63,40,90
63,40,91
63,40,94
63,40,97
63,40,98
63,40,100
63,40,101
63,41,50
63,41,56
63,41,57
63,41,58
63,41,71
63,41,72
63,41,84
63,41,92
63,41,93
63,42,43
63,42,44
63,42,45
63,42,59
63,42,62
63,42,64
63,42,70
63,42,76
63,42,77
63,42,78
63,42,79
63,42,88
63,42,89
63,42,90
63,42,91
63,42,97
63,42,100
63,42,101
63,43,47
63,43,59
63,43,62
63,43,64
63,43,69
63,43,70
63,43,76
63,43,77
63,43,78
63,43,79
63,43,88
63,43,89
63,43,90
63,43,91
63,43,98
63,43,100
63,43,101
63,44,45
63,44,47
63,44,59
63,44,62
63,44,70
63,44,76
63,44,77
63,44,78
63,44,79
63,44,82
63,44,83
63,44,88
63,44,89
63,44,90
63,44,91
63,44,97
63,44,100
63,44,101
63,45,47
63,45,59
63,45,62
63,45,70
63,45,76
63,45,77
63,45,78
63,45,79
63,45,88
63,45,89
63,45,90
63,45,91
63,45,97
63,45,98
63,45,100
63,45,101
63,46,55
63,46,68
63,46,82
63,46,94
63,46,95
63,47,62
63,47,64
63,47,69
63,47,70
63,47,76
63,47,79
63,47,82
63,47,83
63,47,88
63,47,91
63,47,97
63,47,98
63,47,100
63,47,101
63,48,50
63,48,52
63,48,53
63,48,57
63,48,58
63,48,60
63,48,66
63,48,67
63,48,72
63,48,73
63,48,80
63,48,81
63,48,84
63,48,85
63,48,86
63,48,92
63,48,93
63,48,96
63,49,80
63,49,85
63,50,51
63,50,52
63,50,53
63,50,56
63,50,57
63,50,58
63,50,60
63,50,61
63,50,66
63,50,67
63,50,71
63,50,72
63,50,73
63,50,74
63,50,80
63,50,81
63,50,84
63,50,85
63,50,86
63,50,87
63,50,92
63,50,93
63,50,96
63,51,52
63,51,57
63,51,58
63,51,61
63,51,71
63,51,81
63,51,85
63,52,53
63,52,56
63,52,57
63,52,58
63,52,60
63,52,65
63,52,66
63,52,71
63,52,72
63,52,74
63,52,80
63,52,81
63,52,84
63,52,85
63,52,86
63,52,92
63,52,93
63,52,96
63,53,56
63,53,57
63,53,58
63,53,60
63,53,66
63,53,67
63,53,71
63,53,72
63,53,73
63,53,80
63,53,81
63,53,84
63,53,85
63,53,86
63,53,87
63,53,92
63,53,93
63,53,96
63,55,82
63,55,99
63,56,57
63,56,58
63,56,60
63,56,66
63,56,67
63,56,71
63,56,72
63,56,73
63,56,81
63,56,84
63,56,85
63,56,87
63,56,92
63,56,93
63,56,96
63,57,58
63,57,60
63,57,61
63,57,66
63,57,67
63,57,71
63,57,72
63,57,73
63,57,74
63,57,80
63,57,81
63,57,84
63,57,85
63,57,86
63,57,92
63,57,93
63,57,96
63,58,60
63,58,61
63,58,66
63,58,67
63,58,71
63,58,72
63,58,74
63,58,80
63,58,81
63,58,84
63,58,85
63,58,86
63,58,92
63,58,93
63,58,96
63,59,62
63,59,64
63,59,70
63,59,76
63,59,77
63,59,78
63,59,79
63,59,88
63,59,89
63,59,90
63,59,91
63,59,97
63,59,98
63,59,100
63,59,101
63,60,65
63,60,66
63,60,67
63,60,71
63,60,72
63,60,80
63,60,81
63,60,84
63,60,85
63,60,86
63,60,87
63,60,92
63,60,93
63,60,96
63,61,74
63,61,85
63,62,63
63,62,64
63,62,70
63,62,76
63,62,77
63,62,78
63,62,79
63,62,82
63,62,88
63,62,89
63,62,90
63,62,91
63,62,97
63,62,98
63,62,100
63,62,101
63,63,76
63,63,79
63,63,82
63,63,91
63,63,97
63,63,100
63,64,70
63,64,76
63,64,77
63,64,78
63,64,79
63,64,88
63,64,89
63,64,90
63,64,91
63,64,98
63,64,100
63,64,101
63,65,85
63,66,67
63,66,71
63,66,72
63,66,73
63,66,80
63,66,81
63,66,84
63,66,85
63,66,86
63,66,87
63,66,92
63,66,93
63,66,96
63,67,71
63,67,72
63,67,73
63,67,80
63,67,81
63,67,84
63,67,85
63,67,87
63,67,92
63,67,93
63,67,96
63,68,76
63,68,82
63,68,83
63,69,76
63,69,79
63,69,83
63,69,88
63,69,98
63,69,100
63,69,101
63,70,76
63,70,78
63,70,79
63,70,83
63,70,88
63,70,89
63,70,90
63,70,91
63,70,97
63,70,98
63,70,100
63,70,101
63,71,72
63,71,73
63,71,80
63,71,81
63,71,84
63,71,85
63,71,92
63,71,93
63,71,96
63,72,73
63,72,74
63,72,80
63,72,81
63,72,84
63,72,85
63,72,86
63,72,92
63,72,93
63,72,96
63,73,80
63,73,84
63,73,85
63,73,86
63,73,92
63,73,93
63,73,96
63,74,80
63,74,84
63,74,85
63,74,96
63,76,77
63,76,78
63,76,79
63,76,88
63,76,89
63,76,90
63,76,91
63,76,97
63,76,98
63,76,100
63,76,101
63,77,78
63,77,79
63,77,88
63,77,89
63,77,90
63,77,91
63,77,100
63,77,101
63,78,79
63,78,88
63,78,89
63,78,90
63,78,91
63,78,97
63,78,98
63,78,100
63,78,101
63,79,83
63,79,88
63,79,89
63,79,90
63,79,91
63,79,97
63,79,98
63,79,100
63,79,101
63,80,81
63,80,84
63,80,85
63,80,86
63,80,92
63,80,93
63,80,96
63,81,84
63,81,85
63,81,87
63,81,92
63,81,93
63,81,96
63,82,83
63,82,94
63,82,95
63,83,88
63,83,90
63,83,94
63,83,100
63,84,85
63,84,86
63,84,92
63,84,93
63,84,96
63,85,86
63,85,92
63,85,93
63,85,96
63,86,92
63,86,93
63,86,96
63,87,92
63,87,93
63,87,96
63,88,89
63,88,90
63,88,91
63,88,97
63,88,98
63,88,100
63,88,101
63,89,90
63,89,91
63,89,97
63,89,98
63,89,100
63,89,101
63,90,91
63,90,97
63,90,98
63,90,100
63,90,101
63,91,97
63,91,98
63,91,100
63,91,101
63,92,93
63,92,96
63,93,96
63,94,95
63,97,98
63,97,100
63,97,101
63,98,100
63,98,101
63,100,101
64,1,2
64,1,4
64,1,5
64,1,6
64,1,7
64,1,14
64,1,16
64,1,17
64,1,18
64,1,19
64,1,25
64,1,32
64,1,34
64,1,35
64,1,39
64,1,47
64,1,50
64,1,63
64,1,65
64,1,66
64,1,79
64,1,80
64,1,84
64,1,86
64,1,91
64,1,92
64,2,4
64,2,5
64,2,6
64,2,14
64,2,16
64,2,17
64,2,18
64,2,19
64,2,35
64,2,39
64,2,47
64,2,50
64,2,65
64,2,66
64,2,79
64,2,80
64,2,84
64,2,86
64,2,91
64,2,92
64,3,7
64,3,30
64,3,32
64,3,51
64,3,57
64,3,72
64,3,81
64,3,85
64,3,96
64,4,14
64,4,17
64,4,19
64,4,25
64,4,35
64,4,39
64,4,47
64,4,50
64,4,65
64,4,80
64,4,84
64,4,86
64,4,91
64,4,92
64,4,96
64,5,7
64,5,11
64,5,14
64,5,16
64,5,17
64,5,19
64,5,24
64,5,32
64,5,33
64,5,35
64,5,39
64,5,50
64,5,59
64,5,65
64,5,66
64,5,79
64,5,80
64,5,81
64,5,83
64,5,84
64,5,85
64,5,86
64,5,91
64,5,92
64,6,18
64,6,19
64,6,25
64,6,65
64,6,79
64,6,84
64,6,91
64,6,92
64,7,11
64,7,19
64,7,24
64,7,39
64,7,51
64,7,52
64,7,55
64,7,80
64,7,83
64,7,85
64,7,91
64,7,96
64,8,27
64,9,14
64,9,17
64,9,23
64,9,24
64,9,25
64,9,32
64,9,33
64,9,34
64,9,35
64,9,39
64,9,40
64,9,49
64,9,50
64,9,52
64,9,55
64,9,72
64,9,83
64,9,91
64,9,92
64,9,96
64,11,19
64,11,24
64,11,25
64,11,26
64,11,33
64,11,35
64,11,65
64,11,79
64,11,80
64,11,81
64,11,84
64,11,91
64,12,13
64,12,38
64,12,41
64,12,42
64,12,61
64,12,70
64,12,75
64,12,76
64,12,77
64,12,78
64,12,89
64,12,95
64,13,15
64,13,41
64,13,42
64,13,58
64,13,64
64,13,70
64,13,75
64,13,76
64,13,77
64,13,78
64,13,87
64,13,89
64,13,95
64,13,100
64,14,16
64,14,17
64,14,19
64,14,23
64,14,32
64,14,33
64,14,34
64,14,35
64,14,36
64,14,39
64,14,40
64,14,47
64,14,49
64,14,50
64,14,52
64,14,55
64,14,56
64,14,59
64,14,63
64,14,65
64,14,66
64,14,72
64,14,83
64,14,84
64,14,85
64,14,86
64,14,91
64,14,92
64,14,96
64,15,37
64,15,41
64,15,42
64,15,45
64,15,58
64,15,64
64,15,70
64,15,75
64,15,76
64,15,77
64,15,78
64,15,87
64,15,88
64,15,89
64,15,90
64,15,95
64,15,99
64,15,100
64,16,17
64,16,18
64,16,19
64,16,33
64,16,39
64,16,47
64,16,56
64,16,59
64,16,65
64,16,66
64,16,79
64,16,84
64,16,91
64,16,92
64,16,96
64,17,19
64,17,23
64,17,33
64,17,34
64,17,35
64,17,39
64,17,47
64,17,50
64,17,55
64,17,59
64,17,65
64,17,66
64,17,79
64,17,80
64,17,83
64,17,84
64,17,85
64,17,86
64,17,91
64,17,92
64,17,96
64,18,19
64,18,39
64,18,65
64,18,66
64,18,84
64,18,91
64,19,33
64,19,35
64,19,39
64,19,47
64,19,50
64,19,65
64,19,66
64,19,79
64,19,80
64,19,84
64,19,91
64,19,92
64,19,96
64,20,21
64,20,27
64,20,38
64,22,27
64,22,37
64,22,70
64,22,89
64,22,100
64,23,24
64,23,32
64,23,35
64,23,39
64,23,40
64,23,49
64,23,53
64,23,55
64,23,57
64,23,59
64,23,65
64,23,69
64,23,83
64,23,86
64,23,91
64,23,96
64,24,25
64,24,26
64,24,30
64,24,32
64,24,36
64,24,53
64,24,55
64,24,57
64,24,59
64,24,69
64,24,79
64,24,81
64,24,83
64,25,30
64,25,32
64,25,36
64,25,49
64,25,50
64,25,52
64,25,53
64,25,55
64,25,57
64,25,59
64,25,60
64,25,69
64,25,74
64,25,96
64,26,30
64,26,81
64,26,98
64,27,31
64,27,42
64,27,43
64,27,44
64,27,45
64,27,64
64,27,70
64,27,78
64,27,87
64,27,89
64,27,93
64,27,94
64,27,100
64,28,29
64,28,46
64,28,54
64,29,46
64,29,67
64,30,81
64,31,37
64,31,38
64,31,43
64,31,44
64,31,58
64,31,67
64,31,70
64,31,78
64,31,87
64,31,88
64,31,89
64,31,94
64,31,100
64,32,34
64,32,39
64,32,50
64,32,55
64,32,57
64,32,59
64,32,72
64,32,81
64,32,84
64,32,85
64,32,86
64,32,96
64,33,35
64,33,39
64,33,47
64,33,65
64,33,66
64,33,79
64,33,80
64,33,81
64,33,83
64,33,84
64,33,85
64,33,91
64,33,92
64,33,96
64,34,35
64,34,36
64,34,39
64,34,47
64,34,55
64,34,65
64,34,84
64,34,91
64,34,92
64,34,96
64,35,39
64,35,47
64,35,49
64,35,50
64,35,65
64,35,66
64,35,79
64,35,83
64,35,84
64,35,86
64,35,91
64,35,92
64,35,96
64,36,39
64,36,47
64,36,55
64,36,56
64,36,69
64,36,79
64,36,80
64,36,81
64,36,84
64,37,41
64,37,42
64,37,43
64,37,45
64,37,61
64,37,64
64,37,70
64,37,75
64,37,76
64,37,77
64,37,78
64,37,87
64,37,88
64,37,89
64,37,90
64,38,41
64,38,42
64,38,43
64,38,44
64,38,45
64,38,68
64,38,70
64,38,78
64,38,82
64,38,87
64,38,88
64,38,89
64,38,90
64,38,100
64,39,47
64,39,49
64,39,50
64,39,53
64,39,55
64,39,59
64,39,63
64,39,65
64,39,66
64,39,69
64,39,73
64,39,80
64,39,83
64,39,84
64,39,86
64,39,91
64,39,92
64,39,96
64,40,55
64,40,56
64,40,96
64,41,42
64,41,58
64,41,64
64,41,68
64,41,70
64,41,75
64,41,76
64,41,77
64,41,78
64,41,87
64,41,88
64,41,89
64,41,90
64,41,95
64,41,99
64,41,100
64,42,43
64,42,45
64,42,58
64,42,64
64,42,68
64,42,70
64,42,75
64,42,76
64,42,77
64,42,78
64,42,87
64,42,88
64,42,89
64,42,90
64,42,95
64,42,99
64,42,100
64,43,70
64,43,82
64,43,87
64,43,90
64,43,100
64,44,45
64,44,75
64,44,77
64,44,89
64,45,68
64,45,70
64,45,75
64,45,76
64,45,77
64,45,78
64,45,89
64,46,67
64,47,59
64,47,65
64,47,66
64,47,79
64,47,80
64,47,84
64,47,91
64,47,92
64,47,96
64,49,50
64,49,83
64,49,86
64,50,55
64,50,65
64,50,66
64,50,79
64,50,80
64,50,84
64,50,86
64,50,91
64,50,92
64,50,96
64,51,52
64,51,83
64,52,55
64,52,83
64,53,56
64,53,59
64,53,69
64,53,81
64,54,67
64,54,97
64,55,56
64,55,57
64,55,59
64,55,69
64,55,72
64,55,81
64,55,83
64,55,84
64,55,96
64,57,72
64,57,81
64,57,85
64,57,96
64,58,62
64,58,64
64,58,70
64,58,75
64,58,76
64,58,77
64,58,78
64,58,87
64,58,88
64,58,89
64,58,90
64,58,99
64,58,100
64,59,79
64,59,81
64,59,84
64,59,86
64,59,96
64,61,77
64,61,78
64,61,89
64,61,99
64,61,100
64,62,70
64,62,99
64,64,70
64,64,75
64,64,76
64,64,77
64,64,78
64,64,87
64,64,88
64,64,89
64,64,95
64,64,99
64,64,100
64,65,66
64,65,79
64,65,80
64,65,83
64,65,84
64,65,85
64,65,86
64,65,91
64,65,92
64,65,96
64,66,79
64,66,80
64,66,84
64,66,91
64,66,92
64,66,96
64,68,70
64,68,76
64,68,87
64,68,89
64,70,75
64,70,76
64,70,77
64,70,78
64,70,82
64,70,87
64,70,88
64,70,89
64,70,90
64,70,99
64,70,100
64,72,79
64,72,81
64,72,83
64,72,85
64,72,86
64,72,96
64,73,83
64,75,76
64,75,77
64,75,78
64,75,87
64,75,89
64,75,95
64,76,77
64,76,78
64,76,87
64,76,88
64,76,89
64,76,90
64,76,95
64,76,99
64,76,100
64,77,78
64,77,87
64,77,88
64,77,89
64,77,90
64,77,95
64,77,99
64,77,100
64,78,87
64,78,88
64,78,89
64,78,90
64,78,95
64,78,99
64,78,100
64,79,80
64,79,81
64,79,84
64,79,85
64,79,86
64,79,91
64,79,92
64,80,84
64,80,86
64,80,91
64,80,92
64,81,85
64,81,96
64,81,98
64,82,89
64,83,84
64,83,85
64,83,91
64,83,92
64,83,96
64,84,85
64,84,86
64,84,91
64,84,92
64,84,96
64,85,91
64,85,96
64,86,91
64,86,92
64,87,88
64,87,89
64,87,100
64,88,89
64,88,99
64,88,100
64,89,90
64,89,99
64,89,100
64,90,99
64,90,100
64,91,92
64,91,96
64,92,96
64,95,99
64,95,100
64,99,100
65,1,2
65,1,4
65,1,13
65,1,18
65,1,34
65,1,36
65,1,39
65,1,51
65,1,65
65,1,71
65,1,72
65,1,87
65,1,88
65,1,89
65,1,93
65,1,101
65,1,102
65,2,31
65,2,34
65,2,36
65,2,39
65,2,65
65,3,28
65,3,51
65,3,59
65,3,65
65,3,105
65,4,6
65,4,13
65,4,23
65,4,30
65,4,36
65,4,39
65,4,57
65,4,58
65,4,65
65,4,68
65,4,71
65,4,72
65,4,85
65,4,87
65,4,88
65,4,95
65,4,101
65,4,105
65,5,15
65,6,13
65,6,16
65,6,23
65,6,30
65,6,31
65,6,32
65,6,33
65,6,36
65,6,39
65,6,51
65,6,57
65,6,58
65,6,65
65,6,68
65,6,71
65,6,72
65,6,85
65,6,90
65,6,95
65,6,96
65,6,101
65,6,105
65,8,65
65,9,105
65,10,21
65,10,59
65,10,65
65,10,105
65,11,24
65,11,25
65,11,41
65,11,42
65,11,63
65,11,64
65,11,69
65,11,70
65,11,76
65,11,83
65,11,84
65,11,99
65,12,62
65,12,66
65,12,69
65,12,84
65,12,86
65,12,111
65,13,14
65,13,23
65,13,33
65,13,36
65,13,39
65,13,47
65,13,51
65,13,58
65,13,65
65,13,68
65,13,71
65,13,72
65,13,85
65,13,87
65,13,88
65,13,89
65,13,101
65,13,102
65,14,35
65,14,39
65,14,65
65,14,101
65,14,102
65,15,36
65,15,89
65,15,90
65,16,30
65,16,33
65,16,36
65,16,39
65,16,65
65,16,71
65,16,72
65,16,87
65,16,89
65,16,96
65,16,101
65,17,89
65,18,36
65,18,39
65,18,65
65,18,71
65,18,72
65,18,87
65,18,89
65,18,101
65,18,102
65,20,105
65,21,28
65,21,31
65,21,54
65,21,57
65,21,59
65,21,78
65,22,63
65,23,31
65,23,33
65,23,39
65,23,51
65,23,58
65,23,65
65,23,85
65,23,88
65,23,105
65,24,25
65,24,40
65,24,41
65,24,42
65,24,45
65,24,52
65,24,63
65,24,64
65,24,67
65,24,69
65,24,70
65,24,76
65,24,83
65,24,84
65,24,99
65,24,100
65,24,105
65,25,40
65,25,41
65,25,42
65,25,52
65,25,62
65,25,64
65,25,67
65,25,69
65,25,70
65,25,74
65,25,76
65,25,83
65,25,84
65,25,99
65,25,100
65,25,105
65,26,27
65,26,56
65,26,105
65,27,56
65,27,73
65,27,105
65,28,36
65,28,51
65,28,54
65,28,59
65,28,65
65,28,78
65,28,90
65,28,91
65,28,96
65,28,105
65,29,105
65,30,32
65,30,36
65,30,57
65,30,65
65,30,72
65,30,87
65,30,88
65,30,89
65,30,90
65,30,93
65,30,94
65,30,96
65,31,39
65,31,57
65,31,59
65,31,65
65,31,71
65,31,72
65,31,75
65,31,85
65,31,88
65,31,95
65,31,101
65,32,54
65,32,57
65,32,60
65,32,67
65,32,72
65,32,75
65,32,90
65,32,95
65,33,36
65,33,39
65,33,51
65,33,59
65,33,65
65,33,68
65,33,71
65,33,72
65,33,90
65,33,95
65,33,101
65,33,105
65,34,65
65,34,88
65,34,95
65,35,72
65,35,87
65,35,88
65,36,39
65,36,54
65,36,55
65,36,57
65,36,59
65,36,68
65,36,71
65,36,72
65,36,75
65,36,85
65,36,87
65,36,90
65,36,94
65,36,95
65,36,96
65,36,101
65,36,102
65,37,38
65,37,41
65,37,61
65,37,84
65,37,99
65,37,100
65,38,61
65,38,67
65,38,76
65,38,99
65,38,100
65,38,105
65,39,47
65,39,50
65,39,57
65,39,58
65,39,65
65,39,68
65,39,71
65,39,72
65,39,85
65,39,87
65,39,88
65,39,93
65,39,95
65,39,101
65,39,102
65,40,41
65,40,64
65,40,76
65,40,99
65,40,105
65,41,42
65,41,64
65,41,69
65,41,70
65,41,76
65,41,83
65,41,84
65,41,99
65,41,111
65,42,52
65,42,61
65,42,63
65,42,64
65,42,69
65,42,70
65,42,83
65,42,84
65,42,99
65,43,67
65,43,100
65,43,105
65,44,105
65,45,46
65,45,52
65,45,67
65,45,105
65,46,105
65,47,58
65,47,65
65,47,88
65,48,80
65,50,65
65,50,71
65,50,101
65,51,53
65,51,54
65,51,59
65,51,60
65,51,68
65,51,78
65,51,91
65,51,95
65,52,63
65,52,64
65,52,74
65,52,84
65,52,97
65,52,109
65,53,65
65,53,90
65,53,105
65,54,59
65,54,65
65,54,78
65,54,90
65,54,96
65,54,105
65,54,110
65,55,65
65,55,90
65,56,73
65,56,80
65,56,107
65,57,58
65,57,59
65,57,65
65,57,68
65,57,90
65,57,96
65,57,101
65,57,105
65,58,65
65,58,68
65,58,85
65,58,88
65,58,101
65,58,102
65,58,105
65,59,60
65,59,68
65,59,78
65,59,95
65,59,96
65,59,110
65,60,65
65,60,105
65,61,83
65,61,97
65,61,99
65,61,100
65,61,105
65,62,66
65,62,75
65,62,83
65,62,84
65,63,66
65,63,83
65,63,97
65,63,99
65,63,100
65,64,67
65,64,69
65,64,70
65,64,76
65,64,99
65,64,105
65,65,68
65,65,71
65,65,72
65,65,75
65,65,78
65,65,79
65,65,85
65,65,87
65,65,88
65,65,91
65,65,94
65,65,95
65,65,96
65,65,101
65,65,102
65,65,103
65,65,105
65,65,108
65,65,110
65,66,67
65,66,70
65,66,83
65,66,86
65,67,86
65,67,105
65,68,71
65,68,85
65,68,88
65,68,90
65,68,95
65,68,101
65,68,105
65,69,70
65,69,76
65,69,83
65,69,84
65,69,99
65,70,76
65,70,83
65,70,84
65,70,86
65,70,99
65,70,105
65,71,72
65,71,85
65,71,87
65,71,88
65,71,89
65,71,101
65,71,102
65,72,87
65,72,88
65,72,89
65,72,90
65,72,95
65,72,101
65,72,102
65,73,107
65,74,99
65,74,105
65,75,90
65,75,95
65,76,99
65,76,105
65,78,94
65,78,96
65,78,105
65,79,105
65,83,84
65,83,99
65,83,111
65,84,99
65,85,88
65,85,105
65,86,88
65,86,99
65,86,105
65,86,111
65,87,88
65,87,89
65,87,90
65,87,101
65,87,102
65,88,95
65,88,101
65,88,102
65,88,105
65,89,93
65,89,101
65,89,102
65,90,94
65,90,95
65,90,96
65,90,101
65,91,105
65,92,105
65,93,94
65,93,101
65,93,102
65,94,96
65,96,105
65,97,99
65,97,100
65,97,105
65,98,105
65,99,100
65,100,105
65,101,102
65,103,105
65,104,105
65,105,106
65,105,110
65,105,111
66,1,2
66,1,3
66,1,4
66,1,5
66,1,7
66,1,15
66,1,18
66,1,20
66,1,32
66,1,33
66,1,34
66,1,35
66,1,39
66,1,46
66,1,47
66,1,50
66,1,53
66,1,54
66,1,64
66,1,65
66,1,71
66,1,78
66,1,79
66,1,80
66,1,91
66,1,92
66,1,93
66,2,5
66,2,6
66,2,7
66,2,15
66,2,18
66,2,20
66,2,32
66,2,33
66,2,34
66,2,35
66,2,39
66,2,46
66,2,47
66,2,50
66,2,51
66,2,53
66,2,54
66,2,64
66,2,65
66,2,68
66,2,71
66,2,79
66,2,80
66,2,85
66,2,91
66,2,92
66,3,5
66,3,7
66,3,8
66,3,32
66,3,33
66,3,34
66,3,35
66,3,39
66,3,50
66,3,53
66,3,60
66,3,65
66,3,74
66,3,79
66,3,80
66,3,81
66,3,91
66,3,93
66,4,15
66,4,17
66,4,18
66,4,20
66,4,22
66,4,32
66,4,33
66,4,41
66,4,46
66,4,47
66,4,48
66,4,50
66,4,65
66,4,78
66,4,79
66,4,80
66,4,83
66,4,84
66,4,91
66,5,6
66,5,7
66,5,8
66,5,15
66,5,18
66,5,20
66,5,22
66,5,32
66,5,33
66,5,34
66,5,35
66,5,39
66,5,46
66,5,47
66,5,50
66,5,53
66,5,54
66,5,55
66,5,60
66,5,64
66,5,65
66,5,71
66,5,74
66,5,78
66,5,79
66,5,80
66,5,81
66,5,84
66,5,85
66,5,86
66,5,91
66,5,101
66,6,7
66,6,9
66,6,18
66,6,20
66,6,22
66,6,35
66,6,50
66,6,53
66,6,54
66,6,55
66,6,60
66,6,71
66,6,74
66,6,79
66,6,81
66,6,84
66,6,85
66,6,86
66,6,101
66,7,8
66,7,9
66,7,15
66,7,18
66,7,20
66,7,32
66,7,33
66,7,34
66,7,35
66,7,39
66,7,46
66,7,47
66,7,50
66,7,51
66,7,53
66,7,54
66,7,60
66,7,64
66,7,65
66,7,68
66,7,71
66,7,78
66,7,79
66,7,80
66,7,81
66,7,84
66,7,85
66,7,86
66,7,91
66,7,92
66,7,93
66,7,101
66,8,20
66,8,22
66,8,33
66,8,50
66,8,53
66,8,54
66,8,65
66,8,71
66,8,81
66,8,84
66,8,85
66,8,86
66,8,91
66,8,101
66,9,33
66,9,34
66,9,35
66,9,53
66,9,54
66,9,55
66,9,71
66,9,78
66,9,79
66,9,84
66,10,14
66,10,21
66,10,23
66,10,24
66,10,25
66,10,26
66,10,30
66,10,31
66,10,37
66,10,38
66,10,43
66,10,52
66,10,56
66,10,59
66,10,61
66,10,67
66,10,75
66,10,76
66,10,94
66,10,99
66,11,13
66,11,14
66,11,16
66,11,24
66,11,25
66,11,26
66,11,27
66,11,28
66,11,31
66,11,36
66,11,37
66,11,40
66,11,42
66,11,43
66,11,45
66,11,49
66,11,56
66,11,58
66,11,59
66,11,61
66,11,62
66,11,63
66,11,69
66,11,70
66,11,75
66,11,76
66,11,77
66,11,82
66,11,88
66,11,89
66,11,90
66,11,94
66,11,95
66,11,96
66,11,97
66,11,100
66,13,14
66,13,16
66,13,24
66,13,25
66,13,26
66,13,27
66,13,28
66,13,31
66,13,36
66,13,37
66,13,40
66,13,42
66,13,43
66,13,45
66,13,49
66,13,56
66,13,58
66,13,59
66,13,61
66,13,62
66,13,63
66,13,69
66,13,70
66,13,75
66,13,76
66,13,77
66,13,82
66,13,88
66,13,89
66,13,90
66,13,94
66,13,95
66,13,96
66,13,97
66,13,100
66,14,16
66,14,23
66,14,24
66,14,25
66,14,26
66,14,27
66,14,31
66,14,37
66,14,38
66,14,40
66,14,56
66,14,59
66,14,61
66,14,62
66,14,63
66,14,70
66,14,75
66,14,76
66,14,89
66,14,90
66,14,94
66,15,18
66,15,20
66,15,32
66,15,33
66,15,34
66,15,35
66,15,39
66,15,46
66,15,50
66,15,53
66,15,54
66,15,60
66,15,64
66,15,65
66,15,68
66,15,71
66,15,78
66,15,79
66,15,80
66,15,81
66,15,84
66,15,85
66,15,91
66,15,92
66,15,93
66,16,23
66,16,24
66,16,25
66,16,26
66,16,27
66,16,28
66,16,30
66,16,31
66,16,36
66,16,37
66,16,40
66,16,42
66,16,43
66,16,44
66,16,45
66,16,49
66,16,56
66,16,57
66,16,58
66,16,59
66,16,61
66,16,62
66,16,63
66,16,69
66,16,70
66,16,75
66,16,76
66,16,82
66,16,88
66,16,89
66,16,90
66,16,94
66,16,95
66,16,96
66,16,97
66,16,98
66,16,100
66,17,18
66,17,20
66,17,33
66,17,46
66,17,64
66,17,65
66,17,71
66,17,79
66,17,81
66,17,84
66,17,85
66,17,86
66,17,91
66,17,92
66,18,20
66,18,22
66,18,32
66,18,33
66,18,34
66,18,35
66,18,39
66,18,46
66,18,53
66,18,54
66,18,64
66,18,65
66,18,74
66,18,78
66,18,79
66,18,80
66,18,84
66,18,85
66,18,91
66,18,92
66,19,92
66,20,22
66,20,32
66,20,33
66,20,34
66,20,35
66,20,39
66,20,46
66,20,50
66,20,53
66,20,54
66,20,64
66,20,65
66,20,71
66,20,78
66,20,79
66,20,80
66,20,81
66,20,84
66,20,85
66,20,86
66,20,91
66,20,92
66,20,93
66,20,101
66,21,25
66,21,38
66,21,52
66,21,67
66,21,76
66,21,99
66,22,46
66,22,53
66,22,54
66,22,55
66,22,60
66,22,71
66,22,81
66,22,84
66,22,85
66,22,86
66,22,91
66,22,101
66,23,25
66,23,26
66,23,27
66,23,28
66,23,31
66,23,36
66,23,40
66,23,42
66,23,45
66,23,59
66,23,62
66,23,63
66,23,66
66,23,70
66,23,73
66,23,76
66,23,88
66,23,89
66,23,94
66,23,95
66,23,96
66,23,98
66,23,100
66,24,25
66,24,26
66,24,27
66,24,37
66,24,38
66,24,40
66,24,43
66,24,52
66,24,56
66,24,59
66,24,61
66,24,62
66,24,63
66,24,67
66,24,69
66,24,75
66,24,76
66,24,90
66,24,94
66,24,96
66,25,26
66,25,27
66,25,28
66,25,29
66,25,30
66,25,31
66,25,37
66,25,38
66,25,40
66,25,43
66,25,52
66,25,56
66,25,59
66,25,61
66,25,62
66,25,63
66,25,67
66,25,69
66,25,70
66,25,75
66,25,76
66,25,89
66,25,90
66,25,94
66,25,95
66,25,96
66,25,97
66,25,99
66,26,27
66,26,28
66,26,30
66,26,31
66,26,36
66,26,37
66,26,38
66,26,40
66,26,42
66,26,43
66,26,45
66,26,49
66,26,56
66,26,57
66,26,58
66,26,59
66,26,61
66,26,62
66,26,63
66,26,69
66,26,70
66,26,75
66,26,76
66,26,77
66,26,88
66,26,89
66,26,90
66,26,94
66,26,95
66,26,96
66,26,97
66,26,98
66,26,100
66,27,28
66,27,31
66,27,36
66,27,37
66,27,40
66,27,42
66,27,43
66,27,45
66,27,49
66,27,56
66,27,57
66,27,58
66,27,59
66,27,61
66,27,62
66,27,63
66,27,69
66,27,70
66,27,75
66,27,76
66,27,77
66,27,88
66,27,89
66,27,90
66,27,94
66,27,95
66,27,96
66,27,97
66,27,98
66,27,100
66,28,29
66,28,30
66,28,31
66,28,36
66,28,37
66,28,40
66,28,42
66,28,45
66,28,49
66,28,57
66,28,58
66,28,59
66,28,62
66,28,63
66,28,69
66,28,70
66,28,75
66,28,76
66,28,82
66,28,88
66,28,89
66,28,90
66,28,94
66,28,95
66,28,96
66,28,97
66,28,98
66,28,100
66,29,30
66,29,31
66,29,42
66,29,98
66,30,31
66,30,95
66,30,96
66,30,97
66,30,98
66,31,36
66,31,37
66,31,40
66,31,42
66,31,43
66,31,45
66,31,49
66,31,56
66,31,59
66,31,61
66,31,62
66,31,63
66,31,69
66,31,70
66,31,75
66,31,76
66,31,77
66,31,82
66,31,88
66,31,89
66,31,90
66,31,94
66,31,95
66,31,96
66,31,97
66,31,98
66,31,100
66,32,33
66,32,34
66,32,35
66,32,39
66,32,46
66,32,47
66,32,50
66,32,53
66,32,54
66,32,60
66,32,64
66,32,65
66,32,68
66,32,78
66,32,79
66,32,80
66,32,85
66,32,91
66,32,92
66,32,93
66,33,34
66,33,35
66,33,39
66,33,46
66,33,47
66,33,50
66,33,53
66,33,54
66,33,55
66,33,64
66,33,65
66,33,71
66,33,78
66,33,79
66,33,80
66,33,81
66,33,84
66,33,85
66,33,86
66,33,91
66,34,35
66,34,39
66,34,46
66,34,50
66,34,53
66,34,54
66,34,60
66,34,64
66,34,65
66,34,71
66,34,78
66,34,79
66,34,80
66,34,81
66,34,85
66,34,86
66,34,91
66,34,92
66,34,93
66,34,101
66,35,39
66,35,50
66,35,53
66,35,54
66,35,60
66,35,64
66,35,65
66,35,71
66,35,78
66,35,79
66,35,81
66,35,84
66,35,85
66,35,86
66,35,91
66,35,93
66,35,101
66,36,37
66,36,40
66,36,42
66,36,43
66,36,44
66,36,45
66,36,49
66,36,57
66,36,58
66,36,59
66,36,62
66,36,63
66,36,66
66,36,69
66,36,70
66,36,73
66,36,77
66,36,82
66,36,88
66,36,89
66,36,90
66,36,95
66,36,96
66,36,97
66,36,98
66,36,100
66,37,38
66,37,40
66,37,42
66,37,43
66,37,49
66,37,56
66,37,59
66,37,61
66,37,62
66,37,63
66,37,69
66,37,70
66,37,75
66,37,76
66,37,88
66,37,89
66,37,90
66,37,94
66,37,95
66,37,96
66,37,97
66,37,100
66,38,52
66,38,56
66,38,61
66,38,75
66,38,76
66,38,99
66,39,46
66,39,47
66,39,50
66,39,53
66,39,54
66,39,60
66,39,64
66,39,65
66,39,68
66,39,71
66,39,78
66,39,79
66,39,80
66,39,81
66,39,84
66,39,85
66,39,91
66,39,92
66,39,93
66,39,101
66,40,42
66,40,43
66,40,45
66,40,49
66,40,56
66,40,57
66,40,58
66,40,59
66,40,61
66,40,62
66,40,63
66,40,69
66,40,70
66,40,75
66,40,76
66,40,77
66,40,88
66,40,89
66,40,90
66,40,94
66,40,95
66,40,96
66,40,97
66,40,100
66,42,43
66,42,44
66,42,45
66,42,49
66,42,57
66,42,58
66,42,59
66,42,62
66,42,63
66,42,69
66,42,70
66,42,77
66,42,82
66,42,88
66,42,89
66,42,90
66,42,95
66,42,96
66,42,97
66,42,98
66,42,100
66,43,49
66,43,56
66,43,59
66,43,61
66,43,62
66,43,63
66,43,69
66,43,75
66,43,76
66,43,88
66,43,89
66,43,90
66,43,94
66,43,95
66,43,96
66,43,97
66,43,100
66,44,45
66,44,49
66,44,58
66,44,66
66,44,73
66,44,77
66,44,82
66,44,88
66,44,89
66,44,98
66,44,100
66,45,49
66,45,57
66,45,58
66,45,59
66,45,62
66,45,63
66,45,66
66,45,69
66,45,70
66,45,73
66,45,77
66,45,82
66,45,88
66,45,89
66,45,90
66,45,96
66,45,98
66,45,100
66,46,50
66,46,53
66,46,54
66,46,60
66,46,64
66,46,65
66,46,71
66,46,78
66,46,79
66,46,80
66,46,81
66,46,84
66,46,85
66,46,86
66,46,91
66,46,92
66,46,93
66,47,50
66,47,53
66,47,65
66,47,79
66,47,80
66,47,85
66,47,91
66,47,92
66,47,93
66,48,72
66,48,83
66,49,57
66,49,58
66,49,59
66,49,62
66,49,63
66,49,69
66,49,73
66,49,77
66,49,82
66,49,88
66,49,89
66,49,90
66,49,95
66,49,96
66,49,97
66,49,98
66,49,100
66,50,53
66,50,54
66,50,55
66,50,60
66,50,64
66,50,65
66,50,68
66,50,71
66,50,78
66,50,79
66,50,80
66,50,81
66,50,84
66,50,85
66,50,86
66,50,91
66,50,93
66,50,101
66,52,61
66,52,67
66,52,99
66,53,54
66,53,60
66,53,64
66,53,65
66,53,68
66,53,71
66,53,78
66,53,79
66,53,80
66,53,81
66,53,84
66,53,85
66,53,86
66,53,91
66,53,92
66,53,93
66,53,101
66,54,55
66,54,60
66,54,64
66,54,65
66,54,71
66,54,74
66,54,78
66,54,79
66,54,81
66,54,84
66,54,85
66,54,86
66,54,91
66,54,101
66,55,60
66,55,71
66,55,74
66,55,91
66,55,101
66,56,59
66,56,61
66,56,62
66,56,63
66,56,69
66,56,75
66,56,76
66,56,89
66,56,90
66,56,94
66,56,96
66,56,97
66,57,58
66,57,62
66,57,63
66,57,69
66,57,77
66,57,82
66,57,88
66,57,89
66,57,90
66,57,96
66,57,98
66,57,100
66,58,59
66,58,62
66,58,63
66,58,69
66,58,73
66,58,77
66,58,82
66,58,88
66,58,89
66,58,90
66,58,96
66,58,97
66,58,98
66,58,100
66,59,61
66,59,62
66,59,63
66,59,69
66,59,70
66,59,75
66,59,76
66,59,88
66,59,89
66,59,90
66,59,94
66,59,95
66,59,96
66,59,97
66,59,100
66,60,64
66,60,65
66,60,71
66,60,74
66,60,78
66,60,79
66,60,81
66,60,84
66,60,85
66,60,86
66,60,91
66,60,93
66,60,101
66,61,62
66,61,63
66,61,67
66,61,69
66,61,75
66,61,76
66,61,82
66,61,89
66,61,90
66,61,94
66,61,95
66,61,96
66,61,97
66,61,99
66,61,100
66,62,63
66,62,69
66,62,70
66,62,75
66,62,76
66,62,82
66,62,88
66,62,89
66,62,90
66,62,94
66,62,96
66,62,97
66,62,100
66,63,69
66,63,70
66,63,75
66,63,76
66,63,77
66,63,88
66,63,89
66,63,90
66,63,94
66,63,95
66,63,96
66,63,97
66,63,100
66,64,65
66,64,71
66,64,78
66,64,79
66,64,80
66,64,81
66,64,84
66,64,85
66,64,86
66,64,91
66,64,92
66,64,93
66,65,68
66,65,71
66,65,78
66,65,79
66,65,80
66,65,81
66,65,84
66,65,85
66,65,86
66,65,91
66,65,92
66,65,93
66,66,70
66,66,100
66,67,76
66,67,99
66,68,71
66,68,78
66,68,91
66,68,92
66,69,75
66,69,82
66,69,88
66,69,89
66,69,90
66,69,94
66,69,95
66,69,96
66,69,97
66,69,98
66,69,100
66,70,75
66,70,76
66,70,88
66,70,89
66,70,94
66,70,95
66,70,96
66,70,97
66,70,98
66,71,74
66,71,78
66,71,79
66,71,81
66,71,84
66,71,85
66,71,86
66,71,91
66,71,92
66,71,101
66,73,77
66,73,82
66,73,98
66,74,91
66,75,76
66,75,89
66,75,90
66,75,94
66,75,95
66,75,96
66,75,97
66,76,89
66,76,90
66,76,94
66,76,96
66,76,97
66,77,82
66,77,88
66,77,89
66,77,90
66,77,96
66,77,97
66,77,98
66,77,100
66,78,79
66,78,80
66,78,81
66,78,84
66,78,85
66,78,91
66,78,93
66,79,80
66,79,81
66,79,84
66,79,85
66,79,86
66,79,91
66,79,92
66,79,93
66,80,81
66,80,84
66,80,85
66,80,91
66,80,92
66,80,93
66,81,84
66,81,85
66,81,86
66,81,91
66,81,93
66,81,101
66,82,88
66,82,89
66,82,90
66,82,94
66,82,98
66,82,100
66,84,85
66,84,86
66,84,91
66,84,93
66,85,86
66,85,91
66,85,93
66,85,101
66,86,91
66,86,101
66,87,92
66,88,89
66,88,90
66,88,95
66,88,96
66,88,97
66,88,98
66,88,100
66,89,90
66,89,94
66,89,95
66,89,96
66,89,97
66,89,98
66,89,100
66,90,94
66,90,95
66,90,96
66,90,97
66,90,98
66,90,100
66,91,92
66,91,93
66,91,101
66,94,95
66,94,96
66,94,100
66,95,96
66,95,97
66,95,98
66,96,97
66,96,100
66,97,100
67,1,4
67,1,5
67,1,6
67,1,14
67,1,17
67,1,18
67,1,19
67,1,20
67,1,21
67,1,34
67,1,42
67,1,49
67,1,51
67,1,53
67,1,56
67,1,57
67,1,63
67,1,67
67,1,68
67,1,83
67,1,84
67,1,85
67,1,88
67,1,89
67,1,90
67,1,91
67,1,96
67,1,97
67,2,14
67,2,18
67,2,21
67,2,34
67,2,49
67,2,50
67,2,54
67,2,67
67,2,68
67,2,71
67,2,84
67,2,85
67,3,7
67,3,9
67,3,10
67,3,11
67,3,12
67,3,13
67,3,15
67,3,23
67,3,24
67,3,25
67,3,26
67,3,27
67,3,30
67,3,32
67,3,35
67,3,38
67,3,39
67,3,41
67,3,43
67,3,45
67,3,52
67,3,58
67,3,59
67,3,60
67,3,61
67,3,62
67,3,64
67,3,65
67,3,66
67,3,69
67,3,73
67,3,75
67,3,77
67,3,78
67,3,79
67,3,81
67,3,82
67,3,87
67,3,92
67,3,94
67,3,95
67,3,98
67,3,100
67,3,101
67,3,104
67,4,5
67,4,6
67,4,17
67,4,18
67,4,19
67,4,31
67,4,42
67,4,49
67,4,51
67,4,53
67,4,57
67,4,63
67,4,67
67,4,68
67,4,88
67,4,90
67,4,91
67,4,97
67,5,6
67,5,14
67,5,16
67,5,17
67,5,18
67,5,19
67,5,20
67,5,21
67,5,34
67,5,42
67,5,49
67,5,51
67,5,53
67,5,56
67,5,57
67,5,63
67,5,67
67,5,68
67,5,83
67,5,84
67,5,85
67,5,88
67,5,89
67,5,90
67,5,91
67,5,96
67,5,97
67,6,14
67,6,17
67,6,18
67,6,19
67,6,20
67,6,21
67,6,34
67,6,42
67,6,49
67,6,51
67,6,53
67,6,56
67,6,57
67,6,63
67,6,67
67,6,68
67,6,83
67,6,84
67,6,88
67,6,89
67,6,90
67,6,91
67,6,93
67,6,96
67,6,97
67,7,9
67,7,10
67,7,11
67,7,12
67,7,13
67,7,15
67,7,23
67,7,24
67,7,25
67,7,26
67,7,27
67,7,30
67,7,32
67,7,35
67,7,38
67,7,39
67,7,41
67,7,43
67,7,44
67,7,45
67,7,52
67,7,58
67,7,59
67,7,60
67,7,61
67,7,62
67,7,64
67,7,65
67,7,66
67,7,69
67,7,72
67,7,73
67,7,75
67,7,76
67,7,78
67,7,79
67,7,80
67,7,81
67,7,82
67,7,87
67,7,92
67,7,94
67,7,95
67,7,98
67,7,100
67,7,101
67,7,104
67,9,10
67,9,11
67,9,12
67,9,13
67,9,15
67,9,23
67,9,24
67,9,25
67,9,26
67,9,27
67,9,30
67,9,32
67,9,35
67,9,38
67,9,39
67,9,41
67,9,43
67,9,44
67,9,45
67,9,47
67,9,52
67,9,58
67,9,59
67,9,60
67,9,61
67,9,62
67,9,64
67,9,65
67,9,66
67,9,69
67,9,72
67,9,73
67,9,75
67,9,76
67,9,77
67,9,78
67,9,79
67,9,80
67,9,81
67,9,82
67,9,87
67,9,92
67,9,94
67,9,95
67,9,98
67,9,100
67,9,101
67,9,104
67,10,11
67,10,12
67,10,13
67,10,15
67,10,23
67,10,24
67,10,25
67,10,26
67,10,27
67,10,30
67,10,32
67,10,35
67,10,38
67,10,39
67,10,41
67,10,43
67,10,44
67,10,45
67,10,52
67,10,58
67,10,60
67,10,61
67,10,62
67,10,64
67,10,65
67,10,69
67,10,70
67,10,72
67,10,73
67,10,75
67,10,76
67,10,77
67,10,78
67,10,79
67,10,81
67,10,82
67,10,87
67,10,92
67,10,94
67,10,95
67,10,98
67,10,99
67,10,100
67,10,101
67,10,104
67,11,12
67,11,13
67,11,15
67,11,23
67,11,24
67,11,25
67,11,26
67,11,27
67,11,30
67,11,32
67,11,35
67,11,38
67,11,39
67,11,41
67,11,43
67,11,44
67,11,45
67,11,52
67,11,58
67,11,59
67,11,60
67,11,61
67,11,62
67,11,64
67,11,65
67,11,66
67,11,69
67,11,72
67,11,73
67,11,77
67,11,78
67,11,79
67,11,80
67,11,81
67,11,82
67,11,92
67,11,94
67,11,95
67,11,98
67,11,100
67,11,101
67,11,104
67,12,13
67,12,15
67,12,23
67,12,24
67,12,25
67,12,26
67,12,27
67,12,30
67,12,32
67,12,35
67,12,38
67,12,39
67,12,41
67,12,43
67,12,44
67,12,45
67,12,47
67,12,52
67,12,58
67,12,59
67,12,60
67,12,61
67,12,62
67,12,64
67,12,65
67,12,66
67,12,69
67,12,72
67,12,73
67,12,75
67,12,76
67,12,77
67,12,78
67,12,79
67,12,80
67,12,81
67,12,82
67,12,87
67,12,92
67,12,94
67,12,95
67,12,98
67,12,100
67,12,101
67,12,104
67,13,15
67,13,23
67,13,24
67,13,25
67,13,26
67,13,27
67,13,30
67,13,32
67,13,35
67,13,38
67,13,39
67,13,41
67,13,43
67,13,44
67,13,45
67,13,47
67,13,52
67,13,58
67,13,59
67,13,60
67,13,61
67,13,62
67,13,64
67,13,65
67,13,66
67,13,69
67,13,72
67,13,73
67,13,75
67,13,76
67,13,77
67,13,78
67,13,79
67,13,80
67,13,81
67,13,82
67,13,87
67,13,92
67,13,94
67,13,95
67,13,98
67,13,100
67,13,101
67,13,104
67,14,34
67,14,50
67,14,53
67,14,67
67,14,68
67,14,74
67,14,84
67,14,88
67,14,90
67,14,96
67,14,97
67,15,23
67,15,24
67,15,25
67,15,26
67,15,27
67,15,30
67,15,32
67,15,35
67,15,38
67,15,39
67,15,41
67,15,43
67,15,44
67,15,45
67,15,47
67,15,52
67,15,58
67,15,59
67,15,60
67,15,61
67,15,62
67,15,64
67,15,65
67,15,66
67,15,69
67,15,70
67,15,72
67,15,73
67,15,75
67,15,76
67,15,78
67,15,79
67,15,80
67,15,81
67,15,82
67,15,87
67,15,92
67,15,94
67,15,95
67,15,98
67,15,99
67,15,100
67,15,101
67,15,104
67,16,57
67,17,18
67,17,19
67,17,34
67,17,42
67,17,49
67,17,53
67,17,56
67,17,57
67,17,63
67,17,67
67,17,68
67,17,74
67,17,83
67,17,84
67,17,85
67,17,88
67,17,90
67,17,91
67,17,97
67,18,19
67,18,21
67,18,34
67,18,42
67,18,49
67,18,53
67,18,56
67,18,57
67,18,63
67,18,67
67,18,68
67,18,74
67,18,84
67,18,85
67,18,90
67,18,91
67,18,97
67,19,20
67,19,21
67,19,34
67,19,42
67,19,49
67,19,53
67,19,56
67,19,57
67,19,63
67,19,67
67,19,68
67,19,83
67,19,84
67,19,85
67,19,88
67,19,90
67,19,91
67,19,96
67,19,97
67,20,34
67,20,42
67,20,49
67,20,51
67,20,56
67,20,67
67,20,68
67,20,83
67,20,89
67,20,90
67,20,91
67,20,97
67,20,102
67,21,34
67,21,49
67,21,50
67,21,57
67,21,67
67,21,68
67,21,74
67,21,83
67,21,84
67,21,90
67,21,91
67,21,96
67,21,97
67,23,24
67,23,25
67,23,26
67,23,27
67,23,30
67,23,32
67,23,35
67,23,38
67,23,39
67,23,41
67,23,43
67,23,44
67,23,45
67,23,52
67,23,58
67,23,60
67,23,61
67,23,64
67,23,65
67,23,69
67,23,70
67,23,72
67,23,73
67,23,75
67,23,76
67,23,78
67,23,79
67,23,81
67,23,82
67,23,87
67,23,92
67,23,94
67,23,95
67,23,98
67,23,100
67,23,101
67,23,104
67,24,25
67,24,26
67,24,27
67,24,30
67,24,32
67,24,35
67,24,38
67,24,39
67,24,41
67,24,43
67,24,44
67,24,45
67,24,47
67,24,48
67,24,52
67,24,58
67,24,59
67,24,60
67,24,61
67,24,62
67,24,64
67,24,65
67,24,66
67,24,69
67,24,72
67,24,73
67,24,75
67,24,76
67,24,77
67,24,78
67,24,79
67,24,80
67,24,81
67,24,82
67,24,87
67,24,92
67,24,94
67,24,95
67,24,98
67,24,99
67,24,100
67,24,101
67,24,104
67,25,26
67,25,27
67,25,28
67,25,30
67,25,32
67,25,35
67,25,38
67,25,39
67,25,41
67,25,43
67,25,44
67,25,45
67,25,47
67,25,48
67,25,52
67,25,58
67,25,59
67,25,60
67,25,61
67,25,62
67,25,64
67,25,65
67,25,66
67,25,69
67,25,72
67,25,73
67,25,75
67,25,76
67,25,78
67,25,79
67,25,81
67,25,82
67,25,86
67,25,87
67,25,92
67,25,94
67,25,95
67,25,98
67,25,100
67,25,101
67,25,103
67,25,104
67,26,27
67,26,30
67,26,32
67,26,35
67,26,38
67,26,39
67,26,41
67,26,43
67,26,44
67,26,45
67,26,47
67,26,48
67,26,52
67,26,58
67,26,59
67,26,60
67,26,61
67,26,62
67,26,64
67,26,65
67,26,66
67,26,69
67,26,72
67,26,73
67,26,75
67,26,76
67,26,77
67,26,78
67,26,79
67,26,80
67,26,81
67,26,82
67,26,87
67,26,92
67,26,94
67,26,95
67,26,98
67,26,99
67,26,100
67,26,101
67,26,104
67,27,30
67,27,32
67,27,35
67,27,38
67,27,39
67,27,41
67,27,43
67,27,44
67,27,45
67,27,47
67,27,52
67,27,58
67,27,59
67,27,60
67,27,61
67,27,62
67,27,64
67,27,65
67,27,66
67,27,69
67,27,72
67,27,73
67,27,75
67,27,77
67,27,78
67,27,79
67,27,80
67,27,81
67,27,82
67,27,87
67,27,92
67,27,94
67,27,95
67,27,98
67,27,100
67,27,101
67,27,104
67,28,30
67,28,44
67,28,48
67,28,79
67,28,82
67,28,103
67,29,55
67,29,74
67,29,105
67,30,32
67,30,33
67,30,35
67,30,38
67,30,39
67,30,41
67,30,43
67,30,44
67,30,45
67,30,47
67,30,48
67,30,52
67,30,58
67,30,59
67,30,60
67,30,61
67,30,62
67,30,64
67,30,65
67,30,66
67,30,69
67,30,70
67,30,72
67,30,73
67,30,75
67,30,76
67,30,79
67,30,81
67,30,82
67,30,86
67,30,87
67,30,92
67,30,94
67,30,95
67,30,98
67,30,99
67,30,100
67,30,101
67,30,103
67,30,104
67,31,55
67,31,63
67,31,74
67,31,90
67,31,102
67,32,35
67,32,38
67,32,39
67,32,41
67,32,43
67,32,44
67,32,45
67,32,47
67,32,48
67,32,52
67,32,58
67,32,59
67,32,60
67,32,61
67,32,62
67,32,64
67,32,65
67,32,66
67,32,69
67,32,72
67,32,73
67,32,75
67,32,76
67,32,78
67,32,79
67,32,80
67,32,81
67,32,82
67,32,87
67,32,92
67,32,94
67,32,95
67,32,98
67,32,100
67,32,101
67,32,104
67,33,44
67,33,70
67,33,76
67,33,86
67,33,99
67,33,100
67,34,42
67,34,49
67,34,51
67,34,53
67,34,56
67,34,57
67,34,67
67,34,68
67,34,83
67,34,84
67,34,85
67,34,88
67,34,89
67,34,90
67,34,91
67,34,93
67,34,96
67,34,97
67,35,38
67,35,39
67,35,41
67,35,43
67,35,44
67,35,45
67,35,47
67,35,52
67,35,58
67,35,59
67,35,60
67,35,61
67,35,62
67,35,64
67,35,65
67,35,66
67,35,69
67,35,72
67,35,73
67,35,75
67,35,77
67,35,78
67,35,79
67,35,80
67,35,81
67,35,82
67,35,87
67,35,92
67,35,94
67,35,95
67,35,98
67,35,100
67,35,101
67,35,104
67,38,39
67,38,41
67,38,43
67,38,44
67,38,45
67,38,48
67,38,52
67,38,58
67,38,59
67,38,60
67,38,61
67,38,62
67,38,64
67,38,65
67,38,66
67,38,69
67,38,72
67,38,73
67,38,75
67,38,77
67,38,78
67,38,79
67,38,80
67,38,81
67,38,82
67,38,87
67,38,92
67,38,94
67,38,95
67,38,98
67,38,100
67,38,101
67,38,104
67,39,41
67,39,43
67,39,44
67,39,45
67,39,47
67,39,48
67,39,52
67,39,58
67,39,59
67,39,60
67,39,61
67,39,62
67,39,64
67,39,65
67,39,66
67,39,69
67,39,72
67,39,73
67,39,75
67,39,76
67,39,77
67,39,78
67,39,79
67,39,80
67,39,81
67,39,82
67,39,87
67,39,92
67,39,94
67,39,95
67,39,98
67,39,100
67,39,101
67,39,103
67,39,104
67,40,78
67,41,43
67,41,44
67,41,45
67,41,47
67,41,48
67,41,52
67,41,58
67,41,59
67,41,60
67,41,61
67,41,62
67,41,64
67,41,65
67,41,66
67,41,69
67,41,72
67,41,73
67,41,75
67,41,77
67,41,78
67,41,79
67,41,80
67,41,81
67,41,82
67,41,87
67,41,92
67,41,94
67,41,95
67,41,98
67,41,100
67,41,101
67,41,103
67,41,104
67,42,49
67,42,51
67,42,53
67,42,56
67,42,57
67,42,67
67,42,68
67,42,83
67,42,84
67,42,89
67,42,90
67,42,97
67,42,102
67,43,44
67,43,45
67,43,47
67,43,52
67,43,58
67,43,59
67,43,60
67,43,61
67,43,62
67,43,64
67,43,65
67,43,66
67,43,69
67,43,72
67,43,73
67,43,75
67,43,77
67,43,78
67,43,79
67,43,80
67,43,81
67,43,82
67,43,87
67,43,92
67,43,94
67,43,95
67,43,98
67,43,100
67,43,101
67,43,104
67,44,45
67,44,47
67,44,48
67,44,52
67,44,58
67,44,60
67,44,61
67,44,62
67,44,65
67,44,66
67,44,69
67,44,72
67,44,73
67,44,76
67,44,79
67,44,80
67,44,81
67,44,82
67,44,86
67,44,87
67,44,92
67,44,94
67,44,95
67,44,98
67,44,99
67,44,100
67,44,101
67,44,103
67,44,104
67,45,47
67,45,48
67,45,52
67,45,58
67,45,59
67,45,60
67,45,61
67,45,62
67,45,64
67,45,65
67,45,66
67,45,69
67,45,72
67,45,73
67,45,75
67,45,76
67,45,77
67,45,78
67,45,79
67,45,81
67,45,82
67,45,87
67,45,92
67,45,94
67,45,95
67,45,98
67,45,100
67,45,101
67,45,104
67,46,100
67,47,48
67,47,52
67,47,60
67,47,61
67,47,62
67,47,65
67,47,66
67,47,69
67,47,72
67,47,79
67,47,80
67,47,81
67,47,82
67,47,87
67,47,92
67,47,94
67,47,95
67,47,98
67,47,100
67,47,103
67,47,104
67,48,52
67,48,60
67,48,61
67,48,66
67,48,72
67,48,79
67,48,82
67,48,87
67,48,94
67,48,95
67,48,98
67,48,100
67,48,101
67,48,103
67,49,51
67,49,53
67,49,56
67,49,57
67,49,63
67,49,67
67,49,68
67,49,83
67,49,84
67,49,85
67,49,88
67,49,89
67,49,90
67,49,91
67,49,96
67,49,97
67,49,102
67,50,74
67,50,85
67,51,53
67,51,67
67,51,68
67,51,83
67,51,84
67,51,89
67,51,102
67,52,58
67,52,59
67,52,60
67,52,61
67,52,62
67,52,64
67,52,65
67,52,66
67,52,69
67,52,72
67,52,73
67,52,75
67,52,76
67,52,78
67,52,79
67,52,80
67,52,81
67,52,82
67,52,87
67,52,92
67,52,94
67,52,95
67,52,98
67,52,100
67,52,101
67,52,104
67,53,56
67,53,57
67,53,63
67,53,67
67,53,68
67,53,83
67,53,84
67,53,88
67,53,89
67,53,90
67,53,91
67,53,96
67,53,97
67,55,74
67,55,102
67,56,57
67,56,67
67,56,68
67,56,83
67,56,84
67,56,88
67,56,89
67,56,90
67,56,93
67,56,96
67,56,97
67,57,63
67,57,67
67,57,68
67,57,83
67,57,84
67,57,88
67,57,89
67,57,90
67,57,91
67,57,96
67,57,97
67,58,59
67,58,60
67,58,61
67,58,62
67,58,64
67,58,65
67,58,66
67,58,69
67,58,72
67,58,73
67,58,75
67,58,76
67,58,77
67,58,78
67,58,79
67,58,80
67,58,81
67,58,82
67,58,87
67,58,92
67,58,94
67,58,95
67,58,98
67,58,99
67,58,100
67,58,101
67,58,104
67,59,60
67,59,61
67,59,62
67,59,65
67,59,66
67,59,69
67,59,73
67,59,79
67,59,80
67,59,81
67,59,82
67,59,87
67,59,92
67,59,94
67,59,95
67,59,98
67,59,100
67,59,101
67,59,104
67,60,61
67,60,62
67,60,64
67,60,65
67,60,66
67,60,69
67,60,72
67,60,73
67,60,77
67,60,78
67,60,79
67,60,80
67,60,81
67,60,82
67,60,87
67,60,92
67,60,94
67,60,95
67,60,98
67,60,100
67,60,101
67,60,104
67,61,62
67,61,64
67,61,65
67,61,66
67,61,69
67,61,72
67,61,73
67,61,75
67,61,77
67,61,78
67,61,79
67,61,80
67,61,81
67,61,82
67,61,87
67,61,92
67,61,94
67,61,95
67,61,98
67,61,100
67,61,101
67,61,104
67,62,64
67,62,65
67,62,66
67,62,69
67,62,77
67,62,78
67,62,79
67,62,80
67,62,81
67,62,82
67,62,92
67,62,94
67,62,95
67,62,98
67,62,100
67,62,101
67,62,104
67,63,67
67,63,68
67,63,74
67,63,85
67,63,88
67,63,90
67,63,91
67,63,97
67,64,65
67,64,69
67,64,72
67,64,73
67,64,75
67,64,76
67,64,77
67,64,78
67,64,79
67,64,81
67,64,82
67,64,87
67,64,92
67,64,94
67,64,95
67,64,98
67,64,100
67,64,101
67,64,104
67,65,66
67,65,69
67,65,73
67,65,77
67,65,78
67,65,79
67,65,80
67,65,81
67,65,82
67,65,87
67,65,92
67,65,94
67,65,95
67,65,98
67,65,100
67,65,101
67,65,104
67,66,69
67,66,77
67,66,79
67,66,80
67,66,81
67,66,82
67,66,87
67,66,92
67,66,94
67,66,95
67,66,98
67,66,100
67,66,101
67,66,104
67,67,68
67,67,71
67,67,83
67,67,84
67,67,85
67,67,88
67,67,89
67,67,90
67,67,91
67,67,96
67,67,97
67,68,83
67,68,84
67,68,85
67,68,88
67,68,89
67,68,90
67,68,91
67,68,93
67,68,96
67,68,97
67,69,72
67,69,73
67,69,75
67,69,78
67,69,79
67,69,81
67,69,82
67,69,87
67,69,92
67,69,94
67,69,95
67,69,98
67,69,100
67,69,101
67,69,104
67,70,75
67,70,76
67,70,86
67,70,100
67,71,74
67,71,85
67,72,73
67,72,75
67,72,76
67,72,79
67,72,81
67,72,82
67,72,87
67,72,92
67,72,94
67,72,95
67,72,98
67,72,100
67,72,101
67,72,103
67,72,104
67,73,75
67,73,76
67,73,79
67,73,81
67,73,82
67,73,87
67,73,92
67,73,94
67,73,95
67,73,98
67,73,100
67,73,101
67,73,104
67,74,85
67,74,88
67,74,105
67,75,76
67,75,77
67,75,78
67,75,79
67,75,81
67,75,82
67,75,87
67,75,92
67,75,95
67,75,100
67,75,101
67,75,104
67,76,79
67,76,81
67,76,86
67,76,95
67,76,100
67,77,78
67,77,82
67,77,92
67,77,94
67,77,95
67,77,100
67,77,101
67,77,104
67,78,79
67,78,82
67,78,87
67,78,92
67,78,94
67,78,95
67,78,100
67,78,101
67,78,104
67,79,81
67,79,82
67,79,87
67,79,92
67,79,94
67,79,95
67,79,98
67,79,100
67,79,103
67,79,104
67,80,81
67,80,82
67,80,92
67,80,95
67,80,98
67,80,104
67,81,82
67,81,87
67,81,92
67,81,94
67,81,95
67,81,98
67,81,100
67,81,101
67,81,104
67,82,87
67,82,92
67,82,94
67,82,95
67,82,98
67,82,99
67,82,100
67,82,101
67,82,103
67,82,104
67,83,84
67,83,89
67,83,90
67,83,97
67,84,85
67,84,88
67,84,89
67,84,90
67,84,91
67,84,96
67,84,97
67,85,97
67,86,87
67,86,99
67,86,100
67,87,92
67,87,94
67,87,95
67,87,98
67,87,99
67,87,100
67,87,101
67,87,103
67,87,104
67,88,90
67,88,91
67,88,96
67,88,97
67,89,93
67,89,96
67,89,97
67,90,91
67,90,96
67,90,97
67,91,96
67,91,97
67,92,94
67,92,95
67,92,98
67,92,100
67,92,101
67,92,104
67,93,96
67,94,95
67,94,98
67,94,100
67,94,101
67,94,104
67,95,98
67,95,99
67,95,100
67,95,101
67,95,103
67,95,104
67,96,97
67,98,99
67,98,100
67,98,101
67,98,103
67,98,104
67,99,100
67,100,101
67,100,103
67,100,104
67,101,103
67,101,104
68,1,2
68,1,5
68,1,6
68,1,17
68,1,18
68,1,19
68,1,20
68,1,27
68,1,33
68,1,35
68,1,48
68,1,49
68,1,50
68,1,52
68,1,57
68,1,63
68,1,66
68,1,67
68,1,72
68,1,81
68,1,82
68,1,85
68,1,86
68,1,87
68,1,88
68,1,97
68,2,5
68,2,6
68,2,10
68,2,17
68,2,18
68,2,19
68,2,20
68,2,33
68,2,35
68,2,48
68,2,49
68,2,50
68,2,57
68,2,63
68,2,72
68,2,78
68,2,81
68,2,86
68,2,88
68,2,93
68,2,94
68,2,97
68,2,102
68,3,7
68,3,9
68,3,11
68,3,12
68,3,13
68,3,23
68,3,24
68,3,26
68,3,30
68,3,32
68,3,36
68,3,37
68,3,41
68,3,51
68,3,56
68,3,59
68,3,62
68,3,71
68,3,75
68,3,77
68,3,84
68,3,90
68,3,91
68,3,92
68,3,98
68,3,99
68,3,101
68,4,5
68,4,8
68,4,10
68,4,18
68,4,20
68,4,27
68,4,29
68,4,33
68,4,40
68,4,44
68,4,45
68,4,47
68,4,52
68,4,53
68,4,57
68,4,63
68,4,64
68,4,66
68,4,68
68,4,85
68,4,87
68,4,88
68,4,95
68,4,97
68,4,100
68,4,102
68,5,6
68,5,10
68,5,17
68,5,18
68,5,19
68,5,20
68,5,27
68,5,33
68,5,34
68,5,35
68,5,44
68,5,48
68,5,49
68,5,50
68,5,52
68,5,53
68,5,57
68,5,63
68,5,66
68,5,67
68,5,72
68,5,78
68,5,81
68,5,82
68,5,85
68,5,86
68,5,87
68,5,88
68,5,93
68,5,97
68,5,102
68,6,17
68,6,18
68,6,19
68,6,20
68,6,27
68,6,33
68,6,35
68,6,44
68,6,48
68,6,49
68,6,50
68,6,57
68,6,66
68,6,67
68,6,72
68,6,81
68,6,82
68,6,85
68,6,86
68,6,87
68,6,88
68,6,93
68,6,97
68,7,9
68,7,11
68,7,12
68,7,13
68,7,15
68,7,23
68,7,24
68,7,26
68,7,28
68,7,30
68,7,32
68,7,36
68,7,37
68,7,39
68,7,41
68,7,51
68,7,56
68,7,58
68,7,59
68,7,60
68,7,62
68,7,65
68,7,70
68,7,73
68,7,74
68,7,75
68,7,77
68,7,79
68,7,84
68,7,90
68,7,91
68,7,92
68,7,98
68,7,99
68,7,101
68,8,10
68,8,27
68,8,29
68,8,40
68,8,45
68,8,47
68,8,52
68,8,53
68,8,55
68,8,63
68,8,64
68,8,68
68,8,69
68,8,74
68,8,85
68,8,87
68,8,88
68,8,95
68,8,97
68,8,100
68,8,102
68,9,11
68,9,12
68,9,13
68,9,14
68,9,15
68,9,23
68,9,24
68,9,26
68,9,30
68,9,32
68,9,36
68,9,37
68,9,39
68,9,41
68,9,42
68,9,51
68,9,56
68,9,58
68,9,59
68,9,60
68,9,62
68,9,65
68,9,71
68,9,76
68,9,77
68,9,79
68,9,80
68,9,84
68,9,90
68,9,91
68,9,98
68,9,101
68,10,20
68,10,27
68,10,33
68,10,40
68,10,44
68,10,49
68,10,52
68,10,53
68,10,57
68,10,63
68,10,64
68,10,72
68,10,78
68,10,85
68,10,95
68,10,97
68,10,100
68,11,12
68,11,15
68,11,26
68,11,30
68,11,36
68,11,37
68,11,51
68,11,56
68,11,59
68,11,62
68,11,71
68,11,84
68,11,92
68,11,101
68,12,13
68,12,14
68,12,15
68,12,23
68,12,26
68,12,30
68,12,36
68,12,37
68,12,39
68,12,41
68,12,42
68,12,51
68,12,56
68,12,58
68,12,59
68,12,62
68,12,65
68,12,70
68,12,71
68,12,75
68,12,76
68,12,77
68,12,79
68,12,80
68,12,84
68,12,90
68,12,91
68,12,92
68,12,98
68,12,101
68,13,15
68,13,23
68,13,24
68,13,26
68,13,28
68,13,30
68,13,32
68,13,36
68,13,37
68,13,39
68,13,41
68,13,43
68,13,51
68,13,56
68,13,58
68,13,59
68,13,60
68,13,62
68,13,65
68,13,70
68,13,71
68,13,73
68,13,75
68,13,76
68,13,77
68,13,79
68,13,84
68,13,90
68,13,91
68,13,92
68,13,98
68,13,99
68,13,101
68,14,24
68,14,51
68,14,58
68,14,60
68,14,62
68,14,65
68,14,76
68,14,77
68,14,80
68,14,91
68,14,101
68,15,23
68,15,26
68,15,30
68,15,32
68,15,36
68,15,37
68,15,39
68,15,41
68,15,42
68,15,51
68,15,56
68,15,58
68,15,59
68,15,60
68,15,65
68,15,76
68,15,77
68,15,80
68,15,90
68,15,91
68,15,98
68,15,101
68,16,38
68,16,61
68,17,18
68,17,19
68,17,20
68,17,27
68,17,33
68,17,34
68,17,35
68,17,48
68,17,49
68,17,50
68,17,57
68,17,66
68,17,67
68,17,72
68,17,81
68,17,82
68,17,85
68,17,86
68,17,88
68,17,93
68,18,19
68,18,20
68,18,27
68,18,33
68,18,48
68,18,49
68,18,53
68,18,57
68,18,63
68,18,66
68,18,67
68,18,72
68,18,82
68,18,85
68,18,87
68,18,88
68,18,93
68,18,97
68,19,20
68,19,27
68,19,33
68,19,34
68,19,35
68,19,44
68,19,48
68,19,49
68,19,50
68,19,57
68,19,66
68,19,67
68,19,72
68,19,81
68,19,82
68,19,85
68,19,86
68,19,88
68,19,93
68,19,94
68,20,27
68,20,33
68,20,34
68,20,35
68,20,44
68,20,48
68,20,49
68,20,50
68,20,52
68,20,53
68,20,57
68,20,63
68,20,66
68,20,67
68,20,72
68,20,81
68,20,82
68,20,85
68,20,86
68,20,87
68,20,88
68,20,93
68,20,97
68,20,102
68,21,75
68,23,24
68,23,25
68,23,26
68,23,28
68,23,30
68,23,32
68,23,36
68,23,37
68,23,39
68,23,41
68,23,51
68,23,56
68,23,59
68,23,60
68,23,62
68,23,70
68,23,71
68,23,77
68,23,79
68,23,84
68,23,90
68,23,91
68,23,92
68,23,99
68,23,101
68,24,26
68,24,30
68,24,32
68,24,37
68,24,41
68,24,42
68,24,51
68,24,56
68,24,59
68,24,62
68,24,70
68,24,71
68,24,72
68,24,77
68,24,79
68,24,80
68,24,84
68,24,90
68,24,91
68,24,92
68,24,99
68,24,101
68,25,59
68,26,30
68,26,32
68,26,36
68,26,37
68,26,41
68,26,42
68,26,51
68,26,56
68,26,58
68,26,59
68,26,62
68,26,65
68,26,70
68,26,71
68,26,75
68,26,76
68,26,77
68,26,79
68,26,80
68,26,84
68,26,90
68,26,91
68,26,92
68,26,98
68,26,99
68,26,101
68,27,33
68,27,34
68,27,35
68,27,40
68,27,44
68,27,49
68,27,52
68,27,53
68,27,57
68,27,63
68,27,64
68,27,66
68,27,67
68,27,82
68,27,85
68,27,87
68,27,88
68,27,93
68,27,95
68,27,97
68,27,100
68,27,102
68,28,75
68,28,99
68,29,45
68,29,47
68,29,52
68,29,55
68,29,64
68,29,68
68,29,95
68,29,97
68,29,100
68,30,32
68,30,36
68,30,37
68,30,41
68,30,42
68,30,51
68,30,56
68,30,59
68,30,62
68,30,70
68,30,71
68,30,77
68,30,79
68,30,80
68,30,84
68,30,90
68,30,91
68,30,92
68,30,98
68,30,99
68,30,101
68,31,74
68,31,75
68,31,99
68,32,36
68,32,37
68,32,41
68,32,42
68,32,51
68,32,56
68,32,58
68,32,59
68,32,62
68,32,65
68,32,70
68,32,76
68,32,77
68,32,90
68,32,91
68,32,92
68,32,98
68,32,99
68,32,101
68,33,35
68,33,44
68,33,48
68,33,49
68,33,50
68,33,52
68,33,53
68,33,57
68,33,63
68,33,66
68,33,67
68,33,69
68,33,72
68,33,78
68,33,81
68,33,82
68,33,85
68,33,86
68,33,87
68,33,88
68,33,93
68,33,95
68,33,97
68,33,102
68,34,35
68,34,44
68,34,63
68,34,66
68,34,67
68,34,82
68,34,85
68,34,87
68,34,88
68,34,93
68,35,48
68,35,49
68,35,50
68,35,57
68,35,63
68,35,66
68,35,67
68,35,72
68,35,78
68,35,81
68,35,85
68,35,93
68,36,37
68,36,39
68,36,41
68,36,42
68,36,51
68,36,56
68,36,58
68,36,59
68,36,60
68,36,62
68,36,65
68,36,71
68,36,76
68,36,77
68,36,80
68,36,84
68,36,90
68,36,91
68,36,92
68,36,98
68,36,99
68,36,101
68,37,39
68,37,41
68,37,42
68,37,51
68,37,56
68,37,58
68,37,59
68,37,60
68,37,62
68,37,70
68,37,71
68,37,75
68,37,77
68,37,79
68,37,80
68,37,84
68,37,90
68,37,91
68,37,92
68,37,98
68,37,99
68,37,101
68,38,91
68,39,51
68,39,56
68,39,58
68,39,59
68,39,60
68,39,62
68,39,77
68,39,91
68,39,99
68,39,101
68,40,52
68,40,53
68,40,64
68,40,78
68,40,100
68,41,43
68,41,51
68,41,56
68,41,58
68,41,59
68,41,60
68,41,62
68,41,65
68,41,70
68,41,71
68,41,75
68,41,76
68,41,77
68,41,79
68,41,84
68,41,90
68,41,91
68,41,92
68,41,98
68,41,99
68,41,101
68,42,51
68,42,56
68,42,58
68,42,59
68,42,62
68,42,71
68,42,80
68,42,91
68,42,101
68,43,79
68,43,98
68,43,99
68,44,50
68,44,52
68,44,53
68,44,57
68,44,63
68,44,64
68,44,66
68,44,67
68,44,78
68,44,82
68,44,85
68,44,88
68,44,95
68,44,97
68,44,100
68,44,102
68,45,47
68,45,52
68,45,53
68,45,55
68,45,64
68,45,68
68,45,95
68,45,97
68,45,100
68,47,52
68,47,53
68,47,55
68,47,64
68,47,68
68,47,95
68,47,97
68,47,100
68,48,49
68,48,50
68,48,57
68,48,66
68,48,67
68,48,72
68,48,81
68,48,82
68,48,86
68,48,88
68,48,93
68,48,94
68,49,57
68,49,63
68,49,66
68,49,67
68,49,72
68,49,85
68,49,86
68,49,87
68,49,88
68,49,93
68,49,97
68,50,52
68,50,61
68,50,66
68,50,67
68,50,72
68,50,78
68,50,81
68,50,82
68,50,85
68,50,93
68,51,56
68,51,58
68,51,59
68,51,60
68,51,62
68,51,70
68,51,71
68,51,75
68,51,76
68,51,77
68,51,79
68,51,80
68,51,90
68,51,91
68,51,98
68,51,99
68,51,101
68,52,53
68,52,57
68,52,63
68,52,64
68,52,66
68,52,67
68,52,68
68,52,72
68,52,78
68,52,85
68,52,87
68,52,88
68,52,95
68,52,97
68,52,100
68,52,102
68,53,55
68,53,57
68,53,63
68,53,64
68,53,66
68,53,72
68,53,85
68,53,87
68,53,88
68,53,95
68,53,97
68,53,100
68,53,102
68,54,100
68,55,68
68,55,100
68,56,58
68,56,59
68,56,62
68,56,75
68,56,77
68,56,79
68,56,80
68,56,84
68,56,90
68,56,91
68,56,92
68,56,98
68,56,99
68,56,101
68,57,63
68,57,64
68,57,67
68,57,69
68,57,72
68,57,85
68,57,86
68,57,87
68,57,88
68,57,95
68,57,97
68,57,102
68,58,59
68,58,60
68,58,65
68,58,76
68,58,77
68,58,80
68,58,90
68,58,91
68,58,98
68,58,101
68,59,60
68,59,62
68,59,70
68,59,71
68,59,77
68,59,79
68,59,80
68,59,84
68,59,90
68,59,91
68,59,92
68,59,98
68,59,99
68,59,101
68,60,65
68,60,76
68,60,91
68,60,98
68,60,99
68,60,101
68,61,78
68,62,71
68,62,75
68,62,77
68,62,80
68,62,84
68,62,91
68,62,92
68,62,98
68,62,99
68,62,101
68,63,64
68,63,66
68,63,67
68,63,72
68,63,82
68,63,85
68,63,87
68,63,88
68,63,95
68,63,97
68,63,100
68,63,102
68,64,68
68,64,72
68,64,85
68,64,87
68,64,88
68,64,95
68,64,97
68,64,100
68,64,102
68,65,76
68,65,77
68,65,90
68,65,91
68,65,98
68,65,101
68,66,67
68,66,72
68,66,82
68,66,85
68,66,87
68,66,88
68,66,93
68,66,97
68,67,72
68,67,81
68,67,82
68,67,85
68,67,86
68,67,87
68,67,88
68,67,93
68,67,94
68,67,97
68,68,69
68,68,97
68,68,100
68,69,72
68,69,102
68,70,71
68,70,79
68,70,90
68,70,91
68,70,98
68,70,99
68,70,101
68,71,80
68,71,84
68,71,90
68,71,91
68,71,98
68,71,99
68,71,101
68,72,78
68,72,81
68,72,85
68,72,86
68,72,87
68,72,88
68,72,93
68,72,95
68,72,97
68,72,102
68,73,99
68,74,75
68,74,98
68,74,99
68,74,100
68,75,92
68,75,98
68,75,99
68,76,77
68,76,90
68,76,91
68,76,98
68,76,101
68,77,79
68,77,80
68,77,90
68,77,91
68,77,101
68,79,84
68,79,90
68,79,91
68,79,98
68,79,101
68,80,90
68,80,91
68,80,101
68,81,86
68,81,91
68,81,93
68,82,85
68,82,87
68,82,88
68,82,93
68,82,97
68,84,90
68,84,91
68,84,98
68,84,99
68,84,101
68,85,87
68,85,88
68,85,93
68,85,97
68,85,100
68,85,102
68,87,88
68,87,95
68,87,97
68,87,100
68,88,93
68,88,95
68,88,97
68,88,100
68,89,91
68,90,91
68,90,92
68,90,98
68,90,99
68,90,101
68,91,92
68,91,98
68,91,99
68,91,101
68,92,98
68,92,99
68,92,101
68,93,94
68,95,97
68,95,100
68,95,102
68,97,100
68,97,102
68,98,99
68,98,101
68,99,101
68,100,102
69,1,11
69,1,43
69,2,5
69,2,6
69,2,15
69,2,16
69,2,17
69,2,24
69,2,48
69,2,49
69,2,58
69,2,71
69,2,88
69,2,89
69,2,99
69,2,102
69,3,24
69,3,44
69,3,58
69,3,65
69,3,102
69,4,9
69,4,14
69,4,21
69,4,22
69,4,23
69,4,25
69,4,38
69,4,51
69,4,59
69,4,75
69,4,77
69,4,91
69,5,6
69,5,13
69,5,15
69,5,16
69,5,17
69,5,34
69,5,48
69,5,49
69,5,53
69,5,58
69,5,64
69,5,65
69,5,68
69,5,69
69,5,84
69,5,87
69,5,89
69,5,95
69,5,96
69,6,16
69,6,48
69,6,49
69,6,53
69,6,58
69,6,82
69,6,87
69,6,89
69,6,96
69,7,26
69,7,47
69,7,56
69,7,57
69,7,70
69,7,72
69,7,103
69,8,11
69,8,14
69,8,21
69,8,22
69,8,32
69,8,33
69,8,36
69,8,39
69,8,42
69,8,51
69,8,59
69,8,60
69,8,62
69,8,66
69,8,73
69,8,74
69,8,79
69,8,81
69,8,91
69,8,93
69,8,94
69,8,100
69,8,104
69,9,10
69,9,14
69,9,21
69,9,22
69,9,23
69,9,25
69,9,28
69,9,30
69,9,31
69,9,32
69,9,33
69,9,36
69,9,38
69,9,42
69,9,51
69,9,59
69,9,60
69,9,75
69,9,77
69,9,91
69,9,93
69,9,98
69,10,11
69,10,12
69,10,14
69,10,21
69,10,33
69,10,36
69,10,42
69,10,51
69,10,62
69,10,66
69,10,79
69,10,80
69,10,81
69,10,91
69,10,93
69,10,100
69,10,104
69,11,12
69,11,14
69,11,22
69,11,31
69,11,32
69,11,33
69,11,36
69,11,37
69,11,39
69,11,41
69,11,42
69,11,51
69,11,60
69,11,61
69,11,62
69,11,66
69,11,79
69,11,80
69,11,81
69,11,91
69,11,93
69,11,100
69,11,104
69,12,14
69,12,36
69,12,37
69,12,41
69,12,42
69,12,51
69,12,60
69,12,61
69,12,62
69,12,66
69,12,79
69,12,80
69,12,81
69,12,91
69,12,93
69,12,100
69,12,104
69,13,63
69,13,82
69,14,21
69,14,22
69,14,23
69,14,25
69,14,27
69,14,28
69,14,31
69,14,32
69,14,33
69,14,36
69,14,37
69,14,38
69,14,39
69,14,41
69,14,42
69,14,46
69,14,51
69,14,53
69,14,59
69,14,60
69,14,61
69,14,62
69,14,66
69,14,73
69,14,74
69,14,75
69,14,77
69,14,79
69,14,80
69,14,81
69,14,91
69,14,93
69,14,94
69,14,98
69,14,100
69,14,104
69,15,16
69,15,17
69,15,48
69,15,49
69,15,58
69,15,69
69,15,88
69,15,89
69,15,90
69,16,17
69,16,18
69,16,48
69,16,49
69,16,58
69,16,69
69,16,87
69,16,89
69,16,96
69,17,18
69,17,48
69,17,49
69,17,58
69,17,64
69,17,68
69,17,87
69,17,88
69,17,89
69,17,90
69,17,96
69,17,99
69,18,24
69,18,35
69,18,43
69,18,48
69,18,49
69,18,68
69,18,69
69,18,82
69,18,102
69,19,29
69,19,51
69,19,59
69,19,77
69,20,26
69,20,71
69,20,102
69,21,22
69,21,23
69,21,25
69,21,27
69,21,31
69,21,32
69,21,33
69,21,36
69,21,39
69,21,41
69,21,42
69,21,51
69,21,59
69,21,60
69,21,62
69,21,66
69,21,73
69,21,74
69,21,77
69,21,79
69,21,81
69,21,91
69,21,93
69,21,94
69,21,98
69,21,100
69,21,104
69,22,23
69,22,25
69,22,31
69,22,32
69,22,33
69,22,36
69,22,38
69,22,41
69,22,42
69,22,51
69,22,59
69,22,60
69,22,73
69,22,74
69,22,75
69,22,77
69,22,79
69,22,81
69,22,91
69,22,93
69,22,94
69,22,100
69,22,104
69,23,25
69,23,29
69,23,31
69,23,32
69,23,33
69,23,38
69,23,42
69,23,46
69,23,51
69,23,52
69,23,59
69,23,73
69,23,75
69,23,77
69,23,79
69,23,91
69,23,94
69,23,104
69,24,47
69,24,50
69,24,67
69,24,88
69,24,102
69,25,29
69,25,46
69,25,52
69,25,59
69,25,75
69,25,77
69,26,47
69,26,54
69,26,56
69,26,57
69,26,70
69,26,71
69,26,72
69,26,83
69,26,97
69,26,102
69,26,103
69,27,51
69,27,93
69,28,53
69,28,87
69,29,30
69,29,31
69,29,65
69,29,77
69,29,86
69,29,98
69,29,105
69,30,31
69,30,59
69,30,78
69,30,98
69,31,32
69,31,33
69,31,36
69,31,41
69,31,42
69,31,51
69,31,59
69,31,60
69,31,73
69,31,74
69,31,79
69,31,91
69,31,93
69,31,94
69,31,100
69,31,104
69,32,33
69,32,36
69,32,41
69,32,42
69,32,51
69,32,59
69,32,60
69,32,66
69,32,73
69,32,74
69,32,79
69,32,81
69,32,91
69,32,93
69,32,94
69,32,100
69,32,104
69,33,36
69,33,37
69,33,39
69,33,41
69,33,42
69,33,51
69,33,59
69,33,60
69,33,62
69,33,66
69,33,73
69,33,74
69,33,79
69,33,80
69,33,81
69,33,91
69,33,93
69,33,94
69,33,100
69,33,104
69,34,35
69,34,53
69,35,48
69,35,49
69,35,63
69,35,68
69,35,82
69,36,37
69,36,39
69,36,41
69,36,42
69,36,51
69,36,59
69,36,60
69,36,62
69,36,66
69,36,73
69,36,74
69,36,79
69,36,81
69,36,91
69,36,93
69,36,100
69,36,104
69,37,52
69,37,60
69,37,61
69,37,66
69,37,79
69,37,80
69,37,91
69,37,100
69,37,104
69,38,59
69,38,60
69,38,77
69,38,91
69,39,42
69,39,51
69,39,60
69,39,62
69,39,93
69,39,94
69,40,93
69,41,42
69,41,51
69,41,60
69,41,62
69,41,66
69,41,73
69,41,74
69,41,79
69,41,80
69,41,81
69,41,91
69,41,93
69,41,94
69,41,100
69,41,104
69,42,51
69,42,59
69,42,60
69,42,62
69,42,66
69,42,73
69,42,74
69,42,79
69,42,80
69,42,81
69,42,91
69,42,93
69,42,94
69,42,100
69,42,104
69,43,82
69,43,96
69,44,53
69,44,65
69,46,51
69,46,59
69,46,77
69,47,54
69,47,56
69,47,57
69,47,70
69,47,71
69,47,72
69,47,97
69,47,102
69,47,103
69,48,49
69,48,58
69,48,68
69,48,69
69,48,87
69,48,88
69,48,89
69,48,96
69,49,58
69,49,64
69,49,68
69,49,69
69,49,82
69,49,87
69,49,89
69,49,96
69,50,102
69,51,59
69,51,60
69,51,61
69,51,62
69,51,66
69,51,74
69,51,75
69,51,76
69,51,77
69,51,79
69,51,80
69,51,81
69,51,91
69,51,93
69,51,94
69,51,98
69,51,100
69,51,101
69,51,104
69,52,94
69,52,100
69,53,65
69,53,69
69,53,87
69,53,90
69,53,105
69,54,56
69,54,57
69,54,70
69,54,72
69,54,97
69,54,103
69,56,57
69,56,70
69,56,72
69,56,103
69,57,70
69,57,71
69,57,72
69,57,103
69,58,64
69,58,65
69,58,69
69,58,87
69,58,88
69,58,89
69,58,96
69,58,105
69,59,60
69,59,74
69,59,75
69,59,77
69,59,79
69,59,91
69,59,93
69,60,62
69,60,73
69,60,74
69,60,79
69,60,81
69,60,91
69,60,93
69,60,94
69,60,100
69,60,104
69,61,66
69,61,81
69,62,66
69,62,73
69,62,74
69,62,79
69,62,80
69,62,81
69,62,91
69,62,93
69,62,100
69,62,104
69,63,82
69,64,65
69,64,69
69,64,84
69,64,87
69,64,88
69,64,89
69,64,90
69,65,67
69,65,105
69,66,79
69,66,80
69,66,81
69,66,91
69,66,94
69,66,104
69,67,102
69,68,69
69,68,84
69,68,96
69,69,84
69,69,87
69,69,88
69,69,96
69,70,71
69,70,72
69,70,102
69,70,103
69,71,102
69,72,103
69,73,74
69,73,79
69,73,81
69,73,91
69,73,93
69,73,94
69,73,100
69,73,104
69,74,79
69,74,81
69,74,91
69,74,93
69,74,100
69,74,104
69,75,76
69,75,91
69,77,78
69,77,91
69,79,80
69,79,81
69,79,91
69,79,93
69,79,100
69,79,104
69,80,81
69,80,91
69,80,93
69,80,104
69,81,91
69,81,93
69,81,94
69,81,100
69,81,104
69,82,96
69,83,102
69,84,89
69,85,86
69,86,102
69,87,88
69,87,89
69,87,96
69,87,105
69,88,89
69,88,90
69,88,99
69,88,102
69,89,90
69,89,96
69,89,99
69,90,99
69,91,93
69,91,94
69,91,100
69,91,104
69,93,94
69,93,100
69,93,104
69,94,100
69,95,96
69,100,104
70,1,2
70,1,19
70,1,51
70,1,61
70,1,72
70,1,87
70,1,88
70,2,16
70,2,18
70,2,19
70,2,42
70,2,47
70,2,61
70,2,63
70,2,87
70,2,88
70,3,4
70,3,16
70,3,61
70,3,66
70,3,85
70,3,86
70,4,16
70,4,42
70,4,61
70,4,66
70,4,85
70,4,86
70,4,93
70,5,6
70,5,16
70,5,18
70,5,21
70,5,31
70,5,42
70,5,46
70,5,47
70,5,61
70,5,63
70,5,65
70,5,66
70,5,67
70,5,82
70,5,85
70,5,86
70,5,88
70,5,93
70,5,94
70,6,16
70,6,18
70,6,31
70,6,42
70,6,46
70,6,47
70,6,61
70,6,63
70,6,66
70,6,82
70,6,85
70,6,86
70,6,88
70,6,93
70,7,22
70,7,29
70,7,41
70,7,43
70,7,45
70,7,52
70,7,63
70,7,69
70,7,77
70,7,83
70,7,84
70,7,100
70,8,9
70,8,11
70,8,15
70,8,22
70,8,23
70,8,26
70,8,32
70,8,35
70,8,36
70,8,39
70,8,43
70,8,55
70,8,56
70,8,57
70,8,58
70,8,63
70,8,70
70,8,76
70,8,78
70,8,79
70,8,92
70,8,97
70,8,101
70,9,11
70,9,12
70,9,15
70,9,26
70,9,30
70,9,36
70,9,39
70,9,56
70,9,57
70,9,58
70,9,78
70,9,79
70,9,89
70,9,92
70,9,97
70,9,101
70,10,11
70,10,15
70,10,63
70,10,79
70,10,101
70,11,12
70,11,15
70,11,24
70,11,26
70,11,35
70,11,36
70,11,39
70,11,56
70,11,57
70,11,58
70,11,70
70,11,78
70,11,79
70,11,89
70,11,92
70,11,97
70,11,101
70,12,15
70,12,24
70,12,35
70,12,36
70,12,39
70,12,56
70,12,57
70,12,58
70,12,70
70,12,78
70,12,79
70,12,89
70,12,92
70,12,97
70,12,101
70,13,59
70,13,61
70,14,36
70,14,39
70,14,79
70,14,97
70,14,101
70,15,23
70,15,25
70,15,26
70,15,30
70,15,32
70,15,35
70,15,39
70,15,43
70,15,55
70,15,56
70,15,57
70,15,58
70,15,63
70,15,70
70,15,76
70,15,78
70,15,89
70,15,97
70,15,101
70,15,102
70,16,17
70,16,18
70,16,19
70,16,42
70,16,61
70,16,66
70,16,85
70,16,86
70,16,87
70,16,88
70,16,93
70,16,98
70,17,34
70,17,49
70,17,61
70,17,63
70,17,66
70,17,67
70,17,86
70,17,93
70,18,19
70,18,42
70,18,46
70,18,47
70,18,54
70,18,61
70,18,63
70,18,66
70,18,88
70,19,31
70,19,42
70,19,51
70,19,61
70,19,63
70,19,72
70,19,87
70,19,88
70,19,98
70,21,25
70,21,29
70,21,43
70,21,96
70,21,102
70,22,23
70,22,29
70,22,30
70,22,43
70,22,44
70,22,56
70,22,76
70,22,77
70,22,84
70,22,96
70,23,25
70,23,26
70,23,30
70,23,32
70,23,39
70,23,43
70,23,44
70,23,56
70,23,70
70,23,79
70,23,89
70,24,36
70,24,56
70,24,58
70,24,64
70,24,79
70,25,26
70,25,30
70,25,32
70,25,43
70,25,44
70,25,63
70,25,71
70,25,77
70,25,96
70,26,30
70,26,32
70,26,35
70,26,39
70,26,56
70,26,57
70,26,58
70,26,63
70,26,70
70,26,74
70,26,78
70,26,89
70,26,92
70,26,97
70,26,101
70,27,45
70,27,52
70,27,53
70,27,68
70,27,69
70,27,83
70,27,99
70,27,100
70,28,63
70,28,86
70,29,45
70,29,77
70,29,84
70,29,96
70,30,32
70,30,39
70,30,56
70,30,58
70,30,70
70,30,89
70,30,92
70,30,96
70,30,97
70,30,101
70,31,42
70,31,46
70,31,47
70,31,51
70,31,54
70,31,60
70,31,61
70,31,63
70,31,65
70,31,66
70,31,72
70,31,85
70,31,87
70,31,88
70,31,93
70,31,98
70,32,35
70,32,39
70,32,43
70,32,56
70,32,58
70,32,70
70,32,89
70,32,92
70,32,97
70,33,34
70,33,48
70,33,66
70,34,48
70,34,63
70,34,66
70,34,80
70,35,36
70,35,39
70,35,56
70,35,57
70,35,58
70,35,78
70,35,89
70,35,92
70,35,97
70,35,101
70,36,39
70,36,55
70,36,56
70,36,57
70,36,58
70,36,70
70,36,78
70,36,79
70,36,89
70,36,92
70,36,97
70,37,61
70,37,63
70,38,48
70,38,59
70,38,61
70,38,63
70,38,80
70,39,56
70,39,57
70,39,58
70,39,70
70,39,78
70,39,79
70,39,89
70,39,92
70,39,97
70,39,101
70,40,42
70,40,49
70,40,61
70,40,63
70,40,65
70,40,72
70,40,80
70,41,43
70,41,63
70,42,46
70,42,47
70,42,49
70,42,51
70,42,53
70,42,54
70,42,60
70,42,61
70,42,65
70,42,66
70,42,67
70,42,80
70,42,85
70,42,87
70,42,88
70,42,93
70,42,94
70,42,95
70,42,98
70,43,44
70,43,55
70,43,56
70,43,62
70,43,77
70,44,55
70,45,50
70,45,52
70,45,53
70,45,68
70,45,69
70,45,83
70,45,99
70,45,100
70,46,47
70,46,61
70,46,66
70,46,72
70,46,85
70,46,86
70,46,93
70,47,54
70,47,60
70,47,61
70,47,64
70,47,66
70,47,72
70,48,61
70,48,63
70,48,64
70,48,65
70,49,61
70,49,63
70,50,51
70,50,52
70,50,53
70,50,61
70,50,68
70,50,69
70,50,72
70,50,83
70,50,95
70,50,98
70,50,99
70,50,100
70,51,61
70,51,65
70,51,93
70,52,53
70,52,68
70,52,69
70,52,83
70,52,99
70,52,100
70,53,61
70,53,68
70,53,69
70,53,83
70,53,99
70,53,100
70,54,61
70,54,63
70,54,64
70,54,65
70,54,66
70,54,102
70,55,56
70,55,63
70,55,73
70,56,57
70,56,58
70,56,63
70,56,70
70,56,78
70,56,79
70,56,89
70,56,92
70,56,97
70,56,101
70,57,58
70,57,78
70,57,79
70,57,89
70,57,92
70,57,97
70,57,101
70,58,63
70,58,70
70,58,78
70,58,79
70,58,89
70,58,92
70,58,97
70,58,101
70,59,61
70,60,61
70,60,63
70,60,87
70,61,64
70,61,65
70,61,66
70,61,75
70,61,80
70,61,85
70,61,86
70,61,87
70,61,88
70,61,93
70,61,94
70,61,95
70,61,98
70,61,102
70,62,77
70,63,64
70,63,65
70,63,66
70,63,67
70,63,70
70,63,76
70,63,80
70,63,85
70,63,86
70,63,89
70,63,91
70,63,93
70,63,102
70,64,65
70,64,72
70,65,72
70,65,93
70,66,67
70,66,80
70,66,82
70,66,85
70,66,86
70,66,93
70,67,82
70,67,85
70,67,93
70,68,69
70,68,83
70,68,99
70,68,100
70,69,83
70,69,99
70,69,100
70,70,78
70,70,79
70,70,89
70,70,92
70,70,97
70,70,101
70,72,88
70,75,88
70,75,98
70,78,79
70,78,89
70,78,92
70,78,97
70,78,101
70,79,89
70,79,92
70,79,97
70,79,101
70,80,93
70,83,99
70,83,100
70,85,86
70,85,87
70,85,93
70,86,93
70,87,88
70,87,98
70,88,98
70,89,92
70,89,97
70,89,101
70,92,97
70,92,101
70,93,94
70,95,98
70,96,102
70,97,101
70,99,100
71,1,2
71,1,5
71,1,6
71,1,17
71,1,18
71,1,29
71,1,30
71,1,46
71,1,66
71,1,67
71,1,68
71,1,84
71,1,85
71,1,88
71,1,89
71,1,90
71,1,91
71,1,92
71,1,98
71,1,99
71,2,17
71,2,18
71,2,46
71,2,47
71,2,66
71,2,67
71,2,68
71,2,84
71,2,88
71,2,89
71,2,90
71,2,91
71,2,92
71,2,98
71,2,99
71,3,4
71,3,5
71,3,33
71,3,63
71,3,68
71,4,5
71,4,63
71,4,68
71,5,6
71,5,17
71,5,18
71,5,33
71,5,46
71,5,47
71,5,66
71,5,67
71,5,68
71,5,84
71,5,88
71,5,90
71,5,98
71,5,99
71,6,17
71,6,18
71,6,29
71,6,30
71,6,33
71,6,46
71,6,47
71,6,66
71,6,67
71,6,68
71,6,76
71,6,84
71,6,85
71,6,88
71,6,91
71,6,98
71,6,99
71,8,9
71,8,10
71,8,11
71,8,13
71,8,14
71,8,19
71,8,21
71,8,24
71,8,36
71,8,37
71,8,39
71,8,43
71,8,48
71,8,54
71,8,56
71,8,58
71,8,59
71,8,60
71,8,61
71,8,71
71,8,72
71,8,73
71,8,77
71,8,78
71,8,80
71,8,81
71,8,82
71,8,83
71,8,93
71,8,97
71,8,102
71,8,103
71,8,107
71,8,108
71,8,109
71,9,10
71,9,11
71,9,12
71,9,13
71,9,14
71,9,21
71,9,24
71,9,36
71,9,39
71,9,48
71,9,54
71,9,56
71,9,58
71,9,60
71,9,71
71,9,78
71,9,80
71,9,82
71,9,103
71,9,108
71,9,109
71,10,11
71,10,12
71,10,13
71,10,14
71,10,21
71,10,24
71,10,36
71,10,37
71,10,39
71,10,41
71,10,48
71,10,54
71,10,56
71,10,57
71,10,58
71,10,59
71,10,60
71,10,61
71,10,71
71,10,72
71,10,78
71,10,79
71,10,80
71,10,82
71,10,83
71,10,93
71,10,96
71,10,103
71,10,107
71,10,108
71,10,109
71,11,12
71,11,13
71,11,14
71,11,21
71,11,22
71,11,24
71,11,36
71,11,37
71,11,39
71,11,41
71,11,43
71,11,48
71,11,54
71,11,56
71,11,57
71,11,58
71,11,59
71,11,60
71,11,61
71,11,71
71,11,72
71,11,73
71,11,79
71,11,80
71,11,81
71,11,82
71,11,83
71,11,93
71,11,96
71,11,102
71,11,103
71,11,107
71,11,108
71,11,109
71,12,13
71,12,14
71,12,24
71,12,36
71,12,37
71,12,39
71,12,41
71,12,54
71,12,56
71,12,57
71,12,58
71,12,59
71,12,60
71,12,61
71,12,71
71,12,72
71,12,79
71,12,80
71,12,82
71,12,83
71,12,93
71,12,96
71,12,103
71,12,107
71,12,108
71,13,14
71,13,19
71,13,21
71,13,22
71,13,24
71,13,31
71,13,36
71,13,37
71,13,39
71,13,41
71,13,43
71,13,48
71,13,54
71,13,56
71,13,57
71,13,58
71,13,59
71,13,60
71,13,71
71,13,72
71,13,73
71,13,77
71,13,78
71,13,79
71,13,80
71,13,81
71,13,82
71,13,83
71,13,93
71,13,95
71,13,96
71,13,97
71,13,102
71,13,103
71,13,107
71,13,108
71,13,109
71,14,21
71,14,22
71,14,24
71,14,36
71,14,37
71,14,39
71,14,41
71,14,43
71,14,48
71,14,54
71,14,56
71,14,57
71,14,58
71,14,59
71,14,60
71,14,71
71,14,72
71,14,73
71,14,78
71,14,79
71,14,80
71,14,81
71,14,82
71,14,83
71,14,93
71,14,96
71,14,97
71,14,102
71,14,103
71,14,107
71,14,108
71,14,109
71,15,68
71,16,29
71,16,33
71,16,68
71,17,18
71,17,29
71,17,30
71,17,33
71,17,46
71,17,50
71,17,51
71,17,66
71,17,67
71,17,68
71,17,84
71,17,85
71,17,88
71,17,90
71,17,91
71,17,98
71,17,99
71,18,29
71,18,30
71,18,33
71,18,46
71,18,47
71,18,66
71,18,67
71,18,68
71,18,84
71,18,85
71,18,88
71,18,89
71,18,90
71,18,91
71,18,92
71,18,98
71,18,99
71,19,21
71,19,24
71,19,54
71,19,60
71,19,77
71,19,78
71,19,80
71,19,81
71,19,108
71,20,26
71,20,52
71,20,53
71,20,62
71,20,69
71,20,70
71,20,86
71,20,87
71,20,105
71,21,22
71,21,23
71,21,24
71,21,28
71,21,32
71,21,36
71,21,37
71,21,39
71,21,41
71,21,43
71,21,48
71,21,54
71,21,56
71,21,58
71,21,59
71,21,71
71,21,72
71,21,73
71,21,77
71,21,78
71,21,79
71,21,80
71,21,81
71,21,82
71,21,83
71,21,93
71,21,96
71,21,97
71,21,103
71,21,107
71,21,108
71,21,109
71,22,24
71,22,43
71,22,48
71,22,56
71,22,58
71,22,60
71,22,61
71,22,71
71,22,72
71,22,73
71,22,78
71,22,80
71,22,81
71,22,82
71,22,93
71,22,97
71,22,108
71,22,109
71,23,24
71,23,31
71,23,32
71,23,81
71,23,97
71,23,109
71,24,28
71,24,31
71,24,32
71,24,36
71,24,37
71,24,39
71,24,41
71,24,43
71,24,48
71,24,54
71,24,56
71,24,57
71,24,58
71,24,59
71,24,60
71,24,61
71,24,71
71,24,72
71,24,73
71,24,77
71,24,78
71,24,79
71,24,80
71,24,81
71,24,82
71,24,83
71,24,93
71,24,96
71,24,97
71,24,102
71,24,103
71,24,107
71,24,108
71,24,109
71,25,97
71,25,109
71,26,52
71,26,69
71,26,70
71,26,86
71,26,87
71,27,81
71,28,31
71,28,59
71,28,72
71,29,33
71,29,52
71,29,53
71,29,63
71,29,68
71,29,88
71,29,91
71,29,92
71,29,100
71,30,33
71,30,46
71,30,47
71,30,66
71,30,67
71,30,68
71,30,84
71,30,98
71,30,99
71,31,54
71,31,60
71,31,71
71,31,72
71,31,73
71,31,80
71,31,102
71,31,103
71,31,108
71,32,48
71,32,73
71,32,77
71,32,80
71,33,46
71,33,50
71,33,52
71,33,53
71,33,63
71,33,68
71,33,91
71,33,92
71,33,98
71,34,35
71,34,60
71,34,80
71,34,108
71,35,81
71,36,37
71,36,39
71,36,41
71,36,48
71,36,54
71,36,56
71,36,57
71,36,58
71,36,59
71,36,60
71,36,61
71,36,71
71,36,72
71,36,73
71,36,78
71,36,79
71,36,80
71,36,81
71,36,82
71,36,83
71,36,93
71,36,96
71,36,102
71,36,103
71,36,107
71,36,108
71,37,39
71,37,41
71,37,54
71,37,56
71,37,57
71,37,58
71,37,59
71,37,60
71,37,61
71,37,71
71,37,72
71,37,79
71,37,80
71,37,81
71,37,82
71,37,83
71,37,93
71,37,96
71,37,97
71,37,103
71,37,107
71,37,109
71,38,46
71,38,66
71,38,67
71,38,98
71,39,41
71,39,43
71,39,48
71,39,54
71,39,56
71,39,57
71,39,58
71,39,59
71,39,60
71,39,61
71,39,71
71,39,72
71,39,73
71,39,78
71,39,80
71,39,81
71,39,82
71,39,83
71,39,93
71,39,96
71,39,97
71,39,102
71,39,103
71,39,107
71,39,108
71,39,109
71,40,65
71,41,56
71,41,57
71,41,58
71,41,59
71,41,61
71,41,71
71,41,72
71,41,79
71,41,80
71,41,82
71,41,83
71,41,93
71,41,96
71,41,103
71,41,107
71,43,48
71,43,56
71,43,58
71,43,71
71,43,72
71,43,73
71,43,77
71,43,80
71,43,81
71,43,82
71,43,83
71,43,93
71,43,97
71,43,109
71,44,45
71,44,52
71,44,81
71,45,51
71,45,53
71,45,69
71,45,70
71,45,86
71,45,87
71,45,104
71,45,105
71,46,47
71,46,49
71,46,50
71,46,66
71,46,67
71,46,68
71,46,84
71,46,85
71,46,88
71,46,89
71,46,90
71,46,91
71,46,98
71,46,99
71,47,66
71,47,67
71,47,88
71,47,89
71,47,90
71,47,98
71,47,99
71,48,54
71,48,56
71,48,58
71,48,59
71,48,60
71,48,71
71,48,72
71,48,73
71,48,77
71,48,78
71,48,80
71,48,81
71,48,82
71,48,83
71,48,93
71,48,97
71,48,102
71,48,103
71,48,107
71,48,108
71,48,109
71,49,74
71,50,51
71,50,53
71,50,66
71,50,67
71,50,68
71,50,84
71,50,87
71,50,91
71,50,98
71,50,104
71,50,105
71,51,53
71,51,68
71,51,69
71,51,86
71,51,87
71,51,91
71,51,104
71,51,105
71,52,68
71,52,69
71,52,70
71,52,86
71,52,87
71,53,69
71,53,70
71,53,86
71,53,87
71,53,104
71,53,105
71,54,56
71,54,57
71,54,58
71,54,60
71,54,61
71,54,71
71,54,72
71,54,73
71,54,77
71,54,78
71,54,80
71,54,81
71,54,82
71,54,93
71,54,97
71,54,102
71,54,103
71,54,108
71,54,109
71,55,74
71,56,57
71,56,58
71,56,59
71,56,71
71,56,72
71,56,73
71,56,79
71,56,80
71,56,81
71,56,82
71,56,83
71,56,93
71,56,95
71,56,96
71,56,97
71,56,103
71,56,107
71,56,109
71,57,58
71,57,59
71,57,61
71,57,71
71,57,72
71,57,79
71,57,80
71,57,81
71,57,82
71,57,83
71,57,93
71,57,96
71,57,103
71,57,107
71,57,109
71,58,59
71,58,60
71,58,61
71,58,71
71,58,72
71,58,73
71,58,78
71,58,79
71,58,80
71,58,81
71,58,82
71,58,83
71,58,93
71,58,96
71,58,102
71,58,103
71,58,107
71,58,108
71,58,109
71,59,71
71,59,72
71,59,79
71,59,82
71,59,83
71,59,93
71,59,96
71,59,102
71,59,103
71,59,107
71,60,71
71,60,73
71,60,77
71,60,78
71,60,79
71,60,80
71,60,82
71,60,83
71,60,95
71,60,102
71,60,103
71,60,108
71,61,79
71,61,81
71,61,82
71,61,83
71,61,93
71,61,103
71,61,109
71,62,63
71,63,68
71,63,91
71,63,92
71,64,65
71,64,68
71,64,74
71,65,74
71,66,67
71,66,84
71,66,88
71,66,90
71,66,91
71,66,98
71,66,99
71,67,84
71,67,85
71,67,90
71,67,91
71,67,92
71,67,98
71,67,99
71,68,84
71,68,87
71,68,88
71,68,90
71,68,91
71,68,92
71,68,98
71,68,100
71,69,70
71,69,86
71,69,87
71,70,86
71,70,87
71,71,72
71,71,73
71,71,77
71,71,78
71,71,80
71,71,82
71,71,83
71,71,93
71,71,96
71,71,97
71,71,103
71,71,107
71,71,108
71,72,77
71,72,78
71,72,82
71,72,83
71,72,93
71,72,101
71,72,102
71,72,103
71,73,77
71,73,78
71,73,80
71,73,82
71,73,93
71,73,96
71,73,102
71,73,103
71,73,108
71,74,98
71,76,89
71,77,78
71,77,80
71,77,81
71,77,97
71,77,101
71,77,103
71,77,108
71,77,109
71,78,80
71,78,81
71,78,82
71,78,93
71,78,97
71,78,102
71,78,103
71,78,107
71,78,108
71,78,109
71,79,80
71,79,82
71,79,83
71,79,93
71,79,96
71,79,103
71,79,107
71,80,82
71,80,83
71,80,93
71,80,95
71,80,96
71,80,102
71,80,103
71,80,108
71,81,82
71,81,83
71,81,93
71,81,95
71,81,97
71,81,101
71,81,102
71,81,103
71,81,109
71,82,83
71,82,93
71,82,96
71,82,102
71,82,103
71,82,107
71,82,108
71,82,109
71,83,93
71,83,96
71,83,103
71,83,107
71,83,108
71,83,109
71,84,85
71,84,88
71,84,90
71,84,91
71,84,98
71,84,99
71,85,99
71,86,87
71,88,89
71,88,90
71,88,91
71,88,98
71,88,99
71,89,92
71,89,98
71,89,99
71,90,98
71,90,99
71,91,92
71,91,98
71,93,96
71,93,103
71,93,107
71,93,108
71,93,109
71,95,96
71,95,97
71,95,109
71,96,103
71,96,107
71,96,108
71,96,109
71,97,102
71,97,103
71,97,109
71,98,99
71,102,103
71,102,107
71,102,109
71,103,107
71,103,108
71,103,109
71,104,105
72,1,2
72,1,20
72,1,21
72,1,67
72,1,82
72,1,85
72,1,86
72,1,93
72,2,19
72,2,20
72,2,21
72,2,51
72,2,83
72,2,86
72,3,4
72,3,20
72,3,26
72,4,20
72,4,26
72,4,93
72,4,96
72,4,103
72,5,20
72,5,34
72,5,47
72,5,51
72,5,67
72,5,73
72,5,82
72,5,85
72,5,86
72,5,90
72,5,93
72,5,94
72,6,8
72,6,10
72,6,28
72,6,30
72,6,31
72,6,32
72,6,45
72,6,52
72,6,62
72,6,64
72,6,65
72,6,95
72,6,99
72,6,100
72,6,101
72,7,20
72,7,67
72,9,11
72,9,14
72,9,15
72,9,20
72,9,25
72,9,27
72,9,36
72,9,56
72,9,76
72,9,78
72,9,89
72,9,98
72,9,102
72,10,20
72,10,30
72,10,45
72,10,52
72,10,69
72,10,99
72,11,13
72,11,14
72,11,15
72,11,16
72,11,25
72,11,27
72,11,29
72,11,37
72,11,38
72,11,39
72,11,44
72,11,49
72,11,58
72,11,59
72,11,60
72,11,61
72,11,71
72,11,77
72,11,79
72,11,80
72,11,89
72,11,91
72,11,92
72,12,102
72,13,14
72,13,58
72,13,59
72,13,79
72,13,80
72,13,97
72,14,15
72,14,16
72,14,25
72,14,27
72,14,37
72,14,38
72,14,39
72,14,58
72,14,59
72,14,60
72,14,61
72,14,77
72,14,79
72,14,80
72,14,92
72,14,97
72,15,16
72,15,27
72,15,29
72,15,37
72,15,38
72,15,39
72,15,58
72,15,59
72,15,60
72,15,61
72,15,67
72,15,71
72,15,76
72,15,77
72,15,79
72,15,89
72,15,92
72,15,98
72,15,102
72,16,27
72,16,29
72,16,37
72,16,38
72,16,39
72,16,49
72,16,58
72,16,60
72,16,61
72,16,71
72,16,76
72,16,77
72,16,79
72,16,80
72,16,89
72,16,92
72,16,97
72,17,18
72,17,20
72,17,93
72,18,20
72,19,20
72,19,21
72,19,22
72,19,67
72,19,85
72,20,23
72,20,26
72,20,28
72,20,31
72,20,33
72,20,34
72,20,35
72,20,36
72,20,41
72,20,42
72,20,50
72,20,53
72,20,63
72,20,67
72,20,72
72,20,73
72,20,74
72,20,77
72,20,78
72,20,81
72,20,82
72,20,85
72,20,86
72,20,87
72,20,88
72,20,93
72,20,99
72,20,103
72,21,68
72,21,82
72,21,86
72,21,93
72,21,94
72,24,76
72,25,39
72,25,40
72,25,44
72,25,50
72,25,60
72,25,61
72,25,67
72,25,71
72,25,79
72,25,102
72,26,36
72,26,41
72,26,57
72,26,64
72,26,65
72,26,93
72,27,29
72,27,37
72,27,38
72,27,39
72,27,44
72,27,49
72,27,58
72,27,60
72,27,71
72,27,75
72,27,76
72,27,77
72,27,78
72,27,79
72,27,89
72,27,92
72,27,97
72,27,98
72,27,102
72,28,46
72,29,37
72,29,38
72,29,71
72,29,89
72,29,102
72,30,55
72,30,69
72,30,70
72,30,84
72,31,74
72,31,99
72,33,67
72,33,93
72,34,47
72,34,51
72,34,67
72,34,85
72,34,93
72,35,68
72,36,67
72,36,68
72,37,38
72,37,39
72,37,44
72,37,49
72,37,58
72,37,60
72,37,61
72,37,71
72,37,76
72,37,77
72,37,79
72,37,89
72,37,92
72,37,98
72,37,102
72,38,39
72,38,58
72,38,71
72,38,77
72,38,79
72,38,89
72,38,92
72,38,97
72,39,44
72,39,49
72,39,58
72,39,60
72,39,61
72,39,67
72,39,71
72,39,77
72,39,79
72,39,89
72,39,91
72,39,92
72,39,97
72,39,102
72,41,42
72,41,50
72,41,64
72,41,67
72,41,72
72,42,50
72,42,64
72,42,67
72,44,92
72,45,100
72,45,101
72,47,51
72,47,63
72,47,66
72,47,67
72,47,73
72,47,82
72,47,85
72,47,90
72,47,93
72,48,94
72,49,92
72,49,102
72,50,64
72,50,67
72,50,93
72,51,52
72,51,83
72,51,86
72,51,90
72,51,93
72,51,103
72,52,99
72,52,100
72,52,101
72,53,86
72,53,93
72,55,69
72,55,70
72,56,78
72,56,102
72,57,93
72,58,59
72,58,60
72,58,67
72,58,71
72,58,77
72,58,79
72,58,80
72,58,89
72,58,92
72,58,102
72,59,79
72,60,61
72,60,71
72,60,79
72,61,71
72,61,79
72,61,92
72,62,100
72,63,86
72,63,93
72,64,65
72,66,67
72,66,93
72,67,81
72,67,82
72,67,85
72,67,90
72,67,91
72,67,93
72,67,94
72,67,98
72,67,102
72,67,103
72,69,70
72,71,79
72,71,89
72,72,93
72,73,90
72,73,94
72,74,99
72,75,76
72,76,92
72,76,98
72,77,79
72,77,80
72,77,92
72,78,102
72,79,80
72,79,92
72,79,97
72,80,97
72,81,93
72,82,85
72,82,86
72,82,93
72,85,86
72,85,90
72,85,93
72,85,94
72,86,93
72,89,98
72,89,102
72,90,93
72,90,94
72,92,102
72,93,94
72,93,96
72,93,103
72,95,99
72,98,102
72,100,101
73,1,4
73,1,5
73,1,21
73,1,22
73,1,29
73,1,43
73,1,44
73,1,50
73,1,52
73,1,76
73,1,77
73,1,81
73,1,82
73,1,83
73,2,20
73,2,49
73,2,59
73,3,4
73,3,26
73,3,48
73,3,52
73,3,58
73,3,59
73,3,83
73,4,29
73,4,52
73,4,53
73,4,58
73,4,59
73,4,83
73,4,97
73,5,16
73,5,21
73,5,22
73,5,29
73,5,37
73,5,44
73,5,52
73,5,53
73,5,60
73,5,76
73,5,81
73,5,82
73,5,83
73,5,86
73,6,9
73,6,20
73,6,28
73,6,93
73,6,95
73,9,20
73,9,47
73,9,48
73,9,49
73,9,59
73,9,93
73,9,95
73,9,96
73,11,38
73,12,13
73,12,14
73,12,33
73,12,34
73,12,35
73,12,45
73,12,54
73,12,55
73,12,56
73,12,67
73,12,72
73,12,73
73,12,74
73,12,75
73,12,87
73,12,89
73,12,99
73,13,14
73,13,33
73,13,34
73,13,35
73,13,45
73,13,54
73,13,55
73,13,56
73,13,67
73,13,72
73,13,73
73,13,74
73,13,75
73,13,87
73,13,88
73,13,94
73,13,99
73,14,33
73,14,34
73,14,35
73,14,45
73,14,54
73,14,55
73,14,56
73,14,67
73,14,72
73,14,73
73,14,74
73,14,75
73,14,87
73,14,88
73,14,99
73,16,21
73,16,22
73,16,29
73,16,44
73,16,50
73,16,59
73,16,66
73,16,76
73,16,83
73,17,22
73,17,29
73,20,48
73,20,49
73,20,50
73,20,52
73,20,59
73,20,95
73,21,22
73,21,29
73,21,37
73,21,44
73,21,52
73,21,60
73,21,76
73,21,81
73,21,82
73,21,83
73,21,86
73,21,100
73,22,29
73,22,37
73,22,44
73,22,52
73,22,60
73,22,76
73,22,81
73,22,82
73,22,83
73,22,100
73,23,41
73,24,50
73,24,52
73,24,82
73,26,52
73,29,37
73,29,43
73,29,44
73,29,52
73,29,53
73,29,60
73,29,76
73,29,81
73,29,83
73,29,84
73,29,98
73,29,100
73,30,59
73,33,34
73,33,35
73,33,45
73,33,54
73,33,55
73,33,56
73,33,67
73,33,72
73,33,74
73,33,75
73,33,87
73,33,88
73,34,35
73,34,45
73,34,54
73,34,55
73,34,56
73,34,67
73,34,72
73,34,73
73,34,74
73,34,75
73,34,87
73,34,88
73,34,99
73,35,45
73,35,54
73,35,55
73,35,56
73,35,67
73,35,72
73,35,73
73,35,74
73,35,75
73,35,87
73,35,88
73,35,94
73,35,99
73,36,91
73,37,38
73,37,44
73,37,60
73,37,76
73,38,60
73,40,99
73,41,88
73,42,47
73,42,49
73,42,64
73,42,65
73,42,93
73,42,96
73,43,83
73,43,98
73,44,52
73,44,76
73,44,81
73,44,82
73,44,83
73,44,86
73,45,54
73,45,55
73,45,56
73,45,67
73,45,72
73,45,73
73,45,74
73,45,75
73,45,87
73,45,94
73,45,99
73,47,48
73,47,93
73,47,96
73,48,52
73,48,68
73,48,79
73,48,85
73,48,93
73,48,97
73,49,93
73,49,96
73,50,52
73,50,53
73,50,58
73,50,59
73,50,76
73,50,79
73,50,81
73,50,83
73,50,98
73,52,53
73,52,59
73,52,76
73,52,77
73,52,79
73,52,81
73,52,82
73,52,83
73,52,85
73,52,86
73,52,97
73,52,98
73,52,100
73,53,59
73,53,76
73,53,79
73,53,81
73,53,82
73,53,83
73,53,97
73,53,98
73,54,55
73,54,56
73,54,67
73,54,72
73,54,74
73,54,75
73,54,87
73,54,88
73,54,99
73,55,56
73,55,67
73,55,72
73,55,73
73,55,74
73,55,75
73,55,87
73,55,99
73,56,67
73,56,72
73,56,73
73,56,74
73,56,75
73,56,87
73,56,99
73,57,96
73,58,77
73,58,83
73,58,92
73,59,79
73,59,83
73,59,85
73,59,93
73,59,95
73,59,98
73,62,91
73,64,65
73,64,96
73,66,98
73,67,72
73,67,74
73,67,75
73,67,87
73,67,88
73,67,99
73,70,71
73,70,72
73,72,73
73,72,74
73,72,75
73,72,87
73,72,99
73,73,74
73,73,75
73,73,94
73,73,99
73,74,75
73,74,87
73,74,99
73,75,87
73,75,89
73,75,99
73,76,81
73,76,82
73,76,83
73,76,86
73,79,81
73,79,85
73,79,97
73,81,82
73,81,83
73,81,84
73,81,97
73,82,97
73,83,84
73,83,98
73,83,100
73,85,97
73,85,98
73,87,88
73,87,99
73,88,99
73,90,91
73,93,95
73,93,96
73,94,99
74,1,9
74,1,17
74,1,47
74,1,88
74,1,95
74,2,5
74,2,23
74,2,34
74,2,46
74,2,47
74,2,79
74,2,96
74,3,4
74,3,8
74,3,16
74,3,17
74,3,22
74,3,37
74,3,46
74,3,76
74,3,83
74,4,5
74,4,16
74,4,31
74,4,46
74,4,54
74,4,85
74,4,100
74,5,16
74,5,17
74,5,25
74,5,30
74,5,31
74,5,34
74,5,46
74,5,54
74,5,57
74,5,62
74,5,79
74,5,85
74,5,88
74,6,8
74,6,34
74,6,47
74,6,50
74,6,61
74,8,17
74,8,23
74,8,25
74,8,30
74,8,31
74,8,46
74,8,47
74,8,54
74,8,66
74,8,80
74,8,83
74,8,85
74,8,88
74,9,20
74,9,94
74,9,95
74,9,96
74,11,40
74,12,40
74,13,14
74,13,26
74,13,35
74,13,36
74,13,41
74,13,56
74,13,59
74,13,73
74,13,78
74,13,89
74,13,90
74,13,99
74,14,26
74,14,35
74,14,36
74,14,41
74,14,56
74,14,59
74,14,73
74,14,78
74,14,89
74,14,99
74,16,17
74,16,31
74,16,34
74,16,46
74,16,85
74,16,86
74,17,19
74,17,20
74,17,30
74,17,31
74,17,32
74,17,34
74,17,45
74,17,46
74,17,48
74,17,51
74,17,54
74,17,60
74,17,65
74,17,66
74,17,82
74,17,84
74,17,85
74,17,88
74,17,94
74,17,95
74,19,22
74,19,65
74,20,53
74,20,82
74,22,37
74,22,40
74,22,62
74,22,65
74,22,83
74,22,86
74,23,24
74,23,25
74,23,30
74,23,31
74,23,46
74,23,62
74,23,76
74,23,83
74,23,85
74,23,100
74,24,25
74,24,30
74,24,48
74,24,83
74,24,100
74,25,30
74,25,31
74,25,46
74,25,54
74,25,85
74,25,100
74,26,35
74,26,36
74,26,41
74,26,56
74,26,59
74,26,73
74,26,75
74,26,78
74,26,89
74,26,90
74,26,99
74,28,61
74,28,68
74,29,50
74,29,51
74,29,96
74,30,31
74,30,46
74,30,66
74,30,76
74,30,79
74,30,83
74,30,85
74,30,88
74,31,34
74,31,46
74,31,54
74,31,57
74,31,62
74,31,63
74,31,76
74,31,79
74,31,85
74,31,88
74,31,100
74,32,34
74,33,55
74,34,48
74,34,51
74,34,53
74,34,60
74,34,66
74,34,72
74,34,93
74,34,94
74,35,36
74,35,41
74,35,56
74,35,59
74,35,73
74,35,78
74,35,89
74,35,99
74,36,41
74,36,56
74,36,59
74,36,73
74,36,78
74,36,89
74,36,90
74,36,99
74,37,40
74,37,62
74,37,65
74,38,56
74,38,77
74,38,78
74,38,91
74,38,92
74,39,40
74,40,58
74,40,77
74,41,56
74,41,59
74,41,73
74,41,78
74,41,89
74,41,90
74,41,99
74,43,50
74,43,67
74,43,68
74,45,50
74,45,51
74,45,72
74,45,94
74,46,54
74,46,57
74,46,60
74,46,62
74,46,76
74,46,79
74,46,84
74,46,85
74,46,88
74,46,100
74,47,85
74,47,88
74,50,51
74,50,53
74,50,67
74,50,72
74,50,94
74,50,96
74,51,53
74,51,95
74,53,94
74,53,95
74,54,60
74,54,65
74,54,88
74,56,59
74,56,73
74,56,78
74,56,89
74,56,99
74,58,76
74,59,73
74,59,78
74,59,89
74,59,90
74,59,99
74,60,62
74,60,85
74,60,88
74,62,83
74,62,88
74,62,100
74,67,68
74,73,74
74,73,89
74,73,90
74,73,99
74,74,75
74,74,90
74,74,99
74,75,99
74,76,79
74,76,100
74,78,89
74,78,99
74,79,83
74,79,84
74,79,85
74,82,88
74,85,88
74,88,95
74,89,90
74,89,99
74,91,92
74,93,94
74,94,96
75,1,3
75,1,4
75,1,8
75,1,19
75,1,28
75,1,46
75,1,75
75,1,81
75,1,84
75,1,85
75,2,8
75,2,17
75,2,26
75,2,33
75,2,35
75,2,50
75,2,58
75,2,72
75,2,76
75,2,83
75,2,85
75,2,86
75,2,87
75,2,89
75,2,95
75,2,96
75,2,97
75,2,99
75,2,100
75,2,101
75,3,5
75,3,6
75,3,7
75,3,19
75,3,34
75,3,35
75,3,47
75,3,66
75,3,80
75,3,81
75,3,84
75,3,87
75,3,88
75,4,5
75,4,18
75,4,19
75,4,25
75,4,28
75,4,34
75,4,35
75,4,47
75,4,66
75,4,78
75,4,81
75,4,84
75,4,87
75,5,6
75,5,8
75,5,11
75,5,17
75,5,19
75,5,24
75,5,25
75,5,26
75,5,28
75,5,32
75,5,33
75,5,35
75,5,47
75,5,49
75,5,66
75,5,76
75,5,78
75,5,81
75,5,84
75,5,85
75,5,87
75,6,8
75,6,11
75,6,25
75,6,28
75,6,32
75,6,33
75,6,39
75,6,60
75,6,78
75,6,85
75,7,8
75,7,19
75,7,34
75,7,35
75,7,46
75,7,47
75,7,66
75,7,85
75,7,87
75,8,11
75,8,17
75,8,19
75,8,24
75,8,25
75,8,26
75,8,28
75,8,32
75,8,33
75,8,39
75,8,46
75,8,63
75,8,66
75,8,76
75,8,78
75,8,84
75,8,85
75,8,87
75,8,95
75,8,96
75,8,97
75,8,99
75,8,101
75,10,16
75,10,36
75,10,37
75,10,41
75,10,42
75,10,57
75,10,64
75,10,73
75,10,74
75,10,77
75,10,91
75,10,92
75,11,19
75,11,24
75,11,25
75,11,28
75,11,32
75,11,33
75,11,58
75,11,60
75,11,75
75,11,85
75,11,95
75,14,27
75,14,59
75,14,85
75,16,36
75,16,37
75,16,41
75,16,42
75,16,57
75,16,64
75,16,73
75,16,74
75,16,77
75,16,91
75,16,92
75,16,98
75,17,24
75,17,25
75,17,26
75,17,32
75,17,33
75,17,35
75,17,43
75,17,49
75,17,50
75,17,56
75,17,58
75,17,60
75,17,72
75,17,75
75,17,76
75,17,78
75,17,83
75,17,85
75,17,95
75,17,97
75,17,101
75,18,19
75,18,34
75,18,66
75,19,23
75,19,33
75,19,34
75,19,35
75,19,47
75,19,53
75,19,58
75,19,66
75,19,75
75,19,84
75,19,87
75,20,80
75,20,85
75,20,88
75,23,24
75,23,30
75,23,50
75,23,53
75,23,56
75,23,61
75,23,83
75,23,89
75,23,95
75,23,97
75,24,25
75,24,26
75,24,32
75,24,33
75,24,43
75,24,49
75,24,50
75,24,56
75,24,58
75,24,59
75,24,60
75,24,63
75,24,75
75,24,76
75,24,78
75,24,85
75,24,95
75,24,97
75,24,99
75,24,101
75,25,26
75,25,28
75,25,32
75,25,33
75,25,56
75,25,58
75,25,60
75,25,75
75,25,76
75,25,78
75,25,85
75,25,95
75,25,97
75,25,101
75,26,32
75,26,33
75,26,35
75,26,43
75,26,49
75,26,50
75,26,56
75,26,58
75,26,60
75,26,75
75,26,76
75,26,78
75,26,85
75,26,95
75,26,97
75,26,101
75,27,48
75,27,85
75,28,34
75,28,58
75,28,60
75,28,75
75,28,85
75,30,53
75,30,97
75,31,67
75,31,68
75,31,98
75,32,33
75,32,49
75,32,50
75,32,56
75,32,58
75,32,60
75,32,75
75,32,76
75,32,78
75,32,85
75,32,87
75,32,95
75,32,97
75,32,101
75,33,35
75,33,43
75,33,47
75,33,49
75,33,50
75,33,56
75,33,58
75,33,60
75,33,75
75,33,76
75,33,78
75,33,85
75,33,87
75,33,95
75,33,97
75,33,101
75,34,35
75,34,47
75,34,58
75,34,66
75,34,75
75,34,84
75,34,87
75,35,47
75,35,58
75,35,78
75,35,87
75,36,37
75,36,41
75,36,42
75,36,57
75,36,73
75,36,74
75,36,91
75,36,92
75,37,41
75,37,42
75,37,57
75,37,64
75,37,73
75,37,74
75,37,77
75,37,91
75,37,92
75,38,41
75,38,57
75,38,74
75,38,91
75,39,60
75,39,75
75,39,85
75,41,42
75,41,57
75,41,64
75,41,73
75,41,74
75,41,77
75,41,91
75,41,92
75,42,57
75,42,73
75,42,74
75,42,91
75,42,92
75,42,98
75,43,76
75,43,85
75,43,95
75,45,51
75,45,67
75,45,68
75,46,60
75,46,75
75,46,80
75,46,81
75,46,84
75,46,85
75,47,58
75,47,66
75,47,71
75,47,84
75,47,87
75,49,56
75,49,58
75,49,76
75,49,78
75,49,85
75,49,95
75,49,97
75,49,101
75,50,53
75,50,56
75,50,58
75,50,71
75,50,72
75,50,76
75,50,83
75,50,87
75,50,89
75,50,95
75,50,97
75,50,99
75,50,101
75,53,61
75,53,83
75,53,100
75,56,58
75,56,60
75,56,75
75,56,76
75,56,83
75,56,85
75,56,89
75,56,95
75,56,96
75,56,97
75,56,101
75,57,64
75,57,73
75,57,74
75,57,91
75,57,92
75,57,98
75,58,60
75,58,71
75,58,72
75,58,75
75,58,76
75,58,78
75,58,83
75,58,95
75,58,97
75,58,101
75,59,63
75,59,70
75,59,85
75,59,95
75,60,75
75,60,76
75,60,78
75,60,101
75,63,85
75,63,95
75,64,77
75,64,91
75,64,92
75,65,93
75,66,75
75,66,85
75,66,87
75,67,68
75,71,72
75,71,83
75,72,83
75,73,74
75,73,77
75,73,91
75,73,92
75,73,98
75,74,91
75,74,92
75,75,76
75,75,78
75,75,95
75,76,78
75,76,85
75,76,95
75,76,97
75,76,101
75,77,91
75,77,92
75,78,84
75,78,85
75,78,95
75,80,81
75,80,88
75,81,84
75,81,85
75,83,89
75,83,95
75,83,97
75,83,100
75,83,101
75,84,85
75,85,87
75,85,88
75,85,95
75,85,97
75,85,99
75,85,101
75,89,95
75,89,99
75,89,101
75,90,93
75,91,92
75,92,98
75,93,94
75,95,96
75,95,97
75,95,99
75,95,101
75,96,97
75,96,101
75,97,101
76,1,2
76,1,4
76,1,5
76,1,6
76,1,13
76,1,15
76,1,16
76,1,23
76,1,24
76,1,27
76,1,33
76,1,35
76,1,48
76,1,49
76,1,51
76,1,62
76,1,65
76,1,73
76,1,74
76,1,77
76,1,82
76,1,85
76,1,86
76,1,87
76,1,88
76,1,97
76,1,103
76,2,4
76,2,5
76,2,6
76,2,13
76,2,15
76,2,16
76,2,23
76,2,24
76,2,27
76,2,28
76,2,33
76,2,35
76,2,48
76,2,49
76,2,62
76,2,77
76,2,82
76,2,85
76,2,86
76,2,87
76,3,8
76,3,23
76,3,33
76,4,6
76,4,13
76,4,15
76,4,16
76,4,23
76,4,24
76,4,27
76,4,28
76,4,33
76,4,35
76,4,48
76,4,57
76,4,62
76,4,73
76,4,77
76,4,82
76,4,85
76,4,86
76,4,87
76,4,97
76,5,6
76,5,49
76,6,13
76,6,15
76,6,16
76,6,18
76,6,23
76,6,24
76,6,27
76,6,28
76,6,33
76,6,35
76,6,48
76,6,49
76,6,51
76,6,62
76,6,65
76,6,73
76,6,74
76,6,77
76,6,82
76,6,85
76,6,86
76,6,87
76,6,88
76,6,89
76,6,97
76,6,99
76,6,103
76,7,21
76,7,30
76,7,47
76,7,59
76,7,69
76,7,76
76,7,100
76,8,23
76,8,102
76,12,42
76,12,78
76,13,15
76,13,16
76,13,22
76,13,23
76,13,24
76,13,27
76,13,28
76,13,32
76,13,35
76,13,48
76,13,49
76,13,62
76,13,73
76,13,74
76,13,77
76,13,82
76,13,85
76,13,86
76,13,87
76,13,103
76,14,31
76,14,37
76,14,38
76,14,42
76,14,44
76,14,59
76,14,60
76,14,72
76,14,76
76,15,16
76,15,23
76,15,27
76,15,33
76,15,35
76,15,48
76,15,51
76,15,57
76,15,62
76,15,73
76,15,74
76,15,77
76,15,86
76,15,89
76,15,103
76,16,23
76,16,24
76,16,27
76,16,35
76,16,48
76,16,62
76,16,73
76,16,74
76,16,77
76,16,89
76,16,97
76,16,99
76,16,103
76,17,34
76,18,23
76,20,71
76,21,30
76,21,31
76,21,44
76,21,56
76,21,69
76,21,70
76,21,76
76,21,100
76,21,101
76,22,23
76,22,24
76,22,28
76,22,39
76,22,49
76,22,62
76,22,77
76,22,82
76,22,85
76,23,27
76,23,28
76,23,32
76,23,33
76,23,35
76,23,36
76,23,41
76,23,48
76,23,51
76,23,53
76,23,55
76,23,57
76,23,62
76,23,64
76,23,65
76,23,66
76,23,67
76,23,73
76,23,74
76,23,77
76,23,79
76,23,85
76,23,86
76,23,87
76,23,88
76,23,89
76,23,97
76,23,99
76,23,102
76,23,103
76,23,104
76,24,27
76,24,28
76,24,35
76,24,43
76,24,48
76,24,57
76,24,62
76,24,65
76,24,66
76,24,73
76,24,77
76,24,82
76,24,86
76,24,87
76,24,97
76,24,99
76,24,103
76,27,35
76,27,48
76,27,51
76,27,62
76,27,66
76,27,73
76,27,74
76,27,77
76,27,82
76,27,86
76,27,89
76,27,97
76,27,99
76,27,103
76,28,33
76,28,39
76,28,49
76,28,77
76,28,82
76,28,85
76,28,86
76,30,31
76,30,47
76,30,69
76,30,76
76,30,78
76,30,100
76,30,101
76,31,44
76,31,59
76,31,100
76,31,101
76,32,33
76,32,34
76,32,51
76,32,64
76,32,65
76,32,66
76,32,77
76,32,79
76,32,88
76,32,89
76,32,99
76,32,103
76,33,35
76,33,36
76,33,48
76,33,49
76,33,57
76,33,63
76,33,64
76,33,73
76,33,85
76,33,86
76,33,88
76,33,89
76,33,103
76,34,39
76,34,64
76,34,66
76,34,79
76,34,89
76,35,48
76,35,62
76,35,77
76,35,86
76,35,87
76,35,97
76,37,38
76,37,47
76,37,59
76,37,60
76,37,72
76,37,92
76,38,47
76,38,60
76,38,72
76,38,80
76,38,84
76,38,91
76,38,92
76,39,49
76,39,85
76,40,68
76,40,95
76,42,44
76,42,59
76,42,60
76,42,75
76,42,76
76,44,47
76,44,59
76,44,72
76,44,76
76,44,100
76,44,101
76,45,69
76,45,70
76,45,100
76,46,70
76,47,54
76,47,69
76,47,72
76,47,84
76,47,91
76,48,62
76,48,73
76,48,74
76,48,77
76,48,86
76,48,97
76,49,82
76,49,85
76,49,86
76,49,87
76,51,65
76,51,66
76,51,77
76,51,79
76,51,88
76,51,89
76,51,99
76,51,103
76,51,104
76,52,56
76,52,96
76,52,102
76,53,57
76,53,96
76,54,80
76,55,99
76,56,69
76,57,62
76,57,63
76,57,97
76,59,60
76,59,72
76,59,75
76,59,76
76,59,100
76,59,101
76,60,61
76,60,72
76,60,75
76,60,80
76,60,84
76,60,91
76,60,92
76,60,93
76,61,78
76,61,91
76,61,92
76,62,73
76,62,77
76,62,82
76,62,85
76,62,86
76,62,87
76,62,97
76,62,99
76,62,103
76,64,79
76,64,88
76,64,89
76,65,66
76,65,74
76,65,77
76,65,79
76,65,88
76,65,89
76,65,99
76,65,103
76,66,77
76,66,79
76,66,89
76,66,99
76,66,103
76,68,81
76,68,94
76,68,95
76,69,70
76,69,100
76,72,84
76,73,74
76,73,77
76,73,97
76,73,99
76,73,103
76,74,77
76,74,99
76,74,103
76,75,76
76,76,78
76,77,82
76,77,85
76,77,86
76,77,89
76,77,97
76,77,99
76,77,103
76,78,92
76,79,88
76,79,89
76,79,99
76,79,103
76,82,85
76,82,86
76,84,91
76,84,92
76,85,86
76,85,87
76,86,87
76,86,88
76,87,88
76,88,89
76,88,99
76,89,97
76,89,99
76,89,103
76,89,104
76,91,92
76,94,95
76,97,99
76,97,103
76,99,103
76,103,104
77,1,2
77,1,3
77,1,4
77,1,5
77,1,6
77,1,7
77,1,17
77,1,18
77,1,19
77,1,32
77,1,33
77,1,34
77,1,46
77,1,47
77,1,49
77,1,53
77,1,57
77,1,61
77,1,62
77,1,64
77,1,72
77,1,76
77,1,81
77,1,83
77,1,87
77,1,88
77,1,89
77,1,90
77,1,91
77,1,93
77,1,94
77,1,99
77,1,108
77,2,3
77,2,4
77,2,5
77,2,6
77,2,7
77,2,18
77,2,19
77,2,31
77,2,33
77,2,34
77,2,46
77,2,47
77,2,49
77,2,62
77,2,81
77,2,84
77,2,87
77,2,89
77,2,90
77,2,91
77,3,4
77,3,5
77,3,6
77,3,8
77,3,17
77,3,18
77,3,19
77,3,31
77,3,33
77,3,47
77,3,48
77,3,49
77,3,53
77,3,57
77,3,64
77,3,73
77,3,87
77,3,90
77,3,93
77,3,94
77,3,99
77,3,108
77,4,5
77,4,6
77,4,7
77,4,18
77,4,19
77,4,31
77,4,32
77,4,33
77,4,34
77,4,46
77,4,47
77,4,49
77,4,51
77,4,53
77,4,57
77,4,61
77,4,62
77,4,64
77,4,72
77,4,76
77,4,79
77,4,81
77,4,83
77,4,84
77,4,89
77,4,90
77,4,93
77,4,94
77,4,99
77,4,108
77,5,6
77,5,7
77,5,16
77,5,18
77,5,19
77,5,31
77,5,32
77,5,33
77,5,34
77,5,46
77,5,47
77,5,48
77,5,49
77,5,53
77,5,57
77,5,61
77,5,62
77,5,64
77,5,72
77,5,73
77,5,76
77,5,81
77,5,83
77,5,84
77,5,87
77,5,88
77,5,89
77,5,90
77,5,93
77,5,94
77,5,99
77,5,103
77,5,107
77,5,108
77,6,8
77,6,13
77,6,15
77,6,16
77,6,17
77,6,18
77,6,19
77,6,20
77,6,26
77,6,27
77,6,31
77,6,32
77,6,33
77,6,34
77,6,37
77,6,38
77,6,42
77,6,46
77,6,47
77,6,51
77,6,53
77,6,54
77,6,57
77,6,61
77,6,62
77,6,63
77,6,64
77,6,65
77,6,67
77,6,72
77,6,73
77,6,76
77,6,79
77,6,81
77,6,87
77,6,88
77,6,89
77,6,90
77,6,93
77,6,94
77,6,96
77,6,97
77,6,98
77,6,99
77,6,101
77,6,107
77,6,108
77,7,19
77,7,20
77,7,33
77,7,34
77,7,47
77,7,57
77,7,81
77,7,83
77,7,87
77,7,88
77,7,89
77,7,90
77,7,94
77,7,97
77,7,107
77,8,17
77,8,47
77,8,49
77,8,53
77,8,90
77,8,92
77,8,93
77,8,103
77,9,25
77,9,43
77,9,55
77,9,68
77,9,74
77,9,86
77,12,21
77,12,24
77,12,25
77,12,27
77,12,45
77,13,45
77,13,47
77,14,41
77,14,45
77,14,59
77,14,71
77,14,77
77,15,16
77,15,31
77,15,32
77,15,47
77,15,51
77,15,62
77,15,64
77,15,76
77,15,79
77,15,81
77,15,90
77,16,17
77,16,27
77,16,31
77,16,32
77,16,33
77,16,34
77,16,46
77,16,47
77,16,53
77,16,62
77,16,64
77,16,65
77,16,72
77,16,73
77,16,76
77,16,81
77,16,87
77,16,88
77,16,89
77,16,90
77,16,93
77,16,94
77,16,99
77,17,32
77,17,47
77,17,51
77,17,53
77,17,61
77,17,62
77,17,64
77,17,65
77,17,73
77,17,76
77,17,90
77,17,93
77,17,94
77,17,99
77,17,108
77,18,19
77,18,20
77,18,31
77,18,32
77,18,33
77,18,34
77,18,46
77,18,47
77,18,49
77,18,51
77,18,53
77,18,57
77,18,61
77,18,62
77,18,72
77,18,76
77,18,83
77,18,84
77,18,87
77,18,89
77,18,90
77,18,92
77,18,94
77,18,99
77,18,101
77,18,103
77,18,107
77,19,33
77,19,34
77,19,47
77,19,49
77,19,57
77,19,81
77,19,84
77,19,89
77,19,90
77,19,92
77,20,47
77,20,62
77,20,67
77,20,81
77,20,87
77,20,88
77,20,89
77,20,90
77,20,97
77,21,24
77,21,25
77,21,29
77,21,30
77,21,43
77,21,52
77,21,55
77,21,56
77,21,59
77,21,68
77,21,74
77,21,75
77,21,95
77,21,106
77,22,52
77,23,31
77,23,32
77,23,51
77,23,61
77,23,62
77,23,64
77,23,65
77,23,76
77,23,91
77,23,99
77,24,25
77,24,29
77,24,30
77,24,39
77,24,43
77,24,45
77,24,55
77,24,59
77,24,68
77,24,71
77,24,75
77,24,77
77,24,106
77,25,29
77,25,30
77,25,39
77,25,41
77,25,43
77,25,45
77,25,55
77,25,59
77,25,71
77,25,74
77,25,75
77,25,106
77,26,47
77,26,81
77,26,90
77,26,93
77,27,37
77,27,45
77,27,47
77,27,51
77,27,81
77,27,87
77,27,90
77,29,30
77,29,43
77,29,45
77,29,55
77,29,59
77,29,74
77,29,75
77,29,95
77,29,106
77,30,39
77,30,41
77,30,43
77,30,45
77,30,52
77,30,55
77,30,59
77,30,71
77,30,74
77,30,77
77,30,106
77,31,32
77,31,34
77,31,37
77,31,42
77,31,47
77,31,51
77,31,53
77,31,61
77,31,62
77,31,64
77,31,76
77,31,79
77,31,81
77,31,83
77,31,84
77,31,90
77,31,91
77,31,93
77,31,94
77,31,97
77,31,99
77,31,108
77,32,42
77,32,47
77,32,51
77,32,53
77,32,61
77,32,62
77,32,64
77,32,65
77,32,76
77,32,79
77,32,81
77,32,83
77,32,90
77,32,93
77,32,94
77,32,97
77,32,99
77,32,108
77,33,34
77,33,46
77,33,47
77,33,57
77,33,61
77,33,62
77,33,81
77,33,83
77,33,87
77,33,88
77,33,89
77,33,90
77,33,93
77,33,94
77,33,99
77,33,108
77,34,46
77,34,47
77,34,49
77,34,53
77,34,57
77,34,61
77,34,62
77,34,63
77,34,64
77,34,72
77,34,76
77,34,81
77,34,83
77,34,84
77,34,88
77,34,90
77,34,93
77,34,94
77,34,99
77,34,108
77,35,36
77,35,39
77,35,45
77,35,70
77,36,60
77,37,47
77,37,51
77,37,64
77,37,81
77,37,90
77,37,97
77,38,47
77,38,98
77,39,41
77,39,60
77,39,70
77,39,71
77,39,75
77,39,77
77,39,106
77,41,45
77,41,59
77,41,71
77,41,77
77,42,47
77,42,51
77,42,53
77,42,64
77,42,79
77,42,81
77,42,90
77,42,93
77,42,94
77,43,52
77,43,55
77,43,59
77,43,68
77,43,69
77,43,95
77,43,105
77,43,106
77,44,48
77,44,60
77,44,85
77,44,96
77,45,59
77,45,60
77,45,70
77,45,71
77,45,77
77,45,105
77,45,106
77,46,47
77,46,48
77,46,49
77,46,53
77,46,57
77,46,63
77,46,72
77,46,73
77,46,81
77,46,87
77,46,90
77,46,92
77,46,93
77,46,94
77,46,99
77,47,51
77,47,53
77,47,57
77,47,61
77,47,62
77,47,64
77,47,65
77,47,67
77,47,72
77,47,73
77,47,76
77,47,79
77,47,81
77,47,87
77,47,88
77,47,89
77,47,90
77,47,91
77,47,93
77,47,94
77,47,97
77,47,99
77,47,101
77,47,107
77,47,108
77,48,57
77,48,65
77,48,72
77,48,85
77,48,87
77,48,93
77,48,99
77,49,53
77,49,57
77,49,61
77,49,84
77,49,92
77,49,94
77,49,108
77,51,53
77,51,61
77,51,62
77,51,64
77,51,65
77,51,76
77,51,79
77,51,81
77,51,83
77,51,90
77,51,93
77,51,94
77,51,97
77,51,99
77,51,101
77,51,107
77,51,108
77,52,59
77,52,68
77,52,95
77,52,104
77,52,105
77,52,106
77,53,57
77,53,61
77,53,62
77,53,64
77,53,65
77,53,72
77,53,73
77,53,76
77,53,93
77,53,94
77,53,99
77,53,103
77,53,107
77,53,108
77,54,64
77,55,59
77,55,68
77,55,71
77,55,74
77,55,95
77,55,106
77,56,66
77,57,61
77,57,62
77,57,64
77,57,73
77,57,81
77,57,83
77,57,88
77,57,90
77,57,93
77,57,94
77,57,99
77,57,103
77,57,107
77,57,108
77,58,60
77,58,85
77,58,96
77,59,68
77,59,71
77,59,74
77,59,75
77,59,77
77,59,95
77,59,106
77,60,85
77,60,91
77,61,62
77,61,64
77,61,65
77,61,72
77,61,73
77,61,76
77,61,79
77,61,81
77,61,90
77,61,93
77,61,94
77,61,99
77,61,101
77,61,107
77,61,108
77,62,64
77,62,65
77,62,72
77,62,73
77,62,76
77,62,79
77,62,81
77,62,83
77,62,84
77,62,87
77,62,90
77,62,93
77,62,94
77,62,97
77,62,99
77,62,107
77,62,108
77,63,72
77,64,65
77,64,72
77,64,73
77,64,76
77,64,79
77,64,81
77,64,83
77,64,90
77,64,93
77,64,94
77,64,97
77,64,99
77,64,101
77,64,103
77,64,108
77,65,73
77,65,76
77,65,79
77,65,90
77,65,93
77,65,94
77,65,99
77,65,101
77,65,103
77,65,108
77,66,100
77,67,81
77,67,90
77,68,69
77,68,104
77,68,106
77,69,95
77,69,105
77,71,106
77,72,73
77,72,81
77,72,83
77,72,87
77,72,88
77,72,90
77,72,93
77,72,94
77,72,99
77,72,103
77,72,108
77,73,81
77,73,90
77,73,93
77,73,94
77,73,99
77,74,75
77,74,106
77,75,77
77,75,95
77,75,106
77,76,79
77,76,81
77,76,83
77,76,90
77,76,91
77,76,93
77,76,94
77,76,97
77,76,99
77,76,101
77,76,108
77,77,95
77,77,106
77,78,98
77,79,81
77,79,90
77,79,93
77,79,94
77,79,97
77,79,99
77,80,89
77,80,91
77,80,92
77,81,88
77,81,89
77,81,90
77,81,94
77,81,97
77,81,99
77,81,107
77,81,108
77,83,85
77,83,88
77,83,93
77,83,94
77,83,96
77,83,97
77,83,103
77,84,87
77,85,96
77,87,88
77,87,89
77,87,90
77,87,94
77,87,99
77,87,103
77,87,107
77,88,89
77,88,90
77,88,91
77,88,94
77,88,97
77,89,90
77,89,91
77,89,92
77,90,93
77,90,94
77,90,97
77,90,99
77,90,101
77,90,108
77,92,93
77,93,94
77,93,99
77,93,103
77,93,108
77,94,99
77,94,103
77,94,107
77,94,108
77,95,105
77,95,106
77,97,98
77,97,101
77,99,101
77,99,108
77,100,105
77,101,103
77,103,108
77,107,108
78,1,2
78,1,5
78,1,6
78,1,46
78,1,83
78,1,88
78,2,6
78,2,46
78,3,4
78,3,8
78,3,25
78,3,31
78,3,33
78,3,48
78,3,54
78,3,62
78,3,65
78,3,72
78,3,90
78,3,91
78,3,95
78,3,96
78,4,31
78,4,72
78,4,80
78,4,90
78,4,91
78,4,95
78,4,96
78,5,18
78,5,46
78,5,47
78,5,82
78,5,87
78,5,88
78,6,15
78,6,17
78,6,46
78,6,47
78,6,88
78,7,23
78,7,30
78,7,45
78,7,52
78,7,53
78,7,68
78,7,73
78,7,85
78,7,100
78,8,16
78,8,21
78,8,25
78,8,31
78,8,48
78,8,50
78,8,64
78,8,65
78,8,78
78,8,80
78,8,90
78,8,91
78,8,96
78,8,97
78,9,61
78,10,20
78,10,22
78,10,23
78,10,26
78,10,52
78,10,53
78,10,58
78,10,61
78,10,73
78,10,85
78,10,100
78,10,104
78,11,26
78,11,41
78,11,61
78,11,76
78,12,25
78,12,60
78,13,21
78,13,25
78,13,31
78,13,48
78,13,62
78,13,64
78,13,65
78,13,80
78,13,90
78,13,91
78,13,95
78,13,96
78,13,97
78,13,99
78,14,20
78,14,22
78,14,23
78,14,26
78,14,27
78,14,41
78,14,52
78,14,53
78,14,57
78,14,58
78,14,59
78,14,61
78,14,70
78,14,73
78,14,85
78,14,100
78,14,104
78,15,24
78,15,33
78,15,48
78,15,81
78,15,83
78,15,86
78,16,21
78,16,25
78,16,31
78,16,48
78,16,50
78,16,62
78,16,64
78,16,65
78,16,78
78,16,80
78,16,90
78,16,91
78,16,95
78,16,96
78,16,97
78,16,99
78,17,46
78,17,47
78,17,87
78,18,24
78,18,46
78,18,66
78,18,82
78,18,87
78,18,88
78,19,54
78,20,22
78,20,23
78,20,30
78,20,41
78,20,52
78,20,53
78,20,68
78,20,73
78,20,74
78,20,75
78,20,85
78,20,100
78,20,104
78,21,25
78,21,31
78,21,38
78,21,48
78,21,60
78,21,62
78,21,64
78,21,65
78,21,80
78,21,90
78,21,91
78,21,95
78,21,96
78,21,97
78,21,103
78,22,23
78,22,26
78,22,27
78,22,29
78,22,41
78,22,52
78,22,53
78,22,57
78,22,58
78,22,61
78,22,70
78,22,73
78,22,75
78,22,76
78,22,85
78,22,100
78,22,104
78,23,27
78,23,41
78,23,52
78,23,53
78,23,57
78,23,58
78,23,73
78,23,85
78,23,100
78,23,104
78,24,86
78,25,31
78,25,48
78,25,50
78,25,54
78,25,60
78,25,64
78,25,65
78,25,78
78,25,80
78,25,90
78,25,91
78,25,95
78,25,96
78,25,97
78,25,99
78,25,101
78,25,103
78,26,27
78,26,30
78,26,35
78,26,36
78,26,41
78,26,52
78,26,54
78,26,61
78,26,70
78,26,92
78,26,100
78,26,104
78,27,52
78,27,53
78,27,57
78,27,58
78,27,61
78,27,76
78,27,100
78,27,104
78,29,75
78,30,41
78,30,52
78,30,73
78,30,74
78,30,85
78,30,104
78,31,48
78,31,50
78,31,62
78,31,64
78,31,65
78,31,78
78,31,80
78,31,90
78,31,91
78,31,95
78,31,96
78,31,97
78,31,99
78,31,103
78,32,98
78,33,81
78,35,36
78,35,41
78,35,61
78,35,84
78,36,41
78,36,57
78,36,61
78,36,84
78,37,94
78,37,95
78,38,62
78,38,95
78,40,60
78,41,42
78,41,43
78,41,53
78,41,56
78,41,57
78,41,58
78,41,61
78,41,70
78,41,84
78,41,100
78,41,102
78,41,104
78,42,76
78,43,102
78,46,47
78,46,83
78,46,86
78,46,87
78,46,88
78,47,82
78,47,87
78,47,88
78,48,62
78,48,64
78,48,65
78,48,78
78,48,80
78,48,90
78,48,91
78,48,95
78,48,96
78,48,97
78,48,99
78,48,103
78,50,64
78,50,65
78,50,78
78,50,90
78,50,91
78,50,96
78,50,97
78,50,99
78,50,101
78,51,61
78,52,53
78,52,57
78,52,58
78,52,61
78,52,73
78,52,76
78,52,85
78,52,100
78,52,104
78,53,57
78,53,58
78,53,70
78,53,73
78,53,76
78,53,85
78,53,100
78,53,104
78,54,55
78,54,61
78,54,90
78,56,57
78,56,76
78,57,58
78,57,76
78,57,84
78,57,85
78,57,100
78,57,104
78,58,70
78,58,73
78,58,85
78,58,100
78,58,104
78,59,79
78,60,95
78,61,70
78,61,71
78,61,76
78,61,77
78,61,92
78,61,100
78,61,104
78,62,95
78,62,96
78,62,103
78,64,65
78,64,78
78,64,80
78,64,90
78,64,91
78,64,96
78,64,97
78,64,99
78,65,78
78,65,80
78,65,90
78,65,91
78,65,95
78,65,96
78,65,97
78,65,99
78,66,82
78,66,94
78,68,74
78,68,75
78,69,101
78,70,73
78,70,100
78,70,104
78,71,92
78,73,85
78,73,100
78,73,104
78,74,75
78,74,85
78,74,104
78,76,77
78,78,80
78,78,90
78,78,91
78,78,96
78,78,97
78,78,99
78,80,90
78,80,91
78,80,95
78,80,96
78,80,97
78,81,83
78,81,95
78,82,87
78,82,88
78,82,89
78,82,94
78,85,100
78,85,104
78,86,87
78,86,95
78,87,88
78,90,91
78,90,95
78,90,96
78,90,97
78,90,99
78,90,103
78,91,95
78,91,96
78,91,97
78,91,99
78,92,102
78,95,96
78,95,103
78,96,97
78,96,99
78,96,103
78,97,99
78,97,101
78,100,104
79,1,2
79,1,4
79,1,6
79,1,8
79,1,13
79,1,16
79,1,18
79,1,22
79,1,26
79,1,33
79,1,52
79,1,53
79,1,64
79,1,65
79,1,66
79,1,67
79,1,75
79,1,80
79,1,81
79,1,82
79,1,84
79,1,92
79,1,93
79,1,97
79,1,99
79,1,101
79,1,102
79,1,107
79,2,6
79,2,7
79,2,19
79,2,20
79,2,21
79,2,37
79,2,40
79,2,41
79,2,48
79,2,59
79,2,69
79,2,84
79,2,90
79,2,97
79,3,10
79,3,19
79,3,24
79,3,36
79,3,49
79,3,65
79,3,69
79,3,84
79,4,5
79,4,6
79,4,8
79,4,13
79,4,16
79,4,18
79,4,22
79,4,26
79,4,33
79,4,52
79,4,53
79,4,64
79,4,65
79,4,66
79,4,67
79,4,75
79,4,80
79,4,81
79,4,82
79,4,84
79,4,92
79,4,93
79,4,97
79,4,99
79,4,101
79,4,102
79,4,107
79,5,24
79,5,33
79,5,53
79,5,59
79,5,97
79,5,102
79,6,19
79,6,65
79,6,84
79,6,97
79,7,19
79,7,21
79,7,48
79,7,68
79,7,88
79,7,90
79,7,97
79,8,13
79,8,16
79,8,18
79,8,22
79,8,33
79,8,52
79,8,53
79,8,64
79,8,66
79,8,67
79,8,80
79,8,81
79,8,82
79,8,92
79,8,93
79,8,97
79,8,99
79,8,101
79,8,102
79,9,17
79,9,23
79,9,25
79,9,27
79,9,28
79,9,29
79,9,47
79,9,55
79,9,56
79,9,58
79,9,63
79,9,77
79,9,87
79,9,103
79,9,106
79,10,23
79,10,97
79,11,24
79,11,59
79,11,75
79,11,97
79,12,17
79,12,87
79,12,91
79,13,16
79,13,18
79,13,22
79,13,26
79,13,33
79,13,52
79,13,53
79,13,64
79,13,65
79,13,66
79,13,67
79,13,75
79,13,80
79,13,81
79,13,82
79,13,92
79,13,93
79,13,97
79,13,99
79,13,101
79,13,102
79,13,107
79,15,38
79,15,43
79,15,62
79,15,94
79,16,18
79,16,22
79,16,26
79,16,33
79,16,52
79,16,53
79,16,64
79,16,65
79,16,66
79,16,67
79,16,75
79,16,80
79,16,81
79,16,82
79,16,92
79,16,93
79,16,95
79,16,97
79,16,99
79,16,101
79,16,102
79,16,107
79,17,23
79,17,25
79,17,27
79,17,28
79,17,29
79,17,32
79,17,38
79,17,55
79,17,60
79,17,62
79,17,63
79,17,77
79,17,86
79,17,105
79,17,106
79,18,22
79,18,26
79,18,33
79,18,52
79,18,53
79,18,64
79,18,66
79,18,67
79,18,80
79,18,81
79,18,82
79,18,92
79,18,93
79,18,97
79,18,99
79,18,101
79,18,102
79,19,20
79,19,21
79,19,24
79,19,36
79,19,37
79,19,48
79,19,49
79,19,65
79,19,68
79,19,69
79,19,84
79,19,85
79,19,88
79,19,90
79,19,97
79,19,98
79,20,21
79,20,65
79,20,68
79,20,84
79,20,88
79,20,97
79,21,41
79,21,48
79,21,49
79,21,65
79,21,68
79,21,69
79,21,84
79,21,88
79,21,90
79,21,97
79,21,98
79,22,26
79,22,33
79,22,52
79,22,53
79,22,64
79,22,66
79,22,67
79,22,75
79,22,80
79,22,81
79,22,82
79,22,92
79,22,93
79,22,95
79,22,97
79,22,99
79,22,101
79,22,102
79,22,107
79,23,28
79,23,29
79,23,31
79,23,55
79,23,56
79,23,63
79,23,73
79,23,77
79,23,87
79,23,103
79,23,105
79,23,106
79,24,33
79,24,59
79,24,65
79,24,75
79,24,84
79,24,88
79,24,89
79,25,27
79,25,28
79,25,30
79,25,31
79,25,55
79,25,56
79,25,77
79,25,87
79,25,106
79,26,33
79,26,52
79,26,64
79,26,65
79,26,67
79,26,75
79,26,80
79,26,81
79,26,82
79,26,92
79,26,93
79,26,97
79,26,99
79,26,101
79,26,102
79,26,107
79,27,28
79,27,29
79,27,31
79,27,55
79,27,56
79,27,60
79,27,63
79,27,106
79,28,30
79,28,31
79,28,39
79,28,55
79,28,56
79,28,60
79,28,77
79,28,87
79,28,103
79,28,106
79,29,32
79,29,35
79,29,56
79,29,63
79,29,79
79,29,86
79,29,105
79,30,55
79,30,56
79,31,32
79,31,38
79,31,55
79,31,56
79,31,63
79,32,35
79,32,38
79,32,60
79,32,63
79,32,86
79,32,105
79,33,52
79,33,53
79,33,64
79,33,65
79,33,66
79,33,67
79,33,75
79,33,80
79,33,81
79,33,82
79,33,84
79,33,92
79,33,93
79,33,97
79,33,99
79,33,101
79,33,102
79,33,107
79,34,58
79,34,97
79,35,38
79,35,43
79,35,94
79,35,105
79,36,37
79,36,65
79,36,85
79,36,88
79,36,90
79,36,97
79,37,68
79,37,90
79,37,97
79,37,98
79,38,39
79,38,60
79,38,63
79,38,86
79,38,94
79,38,105
79,39,60
79,40,96
79,40,97
79,41,68
79,41,90
79,41,97
79,42,53
79,42,97
79,43,44
79,43,62
79,43,94
79,43,97
79,44,45
79,44,94
79,44,97
79,46,60
79,46,74
79,47,54
79,47,70
79,48,49
79,48,65
79,48,68
79,48,69
79,48,84
79,48,90
79,48,97
79,49,68
79,49,69
79,49,76
79,49,84
79,49,85
79,49,88
79,49,89
79,49,90
79,49,97
79,50,62
79,52,53
79,52,59
79,52,64
79,52,65
79,52,66
79,52,67
79,52,75
79,52,80
79,52,81
79,52,82
79,52,92
79,52,93
79,52,97
79,52,98
79,52,99
79,52,101
79,52,102
79,52,107
79,53,64
79,53,66
79,53,67
79,53,75
79,53,80
79,53,81
79,53,82
79,53,92
79,53,93
79,53,97
79,53,99
79,53,101
79,53,102
79,53,104
79,53,107
79,54,58
79,55,56
79,55,63
79,55,77
79,55,87
79,55,106
79,56,63
79,56,77
79,56,87
79,56,103
79,56,106
79,57,58
79,59,75
79,59,85
79,59,97
79,60,63
79,60,86
79,61,97
79,62,94
79,63,86
79,63,87
79,63,105
79,63,106
79,64,65
79,64,66
79,64,67
79,64,75
79,64,80
79,64,81
79,64,82
79,64,92
79,64,93
79,64,95
79,64,97
79,64,99
79,64,101
79,64,102
79,64,107
79,65,69
79,65,81
79,65,84
79,65,90
79,65,92
79,65,97
79,65,107
79,66,67
79,66,78
79,66,80
79,66,81
79,66,82
79,66,92
79,66,93
79,66,95
79,66,97
79,66,99
79,66,101
79,66,102
79,67,80
79,67,81
79,67,82
79,67,92
79,67,93
79,67,95
79,67,97
79,67,99
79,67,101
79,67,102
79,67,107
79,68,69
79,68,84
79,68,89
79,68,90
79,68,96
79,68,97
79,68,98
79,69,84
79,69,85
79,69,90
79,69,97
79,69,98
79,75,81
79,75,82
79,75,92
79,75,93
79,75,99
79,75,101
79,75,102
79,75,107
79,76,97
79,77,87
79,77,91
79,77,106
79,78,95
79,78,97
79,78,104
79,80,81
79,80,82
79,80,92
79,80,93
79,80,97
79,80,99
79,80,101
79,80,102
79,80,107
79,81,82
79,81,92
79,81,93
79,81,97
79,81,99
79,81,101
79,81,102
79,81,107
79,82,92
79,82,93
79,82,97
79,82,99
79,82,101
79,82,102
79,82,107
79,83,96
79,83,97
79,84,85
79,84,89
79,84,90
79,84,97
79,85,88
79,85,97
79,86,105
79,87,91
79,87,106
79,88,89
79,88,90
79,88,97
79,89,90
79,89,97
79,90,97
79,91,106
79,92,93
79,92,97
79,92,99
79,92,101
79,92,102
79,92,107
79,93,97
79,93,99
79,93,101
79,93,102
79,93,107
79,95,97
79,95,101
79,95,102
79,95,104
79,96,97
79,96,98
79,97,99
79,97,101
79,97,102
79,99,101
79,99,102
79,99,107
79,101,102
79,101,107
79,102,107
80,1,2
80,1,3
80,1,4
80,1,6
80,1,8
80,1,12
80,1,15
80,1,22
80,1,30
80,1,48
80,1,58
80,1,59
80,1,60
80,1,69
80,1,72
80,1,74
80,1,75
80,1,76
80,1,77
80,1,85
80,1,91
80,1,92
80,1,97
80,2,3
80,2,6
80,2,8
80,2,12
80,2,15
80,2,17
80,2,22
80,2,30
80,2,48
80,2,58
80,2,59
80,2,60
80,2,72
80,2,74
80,2,75
80,2,76
80,2,77
80,2,85
80,2,91
80,2,92
80,2,97
80,3,4
80,3,8
80,3,12
80,3,15
80,3,22
80,3,30
80,3,48
80,3,58
80,3,60
80,3,69
80,3,72
80,3,74
80,3,75
80,3,77
80,3,83
80,3,85
80,3,91
80,3,92
80,3,97
80,4,8
80,4,58
80,4,69
80,4,83
80,4,97
80,5,17
80,5,32
80,5,44
80,5,45
80,5,77
80,5,80
80,6,17
80,6,36
80,6,60
80,6,62
80,6,72
80,6,77
80,6,92
80,7,10
80,7,11
80,7,25
80,7,27
80,7,28
80,7,34
80,7,35
80,7,38
80,7,39
80,7,40
80,7,41
80,7,42
80,7,43
80,7,46
80,7,55
80,7,57
80,7,61
80,7,65
80,7,66
80,7,70
80,7,73
80,7,78
80,7,84
80,7,87
80,7,90
80,7,94
80,8,12
80,8,15
80,8,19
80,8,22
80,8,30
80,8,48
80,8,58
80,8,59
80,8,60
80,8,69
80,8,72
80,8,74
80,8,75
80,8,85
80,8,91
80,8,92
80,8,97
80,10,11
80,10,13
80,10,20
80,10,23
80,10,24
80,10,25
80,10,27
80,10,28
80,10,34
80,10,35
80,10,39
80,10,40
80,10,41
80,10,42
80,10,43
80,10,46
80,10,49
80,10,50
80,10,51
80,10,55
80,10,56
80,10,57
80,10,65
80,10,66
80,10,67
80,10,70
80,10,73
80,10,78
80,10,79
80,10,84
80,10,87
80,10,90
80,10,94
80,10,95
80,11,24
80,11,25
80,11,27
80,11,28
80,11,34
80,11,35
80,11,38
80,11,39
80,11,40
80,11,41
80,11,42
80,11,43
80,11,46
80,11,55
80,11,57
80,11,61
80,11,66
80,11,70
80,11,73
80,11,78
80,11,84
80,11,90
80,11,94
80,12,15
80,12,22
80,12,30
80,12,58
80,12,60
80,12,72
80,12,74
80,12,75
80,12,85
80,12,91
80,12,92
80,12,97
80,13,14
80,13,20
80,13,21
80,13,23
80,13,24
80,13,25
80,13,27
80,13,28
80,13,34
80,13,35
80,13,40
80,13,41
80,13,46
80,13,47
80,13,49
80,13,50
80,13,51
80,13,53
80,13,55
80,13,56
80,13,66
80,13,67
80,13,68
80,13,73
80,13,78
80,13,79
80,13,90
80,13,93
80,13,94
80,13,95
80,14,20
80,14,21
80,14,23
80,14,24
80,14,35
80,14,47
80,14,50
80,14,51
80,14,56
80,14,67
80,14,68
80,14,73
80,14,79
80,14,90
80,14,93
80,14,95
80,15,19
80,15,22
80,15,30
80,15,48
80,15,60
80,15,72
80,15,74
80,15,75
80,15,91
80,15,92
80,15,97
80,16,33
80,16,36
80,16,37
80,16,44
80,16,45
80,16,63
80,17,33
80,17,44
80,17,62
80,17,77
80,18,32
80,18,33
80,18,44
80,18,45
80,18,63
80,18,83
80,18,88
80,19,48
80,19,60
80,19,75
80,19,91
80,19,92
80,20,21
80,20,23
80,20,24
80,20,25
80,20,27
80,20,28
80,20,34
80,20,35
80,20,40
80,20,47
80,20,49
80,20,50
80,20,51
80,20,53
80,20,56
80,20,66
80,20,67
80,20,68
80,20,73
80,20,79
80,20,84
80,20,90
80,20,93
80,20,94
80,20,95
80,21,23
80,21,24
80,21,34
80,21,35
80,21,40
80,21,47
80,21,50
80,21,51
80,21,53
80,21,55
80,21,56
80,21,66
80,21,67
80,21,68
80,21,73
80,21,90
80,21,93
80,21,95
80,22,30
80,22,58
80,22,60
80,22,69
80,22,72
80,22,74
80,22,75
80,22,77
80,22,85
80,22,91
80,22,92
80,22,97
80,23,24
80,23,25
80,23,27
80,23,28
80,23,34
80,23,35
80,23,39
80,23,40
80,23,41
80,23,42
80,23,43
80,23,46
80,23,47
80,23,49
80,23,50
80,23,51
80,23,53
80,23,55
80,23,56
80,23,66
80,23,67
80,23,68
80,23,70
80,23,73
80,23,78
80,23,79
80,23,84
80,23,90
80,23,93
80,23,94
80,23,95
80,23,96
80,24,25
80,24,27
80,24,28
80,24,34
80,24,35
80,24,40
80,24,41
80,24,46
80,24,47
80,24,49
80,24,50
80,24,51
80,24,53
80,24,56
80,24,66
80,24,67
80,24,68
80,24,73
80,24,78
80,24,79
80,24,84
80,24,90
80,24,93
80,24,94
80,24,95
80,24,96
80,25,27
80,25,28
80,25,34
80,25,35
80,25,39
80,25,40
80,25,41
80,25,42
80,25,43
80,25,46
80,25,49
80,25,50
80,25,51
80,25,55
80,25,56
80,25,65
80,25,66
80,25,67
80,25,70
80,25,73
80,25,78
80,25,79
80,25,90
80,25,94
80,25,95
80,25,96
80,26,79
80,27,28
80,27,34
80,27,35
80,27,39
80,27,40
80,27,41
80,27,42
80,27,43
80,27,46
80,27,47
80,27,49
80,27,50
80,27,51
80,27,55
80,27,56
80,27,57
80,27,65
80,27,66
80,27,67
80,27,70
80,27,73
80,27,78
80,27,79
80,27,84
80,27,87
80,27,90
80,27,94
80,27,95
80,27,96
80,28,34
80,28,35
80,28,39
80,28,40
80,28,41
80,28,42
80,28,43
80,28,46
80,28,50
80,28,51
80,28,55
80,28,56
80,28,57
80,28,61
80,28,65
80,28,66
80,28,67
80,28,70
80,28,73
80,28,78
80,28,79
80,28,84
80,28,90
80,28,94
80,28,95
80,28,96
80,29,57
80,29,87
80,30,58
80,30,60
80,30,72
80,30,74
80,30,75
80,30,83
80,30,85
80,30,91
80,30,92
80,30,97
80,31,33
80,31,45
80,31,83
80,32,45
80,33,36
80,33,45
80,33,52
80,33,77
80,34,35
80,34,39
80,34,40
80,34,41
80,34,42
80,34,43
80,34,46
80,34,49
80,34,51
80,34,55
80,34,56
80,34,57
80,34,61
80,34,65
80,34,66
80,34,67
80,34,70
80,34,73
80,34,78
80,34,84
80,34,87
80,34,90
80,34,94
80,34,95
80,34,96
80,35,38
80,35,39
80,35,40
80,35,41
80,35,42
80,35,43
80,35,46
80,35,47
80,35,49
80,35,50
80,35,51
80,35,55
80,35,56
80,35,57
80,35,61
80,35,65
80,35,66
80,35,67
80,35,68
80,35,70
80,35,73
80,35,78
80,35,79
80,35,84
80,35,87
80,35,90
80,35,94
80,35,95
80,35,96
80,36,37
80,36,45
80,36,62
80,36,63
80,37,62
80,37,63
80,38,39
80,38,40
80,38,41
80,38,42
80,38,43
80,38,55
80,38,57
80,38,61
80,38,66
80,38,73
80,38,87
80,39,40
80,39,41
80,39,42
80,39,43
80,39,46
80,39,55
80,39,57
80,39,61
80,39,66
80,39,70
80,39,73
80,39,78
80,39,87
80,39,90
80,39,94
80,40,41
80,40,42
80,40,43
80,40,46
80,40,50
80,40,51
80,40,55
80,40,56
80,40,57
80,40,61
80,40,65
80,40,66
80,40,67
80,40,70
80,40,73
80,40,78
80,40,79
80,40,84
80,40,90
80,40,94
80,40,95
80,40,96
80,41,42
80,41,43
80,41,46
80,41,55
80,41,56
80,41,57
80,41,61
80,41,65
80,41,66
80,41,67
80,41,70
80,41,73
80,41,78
80,41,84
80,41,87
80,41,90
80,41,94
80,41,95
80,42,43
80,42,46
80,42,55
80,42,57
80,42,61
80,42,65
80,42,66
80,42,67
80,42,70
80,42,73
80,42,78
80,42,79
80,42,84
80,42,87
80,42,90
80,42,94
80,42,95
80,42,96
80,43,46
80,43,55
80,43,56
80,43,57
80,43,66
80,43,67
80,43,70
80,43,73
80,43,78
80,43,79
80,43,84
80,43,90
80,43,94
80,43,96
80,44,45
80,44,62
80,44,63
80,44,77
80,44,80
80,45,62
80,45,63
80,45,77
80,45,80
80,46,55
80,46,56
80,46,57
80,46,66
80,46,67
80,46,70
80,46,73
80,46,78
80,46,79
80,46,84
80,46,87
80,46,90
80,46,94
80,46,96
80,47,49
80,47,50
80,47,51
80,47,53
80,47,56
80,47,66
80,47,67
80,47,68
80,47,73
80,47,79
80,47,90
80,47,93
80,47,95
80,47,96
80,48,60
80,48,72
80,48,74
80,48,75
80,48,91
80,48,92
80,48,97
80,49,50
80,49,51
80,49,53
80,49,56
80,49,66
80,49,67
80,49,68
80,49,73
80,49,79
80,49,84
80,49,90
80,49,93
80,49,95
80,50,51
80,50,53
80,50,56
80,50,66
80,50,67
80,50,68
80,50,73
80,50,79
80,50,84
80,50,93
80,50,94
80,50,95
80,51,53
80,51,56
80,51,66
80,51,67
80,51,68
80,51,73
80,51,79
80,51,84
80,51,90
80,51,93
80,51,94
80,51,95
80,51,96
80,53,56
80,53,67
80,53,68
80,53,79
80,53,93
80,53,95
80,54,86
80,55,56
80,55,57
80,55,61
80,55,66
80,55,67
80,55,70
80,55,73
80,55,78
80,55,79
80,55,84
80,55,87
80,55,90
80,55,94
80,55,95
80,55,96
80,56,66
80,56,67
80,56,68
80,56,73
80,56,78
80,56,79
80,56,90
80,56,93
80,56,94
80,56,95
80,56,96
80,57,61
80,57,66
80,57,70
80,57,73
80,57,87
80,57,90
80,57,94
80,58,60
80,58,72
80,58,74
80,58,75
80,58,77
80,58,83
80,58,85
80,58,91
80,58,92
80,58,97
80,59,60
80,59,74
80,59,85
80,59,91
80,59,92
80,60,69
80,60,72
80,60,74
80,60,75
80,60,85
80,60,91
80,60,92
80,60,97
80,61,70
80,61,84
80,61,87
80,61,90
80,61,94
80,62,63
80,62,77
80,65,70
80,66,67
80,66,68
80,66,70
80,66,73
80,66,78
80,66,79
80,66,84
80,66,87
80,66,90
80,66,93
80,66,94
80,66,95
80,66,96
80,67,68
80,67,70
80,67,73
80,67,78
80,67,79
80,67,84
80,67,90
80,67,93
80,67,94
80,67,95
80,67,96
80,68,79
80,68,93
80,69,72
80,69,74
80,69,77
80,69,91
80,69,92
80,69,97
80,70,73
80,70,78
80,70,79
80,70,84
80,70,90
80,70,94
80,70,96
80,72,74
80,72,75
80,72,85
80,72,91
80,72,92
80,72,97
80,73,78
80,73,79
80,73,84
80,73,87
80,73,90
80,73,94
80,73,95
80,73,96
80,74,75
80,74,85
80,74,91
80,74,92
80,74,97
80,75,85
80,75,91
80,75,92
80,75,97
80,76,77
80,76,92
80,77,83
80,78,79
80,78,84
80,78,90
80,78,94
80,78,95
80,78,96
80,79,84
80,79,90
80,79,93
80,79,94
80,79,95
80,79,96
80,84,87
80,84,90
80,84,93
80,84,94
80,84,95
80,84,96
80,85,91
80,85,92
80,85,97
80,90,93
80,90,94
80,90,95
80,90,96
80,91,92
80,91,97
80,92,97
80,93,95
80,94,95
80,94,96
80,95,96
81,1,2
81,1,3
81,1,4
81,1,8
81,1,12
81,1,14
81,1,17
81,1,22
81,1,25
81,1,36
81,1,37
81,1,48
81,1,55
81,1,64
81,1,65
81,1,67
81,1,69
81,1,71
81,1,72
81,1,79
81,1,83
81,1,84
81,1,85
81,1,86
81,1,88
81,1,91
81,1,92
81,1,93
81,1,94
81,1,96
81,1,102
81,1,103
81,1,104
81,1,107
81,1,108
81,2,3
81,2,4
81,2,5
81,2,8
81,2,17
81,2,22
81,2,25
81,2,36
81,2,48
81,2,55
81,2,64
81,2,65
81,2,67
81,2,71
81,2,72
81,2,79
81,2,83
81,2,84
81,2,85
81,2,86
81,2,87
81,2,88
81,2,91
81,2,93
81,2,94
81,2,96
81,2,102
81,2,103
81,2,104
81,2,107
81,2,108
81,3,4
81,3,8
81,3,17
81,3,22
81,3,25
81,3,36
81,3,37
81,3,48
81,3,55
81,3,64
81,3,65
81,3,67
81,3,71
81,3,72
81,3,78
81,3,79
81,3,83
81,3,84
81,3,85
81,3,86
81,3,88
81,3,91
81,3,92
81,3,93
81,3,94
81,3,96
81,3,102
81,3,103
81,3,104
81,3,107
81,3,108
81,4,8
81,4,17
81,4,37
81,4,55
81,4,64
81,4,71
81,4,78
81,4,79
81,4,83
81,4,93
81,4,96
81,4,104
81,4,107
81,4,108
81,5,18
81,5,34
81,5,37
81,5,50
81,5,70
81,5,71
81,5,73
81,5,79
81,5,88
81,5,93
81,5,94
81,6,20
81,6,51
81,7,9
81,8,12
81,8,14
81,8,17
81,8,21
81,8,22
81,8,25
81,8,36
81,8,48
81,8,55
81,8,64
81,8,65
81,8,67
81,8,71
81,8,72
81,8,78
81,8,79
81,8,83
81,8,84
81,8,85
81,8,86
81,8,91
81,8,93
81,8,96
81,8,102
81,8,103
81,8,104
81,8,107
81,8,108
81,9,49
81,9,74
81,9,76
81,9,80
81,9,89
81,9,95
81,9,105
81,10,31
81,11,37
81,12,14
81,12,17
81,12,22
81,12,24
81,12,25
81,12,37
81,12,48
81,12,55
81,12,64
81,12,67
81,12,69
81,12,71
81,12,83
81,12,84
81,12,85
81,12,86
81,12,91
81,12,96
81,12,102
81,12,103
81,12,104
81,12,107
81,13,63
81,14,17
81,14,21
81,14,24
81,14,25
81,14,37
81,14,48
81,14,55
81,14,64
81,14,69
81,14,72
81,14,83
81,14,84
81,14,86
81,14,91
81,14,102
81,14,103
81,14,104
81,14,107
81,15,37
81,15,71
81,16,31
81,16,52
81,16,77
81,16,82
81,17,21
81,17,22
81,17,25
81,17,36
81,17,37
81,17,48
81,17,55
81,17,64
81,17,65
81,17,67
81,17,69
81,17,71
81,17,72
81,17,78
81,17,79
81,17,83
81,17,84
81,17,85
81,17,86
81,17,91
81,17,93
81,17,96
81,17,102
81,17,103
81,17,104
81,17,107
81,17,108
81,18,19
81,18,20
81,18,34
81,18,38
81,18,50
81,18,51
81,18,70
81,18,71
81,18,73
81,18,88
81,18,94
81,19,20
81,19,50
81,19,51
81,19,70
81,19,71
81,20,34
81,20,37
81,20,50
81,20,51
81,20,70
81,20,73
81,20,88
81,21,25
81,21,37
81,21,48
81,21,55
81,21,65
81,21,67
81,21,69
81,21,71
81,21,72
81,21,83
81,21,84
81,21,85
81,21,86
81,21,91
81,21,96
81,21,102
81,21,103
81,21,104
81,21,107
81,22,25
81,22,34
81,22,36
81,22,48
81,22,55
81,22,64
81,22,65
81,22,67
81,22,71
81,22,72
81,22,78
81,22,79
81,22,83
81,22,84
81,22,85
81,22,86
81,22,88
81,22,91
81,22,92
81,22,94
81,22,96
81,22,102
81,22,103
81,22,104
81,22,107
81,22,108
81,23,85
81,23,89
81,24,25
81,24,37
81,24,48
81,24,67
81,24,69
81,24,71
81,24,86
81,25,36
81,25,37
81,25,48
81,25,55
81,25,64
81,25,65
81,25,67
81,25,69
81,25,71
81,25,72
81,25,78
81,25,79
81,25,83
81,25,84
81,25,85
81,25,86
81,25,91
81,25,93
81,25,96
81,25,102
81,25,103
81,25,104
81,25,107
81,25,108
81,26,27
81,26,30
81,26,52
81,26,54
81,26,56
81,26,57
81,26,77
81,26,82
81,27,30
81,27,31
81,27,52
81,27,56
81,27,57
81,27,60
81,27,77
81,27,82
81,28,37
81,28,71
81,29,30
81,29,31
81,29,33
81,29,40
81,29,47
81,29,56
81,29,57
81,29,60
81,29,82
81,29,101
81,30,31
81,30,32
81,30,33
81,30,56
81,30,57
81,30,60
81,30,82
81,31,60
81,31,77
81,31,82
81,31,89
81,31,90
81,31,95
81,31,106
81,32,95
81,33,53
81,33,57
81,33,60
81,33,82
81,34,36
81,34,37
81,34,38
81,34,50
81,34,51
81,34,67
81,34,70
81,34,73
81,34,79
81,34,88
81,34,92
81,34,93
81,34,94
81,36,55
81,36,67
81,36,71
81,36,79
81,36,85
81,36,92
81,36,93
81,36,94
81,36,96
81,36,108
81,37,39
81,37,43
81,37,48
81,37,55
81,37,64
81,37,69
81,37,78
81,37,79
81,37,83
81,37,84
81,37,86
81,37,87
81,37,88
81,37,91
81,37,92
81,37,93
81,37,96
81,37,102
81,37,103
81,37,104
81,37,107
81,37,108
81,38,50
81,38,51
81,38,71
81,38,73
81,38,88
81,38,92
81,38,94
81,39,67
81,39,71
81,39,79
81,40,47
81,40,57
81,40,60
81,40,77
81,40,82
81,42,43
81,42,71
81,42,83
81,43,71
81,43,73
81,44,45
81,44,46
81,44,63
81,45,61
81,45,63
81,45,66
81,45,68
81,46,63
81,46,68
81,47,60
81,47,76
81,47,82
81,48,55
81,48,64
81,48,65
81,48,67
81,48,69
81,48,71
81,48,72
81,48,83
81,48,84
81,48,85
81,48,86
81,48,91
81,48,96
81,48,102
81,48,103
81,48,104
81,48,107
81,48,108
81,49,68
81,50,51
81,50,67
81,50,70
81,50,71
81,50,73
81,50,79
81,50,88
81,50,92
81,50,94
81,51,70
81,51,71
81,51,73
81,51,88
81,51,94
81,52,56
81,52,57
81,52,60
81,52,77
81,52,82
81,54,56
81,54,57
81,54,77
81,55,64
81,55,65
81,55,67
81,55,69
81,55,71
81,55,72
81,55,78
81,55,79
81,55,83
81,55,84
81,55,85
81,55,86
81,55,91
81,55,96
81,55,102
81,55,103
81,55,104
81,55,107
81,55,108
81,56,57
81,56,59
81,56,77
81,56,82
81,56,101
81,57,59
81,57,77
81,57,82
81,57,95
81,57,101
81,58,71
81,60,76
81,60,77
81,60,82
81,62,68
81,63,68
81,63,97
81,64,65
81,64,67
81,64,69
81,64,71
81,64,72
81,64,78
81,64,79
81,64,83
81,64,84
81,64,85
81,64,86
81,64,91
81,64,93
81,64,94
81,64,96
81,64,102
81,64,103
81,64,104
81,64,107
81,64,108
81,65,67
81,65,71
81,65,72
81,65,78
81,65,79
81,65,83
81,65,84
81,65,85
81,65,86
81,65,91
81,65,92
81,65,96
81,65,102
81,65,103
81,65,104
81,65,107
81,65,108
81,66,68
81,67,71
81,67,72
81,67,78
81,67,79
81,67,80
81,67,83
81,67,84
81,67,85
81,67,88
81,67,91
81,67,92
81,67,93
81,67,94
81,67,96
81,67,102
81,67,103
81,67,104
81,67,107
81,67,108
81,69,72
81,69,83
81,69,84
81,69,86
81,69,91
81,69,102
81,69,103
81,69,104
81,69,108
81,70,73
81,70,88
81,70,93
81,70,94
81,71,78
81,71,79
81,71,83
81,71,84
81,71,85
81,71,87
81,71,88
81,71,91
81,71,92
81,71,93
81,71,94
81,71,96
81,71,102
81,71,103
81,71,104
81,71,107
81,71,108
81,72,83
81,72,84
81,72,85
81,72,86
81,72,91
81,72,96
81,72,102
81,72,103
81,72,104
81,72,107
81,72,108
81,73,88
81,73,93
81,73,99
81,73,103
81,76,82
81,77,82
81,77,101
81,78,79
81,78,83
81,78,85
81,78,88
81,78,92
81,78,96
81,78,102
81,78,103
81,78,104
81,78,107
81,78,108
81,79,83
81,79,85
81,79,87
81,79,88
81,79,91
81,79,92
81,79,93
81,79,94
81,79,96
81,79,102
81,79,104
81,79,107
81,79,108
81,82,101
81,83,84
81,83,85
81,83,86
81,83,91
81,83,93
81,83,96
81,83,102
81,83,103
81,83,104
81,83,107
81,83,108
81,84,85
81,84,86
81,84,91
81,84,96
81,84,102
81,84,103
81,84,104
81,84,107
81,84,108
81,85,91
81,85,92
81,85,93
81,85,94
81,85,96
81,85,102
81,85,103
81,85,104
81,85,107
81,85,108
81,86,91
81,86,96
81,86,102
81,86,103
81,86,104
81,86,107
81,86,108
81,87,88
81,87,92
81,87,94
81,88,92
81,88,93
81,88,94
81,91,93
81,91,96
81,91,102
81,91,103
81,91,104
81,91,107
81,91,108
81,92,94
81,92,107
81,93,94
81,93,96
81,93,104
81,93,108
81,96,102
81,96,103
81,96,104
81,96,107
81,96,108
81,102,103
81,102,104
81,102,107
81,102,108
81,103,104
81,103,107
81,103,108
81,104,107
81,104,108
81,107,108
82,1,2
82,1,3
82,1,4
82,1,5
82,1,11
82,1,12
82,1,15
82,1,18
82,1,29
82,1,30
82,1,31
82,1,43
82,1,48
82,1,50
82,1,61
82,1,62
82,1,70
82,1,71
82,1,76
82,1,77
82,1,82
82,1,84
82,1,85
82,1,93
82,1,94
82,1,95
82,1,98
82,1,99
82,2,3
82,2,4
82,2,5
82,2,11
82,2,12
82,2,18
82,2,29
82,2,31
82,2,43
82,2,48
82,2,50
82,2,60
82,2,61
82,2,62
82,2,70
82,2,71
82,2,76
82,2,77
82,2,82
82,2,84
82,2,85
82,2,93
82,2,94
82,2,95
82,2,99
82,3,4
82,3,5
82,3,12
82,3,18
82,3,29
82,3,30
82,3,31
82,3,43
82,3,48
82,3,50
82,3,60
82,3,61
82,3,70
82,3,71
82,3,77
82,3,82
82,3,84
82,3,85
82,3,93
82,3,94
82,3,95
82,4,5
82,4,18
82,4,29
82,4,30
82,4,31
82,4,48
82,4,60
82,4,61
82,4,70
82,4,71
82,4,77
82,4,82
82,4,83
82,4,84
82,4,85
82,4,93
82,4,94
82,5,15
82,5,18
82,5,29
82,5,31
82,5,48
82,5,61
82,5,70
82,5,71
82,5,77
82,5,82
82,5,84
82,5,85
82,5,94
82,6,16
82,6,45
82,6,46
82,7,8
82,8,92
82,9,19
82,9,20
82,9,24
82,9,25
82,9,28
82,9,36
82,9,51
82,9,57
82,9,68
82,9,69
82,9,75
82,9,86
82,9,87
82,9,97
82,11,12
82,11,42
82,11,43
82,11,48
82,11,50
82,11,61
82,11,62
82,11,71
82,11,76
82,11,77
82,11,82
82,11,93
82,11,94
82,11,95
82,12,29
82,12,42
82,12,43
82,12,48
82,12,50
82,12,61
82,12,62
82,12,70
82,12,71
82,12,76
82,12,77
82,12,82
82,12,93
82,12,94
82,12,95
82,12,98
82,12,99
82,14,20
82,14,22
82,14,23
82,14,25
82,14,34
82,14,36
82,14,40
82,14,47
82,14,52
82,14,57
82,14,68
82,14,69
82,14,75
82,14,86
82,14,91
82,15,16
82,15,18
82,15,29
82,15,31
82,15,84
82,16,17
82,16,18
82,16,30
82,16,45
82,16,65
82,17,45
82,17,46
82,17,64
82,17,65
82,17,83
82,18,29
82,18,30
82,18,31
82,18,33
82,18,45
82,18,46
82,18,65
82,18,70
82,18,78
82,18,83
82,18,84
82,18,85
82,19,20
82,19,22
82,19,23
82,19,24
82,19,25
82,19,27
82,19,28
82,19,35
82,19,36
82,19,40
82,19,47
82,19,51
82,19,52
82,19,54
82,19,57
82,19,68
82,19,69
82,19,75
82,19,81
82,19,86
82,19,87
82,19,97
82,20,22
82,20,23
82,20,24
82,20,25
82,20,27
82,20,28
82,20,35
82,20,36
82,20,40
82,20,47
82,20,51
82,20,52
82,20,57
82,20,68
82,20,69
82,20,75
82,20,81
82,20,86
82,20,87
82,20,97
82,21,42
82,22,23
82,22,24
82,22,25
82,22,27
82,22,36
82,22,40
82,22,47
82,22,51
82,22,52
82,22,57
82,22,68
82,22,69
82,22,75
82,22,86
82,23,24
82,23,25
82,23,27
82,23,28
82,23,40
82,23,47
82,23,51
82,23,52
82,23,54
82,23,57
82,23,69
82,23,75
82,23,86
82,24,25
82,24,27
82,24,28
82,24,36
82,24,47
82,24,51
82,24,52
82,24,68
82,24,69
82,24,75
82,24,86
82,25,27
82,25,35
82,25,36
82,25,40
82,25,47
82,25,51
82,25,52
82,25,57
82,25,68
82,25,69
82,25,75
82,25,81
82,25,86
82,25,87
82,25,91
82,25,97
82,26,30
82,27,28
82,27,47
82,27,51
82,27,69
82,27,81
82,27,86
82,27,87
82,27,97
82,28,36
82,28,51
82,28,75
82,28,81
82,28,86
82,28,87
82,28,97
82,29,31
82,29,48
82,29,50
82,29,61
82,29,70
82,29,71
82,29,76
82,29,77
82,29,82
82,29,83
82,29,84
82,29,85
82,30,45
82,30,46
82,30,64
82,30,65
82,30,70
82,30,74
82,30,78
82,30,84
82,30,85
82,31,48
82,31,61
82,31,70
82,31,71
82,31,84
82,31,85
82,33,45
82,33,46
82,33,78
82,33,83
82,33,85
82,35,36
82,35,40
82,35,47
82,35,57
82,35,59
82,35,68
82,35,69
82,35,75
82,36,40
82,36,47
82,36,51
82,36,52
82,36,57
82,36,68
82,36,69
82,36,75
82,36,86
82,36,87
82,36,91
82,36,97
82,38,39
82,38,58
82,38,88
82,39,58
82,39,63
82,40,47
82,40,57
82,40,68
82,40,69
82,40,75
82,40,86
82,40,96
82,42,43
82,42,82
82,43,48
82,43,50
82,43,61
82,43,62
82,43,71
82,43,76
82,43,77
82,43,82
82,43,93
82,43,94
82,43,95
82,44,53
82,45,46
82,45,78
82,45,83
82,45,84
82,45,85
82,46,85
82,47,51
82,47,52
82,47,54
82,47,57
82,47,68
82,47,69
82,47,75
82,47,86
82,48,50
82,48,61
82,48,62
82,48,70
82,48,71
82,48,76
82,48,77
82,48,82
82,48,93
82,48,94
82,48,95
82,50,61
82,50,62
82,50,70
82,50,76
82,50,77
82,50,82
82,50,93
82,50,94
82,50,95
82,50,99
82,51,52
82,51,54
82,51,68
82,51,69
82,51,75
82,51,80
82,51,81
82,51,86
82,51,87
82,51,97
82,52,54
82,52,68
82,52,69
82,52,75
82,52,80
82,52,86
82,53,58
82,53,96
82,56,89
82,57,68
82,57,69
82,57,75
82,57,86
82,57,91
82,57,97
82,58,59
82,58,74
82,58,88
82,60,61
82,60,70
82,60,93
82,61,62
82,61,70
82,61,71
82,61,76
82,61,77
82,61,82
82,61,93
82,61,94
82,61,95
82,61,98
82,61,99
82,62,76
82,62,77
82,62,82
82,62,93
82,62,94
82,62,95
82,64,65
82,64,91
82,67,81
82,68,69
82,68,75
82,68,86
82,68,87
82,68,91
82,68,97
82,69,75
82,69,86
82,69,91
82,69,97
82,70,71
82,70,77
82,70,82
82,70,83
82,70,84
82,70,85
82,70,93
82,70,94
82,71,76
82,71,77
82,71,82
82,71,84
82,75,86
82,75,87
82,75,91
82,75,97
82,76,77
82,76,82
82,76,93
82,76,94
82,76,95
82,77,82
82,77,93
82,77,94
82,77,95
82,78,83
82,78,84
82,79,83
82,80,81
82,80,86
82,80,97
82,81,86
82,81,92
82,82,93
82,82,94
82,82,95
82,83,84
82,83,85
82,84,85
82,86,87
82,86,97
82,90,91
82,92,97
82,93,94
82,93,95
82,93,99
82,94,95
82,98,99
83,1,2
83,1,6
83,1,41
83,1,45
83,1,46
83,1,47
83,1,48
83,1,66
83,1,72
83,1,78
83,1,79
83,1,81
83,1,88
83,1,91
83,1,92
83,1,101
83,1,102
83,1,103
83,1,104
83,1,110
83,2,6
83,2,41
83,2,45
83,2,46
83,2,47
83,2,48
83,2,65
83,2,66
83,2,72
83,2,78
83,2,79
83,2,81
83,2,88
83,2,91
83,2,92
83,2,101
83,2,102
83,2,103
83,2,104
83,2,110
83,3,46
83,3,72
83,3,84
83,3,88
83,3,110
83,4,8
83,4,9
83,4,11
83,4,14
83,4,19
83,4,20
83,4,21
83,4,23
83,4,24
83,4,26
83,4,27
83,4,35
83,4,36
83,4,40
83,4,50
83,4,51
83,4,52
83,4,53
83,4,57
83,4,58
83,4,60
83,4,75
83,4,80
83,4,82
83,4,95
83,4,96
83,4,107
83,4,109
83,5,17
83,5,18
83,5,32
83,5,43
83,5,68
83,5,70
83,5,71
83,5,72
83,5,78
83,5,87
83,5,88
83,5,93
83,5,94
83,5,110
83,6,41
83,6,46
83,6,66
83,6,72
83,6,79
83,6,92
83,6,104
83,6,110
83,7,8
83,7,9
83,7,11
83,7,12
83,7,21
83,7,23
83,7,24
83,7,26
83,7,27
83,7,28
83,7,33
83,7,34
83,7,35
83,7,36
83,7,37
83,7,39
83,7,40
83,7,42
83,7,50
83,7,51
83,7,52
83,7,58
83,7,60
83,7,62
83,7,63
83,7,67
83,7,75
83,7,76
83,7,80
83,7,82
83,7,83
83,7,95
83,7,96
83,7,97
83,7,98
83,7,107
83,7,109
83,8,9
83,8,11
83,8,12
83,8,21
83,8,23
83,8,24
83,8,26
83,8,27
83,8,28
83,8,33
83,8,34
83,8,35
83,8,36
83,8,37
83,8,39
83,8,40
83,8,49
83,8,50
83,8,51
83,8,52
83,8,58
83,8,60
83,8,62
83,8,63
83,8,67
83,8,75
83,8,76
83,8,80
83,8,82
83,8,83
83,8,95
83,8,96
83,8,97
83,8,98
83,8,107
83,8,109
83,9,11
83,9,12
83,9,21
83,9,23
83,9,24
83,9,26
83,9,27
83,9,28
83,9,33
83,9,34
83,9,35
83,9,36
83,9,37
83,9,39
83,9,40
83,9,42
83,9,50
83,9,51
83,9,52
83,9,58
83,9,60
83,9,62
83,9,63
83,9,67
83,9,75
83,9,76
83,9,80
83,9,82
83,9,83
83,9,95
83,9,96
83,9,97
83,9,98
83,9,107
83,9,109
83,10,72
83,10,88
83,10,110
83,11,12
83,11,21
83,11,23
83,11,24
83,11,26
83,11,27
83,11,28
83,11,33
83,11,34
83,11,35
83,11,36
83,11,37
83,11,39
83,11,40
83,11,42
83,11,49
83,11,50
83,11,51
83,11,52
83,11,53
83,11,57
83,11,58
83,11,60
83,11,62
83,11,63
83,11,67
83,11,75
83,11,76
83,11,80
83,11,82
83,11,83
83,11,95
83,11,96
83,11,97
83,11,98
83,11,107
83,11,109
83,12,21
83,12,26
83,12,28
83,12,33
83,12,34
83,12,35
83,12,36
83,12,37
83,12,39
83,12,40
83,12,42
83,12,49
83,12,50
83,12,51
83,12,52
83,12,58
83,12,60
83,12,62
83,12,63
83,12,67
83,12,72
83,12,76
83,12,80
83,12,82
83,12,83
83,12,88
83,12,95
83,12,96
83,12,97
83,12,98
83,12,107
83,12,109
83,12,110
83,13,71
83,13,88
83,14,19
83,14,20
83,14,21
83,14,24
83,14,27
83,14,35
83,14,40
83,14,50
83,14,51
83,14,52
83,14,60
83,14,61
83,14,75
83,14,76
83,14,82
83,14,95
83,14,100
83,14,107
83,14,109
83,15,69
83,15,72
83,15,88
83,15,99
83,15,109
83,15,110
83,16,17
83,16,68
83,16,71
83,16,72
83,16,88
83,16,110
83,17,30
83,17,32
83,17,43
83,17,44
83,17,68
83,17,69
83,17,70
83,17,71
83,17,72
83,17,78
83,17,88
83,17,93
83,17,94
83,17,110
83,18,43
83,18,68
83,18,72
83,18,87
83,18,88
83,18,110
83,19,20
83,19,23
83,19,24
83,19,27
83,19,35
83,19,51
83,19,52
83,19,60
83,19,75
83,19,80
83,19,82
83,19,90
83,19,95
83,19,107
83,19,109
83,20,23
83,20,24
83,20,27
83,20,35
83,20,51
83,20,52
83,20,55
83,20,58
83,20,75
83,20,82
83,20,95
83,20,106
83,20,107
83,20,109
83,21,23
83,21,24
83,21,26
83,21,27
83,21,28
83,21,33
83,21,34
83,21,35
83,21,36
83,21,37
83,21,39
83,21,40
83,21,50
83,21,51
83,21,52
83,21,58
83,21,60
83,21,62
83,21,63
83,21,67
83,21,75
83,21,76
83,21,80
83,21,82
83,21,83
83,21,95
83,21,96
83,21,97
83,21,98
83,21,107
83,21,109
83,22,41
83,22,46
83,22,47
83,22,48
83,22,66
83,22,72
83,22,81
83,22,88
83,22,92
83,22,102
83,22,103
83,22,110
83,23,24
83,23,26
83,23,27
83,23,33
83,23,34
83,23,35
83,23,36
83,23,39
83,23,40
83,23,50
83,23,51
83,23,52
83,23,53
83,23,55
83,23,57
83,23,58
83,23,60
83,23,63
83,23,75
83,23,76
83,23,80
83,23,82
83,23,90
83,23,95
83,23,96
83,23,98
83,23,107
83,23,109
83,24,26
83,24,27
83,24,33
83,24,35
83,24,36
83,24,40
83,24,49
83,24,50
83,24,51
83,24,52
83,24,55
83,24,58
83,24,60
83,24,75
83,24,76
83,24,80
83,24,82
83,24,95
83,24,96
83,24,98
83,24,106
83,24,107
83,24,109
83,25,72
83,25,88
83,25,110
83,26,27
83,26,28
83,26,33
83,26,34
83,26,35
83,26,36
83,26,37
83,26,39
83,26,40
83,26,49
83,26,50
83,26,51
83,26,52
83,26,55
83,26,58
83,26,60
83,26,62
83,26,63
83,26,67
83,26,75
83,26,76
83,26,80
83,26,82
83,26,83
83,26,90
83,26,95
83,26,96
83,26,97
83,26,98
83,26,106
83,26,107
83,26,109
83,27,28
83,27,33
83,27,34
83,27,35
83,27,36
83,27,39
83,27,40
83,27,50
83,27,51
83,27,52
83,27,53
83,27,55
83,27,57
83,27,58
83,27,60
83,27,62
83,27,63
83,27,75
83,27,76
83,27,80
83,27,82
83,27,90
83,27,95
83,27,96
83,27,106
83,27,107
83,27,109
83,28,33
83,28,34
83,28,35
83,28,36
83,28,37
83,28,39
83,28,40
83,28,42
83,28,50
83,28,51
83,28,52
83,28,58
83,28,60
83,28,62
83,28,63
83,28,67
83,28,72
83,28,75
83,28,76
83,28,80
83,28,82
83,28,83
83,28,88
83,28,89
83,28,95
83,28,96
83,28,97
83,28,98
83,28,107
83,28,109
83,28,110
83,29,72
83,29,88
83,29,105
83,29,110
83,30,45
83,30,46
83,30,71
83,30,72
83,30,77
83,30,78
83,30,88
83,30,93
83,30,110
83,31,68
83,31,71
83,31,72
83,31,88
83,31,110
83,32,70
83,32,71
83,32,94
83,33,34
83,33,35
83,33,36
83,33,37
83,33,39
83,33,40
83,33,42
83,33,49
83,33,50
83,33,51
83,33,52
83,33,58
83,33,60
83,33,62
83,33,63
83,33,67
83,33,72
83,33,75
83,33,76
83,33,80
83,33,82
83,33,83
83,33,88
83,33,95
83,33,96
83,33,97
83,33,98
83,33,107
83,33,109
83,33,110
83,34,35
83,34,36
83,34,37
83,34,39
83,34,40
83,34,42
83,34,49
83,34,50
83,34,51
83,34,52
83,34,58
83,34,60
83,34,62
83,34,63
83,34,67
83,34,75
83,34,76
83,34,80
83,34,82
83,34,83
83,34,89
83,34,95
83,34,96
83,34,97
83,34,98
83,34,107
83,34,109
83,35,36
83,35,37
83,35,39
83,35,40
83,35,50
83,35,51
83,35,52
83,35,55
83,35,58
83,35,60
83,35,62
83,35,63
83,35,75
83,35,76
83,35,80
83,35,82
83,35,95
83,35,96
83,35,98
83,35,106
83,35,107
83,35,109
83,36,37
83,36,39
83,36,40
83,36,42
83,36,49
83,36,50
83,36,51
83,36,52
83,36,58
83,36,60
83,36,62
83,36,63
83,36,67
83,36,75
83,36,76
83,36,80
83,36,82
83,36,83
83,36,95
83,36,96
83,36,97
83,36,98
83,36,107
83,36,109
83,37,39
83,37,40
83,37,42
83,37,50
83,37,51
83,37,52
83,37,58
83,37,60
83,37,62
83,37,63
83,37,67
83,37,75
83,37,76
83,37,80
83,37,82
83,37,83
83,37,88
83,37,95
83,37,96
83,37,97
83,37,98
83,37,107
83,37,109
83,38,85
83,39,40
83,39,42
83,39,51
83,39,52
83,39,58
83,39,60
83,39,62
83,39,63
83,39,67
83,39,72
83,39,75
83,39,76
83,39,80
83,39,82
83,39,83
83,39,88
83,39,95
83,39,96
83,39,97
83,39,98
83,39,107
83,39,109
83,39,110
83,40,49
83,40,50
83,40,51
83,40,52
83,40,58
83,40,60
83,40,62
83,40,63
83,40,67
83,40,72
83,40,75
83,40,76
83,40,80
83,40,82
83,40,83
83,40,88
83,40,89
83,40,95
83,40,96
83,40,97
83,40,98
83,40,107
83,40,109
83,40,110
83,41,45
83,41,46
83,41,47
83,41,48
83,41,66
83,41,72
83,41,79
83,41,81
83,41,88
83,41,92
83,41,101
83,41,102
83,41,103
83,41,104
83,41,110
83,42,51
83,42,60
83,42,62
83,42,63
83,42,67
83,42,72
83,42,76
83,42,80
83,42,83
83,42,88
83,42,95
83,42,96
83,42,97
83,42,98
83,42,105
83,42,110
83,43,44
83,43,68
83,43,72
83,43,87
83,43,88
83,43,110
83,44,78
83,44,88
83,45,46
83,45,47
83,45,48
83,45,65
83,45,72
83,45,78
83,45,79
83,45,88
83,45,92
83,45,93
83,45,101
83,45,102
83,45,103
83,45,104
83,45,110
83,46,47
83,46,48
83,46,65
83,46,66
83,46,72
83,46,78
83,46,79
83,46,81
83,46,88
83,46,92
83,46,101
83,46,102
83,46,103
83,46,104
83,46,110
83,47,48
83,47,66
83,47,72
83,47,78
83,47,81
83,47,88
83,47,92
83,47,101
83,47,102
83,47,103
83,47,104
83,47,110
83,48,65
83,48,66
83,48,72
83,48,79
83,48,81
83,48,88
83,48,92
83,48,101
83,48,102
83,48,103
83,48,104
83,48,110
83,49,50
83,49,82
83,49,89
83,49,95
83,49,107
83,50,51
83,50,55
83,50,58
83,50,60
83,50,62
83,50,63
83,50,67
83,50,75
83,50,76
83,50,80
83,50,82
83,50,83
83,50,95
83,50,96
83,50,98
83,50,106
83,50,107
83,50,109
83,51,52
83,51,55
83,51,58
83,51,60
83,51,62
83,51,63
83,51,67
83,51,75
83,51,80
83,51,82
83,51,83
83,51,89
83,51,95
83,51,96
83,51,97
83,51,98
83,51,107
83,51,109
83,52,55
83,52,58
83,52,60
83,52,62
83,52,63
83,52,67
83,52,75
83,52,80
83,52,82
83,52,83
83,52,89
83,52,95
83,52,96
83,52,97
83,52,98
83,52,100
83,52,107
83,52,109
83,53,57
83,53,73
83,53,75
83,53,90
83,53,107
83,55,58
83,55,75
83,55,109
83,56,68
83,57,73
83,57,75
83,57,90
83,57,107
83,58,60
83,58,62
83,58,63
83,58,67
83,58,75
83,58,76
83,58,80
83,58,82
83,58,83
83,58,95
83,58,96
83,58,98
83,58,107
83,58,109
83,59,84
83,60,62
83,60,63
83,60,67
83,60,75
83,60,80
83,60,82
83,60,83
83,60,89
83,60,95
83,60,96
83,60,97
83,60,98
83,60,105
83,60,107
83,60,109
83,62,63
83,62,67
83,62,72
83,62,76
83,62,80
83,62,82
83,62,83
83,62,88
83,62,95
83,62,96
83,62,97
83,62,98
83,62,105
83,62,107
83,62,109
83,62,110
83,63,67
83,63,72
83,63,75
83,63,76
83,63,80
83,63,82
83,63,83
83,63,88
83,63,95
83,63,96
83,63,97
83,63,98
83,63,107
83,63,109
83,63,110
83,64,72
83,64,88
83,64,110
83,65,78
83,65,88
83,65,101
83,66,72
83,66,79
83,66,81
83,66,92
83,66,101
83,66,102
83,66,103
83,66,104
83,66,110
83,67,72
83,67,76
83,67,80
83,67,82
83,67,83
83,67,88
83,67,95
83,67,96
83,67,97
83,67,98
83,67,109
83,67,110
83,68,69
83,68,87
83,68,93
83,68,94
83,69,70
83,69,78
83,69,87
83,69,93
83,69,94
83,69,99
83,70,71
83,70,94
83,71,72
83,71,88
83,71,93
83,71,94
83,71,110
83,72,77
83,72,78
83,72,79
83,72,81
83,72,84
83,72,85
83,72,86
83,72,88
83,72,91
83,72,92
83,72,93
83,72,94
83,72,95
83,72,96
83,72,98
83,72,99
83,72,100
83,72,101
83,72,102
83,72,103
83,72,104
83,72,110
83,75,76
83,75,80
83,75,82
83,75,90
83,75,95
83,75,96
83,75,106
83,75,107
83,75,109
83,76,80
83,76,82
83,76,95
83,76,96
83,76,98
83,76,106
83,76,107
83,77,88
83,77,110
83,78,79
83,78,87
83,78,88
83,78,91
83,78,92
83,78,93
83,78,110
83,79,88
83,79,91
83,79,92
83,79,101
83,79,102
83,79,103
83,79,104
83,79,110
83,80,82
83,80,83
83,80,95
83,80,96
83,80,97
83,80,98
83,80,107
83,80,109
83,81,88
83,81,92
83,81,101
83,81,102
83,81,103
83,81,104
83,81,110
83,82,83
83,82,95
83,82,96
83,82,98
83,82,107
83,82,109
83,83,95
83,83,96
83,83,97
83,83,98
83,83,107
83,83,109
83,84,85
83,84,88
83,84,92
83,84,110
83,85,88
83,85,110
83,86,87
83,86,88
83,86,110
83,87,93
83,88,91
83,88,92
83,88,93
83,88,94
83,88,95
83,88,96
83,88,97
83,88,98
83,88,99
83,88,100
83,88,101
83,88,102
83,88,103
83,88,104
83,88,110
83,89,90
83,89,95
83,89,96
83,89,107
83,89,109
83,90,106
83,90,107
83,91,110
83,92,101
83,92,102
83,92,103
83,92,104
83,92,110
83,93,94
83,93,110
83,94,110
83,95,96
83,95,97
83,95,98
83,95,106
83,95,107
83,95,109
83,95,110
83,96,97
83,96,98
83,96,106
83,96,107
83,96,109
83,96,110
83,97,98
83,97,105
83,97,109
83,98,109
83,98,110
83,99,100
83,99,110
83,100,110
83,101,102
83,101,103
83,101,104
83,101,110
83,102,103
83,102,104
83,102,110
83,103,104
83,103,110
83,104,110
83,106,107
83,107,109
84,1,8
84,1,9
84,1,10
84,1,11
84,1,12
84,1,13
84,1,22
84,1,26
84,1,27
84,1,29
84,1,35
84,1,36
84,1,37
84,1,38
84,1,39
84,1,42
84,1,43
84,1,55
84,1,56
84,1,57
84,1,58
84,1,62
84,1,68
84,1,73
84,1,74
84,1,86
84,1,87
84,1,88
84,1,89
84,2,3
84,2,6
84,2,18
84,2,23
84,2,30
84,2,31
84,2,32
84,2,41
84,2,44
84,2,47
84,2,48
84,2,49
84,2,50
84,2,63
84,2,64
84,2,70
84,2,72
84,2,76
84,2,82
84,2,83
84,2,85
84,2,92
84,2,93
84,2,94
84,2,95
84,2,96
84,2,100
84,3,5
84,3,6
84,3,18
84,3,23
84,3,30
84,3,31
84,3,32
84,3,41
84,3,44
84,3,47
84,3,48
84,3,49
84,3,50
84,3,61
84,3,64
84,3,70
84,3,71
84,3,72
84,3,76
84,3,82
84,3,83
84,3,85
84,3,92
84,3,93
84,3,94
84,3,95
84,3,96
84,3,100
84,4,20
84,4,21
84,4,24
84,4,25
84,4,28
84,4,51
84,4,52
84,4,53
84,4,55
84,4,56
84,4,67
84,4,99
84,5,6
84,5,18
84,5,30
84,5,31
84,5,32
84,5,41
84,5,44
84,5,47
84,5,49
84,5,50
84,5,60
84,5,64
84,5,70
84,5,72
84,5,75
84,5,76
84,5,83
84,5,85
84,5,94
84,5,95
84,5,96
84,5,100
84,6,17
84,6,18
84,6,30
84,6,32
84,6,41
84,6,47
84,6,48
84,6,49
84,6,50
84,6,64
84,6,70
84,6,83
84,6,85
84,6,94
84,7,19
84,7,34
84,7,45
84,7,46
84,7,54
84,7,63
84,7,77
84,7,78
84,7,79
84,7,84
84,8,10
84,8,11
84,8,22
84,8,24
84,8,26
84,8,27
84,8,37
84,8,38
84,8,39
84,8,42
84,8,55
84,8,56
84,8,57
84,8,58
84,8,67
84,8,73
84,8,86
84,8,87
84,8,89
84,9,10
84,9,12
84,9,35
84,9,36
84,9,37
84,9,38
84,9,42
84,9,57
84,9,58
84,9,62
84,9,68
84,9,74
84,10,11
84,10,12
84,10,13
84,10,22
84,10,24
84,10,26
84,10,27
84,10,29
84,10,35
84,10,36
84,10,37
84,10,38
84,10,39
84,10,42
84,10,55
84,10,56
84,10,57
84,10,58
84,10,62
84,10,68
84,10,73
84,10,86
84,10,87
84,10,88
84,10,89
84,11,22
84,11,24
84,11,26
84,11,27
84,11,28
84,11,29
84,11,37
84,11,38
84,11,39
84,11,55
84,11,56
84,11,57
84,11,67
84,11,73
84,11,86
84,11,87
84,11,89
84,12,13
84,12,22
84,12,26
84,12,35
84,12,36
84,12,37
84,12,38
84,12,39
84,12,42
84,12,55
84,12,56
84,12,57
84,12,58
84,12,62
84,12,68
84,12,73
84,12,74
84,12,87
84,12,88
84,12,89
84,13,26
84,13,35
84,13,36
84,13,37
84,13,39
84,13,42
84,13,56
84,13,57
84,13,58
84,13,62
84,13,68
84,13,74
84,13,88
84,13,89
84,14,19
84,15,20
84,15,25
84,15,51
84,15,52
84,15,67
84,15,91
84,16,17
84,17,30
84,17,32
84,17,60
84,17,70
84,17,85
84,18,30
84,18,31
84,18,32
84,18,47
84,18,49
84,18,50
84,18,63
84,18,64
84,18,70
84,18,85
84,18,94
84,18,95
84,19,78
84,20,21
84,20,28
84,20,51
84,20,52
84,20,67
84,20,99
84,21,25
84,21,51
84,21,52
84,21,53
84,21,97
84,21,99
84,22,26
84,22,27
84,22,29
84,22,35
84,22,37
84,22,38
84,22,39
84,22,43
84,22,55
84,22,56
84,22,57
84,22,58
84,22,62
84,22,67
84,22,68
84,22,73
84,22,74
84,22,86
84,22,87
84,22,88
84,22,89
84,23,31
84,23,41
84,23,44
84,23,47
84,23,48
84,23,49
84,23,61
84,23,71
84,23,72
84,23,82
84,23,83
84,23,92
84,23,94
84,23,95
84,23,96
84,23,100
84,24,26
84,24,27
84,24,37
84,24,38
84,24,39
84,24,55
84,24,56
84,24,57
84,24,67
84,24,68
84,24,86
84,24,87
84,24,99
84,25,67
84,26,27
84,26,28
84,26,29
84,26,35
84,26,36
84,26,37
84,26,38
84,26,39
84,26,43
84,26,55
84,26,56
84,26,57
84,26,58
84,26,67
84,26,73
84,26,86
84,26,87
84,26,88
84,26,89
84,27,28
84,27,29
84,27,37
84,27,38
84,27,39
84,27,43
84,27,55
84,27,56
84,27,57
84,27,67
84,27,73
84,27,86
84,27,87
84,27,88
84,27,89
84,28,29
84,28,51
84,28,52
84,28,55
84,28,56
84,28,67
84,28,73
84,28,80
84,28,86
84,28,87
84,28,89
84,28,99
84,29,39
84,29,43
84,29,55
84,29,56
84,29,57
84,29,73
84,29,80
84,29,86
84,29,87
84,29,89
84,30,31
84,30,32
84,30,41
84,30,44
84,30,47
84,30,48
84,30,49
84,30,50
84,30,54
84,30,59
84,30,60
84,30,63
84,30,64
84,30,69
84,30,70
84,30,72
84,30,76
84,30,82
84,30,83
84,30,85
84,30,92
84,30,93
84,30,94
84,30,95
84,30,96
84,30,100
84,31,41
84,31,44
84,31,47
84,31,48
84,31,49
84,31,50
84,31,61
84,31,64
84,31,70
84,31,71
84,31,72
84,31,75
84,31,76
84,31,83
84,31,85
84,31,92
84,31,93
84,31,94
84,31,95
84,31,96
84,31,100
84,32,40
84,32,41
84,32,44
84,32,47
84,32,49
84,32,64
84,32,70
84,32,71
84,32,72
84,32,75
84,32,76
84,32,82
84,32,83
84,32,85
84,32,92
84,32,94
84,32,96
84,33,69
84,33,70
84,33,77
84,34,79
84,35,36
84,35,37
84,35,38
84,35,39
84,35,42
84,35,55
84,35,56
84,35,57
84,35,58
84,35,62
84,35,68
84,35,73
84,35,74
84,35,86
84,35,87
84,35,88
84,35,89
84,36,37
84,36,38
84,36,42
84,36,56
84,36,58
84,36,62
84,36,68
84,36,74
84,36,88
84,37,38
84,37,39
84,37,42
84,37,56
84,37,57
84,37,58
84,37,62
84,37,68
84,37,74
84,37,86
84,37,87
84,37,88
84,37,89
84,38,39
84,38,42
84,38,55
84,38,56
84,38,57
84,38,58
84,38,62
84,38,67
84,38,68
84,38,73
84,38,74
84,38,86
84,38,87
84,38,89
84,39,43
84,39,55
84,39,56
84,39,57
84,39,58
84,39,62
84,39,67
84,39,68
84,39,73
84,39,74
84,39,86
84,39,87
84,39,88
84,39,89
84,40,41
84,40,61
84,40,72
84,40,75
84,40,76
84,40,82
84,40,83
84,40,95
84,41,44
84,41,47
84,41,48
84,41,49
84,41,50
84,41,61
84,41,64
84,41,70
84,41,71
84,41,72
84,41,75
84,41,76
84,41,82
84,41,83
84,41,85
84,41,92
84,41,93
84,41,94
84,41,95
84,41,96
84,41,100
84,42,55
84,42,56
84,42,57
84,42,58
84,42,62
84,42,68
84,42,74
84,42,88
84,43,57
84,43,86
84,43,87
84,43,88
84,44,47
84,44,48
84,44,49
84,44,50
84,44,61
84,44,64
84,44,70
84,44,71
84,44,72
84,44,82
84,44,83
84,44,85
84,44,92
84,44,93
84,44,94
84,44,95
84,44,96
84,44,100
84,45,46
84,45,79
84,46,79
84,47,48
84,47,49
84,47,50
84,47,61
84,47,64
84,47,70
84,47,71
84,47,72
84,47,75
84,47,76
84,47,83
84,47,85
84,47,92
84,47,93
84,47,94
84,47,95
84,47,96
84,47,100
84,48,49
84,48,50
84,48,59
84,48,60
84,48,61
84,48,64
84,48,70
84,48,72
84,48,76
84,48,83
84,48,85
84,48,92
84,48,93
84,48,94
84,48,95
84,48,96
84,48,100
84,49,50
84,49,59
84,49,61
84,49,64
84,49,70
84,49,71
84,49,72
84,49,82
84,49,83
84,49,85
84,49,92
84,49,93
84,49,94
84,49,95
84,49,96
84,49,100
84,50,59
84,50,61
84,50,64
84,50,70
84,50,71
84,50,72
84,50,82
84,50,83
84,50,85
84,50,92
84,50,93
84,50,94
84,50,95
84,50,96
84,50,100
84,51,52
84,51,55
84,51,67
84,51,81
84,51,99
84,52,55
84,52,67
84,52,73
84,52,81
84,52,99
84,54,59
84,54,60
84,54,63
84,54,69
84,54,70
84,54,79
84,54,84
84,54,100
84,55,56
84,55,57
84,55,67
84,55,73
84,55,86
84,55,87
84,55,89
84,56,57
84,56,58
84,56,62
84,56,67
84,56,73
84,56,74
84,56,86
84,56,87
84,56,89
84,57,58
84,57,62
84,57,67
84,57,68
84,57,73
84,57,74
84,57,86
84,57,87
84,57,88
84,57,89
84,58,62
84,58,68
84,58,74
84,58,86
84,58,87
84,58,88
84,58,89
84,59,64
84,59,69
84,59,70
84,59,85
84,59,92
84,59,93
84,59,96
84,59,100
84,60,70
84,60,82
84,60,85
84,60,100
84,61,71
84,61,72
84,61,83
84,61,92
84,61,93
84,61,94
84,61,95
84,61,96
84,62,68
84,62,74
84,62,87
84,62,88
84,62,89
84,63,64
84,63,77
84,63,78
84,63,79
84,63,84
84,64,69
84,64,70
84,64,77
84,64,83
84,64,85
84,64,92
84,64,94
84,64,95
84,64,96
84,64,100
84,67,73
84,67,86
84,67,87
84,67,99
84,68,74
84,68,88
84,69,70
84,69,77
84,69,78
84,69,84
84,69,85
84,69,100
84,70,83
84,70,84
84,70,85
84,70,92
84,70,93
84,70,94
84,70,95
84,70,96
84,70,100
84,71,72
84,71,83
84,71,92
84,71,93
84,71,94
84,71,95
84,71,96
84,71,100
84,72,76
84,72,82
84,72,83
84,72,92
84,72,93
84,72,94
84,72,95
84,72,96
84,72,100
84,73,86
84,73,87
84,73,89
84,74,87
84,74,88
84,74,89
84,75,76
84,75,83
84,75,94
84,75,95
84,75,96
84,76,82
84,76,83
84,76,92
84,76,94
84,76,95
84,76,96
84,77,78
84,77,79
84,77,84
84,78,84
84,78,96
84,79,84
84,80,81
84,82,83
84,82,92
84,83,85
84,83,92
84,83,93
84,83,94
84,83,95
84,83,96
84,83,100
84,84,85
84,85,92
84,85,94
84,85,95
84,85,96
84,85,100
84,86,87
84,86,88
84,86,89
84,87,88
84,87,89
84,88,89
84,90,91
84,92,93
84,92,94
84,92,95
84,92,96
84,92,100
84,93,94
84,93,95
84,93,96
84,93,100
84,94,95
84,94,96
84,94,100
84,95,100
84,96,100
85,1,8
85,1,9
85,1,11
85,1,12
85,1,13
85,1,22
85,1,26
85,1,27
85,1,29
85,1,30
85,1,36
85,1,38
85,1,54
85,1,56
85,1,57
85,1,73
85,1,87
85,1,88
85,1,89
85,1,97
85,2,3
85,2,5
85,2,7
85,2,10
85,2,17
85,2,20
85,2,33
85,2,39
85,2,43
85,2,46
85,2,47
85,2,48
85,2,49
85,2,63
85,2,69
85,2,75
85,2,81
85,2,82
85,2,83
85,2,86
85,2,93
85,3,5
85,3,7
85,3,10
85,3,17
85,3,20
85,3,33
85,3,39
85,3,46
85,3,47
85,3,48
85,3,63
85,3,69
85,3,70
85,3,75
85,3,81
85,3,82
85,3,83
85,3,86
85,4,15
85,4,21
85,4,24
85,4,25
85,4,28
85,4,37
85,4,50
85,4,51
85,4,54
85,4,55
85,4,68
85,4,87
85,4,88
85,4,102
85,5,7
85,5,16
85,5,17
85,5,20
85,5,39
85,5,46
85,5,47
85,5,48
85,5,53
85,5,58
85,5,59
85,5,63
85,5,69
85,5,70
85,5,74
85,5,75
85,5,76
85,5,81
85,5,82
85,5,83
85,5,85
85,5,86
85,5,93
85,5,101
85,6,14
85,6,18
85,6,19
85,6,32
85,6,33
85,6,44
85,6,45
85,6,62
85,6,64
85,6,70
85,6,77
85,6,78
85,7,17
85,7,62
85,7,63
85,7,69
85,7,82
85,7,83
85,7,86
85,8,9
85,8,13
85,8,22
85,8,30
85,8,34
85,8,36
85,8,56
85,8,57
85,8,60
85,8,88
85,8,89
85,8,97
85,9,11
85,9,12
85,9,13
85,9,22
85,9,25
85,9,26
85,9,27
85,9,29
85,9,30
85,9,38
85,9,50
85,9,51
85,9,54
85,9,55
85,9,57
85,9,68
85,9,73
85,9,87
85,9,88
85,9,89
85,9,97
85,10,20
85,10,23
85,10,39
85,10,40
85,10,43
85,10,46
85,10,47
85,10,48
85,10,49
85,10,69
85,10,71
85,10,72
85,10,74
85,10,75
85,10,76
85,10,81
85,10,82
85,10,83
85,10,86
85,10,93
85,10,94
85,10,96
85,10,100
85,10,101
85,11,12
85,11,13
85,11,22
85,11,25
85,11,26
85,11,27
85,11,28
85,11,29
85,11,30
85,11,41
85,11,50
85,11,57
85,11,73
85,11,79
85,11,87
85,11,88
85,11,89
85,11,97
85,11,98
85,11,102
85,12,13
85,12,22
85,12,26
85,12,27
85,12,29
85,12,30
85,12,38
85,12,54
85,12,57
85,12,73
85,12,87
85,12,88
85,12,89
85,12,98
85,13,22
85,13,25
85,13,27
85,13,29
85,13,30
85,13,34
85,13,36
85,13,38
85,13,41
85,13,42
85,13,55
85,13,57
85,13,73
85,13,88
85,13,89
85,13,97
85,13,98
85,14,18
85,14,19
85,14,44
85,14,45
85,15,21
85,15,50
85,15,51
85,15,54
85,15,55
85,15,68
85,15,73
85,15,89
85,16,17
85,16,63
85,16,83
85,17,33
85,17,63
85,17,69
85,17,82
85,17,83
85,17,86
85,18,19
85,18,32
85,18,44
85,18,45
85,18,62
85,18,64
85,18,70
85,18,77
85,18,78
85,19,32
85,19,44
85,19,45
85,19,53
85,19,62
85,19,64
85,19,70
85,19,77
85,19,78
85,20,23
85,20,39
85,20,40
85,20,43
85,20,46
85,20,47
85,20,48
85,20,49
85,20,58
85,20,59
85,20,63
85,20,69
85,20,71
85,20,72
85,20,74
85,20,75
85,20,76
85,20,81
85,20,82
85,20,83
85,20,86
85,20,93
85,20,94
85,20,96
85,20,100
85,20,101
85,21,24
85,21,28
85,21,37
85,21,50
85,21,51
85,21,68
85,21,73
85,21,102
85,22,25
85,22,26
85,22,27
85,22,29
85,22,30
85,22,38
85,22,50
85,22,54
85,22,57
85,22,73
85,22,87
85,22,88
85,22,89
85,22,97
85,23,39
85,23,40
85,23,43
85,23,46
85,23,47
85,23,48
85,23,49
85,23,71
85,23,72
85,23,74
85,23,76
85,23,81
85,23,86
85,23,93
85,23,94
85,23,96
85,23,100
85,24,28
85,24,37
85,24,50
85,24,51
85,24,54
85,24,68
85,24,73
85,24,99
85,25,26
85,25,27
85,25,29
85,25,37
85,25,41
85,25,50
85,25,54
85,25,55
85,25,57
85,25,68
85,25,73
85,25,87
85,25,88
85,25,89
85,26,27
85,26,28
85,26,29
85,26,30
85,26,37
85,26,38
85,26,50
85,26,51
85,26,54
85,26,55
85,26,57
85,26,68
85,26,73
85,26,79
85,26,87
85,26,88
85,26,89
85,26,97
85,27,28
85,27,29
85,27,30
85,27,37
85,27,38
85,27,41
85,27,50
85,27,51
85,27,54
85,27,55
85,27,57
85,27,68
85,27,73
85,27,87
85,27,88
85,27,89
85,27,97
85,28,37
85,28,50
85,28,51
85,28,54
85,28,68
85,28,73
85,28,79
85,28,87
85,28,88
85,28,102
85,29,30
85,29,38
85,29,57
85,29,73
85,29,80
85,29,87
85,29,88
85,29,89
85,29,97
85,29,98
85,30,31
85,30,38
85,30,57
85,30,87
85,30,88
85,30,89
85,30,97
85,30,98
85,31,34
85,31,56
85,31,61
85,31,90
85,32,33
85,32,44
85,32,45
85,32,62
85,32,64
85,32,70
85,33,53
85,33,59
85,33,63
85,33,64
85,33,70
85,33,77
85,33,86
85,34,35
85,34,36
85,34,56
85,34,60
85,34,61
85,34,90
85,35,90
85,36,56
85,36,60
85,37,50
85,37,51
85,37,54
85,37,55
85,37,68
85,37,73
85,37,87
85,37,88
85,38,54
85,38,57
85,38,73
85,38,87
85,38,88
85,38,89
85,39,40
85,39,43
85,39,46
85,39,47
85,39,48
85,39,49
85,39,63
85,39,69
85,39,71
85,39,72
85,39,74
85,39,75
85,39,76
85,39,81
85,39,82
85,39,83
85,39,86
85,39,93
85,39,94
85,39,96
85,39,100
85,39,101
85,40,43
85,40,46
85,40,47
85,40,48
85,40,49
85,40,61
85,40,69
85,40,71
85,40,72
85,40,74
85,40,75
85,40,76
85,40,81
85,40,82
85,40,86
85,40,93
85,40,94
85,40,96
85,40,100
85,40,101
85,41,42
85,41,55
85,41,88
85,41,89
85,41,102
85,42,60
85,42,98
85,43,46
85,43,47
85,43,48
85,43,49
85,43,69
85,43,71
85,43,72
85,43,74
85,43,75
85,43,76
85,43,81
85,43,82
85,43,83
85,43,86
85,43,93
85,43,94
85,43,96
85,43,100
85,43,101
85,44,45
85,44,62
85,44,70
85,44,78
85,44,92
85,45,62
85,45,78
85,46,47
85,46,48
85,46,49
85,46,59
85,46,61
85,46,69
85,46,71
85,46,72
85,46,74
85,46,75
85,46,76
85,46,81
85,46,82
85,46,83
85,46,86
85,46,93
85,46,94
85,46,96
85,46,100
85,46,101
85,47,48
85,47,49
85,47,59
85,47,69
85,47,71
85,47,72
85,47,74
85,47,75
85,47,76
85,47,81
85,47,82
85,47,83
85,47,86
85,47,93
85,47,94
85,47,96
85,47,100
85,47,101
85,48,49
85,48,59
85,48,63
85,48,69
85,48,71
85,48,72
85,48,74
85,48,75
85,48,76
85,48,81
85,48,82
85,48,83
85,48,86
85,48,93
85,48,94
85,48,96
85,48,100
85,48,101
85,49,58
85,49,59
85,49,69
85,49,72
85,49,74
85,49,81
85,49,82
85,49,83
85,49,86
85,49,93
85,49,94
85,49,100
85,49,101
85,50,51
85,50,54
85,50,55
85,50,68
85,50,73
85,50,87
85,50,88
85,50,89
85,50,102
85,51,54
85,51,68
85,51,73
85,51,87
85,53,58
85,53,59
85,53,69
85,53,70
85,53,83
85,53,86
85,53,101
85,54,55
85,54,68
85,54,73
85,54,87
85,54,88
85,54,89
85,54,97
85,55,57
85,55,68
85,55,73
85,55,88
85,55,89
85,56,60
85,56,61
85,56,90
85,57,73
85,57,87
85,57,88
85,57,89
85,58,59
85,58,69
85,58,70
85,58,75
85,58,83
85,58,86
85,58,101
85,59,63
85,59,69
85,59,70
85,59,75
85,59,81
85,59,82
85,59,83
85,59,86
85,59,93
85,59,94
85,59,100
85,59,101
85,60,61
85,60,90
85,61,71
85,61,74
85,62,63
85,62,64
85,62,70
85,62,77
85,63,69
85,63,70
85,63,75
85,63,77
85,63,81
85,63,82
85,63,83
85,63,86
85,63,96
85,63,101
85,66,72
85,66,99
85,66,100
85,68,73
85,68,87
85,68,88
85,68,89
85,68,102
85,69,70
85,69,71
85,69,74
85,69,75
85,69,76
85,69,81
85,69,82
85,69,83
85,69,86
85,69,93
85,69,94
85,69,100
85,69,101
85,70,77
85,70,83
85,70,86
85,71,72
85,71,74
85,71,75
85,71,76
85,71,81
85,71,82
85,71,86
85,71,93
85,71,94
85,71,96
85,71,100
85,72,74
85,72,81
85,72,86
85,72,93
85,72,94
85,72,96
85,72,100
85,72,101
85,73,87
85,73,88
85,73,89
85,74,75
85,74,76
85,74,81
85,74,82
85,74,83
85,74,86
85,74,93
85,74,94
85,74,96
85,74,100
85,74,101
85,75,76
85,75,81
85,75,82
85,75,83
85,75,85
85,75,86
85,75,93
85,75,94
85,75,96
85,75,101
85,76,81
85,76,82
85,76,85
85,76,86
85,76,93
85,76,94
85,76,96
85,76,100
85,76,101
85,78,92
85,79,80
85,80,87
85,80,89
85,81,82
85,81,83
85,81,86
85,81,93
85,81,94
85,81,96
85,81,100
85,81,101
85,82,83
85,82,86
85,82,93
85,82,94
85,82,96
85,82,100
85,82,101
85,83,85
85,83,86
85,83,93
85,83,94
85,85,93
85,86,93
85,86,94
85,86,96
85,86,100
85,86,101
85,87,88
85,87,89
85,87,97
85,88,89
85,88,97
85,88,102
85,89,97
85,91,92
85,93,94
85,93,96
85,93,100
85,93,101
85,94,96
85,94,100
85,94,101
85,96,101
85,97,102
85,100,101
86,1,11
86,1,15
86,1,17
86,1,27
86,1,30
86,1,31
86,1,33
86,1,34
86,1,40
86,1,43
86,1,58
86,1,59
86,1,61
86,1,92
86,1,93
86,2,3
86,2,9
86,2,74
86,2,84
86,2,87
86,2,88
86,2,90
86,2,103
86,3,9
86,3,74
86,3,84
86,3,87
86,3,88
86,3,90
86,3,103
86,4,5
86,4,10
86,4,12
86,4,14
86,4,22
86,4,25
86,4,28
86,4,42
86,4,45
86,4,46
86,4,47
86,4,51
86,4,52
86,4,53
86,4,56
86,4,57
86,4,60
86,4,76
86,4,77
86,4,89
86,4,91
86,4,98
86,4,99
86,4,100
86,4,102
86,4,103
86,4,104
86,5,10
86,5,12
86,5,14
86,5,22
86,5,25
86,5,28
86,5,38
86,5,42
86,5,44
86,5,45
86,5,46
86,5,47
86,5,50
86,5,51
86,5,52
86,5,53
86,5,56
86,5,60
86,5,63
86,5,71
86,5,74
86,5,76
86,5,77
86,5,87
86,5,89
86,5,91
86,5,97
86,5,98
86,5,99
86,5,100
86,5,103
86,5,104
86,6,17
86,6,30
86,6,32
86,6,40
86,6,54
86,6,55
86,6,58
86,6,59
86,7,62
86,7,63
86,7,71
86,7,74
86,7,78
86,7,82
86,7,90
86,7,103
86,8,18
86,8,20
86,8,21
86,8,36
86,8,48
86,8,49
86,8,66
86,8,67
86,8,83
86,8,95
86,8,96
86,10,12
86,10,14
86,10,22
86,10,25
86,10,26
86,10,28
86,10,38
86,10,42
86,10,44
86,10,45
86,10,46
86,10,47
86,10,50
86,10,51
86,10,52
86,10,53
86,10,56
86,10,60
86,10,62
86,10,71
86,10,72
86,10,74
86,10,76
86,10,77
86,10,80
86,10,81
86,10,82
86,10,87
86,10,88
86,10,89
86,10,90
86,10,91
86,10,97
86,10,98
86,10,99
86,10,100
86,10,102
86,10,103
86,10,104
86,11,13
86,11,15
86,11,23
86,11,34
86,11,39
86,11,41
86,11,43
86,11,61
86,11,64
86,11,65
86,11,79
86,11,93
86,11,94
86,12,14
86,12,22
86,12,25
86,12,26
86,12,28
86,12,38
86,12,42
86,12,44
86,12,45
86,12,46
86,12,47
86,12,50
86,12,51
86,12,52
86,12,53
86,12,60
86,12,71
86,12,72
86,12,74
86,12,76
86,12,77
86,12,80
86,12,81
86,12,82
86,12,87
86,12,88
86,12,89
86,12,90
86,12,91
86,12,97
86,12,98
86,12,99
86,12,102
86,12,103
86,12,104
86,13,23
86,13,30
86,13,32
86,13,33
86,13,34
86,13,41
86,13,43
86,13,70
86,13,92
86,13,93
86,14,22
86,14,25
86,14,28
86,14,38
86,14,42
86,14,44
86,14,45
86,14,46
86,14,47
86,14,50
86,14,51
86,14,52
86,14,53
86,14,60
86,14,62
86,14,71
86,14,72
86,14,77
86,14,80
86,14,81
86,14,82
86,14,87
86,14,89
86,14,90
86,14,91
86,14,97
86,14,98
86,14,99
86,14,100
86,14,103
86,14,104
86,15,27
86,15,30
86,15,33
86,15,34
86,15,41
86,15,43
86,15,58
86,15,59
86,15,65
86,15,79
86,15,92
86,15,93
86,16,75
86,17,24
86,17,30
86,17,40
86,17,54
86,17,55
86,18,48
86,18,49
86,18,96
86,19,49
86,19,67
86,20,21
86,20,36
86,20,48
86,20,49
86,20,66
86,20,67
86,20,83
86,20,96
86,21,48
86,21,49
86,21,66
86,21,67
86,21,83
86,21,95
86,21,96
86,22,25
86,22,26
86,22,28
86,22,38
86,22,42
86,22,44
86,22,45
86,22,46
86,22,47
86,22,50
86,22,51
86,22,52
86,22,53
86,22,60
86,22,71
86,22,74
86,22,76
86,22,77
86,22,80
86,22,81
86,22,82
86,22,87
86,22,88
86,22,89
86,22,90
86,22,91
86,22,97
86,22,98
86,22,99
86,22,103
86,22,104
86,24,30
86,24,31
86,24,32
86,24,33
86,24,54
86,24,55
86,24,70
86,24,85
86,24,86
86,25,26
86,25,28
86,25,38
86,25,42
86,25,44
86,25,45
86,25,46
86,25,47
86,25,50
86,25,51
86,25,52
86,25,53
86,25,60
86,25,71
86,25,72
86,25,74
86,25,76
86,25,77
86,25,80
86,25,81
86,25,82
86,25,87
86,25,88
86,25,89
86,25,90
86,25,91
86,25,97
86,25,98
86,25,99
86,25,102
86,25,103
86,25,104
86,26,42
86,26,44
86,26,45
86,26,46
86,26,47
86,26,50
86,26,51
86,26,52
86,26,60
86,26,71
86,26,76
86,26,80
86,26,89
86,26,91
86,26,98
86,26,102
86,27,30
86,27,33
86,27,34
86,27,40
86,27,43
86,27,58
86,27,59
86,27,92
86,28,38
86,28,42
86,28,44
86,28,45
86,28,46
86,28,47
86,28,50
86,28,51
86,28,52
86,28,53
86,28,56
86,28,57
86,28,60
86,28,62
86,28,63
86,28,71
86,28,72
86,28,74
86,28,75
86,28,76
86,28,77
86,28,81
86,28,82
86,28,87
86,28,88
86,28,89
86,28,90
86,28,91
86,28,97
86,28,98
86,28,99
86,28,100
86,28,103
86,28,104
86,29,30
86,29,31
86,29,40
86,29,59
86,29,70
86,30,31
86,30,32
86,30,33
86,30,34
86,30,40
86,30,41
86,30,43
86,30,54
86,30,55
86,30,58
86,30,59
86,30,70
86,30,92
86,31,33
86,31,40
86,31,43
86,31,58
86,31,59
86,31,86
86,31,92
86,31,93
86,32,33
86,32,40
86,32,54
86,32,55
86,32,59
86,32,70
86,32,86
86,33,34
86,33,41
86,33,43
86,33,59
86,33,70
86,33,86
86,33,92
86,33,93
86,33,101
86,34,41
86,34,43
86,34,55
86,34,58
86,34,59
86,34,70
86,34,92
86,34,93
86,35,64
86,35,94
86,36,37
86,36,48
86,36,49
86,36,67
86,36,84
86,36,96
86,37,84
86,38,42
86,38,44
86,38,45
86,38,46
86,38,47
86,38,50
86,38,51
86,38,52
86,38,56
86,38,60
86,38,62
86,38,71
86,38,72
86,38,74
86,38,76
86,38,77
86,38,80
86,38,81
86,38,82
86,38,87
86,38,88
86,38,89
86,38,91
86,38,97
86,38,98
86,38,99
86,38,103
86,38,104
86,39,41
86,39,65
86,39,79
86,40,41
86,40,43
86,40,54
86,40,55
86,40,58
86,40,59
86,40,92
86,41,43
86,41,58
86,41,59
86,41,65
86,41,79
86,41,92
86,42,44
86,42,45
86,42,46
86,42,47
86,42,50
86,42,51
86,42,52
86,42,53
86,42,60
86,42,71
86,42,72
86,42,74
86,42,76
86,42,77
86,42,80
86,42,81
86,42,82
86,42,87
86,42,88
86,42,89
86,42,90
86,42,91
86,42,97
86,42,98
86,42,99
86,42,102
86,42,103
86,42,104
86,43,58
86,43,59
86,43,92
86,43,93
86,44,45
86,44,46
86,44,47
86,44,50
86,44,51
86,44,52
86,44,53
86,44,60
86,44,71
86,44,72
86,44,74
86,44,76
86,44,77
86,44,80
86,44,81
86,44,82
86,44,87
86,44,88
86,44,89
86,44,90
86,44,91
86,44,97
86,44,98
86,44,99
86,44,102
86,44,103
86,44,104
86,45,46
86,45,47
86,45,50
86,45,51
86,45,52
86,45,53
86,45,60
86,45,71
86,45,72
86,45,74
86,45,76
86,45,77
86,45,80
86,45,81
86,45,82
86,45,87
86,45,88
86,45,89
86,45,91
86,45,97
86,45,98
86,45,99
86,45,102
86,45,103
86,45,104
86,46,47
86,46,50
86,46,51
86,46,52
86,46,53
86,46,60
86,46,71
86,46,72
86,46,74
86,46,76
86,46,77
86,46,80
86,46,81
86,46,82
86,46,87
86,46,88
86,46,89
86,46,90
86,46,91
86,46,97
86,46,98
86,46,99
86,46,102
86,46,103
86,46,104
86,47,50
86,47,51
86,47,52
86,47,53
86,47,60
86,47,71
86,47,72
86,47,74
86,47,76
86,47,77
86,47,80
86,47,81
86,47,82
86,47,87
86,47,88
86,47,89
86,47,90
86,47,91
86,47,97
86,47,98
86,47,99
86,47,102
86,47,103
86,47,104
86,48,49
86,48,66
86,48,67
86,48,83
86,48,95
86,48,96
86,49,66
86,49,67
86,49,83
86,49,95
86,49,96
86,50,51
86,50,52
86,50,53
86,50,60
86,50,62
86,50,71
86,50,72
86,50,74
86,50,76
86,50,77
86,50,80
86,50,81
86,50,82
86,50,87
86,50,88
86,50,89
86,50,90
86,50,91
86,50,97
86,50,98
86,50,99
86,50,102
86,50,103
86,50,104
86,51,52
86,51,53
86,51,60
86,51,62
86,51,71
86,51,72
86,51,74
86,51,76
86,51,77
86,51,80
86,51,81
86,51,82
86,51,87
86,51,88
86,51,89
86,51,90
86,51,91
86,51,97
86,51,98
86,51,99
86,51,102
86,51,103
86,51,104
86,52,53
86,52,56
86,52,57
86,52,60
86,52,62
86,52,63
86,52,71
86,52,72
86,52,74
86,52,75
86,52,76
86,52,77
86,52,80
86,52,81
86,52,82
86,52,87
86,52,88
86,52,89
86,52,90
86,52,91
86,52,97
86,52,98
86,52,99
86,52,100
86,52,102
86,52,103
86,52,104
86,53,56
86,53,57
86,53,60
86,53,62
86,53,63
86,53,71
86,53,72
86,53,74
86,53,76
86,53,77
86,53,81
86,53,82
86,53,87
86,53,88
86,53,89
86,53,90
86,53,91
86,53,97
86,53,98
86,53,99
86,53,100
86,53,103
86,53,104
86,54,55
86,54,58
86,54,70
86,54,85
86,54,86
86,54,92
86,54,95
86,55,58
86,55,59
86,55,70
86,55,86
86,55,92
86,56,57
86,56,62
86,56,71
86,56,75
86,56,89
86,56,91
86,56,98
86,56,99
86,56,100
86,56,103
86,57,62
86,57,63
86,57,71
86,57,75
86,57,90
86,57,98
86,57,99
86,57,100
86,57,103
86,58,59
86,58,70
86,58,92
86,59,92
86,60,62
86,60,71
86,60,72
86,60,74
86,60,76
86,60,77
86,60,80
86,60,81
86,60,82
86,60,87
86,60,88
86,60,89
86,60,90
86,60,91
86,60,97
86,60,98
86,60,99
86,60,103
86,60,104
86,61,64
86,61,65
86,61,79
86,61,94
86,62,63
86,62,71
86,62,74
86,62,75
86,62,81
86,62,82
86,62,87
86,62,89
86,62,90
86,62,97
86,62,98
86,62,99
86,62,100
86,62,103
86,62,104
86,63,75
86,63,90
86,63,99
86,63,100
86,63,103
86,64,65
86,64,79
86,64,94
86,65,79
86,65,93
86,65,94
86,66,67
86,66,96
86,67,75
86,67,84
86,67,96
86,69,103
86,70,85
86,70,86
86,70,92
86,71,72
86,71,74
86,71,76
86,71,78
86,71,80
86,71,81
86,71,82
86,71,87
86,71,88
86,71,89
86,71,90
86,71,91
86,71,97
86,71,98
86,71,99
86,71,100
86,71,102
86,71,103
86,71,104
86,72,76
86,72,77
86,72,80
86,72,87
86,72,88
86,72,91
86,72,97
86,72,98
86,72,102
86,72,103
86,72,104
86,74,76
86,74,77
86,74,80
86,74,81
86,74,82
86,74,87
86,74,88
86,74,89
86,74,90
86,74,91
86,74,97
86,74,98
86,74,99
86,74,100
86,74,103
86,74,104
86,75,84
86,75,90
86,75,99
86,75,100
86,75,103
86,76,77
86,76,80
86,76,87
86,76,88
86,76,89
86,76,91
86,76,97
86,76,98
86,76,99
86,76,102
86,76,103
86,76,104
86,77,80
86,77,81
86,77,82
86,77,87
86,77,88
86,77,89
86,77,91
86,77,97
86,77,98
86,77,99
86,77,102
86,77,103
86,77,104
86,78,81
86,79,93
86,80,82
86,80,87
86,80,88
86,80,89
86,80,91
86,80,97
86,80,98
86,80,102
86,80,103
86,80,104
86,81,82
86,81,87
86,81,90
86,81,97
86,81,98
86,81,99
86,81,103
86,81,104
86,82,87
86,82,88
86,82,89
86,82,90
86,82,97
86,82,98
86,82,99
86,82,103
86,82,104
86,83,95
86,83,96
86,85,86
86,87,88
86,87,89
86,87,90
86,87,91
86,87,97
86,87,98
86,87,99
86,87,100
86,87,103
86,87,104
86,88,89
86,88,90
86,88,91
86,88,97
86,88,98
86,88,99
86,88,100
86,88,103
86,88,104
86,89,90
86,89,91
86,89,97
86,89,98
86,89,99
86,89,100
86,89,103
86,89,104
86,90,97
86,90,99
86,90,100
86,90,103
86,90,104
86,91,97
86,91,98
86,91,99
86,91,102
86,91,103
86,91,104
86,93,94
86,93,101
86,94,101
86,95,96
86,97,98
86,97,99
86,97,103
86,97,104
86,98,99
86,98,100
86,98,102
86,98,103
86,98,104
86,99,100
86,99,103
86,99,104
86,100,103
86,100,104
86,102,103
86,102,104
86,103,104
87,1,5
87,1,7
87,1,10
87,1,12
87,1,22
87,1,24
87,1,27
87,1,29
87,1,41
87,1,45
87,1,46
87,1,47
87,1,48
87,1,49
87,1,52
87,1,53
87,1,54
87,1,55
87,1,63
87,1,65
87,1,66
87,1,71
87,1,73
87,1,78
87,1,79
87,1,81
87,1,82
87,1,88
87,1,94
87,1,99
87,1,100
87,1,101
87,1,102
87,1,106
87,2,3
87,2,7
87,2,8
87,2,10
87,2,54
87,2,55
87,2,58
87,2,59
87,2,65
87,2,66
87,2,75
87,2,76
87,2,83
87,2,99
87,2,100
87,2,101
87,2,102
87,2,105
87,2,106
87,3,7
87,3,8
87,3,10
87,3,29
87,3,41
87,3,48
87,3,49
87,3,52
87,3,53
87,3,54
87,3,55
87,3,58
87,3,59
87,3,65
87,3,66
87,3,75
87,3,76
87,3,81
87,3,83
87,3,99
87,3,100
87,3,101
87,3,102
87,3,105
87,3,106
87,4,5
87,4,12
87,4,22
87,4,47
87,4,71
87,4,77
87,4,78
87,4,79
87,4,88
87,4,90
87,4,94
87,5,12
87,5,22
87,5,46
87,5,47
87,5,48
87,5,71
87,5,77
87,5,78
87,5,79
87,5,88
87,5,89
87,5,90
87,5,94
87,5,100
87,6,13
87,6,17
87,6,25
87,6,26
87,6,28
87,6,30
87,6,31
87,6,32
87,6,34
87,6,35
87,6,43
87,6,56
87,6,57
87,6,60
87,6,61
87,6,62
87,6,84
87,6,85
87,6,86
87,6,87
87,6,92
87,6,93
87,7,8
87,7,10
87,7,19
87,7,29
87,7,41
87,7,45
87,7,48
87,7,49
87,7,52
87,7,53
87,7,54
87,7,55
87,7,58
87,7,59
87,7,63
87,7,65
87,7,66
87,7,75
87,7,76
87,7,81
87,7,99
87,7,100
87,7,101
87,7,102
87,7,105
87,7,106
87,8,26
87,8,66
87,8,75
87,8,76
87,8,87
87,9,20
87,9,21
87,9,38
87,9,50
87,9,51
87,9,69
87,9,70
87,9,84
87,9,97
87,9,98
87,10,22
87,10,24
87,10,29
87,10,41
87,10,45
87,10,48
87,10,49
87,10,52
87,10,53
87,10,54
87,10,55
87,10,58
87,10,59
87,10,63
87,10,65
87,10,66
87,10,73
87,10,75
87,10,76
87,10,81
87,10,82
87,10,99
87,10,100
87,10,101
87,10,102
87,10,105
87,10,106
87,12,22
87,12,27
87,12,41
87,12,45
87,12,46
87,12,47
87,12,48
87,12,52
87,12,53
87,12,63
87,12,71
87,12,77
87,12,78
87,12,79
87,12,81
87,12,82
87,12,88
87,12,89
87,12,90
87,12,94
87,12,99
87,12,100
87,12,102
87,13,25
87,13,26
87,13,28
87,13,30
87,13,31
87,13,32
87,13,33
87,13,34
87,13,35
87,13,43
87,13,56
87,13,57
87,13,60
87,13,61
87,13,62
87,13,85
87,13,87
87,13,93
87,14,29
87,14,45
87,14,48
87,14,53
87,14,63
87,14,81
87,14,82
87,14,100
87,14,102
87,15,26
87,15,28
87,15,35
87,15,42
87,15,44
87,15,68
87,15,87
87,16,35
87,16,87
87,17,25
87,17,26
87,17,28
87,17,30
87,17,31
87,17,32
87,17,34
87,17,43
87,17,56
87,17,57
87,17,60
87,17,61
87,17,62
87,17,85
87,17,92
87,17,93
87,18,19
87,19,69
87,19,70
87,19,75
87,20,21
87,20,38
87,20,50
87,20,51
87,20,69
87,20,70
87,20,91
87,21,50
87,21,51
87,21,70
87,21,91
87,21,97
87,22,24
87,22,29
87,22,41
87,22,45
87,22,46
87,22,47
87,22,48
87,22,49
87,22,52
87,22,53
87,22,54
87,22,55
87,22,63
87,22,71
87,22,73
87,22,77
87,22,78
87,22,79
87,22,81
87,22,82
87,22,88
87,22,89
87,22,90
87,22,94
87,22,99
87,22,100
87,22,102
87,22,106
87,23,35
87,23,42
87,23,62
87,23,87
87,24,65
87,24,89
87,24,94
87,25,30
87,25,31
87,25,32
87,25,34
87,25,43
87,25,56
87,25,57
87,25,60
87,25,61
87,25,62
87,25,72
87,25,84
87,25,85
87,25,86
87,25,87
87,25,92
87,25,93
87,26,28
87,26,30
87,26,31
87,26,33
87,26,35
87,26,36
87,26,43
87,26,56
87,26,57
87,26,60
87,26,62
87,26,72
87,26,84
87,26,85
87,26,87
87,26,92
87,26,93
87,26,104
87,27,46
87,27,47
87,27,77
87,27,78
87,27,79
87,27,88
87,28,30
87,28,31
87,28,32
87,28,33
87,28,34
87,28,35
87,28,36
87,28,42
87,28,43
87,28,44
87,28,56
87,28,57
87,28,60
87,28,61
87,28,62
87,28,85
87,28,87
87,28,92
87,28,93
87,29,41
87,29,45
87,29,46
87,29,47
87,29,48
87,29,49
87,29,52
87,29,53
87,29,54
87,29,55
87,29,63
87,29,65
87,29,66
87,29,71
87,29,75
87,29,76
87,29,81
87,29,82
87,29,94
87,29,99
87,29,100
87,29,101
87,29,102
87,29,105
87,29,106
87,30,31
87,30,32
87,30,33
87,30,34
87,30,35
87,30,42
87,30,43
87,30,56
87,30,57
87,30,60
87,30,61
87,30,62
87,30,85
87,30,86
87,30,87
87,30,92
87,30,93
87,31,32
87,31,33
87,31,35
87,31,43
87,31,56
87,31,57
87,31,60
87,31,61
87,31,62
87,31,85
87,31,86
87,31,87
87,31,92
87,31,93
87,32,43
87,32,56
87,32,57
87,32,60
87,32,61
87,32,85
87,32,92
87,32,93
87,33,34
87,33,35
87,33,36
87,33,42
87,33,43
87,33,56
87,33,57
87,33,60
87,33,61
87,33,62
87,33,72
87,33,85
87,33,87
87,33,93
87,34,43
87,34,56
87,34,57
87,34,60
87,34,61
87,34,72
87,34,85
87,34,86
87,34,92
87,34,93
87,35,36
87,35,40
87,35,42
87,35,43
87,35,44
87,35,56
87,35,57
87,35,60
87,35,62
87,35,72
87,35,85
87,35,87
87,35,93
87,35,95
87,36,37
87,36,87
87,38,70
87,40,62
87,41,45
87,41,46
87,41,47
87,41,48
87,41,49
87,41,52
87,41,53
87,41,54
87,41,55
87,41,63
87,41,65
87,41,66
87,41,71
87,41,73
87,41,76
87,41,78
87,41,81
87,41,82
87,41,94
87,41,99
87,41,100
87,41,101
87,41,102
87,41,106
87,42,43
87,42,44
87,42,61
87,42,87
87,43,56
87,43,57
87,43,60
87,43,61
87,43,62
87,43,72
87,43,85
87,43,87
87,43,92
87,43,93
87,45,46
87,45,47
87,45,48
87,45,49
87,45,52
87,45,53
87,45,54
87,45,55
87,45,63
87,45,65
87,45,66
87,45,73
87,45,76
87,45,78
87,45,79
87,45,81
87,45,82
87,45,94
87,45,99
87,45,100
87,45,101
87,45,102
87,45,106
87,46,47
87,46,48
87,46,49
87,46,52
87,46,53
87,46,54
87,46,63
87,46,71
87,46,73
87,46,77
87,46,78
87,46,79
87,46,81
87,46,82
87,46,88
87,46,89
87,46,94
87,46,99
87,46,100
87,46,102
87,46,106
87,47,48
87,47,49
87,47,53
87,47,54
87,47,55
87,47,71
87,47,77
87,47,78
87,47,79
87,47,88
87,47,89
87,47,90
87,47,94
87,47,99
87,47,100
87,47,102
87,47,106
87,48,49
87,48,52
87,48,53
87,48,54
87,48,55
87,48,63
87,48,65
87,48,66
87,48,71
87,48,73
87,48,76
87,48,78
87,48,79
87,48,81
87,48,82
87,48,88
87,48,94
87,48,99
87,48,100
87,48,101
87,48,102
87,48,106
87,49,52
87,49,53
87,49,54
87,49,55
87,49,63
87,49,65
87,49,66
87,49,71
87,49,73
87,49,75
87,49,76
87,49,78
87,49,81
87,49,82
87,49,94
87,49,99
87,49,100
87,49,101
87,49,102
87,49,106
87,50,51
87,50,70
87,51,70
87,52,53
87,52,54
87,52,55
87,52,63
87,52,65
87,52,66
87,52,73
87,52,75
87,52,76
87,52,81
87,52,82
87,52,99
87,52,100
87,52,101
87,52,102
87,52,105
87,52,106
87,53,54
87,53,55
87,53,63
87,53,65
87,53,66
87,53,71
87,53,73
87,53,75
87,53,76
87,53,81
87,53,82
87,53,99
87,53,100
87,53,101
87,53,102
87,53,105
87,53,106
87,54,55
87,54,63
87,54,65
87,54,66
87,54,71
87,54,75
87,54,76
87,54,78
87,54,81
87,54,82
87,54,88
87,54,90
87,54,94
87,54,99
87,54,100
87,54,101
87,54,102
87,54,105
87,54,106
87,55,58
87,55,59
87,55,63
87,55,65
87,55,66
87,55,75
87,55,76
87,55,81
87,55,82
87,55,94
87,55,99
87,55,100
87,55,101
87,55,102
87,55,105
87,55,106
87,56,57
87,56,60
87,56,61
87,56,62
87,56,84
87,56,85
87,56,86
87,56,87
87,56,92
87,56,93
87,57,60
87,57,61
87,57,62
87,57,84
87,57,85
87,57,86
87,57,87
87,57,92
87,57,93
87,58,59
87,58,65
87,58,66
87,58,75
87,58,76
87,58,100
87,58,101
87,58,105
87,59,65
87,59,66
87,59,75
87,59,76
87,59,83
87,59,99
87,59,100
87,59,101
87,59,105
87,59,106
87,60,61
87,60,62
87,60,85
87,60,87
87,60,92
87,60,93
87,61,72
87,61,85
87,61,86
87,61,93
87,62,72
87,62,85
87,62,87
87,62,92
87,62,93
87,63,64
87,63,65
87,63,66
87,63,73
87,63,76
87,63,79
87,63,81
87,63,82
87,63,99
87,63,100
87,63,101
87,63,102
87,63,105
87,63,106
87,64,67
87,64,68
87,65,66
87,65,75
87,65,76
87,65,81
87,65,82
87,65,99
87,65,100
87,65,101
87,65,102
87,65,105
87,65,106
87,66,75
87,66,76
87,66,81
87,66,82
87,66,90
87,66,99
87,66,100
87,66,101
87,66,102
87,66,105
87,66,106
87,67,68
87,68,80
87,69,70
87,69,83
87,70,83
87,71,77
87,71,78
87,71,79
87,71,88
87,71,89
87,71,90
87,71,94
87,71,99
87,71,100
87,71,102
87,71,106
87,72,85
87,72,87
87,73,79
87,73,81
87,73,99
87,73,100
87,75,76
87,75,99
87,75,100
87,75,101
87,75,102
87,75,105
87,75,106
87,76,81
87,76,82
87,76,99
87,76,100
87,76,101
87,76,102
87,76,105
87,76,106
87,77,78
87,77,79
87,77,88
87,77,89
87,77,90
87,77,94
87,78,79
87,78,88
87,78,89
87,78,90
87,78,94
87,79,88
87,79,89
87,79,94
87,81,82
87,81,94
87,81,99
87,81,100
87,81,101
87,81,102
87,81,105
87,81,106
87,82,94
87,82,99
87,82,100
87,82,101
87,82,102
87,82,106
87,84,91
87,84,92
87,84,97
87,84,98
87,85,86
87,85,87
87,85,92
87,85,93
87,87,92
87,87,93
87,87,95
87,87,104
87,88,89
87,88,90
87,88,94
87,88,106
87,89,90
87,89,94
87,90,94
87,90,101
87,90,106
87,91,97
87,92,93
87,92,97
87,94,99
87,94,102
87,94,106
87,95,96
87,97,98
87,99,100
87,99,101
87,99,102
87,99,105
87,99,106
87,100,101
87,100,102
87,100,105
87,100,106
87,101,102
87,101,105
87,101,106
87,102,105
87,102,106
87,105,106
88,1,4
88,1,6
88,1,8
88,1,11
88,1,12
88,1,16
88,1,17
88,1,21
88,1,24
88,1,27
88,1,28
88,1,30
88,1,31
88,1,40
88,1,42
88,1,44
88,1,46
88,1,47
88,1,48
88,1,49
88,1,52
88,1,53
88,1,54
88,1,55
88,1,60
88,1,62
88,1,63
88,1,64
88,1,66
88,1,67
88,1,70
88,1,74
88,1,77
88,1,79
88,1,80
88,1,81
88,1,84
88,1,86
88,1,87
88,1,89
88,1,92
88,1,97
88,1,98
88,1,99
88,1,100
88,1,101
88,1,104
88,2,5
88,2,6
88,2,11
88,2,12
88,2,13
88,2,16
88,2,17
88,2,24
88,2,27
88,2,28
88,2,30
88,2,31
88,2,40
88,2,41
88,2,42
88,2,44
88,2,45
88,2,46
88,2,47
88,2,48
88,2,49
88,2,52
88,2,53
88,2,54
88,2,55
88,2,60
88,2,62
88,2,63
88,2,64
88,2,66
88,2,67
88,2,70
88,2,73
88,2,74
88,2,75
88,2,77
88,2,78
88,2,79
88,2,80
88,2,81
88,2,84
88,2,92
88,2,93
88,2,97
88,2,98
88,2,100
88,2,101
88,2,102
88,2,104
88,3,4
88,3,8
88,3,9
88,3,10
88,3,20
88,3,21
88,3,22
88,3,23
88,3,38
88,3,39
88,3,50
88,3,51
88,3,68
88,3,69
88,3,83
88,3,88
88,3,99
88,4,8
88,4,9
88,4,20
88,4,21
88,4,38
88,4,50
88,4,51
88,4,68
88,4,69
88,4,83
88,4,88
88,4,99
88,5,6
88,5,70
88,5,76
88,5,77
88,5,87
88,6,12
88,6,13
88,6,16
88,6,24
88,6,27
88,6,30
88,6,31
88,6,40
88,6,42
88,6,44
88,6,46
88,6,47
88,6,48
88,6,49
88,6,52
88,6,54
88,6,55
88,6,58
88,6,60
88,6,62
88,6,64
88,6,70
88,6,74
88,6,77
88,6,79
88,6,80
88,6,81
88,6,84
88,6,87
88,6,92
88,6,97
88,6,100
88,6,104
88,7,15
88,7,19
88,7,26
88,7,56
88,7,57
88,7,61
88,7,65
88,7,90
88,7,91
88,7,103
88,8,13
88,8,21
88,8,24
88,8,40
88,8,48
88,8,49
88,8,52
88,8,54
88,8,55
88,8,58
88,8,59
88,8,64
88,8,74
88,8,75
88,8,97
88,8,99
88,8,104
88,9,13
88,9,21
88,9,88
88,10,20
88,10,22
88,10,23
88,10,39
88,10,50
88,10,51
88,10,68
88,10,69
88,10,88
88,10,95
88,10,96
88,11,25
88,11,41
88,11,45
88,11,63
88,11,66
88,11,67
88,11,78
88,11,93
88,11,94
88,12,16
88,12,24
88,12,30
88,12,31
88,12,40
88,12,42
88,12,44
88,12,46
88,12,47
88,12,48
88,12,49
88,12,52
88,12,53
88,12,54
88,12,55
88,12,60
88,12,62
88,12,64
88,12,70
88,12,73
88,12,74
88,12,75
88,12,77
88,12,79
88,12,80
88,12,81
88,12,84
88,12,87
88,12,92
88,12,97
88,12,98
88,12,100
88,12,101
88,12,104
88,13,16
88,13,17
88,13,24
88,13,30
88,13,31
88,13,40
88,13,42
88,13,44
88,13,46
88,13,48
88,13,49
88,13,52
88,13,54
88,13,58
88,13,60
88,13,62
88,13,64
88,13,66
88,13,75
88,13,77
88,13,79
88,13,80
88,13,81
88,13,97
88,13,100
88,13,104
88,14,15
88,14,18
88,14,26
88,14,29
88,14,32
88,14,34
88,14,35
88,14,45
88,14,94
88,15,26
88,15,34
88,15,56
88,15,57
88,15,65
88,15,91
88,15,103
88,16,17
88,16,24
88,16,28
88,16,30
88,16,31
88,16,40
88,16,42
88,16,44
88,16,46
88,16,47
88,16,48
88,16,49
88,16,52
88,16,53
88,16,54
88,16,60
88,16,62
88,16,63
88,16,64
88,16,66
88,16,67
88,16,70
88,16,73
88,16,77
88,16,79
88,16,80
88,16,81
88,16,84
88,16,87
88,16,92
88,16,97
88,16,98
88,16,100
88,16,101
88,17,24
88,17,30
88,17,31
88,17,40
88,17,42
88,17,44
88,17,46
88,17,48
88,17,60
88,17,62
88,17,63
88,17,64
88,17,80
88,17,81
88,17,98
88,17,100
88,18,25
88,18,29
88,18,32
88,18,34
88,18,35
88,18,43
88,18,45
88,18,93
88,18,94
88,19,56
88,19,57
88,19,103
88,20,21
88,20,39
88,20,50
88,20,51
88,20,68
88,20,69
88,20,88
88,21,38
88,21,69
88,21,83
88,21,87
88,21,88
88,21,99
88,22,23
88,22,38
88,22,39
88,22,50
88,22,51
88,22,68
88,22,69
88,22,82
88,22,95
88,22,96
88,23,38
88,23,39
88,23,50
88,23,51
88,23,68
88,23,69
88,23,83
88,23,88
88,23,95
88,23,96
88,24,30
88,24,31
88,24,40
88,24,42
88,24,44
88,24,46
88,24,47
88,24,48
88,24,49
88,24,52
88,24,53
88,24,54
88,24,55
88,24,60
88,24,62
88,24,64
88,24,70
88,24,74
88,24,75
88,24,77
88,24,79
88,24,80
88,24,81
88,24,84
88,24,87
88,24,92
88,24,97
88,24,98
88,24,100
88,24,101
88,24,104
88,25,41
88,25,43
88,25,45
88,25,63
88,25,66
88,25,67
88,25,78
88,25,94
88,26,32
88,26,34
88,26,56
88,26,57
88,26,85
88,26,91
88,26,103
88,27,30
88,27,31
88,27,40
88,27,44
88,27,46
88,27,47
88,27,48
88,27,49
88,27,52
88,27,54
88,27,55
88,27,70
88,27,79
88,27,80
88,27,84
88,27,87
88,27,92
88,27,97
88,27,100
88,27,101
88,27,104
88,28,31
88,28,46
88,28,47
88,28,62
88,28,63
88,28,77
88,28,79
88,28,84
88,28,101
88,28,102
88,29,32
88,29,34
88,29,35
88,29,36
88,29,45
88,29,94
88,30,31
88,30,40
88,30,42
88,30,44
88,30,46
88,30,47
88,30,48
88,30,49
88,30,52
88,30,53
88,30,54
88,30,55
88,30,60
88,30,62
88,30,64
88,30,70
88,30,74
88,30,75
88,30,77
88,30,79
88,30,80
88,30,81
88,30,84
88,30,87
88,30,92
88,30,97
88,30,98
88,30,100
88,30,101
88,30,104
88,31,40
88,31,42
88,31,44
88,31,46
88,31,47
88,31,48
88,31,49
88,31,52
88,31,53
88,31,54
88,31,55
88,31,60
88,31,62
88,31,64
88,31,70
88,31,74
88,31,75
88,31,77
88,31,79
88,31,80
88,31,81
88,31,84
88,31,87
88,31,92
88,31,97
88,31,98
88,31,100
88,31,101
88,31,104
88,32,34
88,33,36
88,34,35
88,34,36
88,34,85
88,35,36
88,35,45
88,35,94
88,36,37
88,38,39
88,38,50
88,38,51
88,38,68
88,38,69
88,38,83
88,38,88
88,39,50
88,39,51
88,39,68
88,39,69
88,39,95
88,39,96
88,40,42
88,40,44
88,40,46
88,40,47
88,40,48
88,40,49
88,40,52
88,40,53
88,40,54
88,40,55
88,40,60
88,40,62
88,40,64
88,40,70
88,40,74
88,40,75
88,40,77
88,40,79
88,40,80
88,40,81
88,40,84
88,40,87
88,40,92
88,40,97
88,40,98
88,40,100
88,40,101
88,40,104
88,41,45
88,41,63
88,41,67
88,41,78
88,41,93
88,41,94
88,42,44
88,42,46
88,42,47
88,42,48
88,42,49
88,42,52
88,42,53
88,42,54
88,42,55
88,42,60
88,42,62
88,42,64
88,42,70
88,42,74
88,42,75
88,42,77
88,42,79
88,42,80
88,42,81
88,42,84
88,42,87
88,42,92
88,42,97
88,42,98
88,42,100
88,42,101
88,42,104
88,43,78
88,43,94
88,44,46
88,44,47
88,44,48
88,44,49
88,44,52
88,44,53
88,44,54
88,44,55
88,44,60
88,44,62
88,44,63
88,44,64
88,44,66
88,44,70
88,44,74
88,44,77
88,44,79
88,44,80
88,44,81
88,44,84
88,44,87
88,44,92
88,44,97
88,44,98
88,44,100
88,44,101
88,44,104
88,45,67
88,45,93
88,45,94
88,46,47
88,46,48
88,46,49
88,46,52
88,46,53
88,46,54
88,46,55
88,46,60
88,46,62
88,46,63
88,46,64
88,46,66
88,46,70
88,46,73
88,46,74
88,46,77
88,46,79
88,46,80
88,46,81
88,46,84
88,46,87
88,46,92
88,46,97
88,46,100
88,46,101
88,46,104
88,47,48
88,47,49
88,47,52
88,47,54
88,47,55
88,47,60
88,47,62
88,47,64
88,47,70
88,47,74
88,47,77
88,47,79
88,47,80
88,47,81
88,47,84
88,47,87
88,47,92
88,47,97
88,47,98
88,47,100
88,47,101
88,47,104
88,48,49
88,48,52
88,48,53
88,48,54
88,48,55
88,48,60
88,48,62
88,48,64
88,48,70
88,48,74
88,48,75
88,48,77
88,48,79
88,48,80
88,48,81
88,48,84
88,48,87
88,48,89
88,48,92
88,48,97
88,48,98
88,48,100
88,48,101
88,48,104
88,49,52
88,49,53
88,49,54
88,49,55
88,49,60
88,49,62
88,49,64
88,49,70
88,49,74
88,49,75
88,49,77
88,49,79
88,49,80
88,49,81
88,49,84
88,49,87
88,49,92
88,49,97
88,49,98
88,49,100
88,49,101
88,49,104
88,50,51
88,50,68
88,50,69
88,50,88
88,50,95
88,50,96
88,51,68
88,51,69
88,51,82
88,51,83
88,51,88
88,51,95
88,51,96
88,52,53
88,52,54
88,52,55
88,52,59
88,52,60
88,52,62
88,52,64
88,52,70
88,52,74
88,52,75
88,52,77
88,52,79
88,52,80
88,52,81
88,52,84
88,52,87
88,52,89
88,52,92
88,52,97
88,52,98
88,52,100
88,52,101
88,52,104
88,53,60
88,53,62
88,53,64
88,53,70
88,53,75
88,53,80
88,53,84
88,53,92
88,53,97
88,53,98
88,53,100
88,53,101
88,53,104
88,54,55
88,54,60
88,54,62
88,54,64
88,54,70
88,54,74
88,54,77
88,54,79
88,54,80
88,54,81
88,54,84
88,54,87
88,54,92
88,54,97
88,54,98
88,54,100
88,54,101
88,54,104
88,55,60
88,55,62
88,55,64
88,55,70
88,55,74
88,55,75
88,55,77
88,55,79
88,55,80
88,55,81
88,55,84
88,55,87
88,55,92
88,55,97
88,55,98
88,55,100
88,55,104
88,56,57
88,56,61
88,56,65
88,56,85
88,56,90
88,56,91
88,56,103
88,57,61
88,57,65
88,57,85
88,57,90
88,57,91
88,57,103
88,58,59
88,58,75
88,58,87
88,58,97
88,59,75
88,59,87
88,59,97
88,60,62
88,60,64
88,60,70
88,60,74
88,60,75
88,60,77
88,60,79
88,60,80
88,60,81
88,60,84
88,60,92
88,60,97
88,60,98
88,60,100
88,60,104
88,61,65
88,61,103
88,62,63
88,62,64
88,62,66
88,62,70
88,62,74
88,62,77
88,62,79
88,62,80
88,62,81
88,62,84
88,62,87
88,62,92
88,62,97
88,62,98
88,62,100
88,62,101
88,62,104
88,63,66
88,63,67
88,63,78
88,63,80
88,64,70
88,64,74
88,64,77
88,64,79
88,64,80
88,64,81
88,64,84
88,64,92
88,64,97
88,64,98
88,64,100
88,64,104
88,65,90
88,65,91
88,65,103
88,66,67
88,66,78
88,67,78
88,68,69
88,68,83
88,68,88
88,68,95
88,69,83
88,69,88
88,69,95
88,70,73
88,70,74
88,70,75
88,70,77
88,70,79
88,70,80
88,70,81
88,70,84
88,70,87
88,70,89
88,70,92
88,70,97
88,70,98
88,70,100
88,70,101
88,70,104
88,73,79
88,73,84
88,73,101
88,74,75
88,74,79
88,74,80
88,74,84
88,74,87
88,74,92
88,74,97
88,74,104
88,75,97
88,75,98
88,75,100
88,75,104
88,76,87
88,77,79
88,77,80
88,77,81
88,77,84
88,77,87
88,77,92
88,77,97
88,77,100
88,77,101
88,77,104
88,78,94
88,79,80
88,79,81
88,79,84
88,79,87
88,79,92
88,79,97
88,79,100
88,79,101
88,79,104
88,80,81
88,80,84
88,80,87
88,80,92
88,80,97
88,80,98
88,80,100
88,80,101
88,80,104
88,81,84
88,81,87
88,81,97
88,81,98
88,81,100
88,81,101
88,81,104
88,82,95
88,82,96
88,83,87
88,83,88
88,84,87
88,84,92
88,84,97
88,84,98
88,84,100
88,84,101
88,84,104
88,86,87
88,87,89
88,87,92
88,87,97
88,87,98
88,87,99
88,87,100
88,87,101
88,87,104
88,89,92
88,89,97
88,90,91
88,90,103
88,91,103
88,92,97
88,92,98
88,92,100
88,92,101
88,92,104
88,93,94
88,95,96
88,97,98
88,97,100
88,97,101
88,97,104
88,98,100
88,98,101
88,98,104
88,100,101
88,100,104
88,101,102
88,101,104
89,1,6
89,1,14
89,1,15
89,1,23
89,1,27
89,1,29
89,1,39
89,1,40
89,1,41
89,1,42
89,1,44
89,1,45
89,1,47
89,1,48
89,1,52
89,1,53
89,1,54
89,1,61
89,1,62
89,1,63
89,1,64
89,1,65
89,1,66
89,1,73
89,1,76
89,1,78
89,1,79
89,1,80
89,1,82
89,1,87
89,1,88
89,1,91
89,1,97
89,1,98
89,1,104
89,2,3
89,2,9
89,2,18
89,2,19
89,2,20
89,2,36
89,2,49
89,2,50
89,2,67
89,2,68
89,2,82
89,2,83
89,3,6
89,3,18
89,3,19
89,3,68
89,3,82
89,3,83
89,4,5
89,4,24
89,4,28
89,4,69
89,4,72
89,4,75
89,4,76
89,4,78
89,4,84
89,5,14
89,5,23
89,5,24
89,5,28
89,5,29
89,5,39
89,5,40
89,5,44
89,5,47
89,5,48
89,5,52
89,5,53
89,5,62
89,5,63
89,5,64
89,5,69
89,5,76
89,5,78
89,5,80
89,5,84
89,5,87
89,5,88
89,5,91
89,5,97
89,5,98
89,5,104
89,6,19
89,6,23
89,6,29
89,6,37
89,6,39
89,6,40
89,6,41
89,6,42
89,6,44
89,6,47
89,6,48
89,6,52
89,6,54
89,6,62
89,6,63
89,6,64
89,6,65
89,6,73
89,6,74
89,6,79
89,6,80
89,6,87
89,6,88
89,6,91
89,6,97
89,6,98
89,6,104
89,7,11
89,7,12
89,7,13
89,7,25
89,7,26
89,7,31
89,7,33
89,7,55
89,7,56
89,7,70
89,7,81
89,7,85
89,7,89
89,7,90
89,7,103
89,8,82
89,9,20
89,9,21
89,9,36
89,9,49
89,9,50
89,9,67
89,9,68
89,9,83
89,9,94
89,9,95
89,9,96
89,10,38
89,10,77
89,10,82
89,11,12
89,11,13
89,11,25
89,11,26
89,11,32
89,11,33
89,11,55
89,11,56
89,11,59
89,11,70
89,11,81
89,11,85
89,11,89
89,11,103
89,12,13
89,12,25
89,12,26
89,12,32
89,12,33
89,12,56
89,12,70
89,12,85
89,13,25
89,13,26
89,13,30
89,13,31
89,13,33
89,13,55
89,13,56
89,13,70
89,13,85
89,13,89
89,13,103
89,14,15
89,14,23
89,14,27
89,14,28
89,14,29
89,14,39
89,14,40
89,14,41
89,14,42
89,14,44
89,14,45
89,14,47
89,14,48
89,14,52
89,14,61
89,14,62
89,14,63
89,14,65
89,14,66
89,14,73
89,14,74
89,14,78
89,14,79
89,14,80
89,14,84
89,14,87
89,14,88
89,14,91
89,14,97
89,14,98
89,14,100
89,14,101
89,14,104
89,15,23
89,15,28
89,15,29
89,15,39
89,15,40
89,15,41
89,15,42
89,15,44
89,15,45
89,15,47
89,15,48
89,15,52
89,15,53
89,15,61
89,15,62
89,15,63
89,15,64
89,15,65
89,15,66
89,15,76
89,15,78
89,15,79
89,15,80
89,15,84
89,15,87
89,15,88
89,15,91
89,15,97
89,15,98
89,15,100
89,15,104
89,16,93
89,17,90
89,17,103
89,18,19
89,18,49
89,18,50
89,18,68
89,19,37
89,20,21
89,20,49
89,20,50
89,20,67
89,20,68
89,20,83
89,20,94
89,20,95
89,20,96
89,21,36
89,21,49
89,21,50
89,21,67
89,21,68
89,21,83
89,21,94
89,21,96
89,23,24
89,23,28
89,23,29
89,23,39
89,23,40
89,23,41
89,23,42
89,23,44
89,23,45
89,23,47
89,23,48
89,23,52
89,23,53
89,23,54
89,23,61
89,23,62
89,23,63
89,23,64
89,23,65
89,23,66
89,23,73
89,23,74
89,23,76
89,23,78
89,23,79
89,23,80
89,23,82
89,23,84
89,23,87
89,23,88
89,23,91
89,23,97
89,23,98
89,23,100
89,23,104
89,24,28
89,24,29
89,24,39
89,24,40
89,24,41
89,24,42
89,24,45
89,24,47
89,24,48
89,24,52
89,24,53
89,24,54
89,24,62
89,24,63
89,24,64
89,24,65
89,24,69
89,24,72
89,24,73
89,24,74
89,24,76
89,24,78
89,24,80
89,24,84
89,24,87
89,24,88
89,24,91
89,24,97
89,24,98
89,24,100
89,24,101
89,24,104
89,25,26
89,25,30
89,25,31
89,25,33
89,25,55
89,25,56
89,25,59
89,25,70
89,25,85
89,25,89
89,25,90
89,25,103
89,26,31
89,26,32
89,26,33
89,26,35
89,26,43
89,26,90
89,27,39
89,27,40
89,27,42
89,27,44
89,27,45
89,27,48
89,27,52
89,27,62
89,27,64
89,27,65
89,27,76
89,27,78
89,27,79
89,27,80
89,27,84
89,27,91
89,27,101
89,27,102
89,27,104
89,28,29
89,28,39
89,28,40
89,28,41
89,28,44
89,28,47
89,28,48
89,28,52
89,28,53
89,28,62
89,28,63
89,28,65
89,28,69
89,28,82
89,28,84
89,28,87
89,28,88
89,28,97
89,28,98
89,28,100
89,28,101
89,29,39
89,29,40
89,29,41
89,29,42
89,29,44
89,29,45
89,29,47
89,29,48
89,29,52
89,29,53
89,29,54
89,29,62
89,29,63
89,29,64
89,29,65
89,29,69
89,29,73
89,29,74
89,29,76
89,29,78
89,29,79
89,29,80
89,29,84
89,29,87
89,29,88
89,29,91
89,29,97
89,29,98
89,29,100
89,29,101
89,29,102
89,29,104
89,30,31
89,30,33
89,30,85
89,31,55
89,31,56
89,31,81
89,31,85
89,31,89
89,31,90
89,31,103
89,32,33
89,32,70
89,32,85
89,33,35
89,33,55
89,33,56
89,33,70
89,33,85
89,34,35
89,35,43
89,35,82
89,36,49
89,36,50
89,36,67
89,36,68
89,36,94
89,36,95
89,36,96
89,37,82
89,37,87
89,38,82
89,39,40
89,39,41
89,39,42
89,39,44
89,39,45
89,39,47
89,39,48
89,39,52
89,39,53
89,39,54
89,39,60
89,39,61
89,39,62
89,39,63
89,39,64
89,39,65
89,39,66
89,39,69
89,39,72
89,39,73
89,39,74
89,39,76
89,39,78
89,39,79
89,39,80
89,39,84
89,39,86
89,39,87
89,39,88
89,39,91
89,39,97
89,39,98
89,39,100
89,39,101
89,39,104
89,40,41
89,40,42
89,40,44
89,40,45
89,40,47
89,40,48
89,40,52
89,40,53
89,40,54
89,40,61
89,40,62
89,40,63
89,40,64
89,40,65
89,40,66
89,40,72
89,40,73
89,40,74
89,40,76
89,40,78
89,40,79
89,40,80
89,40,84
89,40,87
89,40,88
89,40,91
89,40,97
89,40,98
89,40,100
89,40,101
89,40,102
89,40,104
89,41,42
89,41,44
89,41,45
89,41,47
89,41,48
89,41,52
89,41,53
89,41,54
89,41,60
89,41,61
89,41,62
89,41,63
89,41,64
89,41,65
89,41,69
89,41,73
89,41,74
89,41,79
89,41,80
89,41,82
89,41,84
89,41,87
89,41,88
89,41,91
89,41,97
89,41,98
89,41,100
89,41,104
89,42,44
89,42,45
89,42,47
89,42,48
89,42,52
89,42,53
89,42,54
89,42,61
89,42,62
89,42,63
89,42,65
89,42,66
89,42,73
89,42,76
89,42,78
89,42,79
89,42,80
89,42,84
89,42,87
89,42,88
89,42,91
89,42,97
89,42,98
89,42,100
89,42,101
89,42,102
89,42,104
89,43,82
89,44,45
89,44,47
89,44,48
89,44,52
89,44,53
89,44,54
89,44,61
89,44,62
89,44,63
89,44,64
89,44,65
89,44,66
89,44,73
89,44,76
89,44,78
89,44,79
89,44,80
89,44,84
89,44,87
89,44,88
89,44,91
89,44,97
89,44,98
89,44,101
89,44,102
89,44,104
89,45,47
89,45,48
89,45,52
89,45,53
89,45,54
89,45,61
89,45,62
89,45,63
89,45,64
89,45,65
89,45,72
89,45,73
89,45,74
89,45,76
89,45,78
89,45,79
89,45,80
89,45,84
89,45,86
89,45,87
89,45,88
89,45,91
89,45,97
89,45,98
89,45,101
89,45,102
89,45,104
89,47,48
89,47,52
89,47,53
89,47,54
89,47,61
89,47,62
89,47,63
89,47,64
89,47,65
89,47,66
89,47,69
89,47,73
89,47,76
89,47,78
89,47,79
89,47,80
89,47,84
89,47,86
89,47,87
89,47,88
89,47,91
89,47,97
89,47,98
89,47,100
89,47,101
89,47,104
89,48,52
89,48,53
89,48,54
89,48,61
89,48,62
89,48,63
89,48,64
89,48,65
89,48,66
89,48,69
89,48,73
89,48,74
89,48,76
89,48,78
89,48,79
89,48,80
89,48,84
89,48,87
89,48,88
89,48,91
89,48,97
89,48,98
89,48,100
89,48,101
89,48,102
89,48,104
89,49,50
89,49,67
89,49,68
89,49,81
89,49,83
89,49,94
89,49,95
89,49,96
89,50,67
89,50,68
89,50,83
89,50,94
89,51,52
89,51,64
89,51,82
89,52,53
89,52,54
89,52,62
89,52,63
89,52,64
89,52,65
89,52,69
89,52,73
89,52,74
89,52,76
89,52,78
89,52,79
89,52,80
89,52,82
89,52,84
89,52,87
89,52,88
89,52,91
89,52,97
89,52,98
89,52,100
89,52,104
89,53,54
89,53,62
89,53,63
89,53,64
89,53,65
89,53,69
89,53,73
89,53,74
89,53,76
89,53,78
89,53,79
89,53,80
89,53,82
89,53,84
89,53,87
89,53,88
89,53,91
89,53,97
89,53,98
89,53,101
89,53,104
89,54,62
89,54,63
89,54,64
89,54,65
89,54,73
89,54,74
89,54,76
89,54,78
89,54,79
89,54,80
89,54,82
89,54,84
89,54,87
89,54,88
89,54,91
89,54,97
89,54,98
89,54,104
89,55,56
89,55,59
89,55,70
89,55,81
89,55,85
89,55,89
89,55,90
89,55,95
89,55,103
89,56,59
89,56,70
89,56,81
89,56,85
89,56,89
89,56,90
89,56,103
89,57,58
89,57,64
89,57,82
89,57,97
89,58,82
89,59,103
89,61,62
89,61,65
89,61,66
89,61,78
89,61,79
89,61,80
89,61,104
89,62,63
89,62,64
89,62,65
89,62,66
89,62,69
89,62,73
89,62,74
89,62,76
89,62,78
89,62,79
89,62,80
89,62,84
89,62,87
89,62,88
89,62,91
89,62,97
89,62,98
89,62,100
89,62,101
89,62,102
89,62,104
89,63,64
89,63,65
89,63,73
89,63,74
89,63,76
89,63,78
89,63,79
89,63,80
89,63,82
89,63,84
89,63,87
89,63,88
89,63,91
89,63,97
89,63,98
89,63,100
89,63,104
89,64,73
89,64,74
89,64,79
89,64,80
89,64,87
89,64,88
89,64,91
89,64,97
89,64,98
89,64,100
89,64,104
89,65,66
89,65,69
89,65,72
89,65,73
89,65,76
89,65,78
89,65,79
89,65,80
89,65,84
89,65,87
89,65,88
89,65,91
89,65,97
89,65,98
89,65,100
89,65,101
89,65,102
89,65,104
89,66,79
89,66,80
89,66,104
89,67,68
89,67,82
89,67,83
89,67,94
89,67,95
89,67,96
89,68,82
89,68,83
89,68,94
89,68,96
89,69,76
89,69,78
89,69,80
89,69,84
89,69,86
89,69,87
89,69,88
89,69,91
89,69,98
89,69,101
89,69,104
89,70,85
89,70,89
89,72,76
89,72,78
89,73,74
89,73,79
89,73,80
89,73,82
89,73,84
89,73,87
89,73,88
89,73,91
89,73,97
89,73,98
89,73,104
89,74,79
89,74,82
89,74,87
89,74,88
89,74,91
89,74,97
89,74,98
89,74,100
89,74,104
89,76,78
89,76,79
89,76,80
89,76,84
89,76,87
89,76,88
89,76,91
89,76,98
89,76,101
89,76,102
89,76,104
89,78,79
89,78,80
89,78,84
89,78,87
89,78,88
89,78,91
89,78,100
89,78,101
89,78,102
89,78,104
89,79,80
89,79,84
89,79,87
89,79,88
89,79,97
89,79,98
89,79,100
89,79,101
89,79,104
89,80,84
89,80,86
89,80,87
89,80,88
89,80,91
89,80,97
89,80,98
89,80,100
89,80,101
89,80,102
89,80,104
89,81,83
89,81,89
89,81,95
89,81,96
89,81,103
89,82,87
89,82,92
89,82,97
89,82,99
89,82,104
89,83,94
89,83,96
89,84,87
89,84,88
89,84,91
89,84,97
89,84,98
89,84,100
89,84,101
89,84,102
89,84,104
89,85,89
89,85,103
89,86,87
89,87,88
89,87,91
89,87,97
89,87,98
89,87,100
89,87,104
89,88,91
89,88,97
89,88,98
89,88,100
89,88,104
89,89,103
89,90,103
89,91,97
89,91,98
89,91,101
89,91,104
89,92,93
89,94,95
89,94,96
89,97,98
89,97,100
89,97,104
89,98,100
89,98,104
89,99,100
89,100,101
89,100,104
89,101,102
90,1,23
90,1,38
90,1,43
90,1,47
90,1,51
90,1,61
90,1,64
90,1,65
90,1,74
90,1,79
90,1,96
90,1,102
90,2,3
90,2,6
90,2,9
90,2,18
90,2,19
90,2,36
90,2,37
90,2,48
90,2,49
90,2,62
90,2,67
90,2,73
90,3,6
90,3,9
90,3,19
90,3,21
90,3,36
90,3,37
90,3,48
90,3,49
90,3,67
90,3,68
90,3,81
90,3,98
90,4,70
90,4,75
90,5,23
90,5,46
90,5,47
90,5,51
90,5,52
90,5,65
90,5,102
90,6,18
90,6,37
90,6,38
90,6,57
90,6,62
90,6,63
90,6,73
90,6,74
90,6,95
90,6,102
90,7,9
90,7,11
90,7,12
90,7,13
90,7,25
90,7,30
90,7,31
90,7,32
90,7,54
90,7,55
90,7,69
90,7,82
90,7,84
90,7,88
90,7,89
90,7,101
90,9,19
90,9,20
90,9,21
90,9,36
90,9,48
90,9,49
90,9,55
90,9,67
90,9,68
90,9,69
90,9,84
90,9,94
90,10,22
90,10,77
90,11,12
90,11,13
90,11,25
90,11,30
90,11,31
90,11,54
90,11,55
90,11,69
90,11,82
90,11,84
90,11,85
90,11,88
90,11,89
90,11,101
90,12,13
90,12,25
90,12,30
90,12,31
90,12,32
90,12,33
90,12,55
90,12,84
90,12,85
90,12,101
90,13,25
90,13,30
90,13,31
90,13,32
90,13,33
90,13,54
90,13,55
90,13,69
90,13,84
90,13,85
90,13,88
90,13,89
90,13,101
90,14,23
90,14,63
90,14,65
90,14,95
90,14,96
90,14,102
90,15,29
90,15,40
90,15,41
90,15,65
90,15,97
90,15,100
90,16,35
90,16,44
90,17,54
90,17,72
90,17,101
90,18,19
90,18,37
90,18,67
90,19,21
90,19,36
90,19,48
90,19,49
90,19,67
90,19,68
90,20,21
90,20,48
90,20,49
90,20,67
90,20,68
90,20,81
90,20,82
90,20,94
90,21,36
90,21,37
90,21,48
90,21,49
90,21,55
90,21,67
90,21,68
90,21,69
90,21,81
90,21,94
90,21,98
90,23,29
90,23,38
90,23,40
90,23,41
90,23,43
90,23,45
90,23,46
90,23,47
90,23,51
90,23,52
90,23,58
90,23,61
90,23,63
90,23,65
90,23,66
90,23,74
90,23,79
90,23,80
90,23,87
90,23,90
90,23,95
90,23,96
90,23,97
90,23,102
90,24,47
90,24,70
90,24,83
90,25,30
90,25,31
90,25,32
90,25,54
90,25,55
90,25,84
90,25,85
90,25,88
90,25,89
90,25,101
90,26,31
90,26,32
90,26,35
90,26,55
90,26,85
90,26,89
90,27,35
90,27,44
90,27,64
90,27,65
90,27,77
90,28,29
90,28,51
90,29,38
90,29,40
90,29,41
90,29,47
90,29,51
90,29,58
90,29,63
90,29,66
90,29,74
90,29,83
90,29,90
90,29,95
90,29,96
90,29,97
90,29,100
90,29,102
90,30,31
90,30,55
90,30,84
90,30,85
90,30,88
90,30,101
90,31,32
90,31,54
90,31,55
90,31,82
90,31,84
90,31,88
90,31,89
90,31,101
90,32,33
90,32,54
90,32,55
90,32,69
90,32,84
90,32,85
90,32,89
90,32,101
90,33,35
90,33,85
90,34,65
90,36,37
90,36,48
90,36,49
90,36,67
90,36,68
90,37,62
90,37,67
90,37,98
90,38,40
90,38,41
90,38,43
90,38,45
90,38,46
90,38,47
90,38,51
90,38,52
90,38,58
90,38,61
90,38,62
90,38,63
90,38,66
90,38,73
90,38,74
90,38,79
90,38,80
90,38,87
90,38,90
90,38,95
90,38,96
90,38,97
90,38,102
90,39,65
90,40,41
90,40,46
90,40,51
90,40,58
90,40,61
90,40,65
90,40,74
90,40,80
90,40,95
90,40,96
90,40,97
90,40,102
90,41,43
90,41,45
90,41,46
90,41,47
90,41,51
90,41,52
90,41,58
90,41,60
90,41,61
90,41,65
90,41,66
90,41,70
90,41,74
90,41,78
90,41,79
90,41,80
90,41,83
90,41,86
90,41,87
90,41,90
90,41,96
90,41,97
90,41,100
90,41,102
90,42,60
90,42,64
90,42,65
90,42,66
90,42,77
90,43,45
90,43,46
90,43,47
90,43,51
90,43,52
90,43,60
90,43,61
90,43,64
90,43,65
90,43,66
90,43,71
90,43,74
90,43,78
90,43,79
90,43,80
90,43,87
90,43,90
90,43,96
90,43,100
90,43,102
90,44,65
90,45,46
90,45,47
90,45,51
90,45,52
90,45,61
90,45,64
90,45,65
90,45,66
90,45,74
90,45,78
90,45,80
90,45,87
90,45,90
90,45,100
90,45,102
90,46,47
90,46,51
90,46,52
90,46,60
90,46,61
90,46,64
90,46,65
90,46,66
90,46,71
90,46,74
90,46,78
90,46,79
90,46,80
90,46,87
90,46,90
90,46,95
90,46,96
90,46,100
90,46,102
90,47,51
90,47,52
90,47,58
90,47,61
90,47,63
90,47,66
90,47,74
90,47,78
90,47,79
90,47,80
90,47,87
90,47,90
90,47,95
90,47,96
90,47,97
90,47,100
90,47,102
90,48,49
90,48,55
90,48,67
90,48,68
90,48,81
90,49,55
90,49,67
90,49,68
90,49,81
90,49,82
90,49,94
90,50,51
90,50,86
90,50,97
90,51,52
90,51,58
90,51,61
90,51,63
90,51,66
90,51,70
90,51,74
90,51,78
90,51,80
90,51,83
90,51,87
90,51,90
90,51,95
90,51,96
90,51,97
90,51,100
90,51,102
90,52,61
90,52,63
90,52,66
90,52,74
90,52,87
90,52,90
90,52,96
90,52,102
90,53,65
90,54,55
90,54,69
90,54,82
90,54,84
90,54,88
90,54,89
90,54,101
90,55,59
90,55,69
90,55,82
90,55,84
90,55,88
90,55,89
90,55,101
90,56,57
90,56,98
90,57,95
90,58,61
90,58,63
90,58,65
90,58,74
90,58,79
90,58,87
90,58,95
90,58,96
90,58,97
90,58,102
90,59,101
90,60,64
90,60,65
90,60,66
90,60,78
90,60,80
90,61,65
90,61,66
90,61,74
90,61,78
90,61,80
90,61,87
90,61,90
90,61,96
90,61,100
90,61,102
90,62,63
90,62,73
90,62,74
90,62,95
90,62,96
90,62,97
90,62,102
90,63,73
90,63,74
90,63,79
90,63,87
90,63,90
90,63,95
90,63,96
90,63,97
90,63,102
90,64,65
90,64,66
90,64,78
90,64,79
90,64,80
90,65,77
90,65,79
90,65,80
90,65,95
90,65,96
90,65,97
90,65,99
90,65,100
90,66,74
90,66,75
90,66,78
90,66,79
90,66,80
90,66,87
90,66,90
90,66,100
90,66,102
90,67,68
90,67,69
90,67,81
90,68,69
90,68,81
90,68,94
90,69,84
90,69,88
90,70,83
90,70,90
90,70,102
90,73,74
90,73,102
90,74,79
90,74,87
90,74,90
90,74,95
90,74,96
90,74,97
90,74,102
90,78,80
90,78,100
90,79,80
90,79,95
90,79,96
90,79,102
90,80,96
90,80,102
90,82,88
90,82,89
90,82,101
90,83,90
90,83,99
90,83,100
90,84,88
90,84,89
90,84,101
90,85,89
90,85,101
90,86,87
90,87,90
90,87,95
90,87,96
90,87,97
90,87,100
90,87,102
90,88,89
90,88,101
90,89,101
90,90,96
90,90,97
90,90,102
90,91,92
90,93,94
90,95,96
90,95,97
90,95,102
90,96,97
90,96,102
90,97,102
90,99,100
91,1,12
91,1,13
91,1,16
91,1,26
91,1,34
91,1,35
91,1,46
91,1,56
91,1,60
91,1,75
91,1,84
91,1,86
91,1,89
91,1,91
91,1,102
91,2,3
91,2,8
91,2,19
91,2,20
91,2,21
91,2,38
91,2,39
91,2,50
91,2,51
91,2,59
91,2,68
91,2,69
91,2,94
91,3,8
91,3,20
91,3,21
91,3,50
91,3,51
91,3,68
91,3,94
91,4,11
91,4,14
91,4,22
91,4,29
91,4,30
91,4,31
91,4,32
91,4,41
91,4,43
91,4,44
91,4,47
91,4,49
91,4,52
91,4,53
91,4,54
91,4,55
91,4,62
91,4,65
91,4,70
91,4,74
91,4,81
91,4,85
91,4,88
91,4,90
91,4,96
91,4,97
91,4,98
91,4,101
91,4,103
91,5,23
91,5,26
91,5,92
91,6,7
91,6,10
91,6,12
91,6,13
91,6,18
91,6,24
91,6,26
91,6,35
91,6,56
91,6,57
91,6,60
91,6,71
91,6,83
91,6,84
91,6,86
91,6,89
91,6,91
91,6,102
91,7,8
91,7,10
91,7,12
91,7,13
91,7,18
91,7,24
91,7,33
91,7,35
91,7,56
91,7,57
91,7,60
91,7,71
91,7,83
91,7,84
91,7,86
91,7,89
91,7,91
91,7,102
91,8,19
91,8,20
91,8,21
91,8,38
91,8,39
91,8,50
91,8,51
91,8,56
91,8,59
91,8,68
91,8,69
91,8,71
91,8,83
91,8,84
91,8,89
91,8,91
91,8,94
91,10,12
91,10,13
91,10,18
91,10,24
91,10,28
91,10,33
91,10,34
91,10,35
91,10,56
91,10,57
91,10,71
91,10,83
91,10,84
91,10,86
91,10,89
91,10,91
91,10,102
91,11,14
91,11,22
91,11,25
91,11,29
91,11,30
91,11,31
91,11,32
91,11,41
91,11,42
91,11,43
91,11,44
91,11,47
91,11,48
91,11,49
91,11,52
91,11,53
91,11,62
91,11,63
91,11,65
91,11,73
91,11,74
91,11,81
91,11,85
91,11,88
91,11,90
91,11,96
91,11,97
91,11,101
91,12,13
91,12,18
91,12,24
91,12,26
91,12,33
91,12,35
91,12,56
91,12,57
91,12,60
91,12,71
91,12,75
91,12,83
91,12,84
91,12,86
91,12,89
91,12,91
91,12,102
91,13,18
91,13,24
91,13,33
91,13,35
91,13,56
91,13,57
91,13,60
91,13,84
91,13,102
91,14,22
91,14,25
91,14,29
91,14,30
91,14,31
91,14,32
91,14,41
91,14,42
91,14,43
91,14,44
91,14,47
91,14,48
91,14,49
91,14,52
91,14,53
91,14,62
91,14,63
91,14,66
91,14,67
91,14,73
91,14,74
91,14,80
91,14,81
91,14,85
91,14,88
91,14,90
91,14,101
91,15,58
91,15,64
91,15,97
91,16,23
91,16,79
91,16,86
91,16,92
91,17,102
91,18,24
91,18,35
91,18,56
91,18,57
91,18,60
91,18,71
91,18,83
91,18,84
91,18,86
91,18,89
91,18,91
91,18,102
91,19,20
91,19,21
91,19,38
91,19,39
91,19,50
91,19,51
91,19,68
91,19,69
91,19,94
91,20,21
91,20,38
91,20,39
91,20,50
91,20,51
91,20,68
91,20,69
91,20,83
91,20,89
91,20,94
91,21,38
91,21,39
91,21,50
91,21,51
91,21,59
91,21,68
91,21,69
91,21,82
91,21,94
91,22,25
91,22,29
91,22,30
91,22,31
91,22,32
91,22,41
91,22,43
91,22,44
91,22,47
91,22,49
91,22,52
91,22,53
91,22,54
91,22,55
91,22,62
91,22,65
91,22,70
91,22,73
91,22,74
91,22,81
91,22,85
91,22,88
91,22,90
91,22,96
91,22,97
91,22,98
91,22,101
91,22,103
91,23,26
91,23,79
91,23,92
91,24,33
91,24,35
91,24,56
91,24,57
91,24,60
91,24,71
91,24,84
91,24,86
91,24,91
91,24,102
91,25,29
91,25,30
91,25,31
91,25,32
91,25,41
91,25,43
91,25,44
91,25,47
91,25,49
91,25,52
91,25,53
91,25,54
91,25,62
91,25,65
91,25,70
91,25,73
91,25,74
91,25,80
91,25,81
91,25,85
91,25,88
91,25,90
91,25,96
91,25,100
91,25,101
91,26,56
91,26,71
91,26,75
91,26,86
91,26,91
91,27,42
91,27,45
91,27,76
91,27,78
91,27,79
91,28,33
91,28,79
91,28,86
91,29,30
91,29,32
91,29,41
91,29,43
91,29,44
91,29,47
91,29,49
91,29,52
91,29,53
91,29,54
91,29,55
91,29,62
91,29,63
91,29,65
91,29,66
91,29,67
91,29,70
91,29,73
91,29,74
91,29,81
91,29,85
91,29,88
91,29,90
91,29,97
91,29,100
91,29,101
91,29,103
91,30,31
91,30,32
91,30,41
91,30,43
91,30,44
91,30,45
91,30,47
91,30,48
91,30,49
91,30,52
91,30,53
91,30,55
91,30,61
91,30,62
91,30,63
91,30,65
91,30,66
91,30,67
91,30,70
91,30,73
91,30,74
91,30,78
91,30,80
91,30,81
91,30,85
91,30,88
91,30,90
91,30,96
91,30,97
91,30,98
91,30,100
91,30,101
91,31,32
91,31,41
91,31,43
91,31,44
91,31,47
91,31,48
91,31,49
91,31,52
91,31,53
91,31,54
91,31,62
91,31,70
91,31,73
91,31,74
91,31,80
91,31,81
91,31,85
91,31,88
91,31,90
91,31,100
91,31,101
91,32,41
91,32,43
91,32,44
91,32,47
91,32,48
91,32,49
91,32,52
91,32,53
91,32,54
91,32,55
91,32,62
91,32,63
91,32,67
91,32,70
91,32,73
91,32,74
91,32,80
91,32,81
91,32,85
91,32,87
91,32,88
91,32,90
91,32,100
91,32,101
91,33,35
91,33,56
91,33,71
91,33,83
91,33,84
91,33,91
91,33,102
91,34,35
91,34,86
91,35,56
91,35,57
91,35,60
91,35,71
91,35,75
91,35,83
91,35,84
91,35,86
91,35,89
91,35,91
91,35,102
91,38,39
91,38,50
91,38,51
91,38,68
91,38,69
91,39,50
91,39,51
91,39,68
91,41,43
91,41,44
91,41,47
91,41,48
91,41,49
91,41,52
91,41,53
91,41,55
91,41,62
91,41,63
91,41,66
91,41,67
91,41,70
91,41,73
91,41,74
91,41,80
91,41,81
91,41,85
91,41,88
91,41,90
91,41,96
91,41,100
91,41,101
91,42,43
91,42,44
91,42,45
91,42,47
91,42,62
91,42,63
91,42,66
91,42,67
91,42,74
91,42,77
91,42,78
91,43,44
91,43,47
91,43,48
91,43,49
91,43,52
91,43,53
91,43,54
91,43,55
91,43,61
91,43,62
91,43,63
91,43,65
91,43,66
91,43,67
91,43,70
91,43,73
91,43,74
91,43,80
91,43,81
91,43,85
91,43,88
91,43,90
91,43,96
91,43,97
91,43,100
91,43,101
91,44,47
91,44,48
91,44,49
91,44,52
91,44,53
91,44,54
91,44,55
91,44,62
91,44,63
91,44,66
91,44,67
91,44,73
91,44,74
91,44,80
91,44,81
91,44,85
91,44,88
91,44,90
91,44,100
91,44,101
91,45,62
91,45,63
91,45,66
91,45,67
91,45,78
91,45,81
91,46,86
91,47,48
91,47,49
91,47,52
91,47,53
91,47,55
91,47,62
91,47,63
91,47,66
91,47,67
91,47,70
91,47,73
91,47,74
91,47,80
91,47,81
91,47,85
91,47,88
91,47,90
91,47,96
91,47,100
91,47,101
91,48,49
91,48,52
91,48,55
91,48,62
91,48,63
91,48,66
91,48,73
91,48,74
91,48,85
91,48,101
91,49,52
91,49,55
91,49,62
91,49,63
91,49,66
91,49,67
91,49,70
91,49,73
91,49,74
91,49,80
91,49,81
91,49,85
91,49,88
91,49,90
91,49,100
91,49,101
91,50,51
91,50,68
91,50,69
91,50,71
91,50,83
91,50,94
91,51,68
91,51,69
91,51,83
91,51,94
91,52,53
91,52,54
91,52,55
91,52,62
91,52,63
91,52,65
91,52,70
91,52,73
91,52,74
91,52,80
91,52,81
91,52,85
91,52,87
91,52,88
91,52,90
91,52,96
91,52,97
91,52,100
91,52,101
91,53,54
91,53,55
91,53,58
91,53,61
91,53,62
91,53,64
91,53,65
91,53,70
91,53,74
91,53,80
91,53,81
91,53,85
91,53,87
91,53,88
91,53,90
91,53,96
91,53,97
91,53,98
91,53,100
91,53,103
91,54,65
91,54,70
91,54,73
91,54,85
91,54,88
91,55,62
91,55,74
91,55,85
91,55,88
91,55,90
91,55,96
91,55,101
91,56,57
91,56,60
91,56,71
91,56,75
91,56,83
91,56,84
91,56,86
91,56,89
91,56,91
91,56,102
91,57,60
91,57,71
91,57,83
91,57,84
91,57,86
91,57,89
91,57,91
91,57,102
91,58,59
91,58,95
91,59,64
91,59,69
91,60,71
91,60,83
91,60,84
91,60,86
91,60,89
91,60,91
91,60,102
91,61,64
91,61,65
91,61,80
91,61,96
91,61,97
91,61,98
91,62,63
91,62,65
91,62,66
91,62,67
91,62,70
91,62,73
91,62,74
91,62,78
91,62,80
91,62,81
91,62,85
91,62,88
91,62,90
91,62,96
91,62,97
91,62,100
91,62,101
91,63,66
91,63,67
91,63,74
91,63,78
91,63,81
91,63,85
91,63,101
91,64,65
91,64,96
91,64,97
91,64,103
91,65,70
91,65,74
91,65,85
91,65,88
91,65,90
91,65,96
91,65,97
91,65,98
91,66,67
91,66,74
91,66,77
91,66,78
91,66,81
91,67,74
91,67,81
91,67,85
91,67,101
91,68,69
91,68,94
91,69,82
91,69,94
91,70,74
91,70,85
91,70,88
91,70,90
91,70,98
91,70,100
91,71,75
91,71,83
91,71,84
91,71,86
91,71,89
91,71,91
91,71,102
91,73,74
91,73,81
91,73,85
91,73,87
91,73,88
91,73,100
91,73,101
91,74,80
91,74,81
91,74,85
91,74,88
91,74,90
91,74,97
91,74,101
91,75,84
91,77,78
91,78,79
91,80,81
91,80,85
91,80,96
91,80,97
91,81,85
91,81,88
91,81,90
91,81,96
91,81,101
91,82,95
91,83,84
91,83,89
91,83,91
91,83,102
91,84,86
91,84,89
91,84,91
91,84,102
91,85,88
91,85,90
91,85,100
91,85,101
91,86,89
91,86,91
91,86,102
91,88,90
91,88,96
91,88,97
91,88,98
91,88,101
91,89,91
91,89,102
91,90,96
91,90,97
91,90,98
91,90,100
91,90,101
91,90,103
91,91,102
91,92,93
91,94,95
91,96,97
91,97,103
91,98,99
91,100,101
92,1,6
92,1,7
92,1,12
92,1,13
92,1,16
92,1,17
92,1,18
92,1,22
92,1,32
92,1,38
92,1,39
92,1,46
92,1,55
92,1,56
92,1,60
92,1,66
92,1,72
92,1,73
92,1,78
92,1,82
92,1,85
92,1,87
92,1,90
92,1,92
92,1,102
92,2,3
92,2,20
92,2,21
92,2,36
92,2,37
92,2,38
92,2,49
92,2,50
92,2,68
92,2,87
92,3,20
92,3,36
92,3,49
92,3,50
92,3,67
92,3,68
92,3,82
92,3,95
92,4,10
92,4,11
92,4,14
92,4,23
92,4,25
92,4,26
92,4,28
92,4,29
92,4,31
92,4,40
92,4,44
92,4,45
92,4,47
92,4,48
92,4,51
92,4,53
92,4,54
92,4,62
92,4,69
92,4,74
92,4,80
92,4,83
92,4,89
92,4,100
92,5,77
92,6,7
92,6,12
92,6,13
92,6,18
92,6,24
92,6,32
92,6,38
92,6,49
92,6,50
92,6,55
92,6,56
92,6,60
92,6,66
92,6,70
92,6,82
92,6,84
92,6,85
92,6,86
92,6,87
92,6,90
92,6,95
92,6,102
92,7,12
92,7,13
92,7,18
92,7,24
92,7,32
92,7,55
92,7,56
92,7,60
92,7,66
92,7,82
92,7,84
92,7,85
92,7,86
92,7,87
92,7,90
92,7,102
92,8,20
92,8,21
92,8,36
92,8,37
92,8,38
92,8,49
92,8,50
92,8,58
92,8,67
92,8,68
92,8,95
92,10,11
92,10,14
92,10,23
92,10,25
92,10,26
92,10,28
92,10,29
92,10,31
92,10,40
92,10,44
92,10,45
92,10,47
92,10,48
92,10,51
92,10,52
92,10,53
92,10,61
92,10,62
92,10,65
92,10,69
92,10,74
92,10,79
92,10,80
92,10,83
92,10,89
92,10,96
92,10,100
92,11,14
92,11,23
92,11,25
92,11,26
92,11,28
92,11,29
92,11,31
92,11,40
92,11,44
92,11,45
92,11,47
92,11,48
92,11,51
92,11,52
92,11,53
92,11,59
92,11,61
92,11,62
92,11,65
92,11,69
92,11,74
92,11,80
92,11,83
92,11,89
92,11,100
92,11,101
92,12,13
92,12,16
92,12,17
92,12,18
92,12,22
92,12,24
92,12,30
92,12,32
92,12,38
92,12,39
92,12,41
92,12,46
92,12,55
92,12,56
92,12,60
92,12,66
92,12,70
92,12,72
92,12,73
92,12,78
92,12,82
92,12,84
92,12,85
92,12,86
92,12,87
92,12,90
92,12,92
92,12,102
92,13,17
92,13,18
92,13,22
92,13,24
92,13,30
92,13,32
92,13,38
92,13,39
92,13,55
92,13,56
92,13,60
92,13,66
92,13,70
92,13,73
92,13,82
92,13,84
92,13,85
92,13,86
92,13,87
92,13,90
92,13,92
92,13,102
92,14,23
92,14,25
92,14,26
92,14,28
92,14,29
92,14,31
92,14,40
92,14,43
92,14,44
92,14,45
92,14,47
92,14,48
92,14,51
92,14,59
92,14,61
92,14,62
92,14,65
92,14,74
92,14,79
92,14,80
92,14,83
92,14,89
92,14,96
92,14,100
92,15,41
92,15,78
92,15,84
92,16,17
92,16,22
92,16,27
92,16,30
92,16,33
92,16,41
92,16,46
92,16,72
92,16,78
92,16,84
92,16,92
92,16,93
92,17,18
92,17,32
92,17,55
92,17,66
92,17,84
92,18,22
92,18,24
92,18,30
92,18,32
92,18,38
92,18,39
92,18,49
92,18,50
92,18,55
92,18,56
92,18,60
92,18,66
92,18,70
92,18,73
92,18,82
92,18,84
92,18,85
92,18,86
92,18,87
92,18,90
92,18,95
92,18,102
92,19,88
92,19,94
92,20,21
92,20,36
92,20,37
92,20,38
92,20,49
92,20,50
92,20,67
92,20,68
92,20,95
92,21,36
92,21,38
92,21,58
92,21,68
92,21,81
92,21,88
92,21,94
92,22,30
92,22,32
92,22,38
92,22,41
92,22,46
92,22,55
92,22,56
92,22,70
92,22,73
92,22,78
92,22,84
92,22,86
92,22,87
92,22,90
92,22,92
92,23,25
92,23,26
92,23,28
92,23,29
92,23,31
92,23,40
92,23,44
92,23,45
92,23,47
92,23,48
92,23,51
92,23,52
92,23,61
92,23,62
92,23,64
92,23,69
92,23,79
92,23,80
92,23,83
92,23,89
92,23,96
92,23,97
92,23,100
92,24,30
92,24,32
92,24,38
92,24,55
92,24,56
92,24,60
92,24,70
92,24,73
92,24,82
92,24,84
92,24,85
92,24,86
92,24,87
92,24,90
92,24,92
92,24,102
92,25,26
92,25,28
92,25,29
92,25,31
92,25,40
92,25,44
92,25,45
92,25,47
92,25,48
92,25,51
92,25,52
92,25,53
92,25,54
92,25,61
92,25,62
92,25,69
92,25,74
92,25,80
92,25,83
92,25,89
92,25,96
92,25,100
92,25,101
92,26,28
92,26,29
92,26,31
92,26,40
92,26,43
92,26,44
92,26,45
92,26,47
92,26,48
92,26,51
92,26,52
92,26,53
92,26,61
92,26,62
92,26,65
92,26,69
92,26,74
92,26,79
92,26,80
92,26,83
92,26,89
92,26,100
92,26,101
92,27,42
92,27,43
92,27,61
92,27,65
92,27,77
92,27,93
92,28,29
92,28,31
92,28,40
92,28,44
92,28,45
92,28,47
92,28,48
92,28,51
92,28,52
92,28,53
92,28,61
92,28,62
92,28,69
92,28,74
92,28,79
92,28,80
92,28,83
92,28,89
92,28,100
92,28,101
92,29,31
92,29,40
92,29,43
92,29,44
92,29,45
92,29,47
92,29,48
92,29,51
92,29,53
92,29,61
92,29,62
92,29,65
92,29,69
92,29,74
92,29,79
92,29,80
92,29,83
92,29,89
92,29,100
92,29,101
92,30,32
92,30,46
92,30,55
92,30,56
92,30,70
92,30,73
92,30,78
92,30,82
92,30,84
92,30,87
92,30,90
92,30,92
92,30,102
92,31,40
92,31,44
92,31,45
92,31,47
92,31,48
92,31,51
92,31,52
92,31,53
92,31,54
92,31,61
92,31,62
92,31,69
92,31,74
92,31,80
92,31,83
92,31,89
92,31,100
92,31,101
92,32,38
92,32,41
92,32,46
92,32,55
92,32,56
92,32,60
92,32,66
92,32,70
92,32,73
92,32,82
92,32,84
92,32,85
92,32,86
92,32,87
92,32,90
92,32,92
92,32,102
92,36,37
92,36,49
92,36,50
92,36,67
92,36,68
92,37,38
92,37,49
92,37,50
92,37,68
92,37,84
92,38,49
92,38,50
92,38,55
92,38,56
92,38,60
92,38,63
92,38,67
92,38,68
92,38,70
92,38,73
92,38,82
92,38,86
92,38,87
92,38,90
92,38,95
92,38,102
92,39,41
92,39,84
92,39,92
92,40,44
92,40,45
92,40,47
92,40,48
92,40,51
92,40,52
92,40,53
92,40,61
92,40,62
92,40,65
92,40,69
92,40,74
92,40,79
92,40,80
92,40,83
92,40,89
92,40,96
92,40,100
92,40,101
92,41,46
92,41,72
92,41,78
92,41,84
92,41,86
92,41,92
92,42,43
92,42,48
92,42,61
92,42,65
92,42,77
92,43,44
92,43,48
92,43,61
92,43,62
92,43,65
92,43,77
92,43,80
92,44,45
92,44,47
92,44,48
92,44,51
92,44,53
92,44,61
92,44,62
92,44,65
92,44,69
92,44,74
92,44,80
92,44,83
92,44,89
92,44,100
92,44,101
92,45,47
92,45,48
92,45,51
92,45,53
92,45,61
92,45,62
92,45,65
92,45,69
92,45,74
92,45,79
92,45,80
92,45,83
92,45,89
92,45,100
92,45,101
92,46,72
92,46,78
92,46,92
92,47,48
92,47,51
92,47,52
92,47,53
92,47,54
92,47,61
92,47,62
92,47,65
92,47,69
92,47,74
92,47,79
92,47,80
92,47,83
92,47,89
92,47,96
92,47,100
92,47,101
92,48,51
92,48,52
92,48,53
92,48,59
92,48,61
92,48,62
92,48,64
92,48,65
92,48,69
92,48,74
92,48,77
92,48,79
92,48,80
92,48,83
92,48,89
92,48,96
92,48,97
92,48,100
92,48,101
92,49,50
92,49,55
92,49,67
92,49,68
92,49,82
92,49,87
92,49,95
92,49,102
92,50,55
92,50,67
92,50,68
92,50,82
92,50,84
92,50,87
92,50,90
92,50,95
92,50,102
92,51,52
92,51,53
92,51,59
92,51,61
92,51,62
92,51,64
92,51,69
92,51,74
92,51,79
92,51,80
92,51,83
92,51,89
92,51,96
92,51,100
92,51,101
92,52,53
92,52,59
92,52,62
92,52,64
92,52,69
92,52,74
92,52,79
92,52,80
92,52,83
92,52,89
92,52,96
92,52,98
92,52,101
92,53,62
92,53,69
92,53,74
92,53,83
92,53,89
92,53,100
92,53,101
92,54,69
92,54,74
92,54,83
92,54,100
92,55,56
92,55,60
92,55,66
92,55,70
92,55,73
92,55,82
92,55,84
92,55,85
92,55,86
92,55,87
92,55,90
92,55,92
92,55,102
92,56,60
92,56,66
92,56,70
92,56,73
92,56,82
92,56,84
92,56,85
92,56,86
92,56,87
92,56,90
92,56,102
92,57,58
92,57,68
92,57,81
92,57,88
92,58,68
92,58,81
92,58,88
92,58,94
92,58,98
92,58,99
92,59,62
92,59,64
92,59,69
92,59,89
92,59,96
92,59,97
92,60,66
92,60,70
92,60,82
92,60,84
92,60,85
92,60,86
92,60,87
92,60,90
92,60,92
92,60,102
92,61,62
92,61,65
92,61,74
92,61,77
92,61,79
92,61,80
92,61,83
92,61,100
92,62,65
92,62,69
92,62,74
92,62,77
92,62,79
92,62,80
92,62,83
92,62,89
92,62,96
92,62,97
92,62,100
92,62,101
92,63,64
92,63,98
92,64,69
92,64,79
92,64,89
92,64,96
92,64,98
92,65,74
92,65,77
92,65,80
92,66,82
92,66,84
92,66,85
92,66,87
92,66,90
92,66,102
92,67,68
92,67,95
92,68,94
92,69,74
92,69,79
92,69,80
92,69,83
92,69,89
92,69,96
92,69,100
92,69,101
92,70,82
92,70,84
92,70,85
92,70,86
92,70,87
92,70,90
92,70,102
92,72,78
92,73,87
92,73,92
92,74,80
92,74,83
92,74,89
92,74,100
92,74,101
92,78,91
92,78,92
92,78,93
92,79,80
92,79,83
92,79,96
92,80,83
92,80,89
92,80,96
92,80,100
92,82,84
92,82,85
92,82,86
92,82,87
92,82,90
92,82,95
92,82,102
92,83,89
92,83,100
92,83,101
92,84,85
92,84,86
92,84,87
92,84,90
92,84,102
92,85,86
92,85,87
92,85,90
92,85,102
92,86,87
92,86,90
92,86,92
92,86,102
92,87,90
92,87,102
92,88,94
92,89,96
92,89,100
92,90,102
92,91,93
92,95,102
92,96,97
92,96,98
92,97,103
92,98,99
92,100,101
93,1,8
93,1,92
93,2,76
93,3,21
93,5,11
93,5,12
93,5,13
93,5,24
93,5,26
93,5,29
93,5,30
93,5,32
93,5,40
93,5,47
93,5,48
93,5,51
93,5,52
93,5,63
93,5,65
93,5,70
93,5,86
93,5,91
93,5,97
93,5,100
93,5,102
93,6,79
93,7,8
93,7,14
93,7,25
93,7,55
93,7,56
93,7,60
93,7,67
93,7,69
93,7,75
93,7,83
93,7,88
93,7,89
93,7,95
93,7,104
93,8,25
93,8,55
93,8,56
93,8,60
93,8,67
93,8,69
93,8,75
93,8,83
93,8,88
93,8,89
93,8,92
93,8,95
93,8,104
93,9,21
93,9,49
93,9,50
93,9,68
93,10,26
93,10,70
93,11,12
93,11,13
93,11,16
93,11,24
93,11,26
93,11,27
93,11,29
93,11,30
93,11,31
93,11,32
93,11,39
93,11,40
93,11,42
93,11,43
93,11,44
93,11,46
93,11,47
93,11,48
93,11,51
93,11,52
93,11,61
93,11,62
93,11,63
93,11,65
93,11,66
93,11,70
93,11,74
93,11,80
93,11,81
93,11,82
93,11,86
93,11,91
93,11,97
93,11,102
93,12,13
93,12,16
93,12,24
93,12,26
93,12,27
93,12,29
93,12,30
93,12,31
93,12,32
93,12,39
93,12,40
93,12,43
93,12,44
93,12,46
93,12,47
93,12,48
93,12,51
93,12,52
93,12,61
93,12,62
93,12,63
93,12,65
93,12,66
93,12,70
93,12,74
93,12,80
93,12,81
93,12,82
93,12,85
93,12,86
93,12,91
93,12,97
93,12,98
93,12,102
93,13,16
93,13,24
93,13,26
93,13,27
93,13,29
93,13,30
93,13,31
93,13,32
93,13,39
93,13,40
93,13,43
93,13,46
93,13,47
93,13,48
93,13,51
93,13,52
93,13,54
93,13,61
93,13,62
93,13,63
93,13,65
93,13,70
93,13,74
93,13,81
93,13,82
93,13,85
93,13,86
93,13,91
93,13,97
93,13,102
93,14,55
93,14,56
93,14,60
93,14,75
93,14,83
93,14,104
93,16,17
93,16,26
93,16,27
93,16,29
93,16,31
93,16,32
93,16,39
93,16,40
93,16,43
93,16,44
93,16,46
93,16,47
93,16,48
93,16,51
93,16,52
93,16,61
93,16,62
93,16,63
93,16,66
93,16,70
93,16,74
93,16,80
93,16,81
93,16,82
93,16,85
93,16,86
93,16,91
93,16,97
93,16,98
93,16,102
93,17,26
93,17,27
93,17,29
93,17,31
93,17,32
93,17,39
93,17,43
93,17,46
93,17,47
93,17,48
93,17,52
93,17,63
93,17,81
93,17,82
93,17,85
93,17,86
93,17,102
93,19,25
93,19,55
93,19,56
93,19,69
93,19,75
93,19,83
93,19,89
93,19,104
93,20,52
93,21,22
93,21,37
93,21,49
93,21,50
93,21,68
93,23,79
93,24,27
93,24,29
93,24,30
93,24,32
93,24,35
93,24,39
93,24,40
93,24,42
93,24,43
93,24,44
93,24,46
93,24,47
93,24,48
93,24,51
93,24,52
93,24,57
93,24,58
93,24,61
93,24,62
93,24,63
93,24,65
93,24,66
93,24,70
93,24,81
93,24,82
93,24,86
93,24,91
93,24,97
93,24,98
93,24,100
93,24,103
93,25,55
93,25,56
93,25,59
93,25,69
93,25,75
93,25,104
93,26,27
93,26,29
93,26,30
93,26,31
93,26,32
93,26,46
93,26,47
93,26,48
93,26,51
93,26,52
93,26,53
93,26,54
93,26,61
93,26,63
93,26,65
93,26,70
93,26,80
93,26,81
93,26,82
93,26,85
93,26,86
93,26,91
93,26,97
93,26,102
93,27,29
93,27,31
93,27,32
93,27,39
93,27,40
93,27,42
93,27,43
93,27,44
93,27,46
93,27,47
93,27,48
93,27,51
93,27,52
93,27,53
93,27,54
93,27,61
93,27,62
93,27,63
93,27,66
93,27,70
93,27,74
93,27,81
93,27,82
93,27,85
93,27,86
93,27,91
93,27,97
93,27,98
93,27,102
93,29,30
93,29,31
93,29,32
93,29,35
93,29,39
93,29,40
93,29,43
93,29,46
93,29,47
93,29,48
93,29,51
93,29,52
93,29,54
93,29,61
93,29,62
93,29,63
93,29,65
93,29,70
93,29,80
93,29,81
93,29,82
93,29,85
93,29,86
93,29,91
93,29,97
93,29,98
93,29,100
93,29,102
93,30,31
93,30,32
93,30,35
93,30,39
93,30,40
93,30,43
93,30,46
93,30,47
93,30,48
93,30,51
93,30,52
93,30,63
93,30,65
93,30,70
93,30,80
93,30,81
93,30,82
93,30,85
93,30,86
93,30,91
93,30,97
93,30,102
93,31,32
93,31,39
93,31,40
93,31,43
93,31,46
93,31,47
93,31,48
93,31,51
93,31,52
93,31,53
93,31,54
93,31,62
93,31,63
93,31,70
93,31,74
93,31,81
93,31,82
93,31,85
93,31,86
93,31,91
93,31,102
93,32,39
93,32,40
93,32,43
93,32,44
93,32,46
93,32,47
93,32,48
93,32,51
93,32,52
93,32,53
93,32,54
93,32,61
93,32,62
93,32,63
93,32,66
93,32,70
93,32,74
93,32,80
93,32,81
93,32,82
93,32,85
93,32,86
93,32,91
93,32,97
93,32,98
93,32,102
93,34,64
93,35,48
93,35,52
93,35,97
93,35,100
93,37,38
93,38,90
93,39,40
93,39,42
93,39,43
93,39,44
93,39,46
93,39,47
93,39,48
93,39,51
93,39,52
93,39,54
93,39,61
93,39,62
93,39,63
93,39,65
93,39,66
93,39,70
93,39,74
93,39,81
93,39,82
93,39,85
93,39,86
93,39,91
93,39,97
93,39,98
93,39,102
93,40,43
93,40,44
93,40,46
93,40,47
93,40,48
93,40,51
93,40,52
93,40,61
93,40,62
93,40,63
93,40,66
93,40,74
93,40,81
93,40,82
93,40,85
93,40,86
93,40,91
93,40,97
93,40,98
93,40,102
93,42,43
93,42,44
93,42,46
93,42,47
93,42,48
93,42,62
93,42,63
93,42,66
93,42,80
93,42,81
93,43,44
93,43,46
93,43,47
93,43,48
93,43,51
93,43,52
93,43,53
93,43,61
93,43,62
93,43,63
93,43,66
93,43,70
93,43,74
93,43,81
93,43,82
93,43,85
93,43,86
93,43,91
93,43,97
93,43,98
93,43,102
93,44,46
93,44,47
93,44,48
93,44,62
93,44,63
93,44,66
93,44,80
93,44,81
93,44,82
93,44,91
93,45,55
93,45,87
93,45,89
93,45,92
93,46,47
93,46,48
93,46,51
93,46,52
93,46,61
93,46,62
93,46,63
93,46,66
93,46,74
93,46,81
93,46,82
93,46,85
93,46,86
93,46,91
93,46,97
93,46,102
93,47,48
93,47,51
93,47,52
93,47,53
93,47,54
93,47,61
93,47,62
93,47,63
93,47,65
93,47,66
93,47,70
93,47,74
93,47,80
93,47,81
93,47,82
93,47,85
93,47,86
93,47,91
93,47,97
93,47,98
93,47,102
93,48,51
93,48,52
93,48,53
93,48,54
93,48,61
93,48,62
93,48,63
93,48,65
93,48,66
93,48,70
93,48,74
93,48,80
93,48,81
93,48,82
93,48,85
93,48,86
93,48,91
93,48,97
93,48,98
93,48,100
93,48,102
93,48,103
93,49,50
93,51,52
93,51,54
93,51,61
93,51,63
93,51,65
93,51,70
93,51,80
93,51,81
93,51,82
93,51,85
93,51,86
93,51,91
93,51,97
93,51,98
93,51,100
93,51,101
93,51,102
93,52,54
93,52,57
93,52,58
93,52,61
93,52,62
93,52,63
93,52,65
93,52,70
93,52,81
93,52,82
93,52,86
93,52,91
93,52,97
93,52,98
93,52,99
93,52,100
93,52,102
93,53,85
93,53,86
93,54,70
93,54,85
93,54,86
93,54,91
93,54,97
93,54,102
93,55,56
93,55,60
93,55,69
93,55,75
93,55,83
93,55,88
93,55,89
93,55,92
93,55,104
93,56,60
93,56,69
93,56,75
93,56,83
93,56,88
93,56,89
93,56,92
93,56,95
93,56,104
93,57,58
93,57,65
93,57,97
93,57,98
93,58,65
93,58,97
93,58,99
93,58,100
93,60,69
93,60,75
93,60,83
93,60,89
93,60,92
93,60,104
93,61,63
93,61,70
93,61,81
93,61,82
93,61,86
93,61,91
93,61,97
93,61,98
93,61,102
93,62,63
93,62,66
93,62,80
93,62,81
93,62,82
93,62,91
93,63,65
93,63,66
93,63,70
93,63,74
93,63,80
93,63,81
93,63,82
93,63,85
93,63,86
93,63,91
93,63,97
93,63,98
93,63,102
93,64,87
93,65,70
93,65,81
93,65,82
93,65,86
93,65,91
93,65,97
93,65,98
93,65,99
93,65,100
93,65,102
93,65,103
93,66,80
93,66,81
93,66,82
93,66,91
93,66,98
93,67,69
93,67,75
93,67,104
93,69,75
93,69,83
93,69,89
93,69,95
93,69,104
93,70,81
93,70,82
93,70,85
93,70,86
93,70,91
93,70,97
93,70,98
93,70,100
93,70,102
93,74,80
93,74,81
93,74,86
93,74,102
93,75,76
93,75,83
93,75,88
93,75,89
93,75,92
93,75,95
93,75,104
93,80,81
93,80,91
93,80,97
93,80,98
93,80,102
93,81,82
93,81,85
93,81,86
93,81,91
93,81,97
93,81,98
93,81,102
93,82,86
93,82,91
93,82,97
93,82,98
93,82,100
93,82,102
93,82,103
93,83,88
93,83,89
93,83,92
93,83,104
93,85,86
93,85,91
93,85,102
93,86,91
93,86,97
93,86,98
93,86,102
93,88,89
93,88,92
93,88,104
93,89,92
93,89,104
93,91,97
93,91,98
93,91,102
93,91,103
93,92,104
93,93,94
93,95,104
93,97,98
93,97,100
93,97,102
93,97,103
93,98,102
93,98,103
93,99,100
93,101,102
94,1,6
94,1,7
94,1,23
94,1,45
94,1,54
94,1,55
94,1,63
94,1,81
94,1,88
94,1,101
94,3,59
94,4,10
94,4,11
94,4,22
94,4,84
94,4,102
94,5,33
94,6,7
94,6,24
94,6,54
94,6,55
94,6,57
94,6,68
94,6,70
94,6,74
94,6,81
94,6,88
94,6,90
94,6,94
94,6,101
94,7,24
94,7,54
94,7,55
94,7,57
94,7,68
94,7,74
94,7,81
94,7,88
94,7,90
94,7,94
94,7,101
94,8,20
94,8,48
94,8,49
94,8,59
94,8,70
94,8,93
94,9,13
94,9,28
94,9,31
94,9,38
94,9,44
94,9,47
94,9,50
94,9,51
94,9,58
94,9,59
94,9,89
94,9,92
94,10,11
94,10,12
94,10,13
94,10,15
94,10,16
94,10,22
94,10,25
94,10,26
94,10,28
94,10,29
94,10,30
94,10,31
94,10,38
94,10,39
94,10,41
94,10,42
94,10,43
94,10,44
94,10,46
94,10,47
94,10,50
94,10,51
94,10,52
94,10,53
94,10,58
94,10,60
94,10,61
94,10,62
94,10,65
94,10,71
94,10,78
94,10,79
94,10,80
94,10,83
94,10,84
94,10,89
94,10,92
94,10,95
94,10,96
94,10,99
94,11,12
94,11,13
94,11,15
94,11,22
94,11,25
94,11,26
94,11,28
94,11,29
94,11,30
94,11,31
94,11,38
94,11,39
94,11,41
94,11,42
94,11,43
94,11,44
94,11,46
94,11,47
94,11,50
94,11,51
94,11,58
94,11,61
94,11,62
94,11,65
94,11,71
94,11,78
94,11,79
94,11,80
94,11,83
94,11,84
94,11,89
94,11,92
94,11,95
94,11,96
94,11,99
94,12,13
94,12,15
94,12,16
94,12,25
94,12,26
94,12,28
94,12,29
94,12,30
94,12,31
94,12,38
94,12,39
94,12,42
94,12,44
94,12,46
94,12,47
94,12,50
94,12,51
94,12,52
94,12,53
94,12,58
94,12,60
94,12,62
94,12,71
94,12,78
94,12,79
94,12,83
94,12,84
94,12,89
94,12,92
94,12,95
94,12,96
94,12,99
94,12,100
94,13,15
94,13,16
94,13,25
94,13,26
94,13,28
94,13,29
94,13,30
94,13,31
94,13,38
94,13,39
94,13,42
94,13,44
94,13,46
94,13,47
94,13,50
94,13,51
94,13,52
94,13,53
94,13,58
94,13,60
94,13,62
94,13,71
94,13,78
94,13,79
94,13,80
94,13,83
94,13,84
94,13,89
94,13,92
94,13,95
94,13,96
94,13,99
94,15,22
94,15,25
94,15,26
94,15,28
94,15,29
94,15,30
94,15,31
94,15,38
94,15,39
94,15,41
94,15,42
94,15,43
94,15,44
94,15,46
94,15,47
94,15,50
94,15,51
94,15,52
94,15,58
94,15,60
94,15,61
94,15,62
94,15,65
94,15,71
94,15,78
94,15,79
94,15,80
94,15,83
94,15,84
94,15,89
94,15,92
94,15,95
94,15,96
94,15,99
94,16,26
94,16,28
94,16,29
94,16,30
94,16,31
94,16,38
94,16,42
94,16,44
94,16,46
94,16,47
94,16,50
94,16,60
94,16,62
94,16,79
94,16,83
94,16,84
94,16,92
94,16,99
94,17,59
94,19,21
94,20,21
94,20,49
94,22,25
94,22,26
94,22,28
94,22,30
94,22,31
94,22,34
94,22,35
94,22,38
94,22,39
94,22,42
94,22,44
94,22,46
94,22,47
94,22,50
94,22,51
94,22,52
94,22,58
94,22,61
94,22,62
94,22,64
94,22,69
94,22,71
94,22,78
94,22,79
94,22,80
94,22,84
94,22,89
94,22,92
94,22,95
94,22,96
94,22,97
94,22,99
94,22,102
94,23,77
94,24,54
94,24,55
94,24,57
94,24,68
94,24,74
94,24,81
94,24,88
94,24,90
94,24,94
94,24,101
94,25,26
94,25,28
94,25,29
94,25,30
94,25,31
94,25,38
94,25,39
94,25,42
94,25,44
94,25,46
94,25,47
94,25,50
94,25,51
94,25,52
94,25,53
94,25,58
94,25,60
94,25,62
94,25,69
94,25,71
94,25,79
94,25,80
94,25,83
94,25,84
94,25,89
94,25,92
94,25,95
94,25,96
94,25,99
94,26,28
94,26,29
94,26,30
94,26,31
94,26,38
94,26,39
94,26,42
94,26,43
94,26,44
94,26,46
94,26,47
94,26,50
94,26,51
94,26,52
94,26,53
94,26,58
94,26,60
94,26,61
94,26,62
94,26,65
94,26,71
94,26,78
94,26,79
94,26,80
94,26,83
94,26,84
94,26,89
94,26,92
94,26,95
94,26,96
94,26,99
94,27,41
94,27,43
94,27,65
94,27,77
94,28,29
94,28,30
94,28,31
94,28,34
94,28,35
94,28,38
94,28,39
94,28,41
94,28,42
94,28,43
94,28,44
94,28,46
94,28,47
94,28,50
94,28,51
94,28,52
94,28,58
94,28,60
94,28,61
94,28,62
94,28,65
94,28,69
94,28,71
94,28,78
94,28,79
94,28,80
94,28,83
94,28,84
94,28,89
94,28,92
94,28,95
94,28,96
94,28,99
94,29,30
94,29,31
94,29,34
94,29,35
94,29,38
94,29,39
94,29,42
94,29,43
94,29,44
94,29,46
94,29,47
94,29,50
94,29,51
94,29,52
94,29,58
94,29,59
94,29,60
94,29,61
94,29,62
94,29,71
94,29,78
94,29,79
94,29,80
94,29,83
94,29,84
94,29,89
94,29,92
94,29,95
94,29,96
94,29,99
94,30,31
94,30,38
94,30,39
94,30,42
94,30,43
94,30,44
94,30,46
94,30,47
94,30,50
94,30,51
94,30,52
94,30,53
94,30,58
94,30,60
94,30,61
94,30,62
94,30,65
94,30,71
94,30,78
94,30,79
94,30,80
94,30,83
94,30,84
94,30,89
94,30,92
94,30,95
94,30,96
94,30,99
94,31,38
94,31,39
94,31,41
94,31,42
94,31,43
94,31,44
94,31,46
94,31,47
94,31,50
94,31,51
94,31,52
94,31,53
94,31,58
94,31,60
94,31,61
94,31,62
94,31,65
94,31,71
94,31,78
94,31,79
94,31,80
94,31,83
94,31,84
94,31,89
94,31,92
94,31,95
94,31,96
94,31,99
94,31,100
94,32,55
94,32,57
94,32,63
94,32,70
94,32,85
94,32,86
94,32,88
94,32,90
94,32,101
94,33,40
94,33,77
94,34,35
94,34,38
94,34,39
94,34,46
94,34,47
94,34,50
94,34,51
94,34,71
94,34,84
94,34,89
94,34,92
94,34,95
94,34,96
94,34,97
94,34,102
94,35,46
94,35,47
94,35,50
94,35,51
94,35,64
94,35,80
94,35,84
94,35,89
94,35,95
94,35,96
94,35,97
94,36,37
94,36,87
94,37,59
94,38,39
94,38,42
94,38,43
94,38,44
94,38,46
94,38,47
94,38,50
94,38,51
94,38,52
94,38,53
94,38,58
94,38,60
94,38,61
94,38,62
94,38,65
94,38,69
94,38,71
94,38,78
94,38,79
94,38,80
94,38,83
94,38,84
94,38,89
94,38,92
94,38,95
94,38,96
94,38,99
94,39,41
94,39,42
94,39,43
94,39,44
94,39,46
94,39,47
94,39,50
94,39,51
94,39,52
94,39,58
94,39,60
94,39,61
94,39,62
94,39,71
94,39,78
94,39,79
94,39,80
94,39,83
94,39,84
94,39,89
94,39,92
94,39,95
94,39,96
94,39,99
94,41,42
94,41,43
94,41,44
94,41,46
94,41,47
94,41,61
94,41,62
94,41,65
94,41,77
94,41,78
94,41,79
94,41,84
94,41,91
94,41,92
94,41,96
94,42,43
94,42,44
94,42,46
94,42,47
94,42,50
94,42,51
94,42,52
94,42,53
94,42,58
94,42,60
94,42,61
94,42,62
94,42,65
94,42,71
94,42,78
94,42,79
94,42,80
94,42,83
94,42,84
94,42,89
94,42,92
94,42,95
94,42,96
94,42,99
94,43,44
94,43,46
94,43,47
94,43,50
94,43,58
94,43,60
94,43,61
94,43,62
94,43,65
94,43,71
94,43,78
94,43,79
94,43,80
94,43,84
94,43,89
94,43,91
94,43,92
94,43,96
94,44,46
94,44,47
94,44,50
94,44,51
94,44,52
94,44,53
94,44,58
94,44,60
94,44,61
94,44,62
94,44,65
94,44,71
94,44,78
94,44,79
94,44,80
94,44,83
94,44,84
94,44,89
94,44,92
94,44,95
94,44,96
94,44,99
94,45,85
94,46,47
94,46,50
94,46,51
94,46,52
94,46,53
94,46,58
94,46,60
94,46,61
94,46,62
94,46,65
94,46,69
94,46,71
94,46,78
94,46,79
94,46,80
94,46,83
94,46,84
94,46,89
94,46,92
94,46,95
94,46,96
94,46,99
94,47,50
94,47,51
94,47,52
94,47,53
94,47,58
94,47,60
94,47,61
94,47,62
94,47,65
94,47,69
94,47,71
94,47,78
94,47,79
94,47,80
94,47,83
94,47,84
94,47,89
94,47,91
94,47,92
94,47,95
94,47,96
94,47,99
94,48,49
94,48,70
94,49,70
94,50,51
94,50,52
94,50,53
94,50,58
94,50,60
94,50,61
94,50,62
94,50,69
94,50,71
94,50,78
94,50,79
94,50,80
94,50,83
94,50,84
94,50,89
94,50,92
94,50,95
94,50,96
94,50,99
94,50,100
94,51,53
94,51,58
94,51,62
94,51,69
94,51,71
94,51,79
94,51,80
94,51,84
94,51,89
94,51,92
94,51,95
94,51,96
94,51,97
94,51,99
94,52,58
94,52,60
94,52,62
94,52,79
94,52,80
94,52,83
94,52,84
94,52,89
94,52,92
94,52,95
94,52,96
94,52,99
94,53,79
94,53,83
94,53,84
94,53,92
94,53,99
94,54,55
94,54,57
94,54,68
94,54,70
94,54,74
94,54,81
94,54,88
94,54,90
94,54,94
94,54,101
94,55,57
94,55,68
94,55,70
94,55,74
94,55,81
94,55,88
94,55,90
94,55,94
94,55,101
94,57,68
94,57,70
94,57,74
94,57,81
94,57,88
94,57,90
94,57,94
94,57,101
94,58,60
94,58,61
94,58,62
94,58,71
94,58,78
94,58,79
94,58,80
94,58,83
94,58,84
94,58,89
94,58,92
94,58,95
94,58,96
94,58,99
94,59,82
94,59,87
94,59,98
94,60,61
94,60,62
94,60,78
94,60,79
94,60,80
94,60,83
94,60,84
94,60,92
94,60,95
94,60,96
94,60,99
94,61,62
94,61,65
94,61,71
94,61,78
94,61,79
94,61,80
94,61,84
94,61,89
94,61,91
94,61,92
94,61,95
94,61,96
94,62,65
94,62,71
94,62,78
94,62,79
94,62,80
94,62,83
94,62,84
94,62,89
94,62,92
94,62,95
94,62,96
94,62,99
94,63,70
94,63,85
94,64,102
94,65,71
94,65,78
94,65,79
94,65,80
94,65,84
94,65,91
94,65,92
94,65,96
94,66,88
94,68,74
94,68,81
94,68,88
94,68,90
94,68,94
94,68,101
94,69,84
94,69,89
94,69,92
94,69,95
94,69,96
94,70,74
94,70,81
94,70,88
94,70,90
94,70,101
94,71,78
94,71,79
94,71,80
94,71,84
94,71,89
94,71,92
94,71,95
94,71,96
94,71,99
94,73,74
94,74,81
94,74,88
94,74,90
94,74,94
94,74,101
94,77,91
94,78,79
94,78,80
94,78,83
94,78,84
94,78,89
94,78,91
94,78,92
94,78,95
94,78,96
94,79,80
94,79,83
94,79,84
94,79,89
94,79,92
94,79,95
94,79,96
94,79,99
94,80,84
94,80,89
94,80,92
94,80,95
94,80,96
94,80,99
94,80,102
94,81,88
94,81,90
94,81,93
94,81,94
94,81,101
94,83,84
94,83,89
94,83,92
94,83,96
94,83,99
94,84,89
94,84,92
94,84,95
94,84,96
94,84,99
94,86,90
94,87,97
94,88,90
94,88,94
94,88,101
94,89,92
94,89,95
94,89,96
94,89,99
94,90,101
94,91,96
94,92,95
94,92,96
94,92,99
94,92,100
94,94,101
94,95,96
94,95,99
94,95,102
94,96,99
94,96,102
94,97,98
94,99,100
95,1,2
95,1,6
95,1,11
95,1,12
95,1,14
95,1,17
95,1,19
95,1,24
95,1,25
95,1,28
95,1,29
95,1,31
95,1,32
95,1,33
95,1,40
95,1,41
95,1,42
95,1,43
95,1,44
95,1,48
95,1,49
95,1,50
95,1,54
95,1,64
95,1,65
95,1,68
95,1,69
95,1,74
95,1,75
95,1,82
95,1,83
95,1,86
95,1,94
95,1,95
95,1,100
95,1,102
95,2,49
95,3,10
95,3,51
95,3,70
95,3,77
95,3,84
95,3,93
95,4,67
95,5,90
95,6,24
95,6,49
95,8,27
95,8,30
95,8,59
95,8,61
95,8,66
95,8,70
95,8,77
95,8,84
95,8,90
95,8,92
95,8,93
95,8,97
95,8,104
95,8,105
95,9,11
95,9,99
95,10,51
95,10,52
95,10,73
95,11,99
95,12,14
95,12,17
95,12,24
95,12,25
95,12,28
95,12,31
95,12,32
95,12,33
95,12,41
95,12,42
95,12,44
95,12,47
95,12,48
95,12,49
95,12,50
95,12,64
95,12,65
95,12,68
95,12,69
95,12,74
95,12,83
95,12,86
95,12,95
95,12,98
95,12,99
95,12,102
95,14,15
95,14,25
95,14,26
95,14,31
95,14,32
95,14,33
95,14,40
95,14,41
95,14,42
95,14,44
95,14,49
95,14,50
95,14,86
95,14,95
95,14,102
95,15,26
95,15,31
95,15,49
95,15,50
95,17,24
95,17,25
95,17,28
95,17,31
95,17,32
95,17,33
95,17,40
95,17,41
95,17,42
95,17,43
95,17,44
95,17,47
95,17,48
95,17,49
95,17,50
95,17,64
95,17,65
95,17,68
95,17,69
95,17,74
95,17,83
95,17,95
95,17,98
95,17,99
95,17,102
95,18,92
95,18,93
95,20,21
95,22,23
95,24,25
95,24,26
95,24,28
95,24,31
95,24,32
95,24,33
95,24,40
95,24,42
95,24,48
95,24,49
95,24,50
95,24,54
95,24,64
95,24,65
95,24,68
95,24,69
95,24,83
95,24,98
95,24,99
95,25,26
95,25,28
95,25,31
95,25,32
95,25,33
95,25,40
95,25,41
95,25,42
95,25,44
95,25,48
95,25,49
95,25,50
95,25,57
95,25,64
95,25,65
95,25,68
95,25,69
95,25,86
95,25,94
95,25,95
95,25,98
95,25,99
95,26,49
95,26,50
95,26,95
95,26,98
95,26,99
95,27,59
95,27,61
95,27,66
95,27,67
95,27,70
95,27,77
95,27,84
95,27,90
95,27,92
95,27,93
95,27,97
95,27,104
95,27,105
95,28,32
95,28,33
95,28,42
95,28,49
95,28,54
95,28,65
95,28,69
95,28,99
95,29,82
95,30,35
95,30,61
95,30,66
95,30,77
95,30,90
95,30,92
95,30,93
95,31,32
95,31,33
95,31,40
95,31,41
95,31,42
95,31,44
95,31,47
95,31,48
95,31,49
95,31,50
95,31,64
95,31,65
95,31,69
95,31,74
95,31,83
95,31,86
95,31,95
95,31,98
95,31,99
95,31,102
95,32,33
95,32,40
95,32,41
95,32,42
95,32,44
95,32,47
95,32,48
95,32,49
95,32,50
95,32,63
95,32,64
95,32,65
95,32,68
95,32,69
95,32,74
95,32,83
95,32,86
95,32,95
95,32,98
95,32,99
95,32,102
95,33,40
95,33,41
95,33,42
95,33,44
95,33,47
95,33,48
95,33,49
95,33,50
95,33,63
95,33,64
95,33,65
95,33,69
95,33,74
95,33,83
95,33,86
95,33,95
95,33,98
95,33,99
95,33,102
95,35,67
95,35,73
95,35,84
95,35,90
95,35,93
95,36,37
95,37,39
95,38,39
95,38,91
95,40,41
95,40,42
95,40,44
95,40,47
95,40,48
95,40,49
95,40,50
95,40,62
95,40,63
95,40,64
95,40,65
95,40,68
95,40,69
95,40,74
95,40,83
95,40,86
95,40,95
95,40,99
95,40,102
95,41,42
95,41,44
95,41,48
95,41,49
95,41,50
95,41,64
95,41,65
95,41,86
95,41,95
95,41,102
95,42,44
95,42,47
95,42,48
95,42,49
95,42,50
95,42,62
95,42,63
95,42,64
95,42,65
95,42,68
95,42,69
95,42,74
95,42,83
95,42,86
95,42,95
95,42,98
95,42,99
95,42,102
95,43,49
95,43,64
95,43,65
95,43,68
95,44,47
95,44,48
95,44,49
95,44,50
95,44,64
95,44,65
95,44,68
95,44,74
95,44,83
95,44,86
95,44,87
95,44,95
95,44,102
95,45,48
95,45,64
95,45,68
95,47,48
95,47,49
95,47,50
95,47,64
95,47,65
95,47,68
95,47,74
95,47,86
95,47,87
95,47,95
95,47,99
95,47,102
95,48,50
95,48,64
95,48,65
95,48,68
95,48,69
95,48,74
95,48,83
95,48,86
95,48,88
95,48,95
95,48,98
95,48,99
95,48,102
95,49,50
95,49,54
95,49,62
95,49,63
95,49,64
95,49,65
95,49,68
95,49,69
95,49,74
95,49,75
95,49,83
95,49,86
95,49,87
95,49,94
95,49,95
95,49,98
95,49,99
95,49,100
95,49,102
95,50,62
95,50,64
95,50,65
95,50,69
95,50,74
95,50,83
95,50,86
95,50,95
95,50,98
95,50,99
95,50,102
95,51,52
95,51,73
95,52,73
95,55,72
95,59,61
95,59,66
95,59,70
95,59,73
95,59,77
95,59,84
95,59,90
95,59,92
95,59,93
95,59,97
95,59,104
95,59,105
95,61,66
95,61,70
95,61,77
95,61,84
95,61,90
95,61,92
95,61,93
95,61,97
95,61,104
95,61,105
95,63,65
95,63,83
95,63,95
95,63,99
95,64,65
95,64,68
95,64,69
95,64,74
95,64,83
95,64,95
95,65,68
95,65,69
95,65,74
95,65,83
95,65,86
95,65,95
95,65,98
95,65,99
95,65,102
95,66,67
95,66,77
95,66,90
95,66,92
95,66,93
95,66,104
95,66,105
95,67,73
95,67,77
95,67,84
95,67,90
95,67,92
95,67,93
95,67,104
95,67,105
95,68,69
95,68,83
95,69,83
95,69,95
95,69,98
95,69,99
95,70,77
95,70,84
95,70,90
95,70,92
95,70,93
95,70,96
95,70,97
95,70,105
95,73,77
95,73,90
95,73,105
95,74,86
95,74,102
95,75,100
95,77,84
95,77,90
95,77,92
95,77,93
95,77,97
95,77,104
95,77,105
95,83,95
95,84,90
95,84,92
95,84,93
95,84,105
95,86,87
95,86,102
95,90,92
95,90,93
95,90,97
95,90,104
95,90,105
95,92,93
95,92,97
95,92,104
95,92,105
95,93,96
95,93,97
95,93,104
95,93,105
95,94,95
95,95,99
95,95,102
95,97,105
95,98,99
95,99,102
95,104,105
96,1,11
96,1,15
96,1,16
96,1,22
96,1,23
96,1,26
96,1,35
96,1,39
96,1,41
96,1,43
96,1,44
96,1,45
96,1,61
96,1,62
96,1,66
96,1,71
96,1,72
96,1,79
96,1,80
96,1,96
96,2,3
96,3,8
96,3,34
96,3,35
96,3,58
96,3,85
96,4,22
96,4,23
96,4,54
96,4,83
96,5,63
96,6,85
96,7,67
96,7,88
96,7,90
96,8,9
96,8,34
96,8,85
96,9,40
96,9,54
96,10,88
96,11,12
96,11,15
96,11,16
96,11,22
96,11,23
96,11,26
96,11,28
96,11,31
96,11,39
96,11,40
96,11,41
96,11,43
96,11,44
96,11,45
96,11,46
96,11,54
96,11,61
96,11,62
96,11,66
96,11,71
96,11,72
96,11,79
96,11,83
96,11,91
96,11,96
96,11,99
96,12,15
96,12,39
96,12,40
96,12,44
96,12,54
96,12,61
96,12,91
96,13,25
96,13,29
96,13,30
96,13,57
96,13,60
96,13,67
96,13,82
96,13,89
96,13,90
96,13,101
96,13,102
96,15,16
96,15,22
96,15,23
96,15,26
96,15,31
96,15,39
96,15,40
96,15,41
96,15,43
96,15,44
96,15,45
96,15,54
96,15,61
96,15,62
96,15,66
96,15,71
96,15,72
96,15,79
96,15,91
96,15,95
96,15,96
96,15,99
96,16,31
96,16,39
96,16,40
96,16,41
96,16,44
96,16,61
96,16,62
96,16,66
96,16,72
96,16,91
96,16,99
96,17,30
96,18,21
96,18,22
96,18,35
96,18,58
96,18,87
96,20,21
96,21,37
96,21,50
96,21,58
96,21,87
96,22,23
96,22,28
96,22,31
96,22,34
96,22,35
96,22,39
96,22,41
96,22,43
96,22,45
96,22,54
96,22,61
96,22,62
96,22,66
96,22,70
96,22,71
96,22,79
96,22,83
96,22,85
96,22,87
96,22,95
96,22,96
96,22,97
96,22,98
96,23,28
96,23,31
96,23,35
96,23,39
96,23,40
96,23,41
96,23,43
96,23,44
96,23,45
96,23,46
96,23,51
96,23,54
96,23,61
96,23,62
96,23,66
96,23,71
96,23,72
96,23,79
96,23,83
96,23,91
96,23,95
96,23,96
96,23,97
96,23,98
96,23,99
96,24,40
96,24,85
96,24,95
96,25,57
96,25,60
96,25,67
96,25,82
96,25,89
96,25,90
96,26,43
96,26,61
96,26,62
96,26,66
96,26,79
96,28,31
96,28,41
96,28,43
96,28,44
96,28,45
96,28,46
96,28,51
96,28,54
96,28,61
96,28,62
96,28,66
96,28,70
96,28,71
96,28,72
96,28,83
96,28,91
96,28,99
96,29,30
96,29,57
96,29,60
96,29,88
96,29,89
96,29,90
96,29,93
96,30,57
96,30,60
96,30,67
96,30,82
96,30,88
96,30,89
96,30,90
96,30,93
96,30,101
96,30,102
96,31,39
96,31,40
96,31,41
96,31,42
96,31,43
96,31,44
96,31,45
96,31,46
96,31,54
96,31,61
96,31,62
96,31,65
96,31,66
96,31,72
96,31,79
96,31,83
96,31,91
96,31,95
96,31,96
96,31,99
96,32,78
96,34,35
96,34,58
96,34,85
96,34,97
96,35,37
96,35,40
96,35,58
96,35,70
96,35,85
96,35,87
96,35,96
96,35,97
96,35,98
96,36,37
96,36,50
96,37,50
96,37,58
96,37,87
96,39,41
96,39,44
96,39,51
96,39,61
96,39,62
96,39,66
96,39,71
96,39,72
96,40,41
96,40,43
96,40,44
96,40,45
96,40,46
96,40,54
96,40,59
96,40,61
96,40,62
96,40,66
96,40,72
96,40,79
96,40,83
96,40,91
96,40,95
96,40,97
96,40,99
96,41,42
96,41,43
96,41,44
96,41,45
96,41,46
96,41,54
96,41,59
96,41,61
96,41,62
96,41,65
96,41,66
96,41,72
96,41,79
96,41,83
96,41,91
96,41,95
96,41,96
96,41,99
96,42,44
96,42,45
96,42,46
96,42,62
96,42,65
96,43,44
96,43,45
96,43,46
96,43,54
96,43,61
96,43,62
96,43,65
96,43,66
96,43,72
96,43,79
96,43,83
96,43,91
96,43,95
96,43,99
96,44,45
96,44,46
96,44,54
96,44,61
96,44,62
96,44,65
96,44,66
96,44,72
96,44,79
96,44,83
96,44,91
96,44,96
96,44,99
96,45,46
96,45,54
96,45,59
96,45,61
96,45,62
96,45,65
96,45,66
96,45,72
96,45,79
96,45,83
96,45,91
96,45,96
96,45,99
96,46,54
96,46,59
96,46,61
96,46,62
96,46,65
96,46,66
96,46,72
96,46,79
96,46,83
96,46,91
96,46,99
96,49,82
96,49,88
96,49,93
96,51,70
96,51,72
96,51,79
96,54,61
96,54,62
96,54,66
96,54,70
96,54,71
96,54,72
96,54,83
96,54,91
96,54,95
96,54,96
96,54,99
96,57,60
96,57,67
96,57,82
96,57,88
96,57,89
96,57,90
96,57,93
96,57,101
96,57,102
96,58,87
96,58,98
96,59,61
96,59,62
96,59,91
96,60,67
96,60,82
96,60,88
96,60,89
96,60,90
96,60,93
96,60,101
96,60,102
96,61,62
96,61,65
96,61,66
96,61,72
96,61,79
96,61,83
96,61,91
96,61,95
96,61,96
96,61,99
96,62,65
96,62,66
96,62,72
96,62,79
96,62,83
96,62,91
96,62,95
96,62,96
96,62,99
96,63,64
96,63,88
96,64,82
96,64,93
96,65,66
96,66,72
96,66,79
96,66,83
96,66,91
96,66,95
96,66,96
96,66,99
96,67,82
96,67,88
96,67,89
96,67,90
96,67,102
96,70,95
96,70,96
96,70,97
96,71,96
96,72,79
96,72,83
96,72,91
96,72,95
96,72,96
96,72,99
96,79,83
96,79,91
96,79,99
96,82,88
96,82,89
96,82,90
96,82,93
96,82,101
96,82,102
96,83,91
96,83,96
96,83,99
96,85,95
96,85,98
96,86,88
96,87,98
96,88,90
96,88,93
96,88,101
96,88,102
96,89,90
96,89,101
96,90,93
96,90,101
96,90,102
96,91,99
96,93,101
96,93,102
96,95,96
96,96,98
96,96,99
96,97,98
96,101,102
97,1,3
97,1,4
97,1,5
97,1,6
97,1,10
97,1,13
97,1,19
97,1,21
97,1,25
97,1,26
97,1,28
97,1,29
97,1,30
97,1,31
97,1,32
97,1,33
97,1,48
97,1,50
97,1,57
97,1,59
97,1,62
97,1,63
97,1,64
97,1,67
97,1,73
97,1,81
97,1,84
97,1,85
97,1,88
97,1,89
97,1,90
97,1,94
97,1,96
97,1,100
97,1,101
97,1,102
97,2,7
97,2,74
97,3,4
97,3,5
97,3,10
97,3,13
97,3,19
97,3,21
97,3,24
97,3,25
97,3,28
97,3,29
97,3,30
97,3,31
97,3,32
97,3,48
97,3,57
97,3,59
97,3,63
97,3,64
97,3,65
97,3,67
97,3,68
97,3,73
97,3,81
97,3,84
97,3,85
97,3,88
97,3,89
97,3,90
97,3,94
97,3,100
97,3,101
97,3,102
97,4,5
97,4,10
97,4,19
97,4,21
97,4,24
97,4,28
97,4,29
97,4,31
97,4,32
97,4,33
97,4,48
97,4,50
97,4,57
97,4,58
97,4,62
97,4,63
97,4,64
97,4,65
97,4,69
97,4,76
97,4,81
97,4,84
97,4,85
97,4,88
97,4,89
97,4,90
97,4,94
97,4,96
97,4,101
97,4,102
97,5,10
97,5,13
97,5,19
97,5,21
97,5,24
97,5,25
97,5,28
97,5,29
97,5,30
97,5,31
97,5,32
97,5,33
97,5,48
97,5,50
97,5,57
97,5,58
97,5,62
97,5,63
97,5,64
97,5,65
97,5,67
97,5,69
97,5,76
97,5,81
97,5,84
97,5,85
97,5,88
97,5,89
97,5,90
97,5,94
97,5,96
97,5,100
97,5,101
97,5,102
97,6,10
97,6,21
97,6,24
97,6,25
97,6,57
97,6,67
97,6,81
97,6,85
97,6,88
97,6,90
97,6,94
97,7,18
97,7,53
97,7,56
97,7,86
97,7,87
97,8,9
97,8,34
97,8,35
97,8,52
97,8,53
97,8,70
97,8,86
97,8,97
97,8,98
97,9,11
97,9,12
97,9,14
97,9,16
97,9,22
97,9,23
97,9,38
97,9,41
97,9,42
97,9,43
97,9,44
97,9,45
97,9,51
97,9,52
97,9,60
97,9,61
97,9,66
97,9,71
97,9,72
97,9,79
97,9,92
97,9,95
97,10,13
97,10,21
97,10,24
97,10,25
97,10,28
97,10,29
97,10,31
97,10,32
97,10,48
97,10,50
97,10,57
97,10,58
97,10,62
97,10,63
97,10,64
97,10,65
97,10,67
97,10,81
97,10,84
97,10,85
97,10,88
97,10,89
97,10,90
97,10,94
97,10,96
97,10,101
97,10,102
97,11,12
97,11,14
97,11,22
97,11,23
97,11,38
97,11,41
97,11,42
97,11,43
97,11,44
97,11,45
97,11,51
97,11,52
97,11,60
97,11,61
97,11,66
97,11,71
97,11,72
97,11,79
97,11,92
97,12,14
97,12,22
97,12,23
97,12,41
97,12,42
97,12,43
97,12,44
97,12,45
97,12,51
97,12,52
97,12,60
97,12,61
97,12,66
97,12,71
97,12,79
97,12,92
97,13,21
97,13,24
97,13,25
97,13,28
97,13,29
97,13,30
97,13,31
97,13,32
97,13,57
97,13,59
97,13,63
97,13,64
97,13,67
97,13,68
97,13,73
97,13,81
97,13,85
97,13,88
97,13,89
97,13,90
97,13,94
97,13,100
97,13,101
97,13,102
97,14,16
97,14,22
97,14,23
97,14,38
97,14,41
97,14,42
97,14,43
97,14,44
97,14,45
97,14,51
97,14,60
97,14,61
97,14,66
97,14,71
97,14,72
97,14,79
97,14,92
97,16,41
97,16,42
97,16,43
97,16,45
97,16,51
97,16,60
97,16,61
97,16,66
97,16,71
97,16,79
97,17,29
97,17,30
97,17,31
97,17,63
97,18,20
97,18,54
97,18,86
97,18,87
97,19,21
97,19,29
97,19,30
97,19,31
97,19,32
97,19,48
97,19,57
97,19,63
97,19,64
97,19,65
97,19,81
97,19,84
97,19,85
97,19,89
97,19,90
97,19,94
97,19,100
97,19,101
97,19,102
97,20,36
97,20,74
97,21,24
97,21,25
97,21,28
97,21,29
97,21,30
97,21,31
97,21,32
97,21,33
97,21,48
97,21,50
97,21,57
97,21,59
97,21,62
97,21,63
97,21,64
97,21,65
97,21,67
97,21,68
97,21,73
97,21,81
97,21,84
97,21,85
97,21,88
97,21,89
97,21,90
97,21,94
97,21,100
97,21,101
97,21,102
97,22,23
97,22,38
97,22,41
97,22,42
97,22,43
97,22,44
97,22,45
97,22,51
97,22,60
97,22,61
97,22,66
97,22,71
97,22,72
97,22,92
97,22,95
97,23,38
97,23,41
97,23,42
97,23,43
97,23,44
97,23,45
97,23,51
97,23,52
97,23,60
97,23,61
97,23,66
97,23,71
97,23,72
97,23,79
97,23,92
97,23,95
97,24,25
97,24,29
97,24,31
97,24,32
97,24,48
97,24,57
97,24,63
97,24,64
97,24,67
97,24,68
97,24,73
97,24,81
97,24,84
97,24,85
97,24,88
97,24,89
97,24,90
97,24,94
97,24,101
97,24,102
97,25,29
97,25,30
97,25,31
97,25,32
97,25,48
97,25,57
97,25,59
97,25,63
97,25,67
97,25,68
97,25,73
97,25,81
97,25,84
97,25,85
97,25,88
97,25,89
97,25,90
97,25,94
97,25,101
97,25,102
97,26,29
97,26,33
97,26,50
97,26,58
97,26,62
97,26,76
97,26,80
97,26,85
97,26,96
97,26,102
97,27,38
97,28,29
97,28,31
97,28,32
97,28,57
97,28,62
97,28,63
97,28,81
97,28,85
97,28,88
97,28,89
97,28,90
97,28,94
97,28,101
97,28,102
97,29,30
97,29,31
97,29,32
97,29,33
97,29,48
97,29,50
97,29,57
97,29,58
97,29,62
97,29,63
97,29,64
97,29,65
97,29,67
97,29,73
97,29,81
97,29,84
97,29,85
97,29,88
97,29,89
97,29,90
97,29,94
97,29,96
97,29,100
97,29,101
97,29,102
97,30,31
97,30,32
97,30,33
97,30,48
97,30,57
97,30,63
97,30,64
97,30,67
97,30,68
97,30,69
97,30,73
97,30,81
97,30,84
97,30,85
97,30,89
97,30,90
97,30,94
97,30,100
97,30,101
97,30,102
97,31,32
97,31,33
97,31,48
97,31,50
97,31,57
97,31,63
97,31,64
97,31,65
97,31,67
97,31,68
97,31,69
97,31,73
97,31,81
97,31,84
97,31,85
97,31,88
97,31,89
97,31,90
97,31,94
97,31,96
97,31,100
97,31,101
97,31,102
97,32,33
97,32,48
97,32,50
97,32,57
97,32,58
97,32,62
97,32,63
97,32,64
97,32,65
97,32,69
97,32,81
97,32,84
97,32,85
97,32,88
97,32,89
97,32,90
97,32,94
97,32,96
97,32,100
97,32,101
97,32,102
97,33,48
97,33,50
97,33,62
97,33,63
97,33,64
97,33,69
97,33,81
97,33,85
97,33,89
97,33,96
97,33,101
97,33,102
97,34,35
97,34,53
97,34,56
97,34,70
97,34,86
97,34,97
97,34,98
97,35,56
97,35,86
97,35,97
97,35,98
97,36,37
97,36,49
97,36,87
97,37,49
97,38,41
97,38,42
97,38,44
97,38,45
97,38,51
97,38,52
97,38,60
97,38,61
97,38,66
97,38,71
97,38,79
97,38,92
97,38,95
97,39,58
97,40,78
97,40,80
97,41,42
97,41,43
97,41,44
97,41,45
97,41,51
97,41,52
97,41,60
97,41,61
97,41,66
97,41,71
97,41,72
97,41,79
97,41,92
97,41,95
97,42,43
97,42,44
97,42,45
97,42,51
97,42,52
97,42,60
97,42,61
97,42,66
97,42,71
97,42,79
97,42,92
97,43,44
97,43,45
97,43,51
97,43,60
97,43,61
97,43,66
97,43,71
97,43,79
97,43,92
97,44,45
97,44,51
97,44,52
97,44,60
97,44,61
97,44,66
97,44,71
97,44,72
97,44,79
97,44,92
97,45,51
97,45,52
97,45,60
97,45,61
97,45,66
97,45,71
97,45,79
97,45,92
97,45,95
97,46,47
97,46,50
97,46,76
97,46,91
97,47,50
97,47,76
97,47,78
97,47,91
97,48,50
97,48,57
97,48,58
97,48,63
97,48,64
97,48,65
97,48,67
97,48,69
97,48,76
97,48,81
97,48,84
97,48,85
97,48,88
97,48,89
97,48,90
97,48,94
97,48,96
97,48,100
97,48,101
97,48,102
97,50,57
97,50,58
97,50,62
97,50,63
97,50,64
97,50,65
97,50,69
97,50,75
97,50,76
97,50,81
97,50,84
97,50,85
97,50,89
97,50,90
97,50,91
97,50,94
97,50,96
97,50,100
97,50,101
97,50,102
97,51,60
97,51,61
97,51,66
97,51,71
97,51,79
97,51,92
97,51,95
97,52,53
97,52,60
97,52,92
97,53,56
97,53,70
97,53,86
97,53,97
97,53,98
97,54,55
97,54,74
97,55,74
97,56,86
97,56,95
97,56,97
97,56,98
97,57,58
97,57,63
97,57,64
97,57,65
97,57,67
97,57,68
97,57,69
97,57,73
97,57,81
97,57,84
97,57,85
97,57,88
97,57,89
97,57,90
97,57,94
97,57,96
97,57,100
97,57,101
97,57,102
97,58,62
97,58,63
97,58,64
97,58,65
97,58,69
97,58,75
97,58,76
97,58,81
97,58,84
97,58,85
97,58,88
97,58,90
97,58,91
97,58,94
97,58,96
97,58,101
97,58,102
97,59,67
97,59,68
97,59,73
97,59,81
97,59,89
97,59,90
97,60,61
97,60,66
97,60,71
97,60,72
97,60,79
97,60,92
97,60,95
97,61,66
97,61,71
97,61,72
97,61,79
97,61,92
97,62,63
97,62,64
97,62,76
97,62,85
97,62,88
97,62,96
97,62,101
97,62,102
97,63,64
97,63,65
97,63,67
97,63,69
97,63,73
97,63,81
97,63,84
97,63,85
97,63,88
97,63,89
97,63,90
97,63,94
97,63,96
97,63,100
97,63,101
97,63,102
97,64,65
97,64,69
97,64,81
97,64,84
97,64,85
97,64,88
97,64,89
97,64,90
97,64,94
97,64,96
97,64,100
97,64,101
97,64,102
97,65,69
97,65,81
97,65,84
97,65,85
97,65,89
97,65,90
97,65,91
97,65,94
97,65,96
97,65,100
97,65,101
97,65,102
97,66,71
97,66,72
97,66,79
97,66,92
97,66,95
97,67,68
97,67,73
97,67,81
97,67,84
97,67,88
97,67,89
97,67,90
97,67,94
97,67,100
97,67,101
97,67,102
97,68,73
97,68,81
97,68,89
97,68,90
97,68,93
97,68,94
97,68,101
97,69,83
97,69,84
97,69,85
97,69,91
97,69,94
97,69,96
97,69,101
97,69,102
97,70,86
97,70,95
97,70,97
97,70,98
97,71,79
97,71,92
97,71,95
97,72,92
97,72,95
97,73,81
97,73,84
97,73,89
97,73,90
97,73,93
97,73,94
97,73,101
97,73,102
97,74,87
97,75,76
97,75,80
97,75,96
97,76,80
97,76,85
97,76,91
97,76,96
97,76,102
97,77,78
97,77,80
97,78,80
97,78,91
97,79,92
97,80,91
97,81,84
97,81,85
97,81,88
97,81,89
97,81,90
97,81,94
97,81,96
97,81,100
97,81,101
97,81,102
97,83,84
97,84,85
97,84,88
97,84,89
97,84,90
97,84,94
97,84,96
97,84,100
97,84,101
97,84,102
97,85,88
97,85,89
97,85,90
97,85,94
97,85,96
97,85,100
97,85,101
97,85,102
97,86,95
97,86,97
97,86,98
97,88,89
97,88,90
97,88,94
97,88,96
97,88,100
97,88,101
97,88,102
97,89,90
97,89,94
97,89,100
97,89,101
97,89,102
97,90,94
97,90,96
97,90,100
97,90,101
97,90,102
97,91,96
97,93,94
97,94,100
97,94,101
97,94,102
97,95,97
97,95,98
97,96,101
97,96,102
97,97,98
97,100,101
97,100,102
97,101,102
98,1,3
98,1,4
98,1,5
98,1,6
98,1,10
98,1,27
98,1,28
98,1,29
98,1,32
98,1,33
98,1,48
98,1,51
98,1,56
98,1,57
98,1,58
98,1,63
98,1,80
98,1,83
98,1,84
98,1,87
98,1,92
98,1,93
98,1,95
98,1,96
98,1,101
98,1,102
98,3,6
98,3,10
98,3,20
98,3,24
98,3,25
98,3,29
98,3,56
98,3,57
98,3,66
98,3,67
98,3,80
98,3,83
98,3,87
98,3,88
98,3,89
98,3,93
98,3,101
98,3,102
98,4,5
98,4,10
98,4,27
98,4,29
98,4,32
98,4,33
98,4,48
98,4,51
98,4,56
98,4,57
98,4,58
98,4,63
98,4,80
98,4,83
98,4,84
98,4,87
98,4,92
98,4,93
98,4,95
98,4,96
98,4,101
98,4,102
98,5,10
98,5,17
98,5,18
98,5,20
98,5,25
98,5,27
98,5,29
98,5,32
98,5,33
98,5,48
98,5,56
98,5,57
98,5,58
98,5,63
98,5,80
98,5,83
98,5,84
98,5,87
98,5,89
98,5,92
98,5,93
98,5,95
98,5,96
98,5,99
98,5,101
98,5,102
98,6,28
98,6,56
98,6,57
98,6,80
98,6,87
98,6,101
98,8,9
98,8,35
98,8,52
98,8,68
98,8,85
98,9,11
98,9,12
98,9,22
98,9,23
98,9,35
98,9,40
98,9,44
98,9,45
98,9,50
98,9,52
98,9,62
98,9,68
98,9,81
98,9,85
98,9,91
98,10,17
98,10,20
98,10,25
98,10,28
98,10,29
98,10,31
98,10,33
98,10,48
98,10,56
98,10,57
98,10,58
98,10,63
98,10,80
98,10,83
98,10,84
98,10,87
98,10,88
98,10,89
98,10,92
98,10,93
98,10,99
98,10,101
98,10,102
98,11,12
98,11,14
98,11,16
98,11,22
98,11,23
98,11,39
98,11,40
98,11,42
98,11,43
98,11,44
98,11,45
98,11,50
98,11,60
98,11,61
98,11,62
98,11,64
98,11,68
98,11,70
98,11,71
98,11,79
98,11,85
98,11,91
98,12,14
98,12,16
98,12,22
98,12,23
98,12,39
98,12,40
98,12,42
98,12,43
98,12,44
98,12,45
98,12,50
98,12,60
98,12,61
98,12,62
98,12,64
98,12,68
98,12,70
98,12,71
98,12,79
98,12,85
98,12,91
98,12,98
98,13,20
98,13,24
98,13,25
98,13,59
98,13,66
98,13,67
98,13,73
98,13,80
98,13,88
98,13,89
98,13,93
98,14,16
98,14,22
98,14,23
98,14,39
98,14,40
98,14,42
98,14,43
98,14,44
98,14,45
98,14,60
98,14,61
98,14,62
98,14,64
98,14,71
98,14,79
98,14,85
98,14,91
98,16,39
98,16,40
98,16,42
98,16,44
98,16,45
98,16,60
98,16,61
98,16,79
98,16,85
98,16,91
98,17,27
98,17,29
98,17,33
98,17,63
98,17,84
98,17,92
98,17,93
98,17,95
98,17,96
98,17,102
98,18,20
98,18,65
98,18,88
98,18,92
98,18,93
98,18,99
98,19,86
98,20,24
98,20,25
98,20,29
98,20,31
98,20,33
98,20,56
98,20,57
98,20,66
98,20,67
98,20,73
98,20,80
98,20,83
98,20,88
98,20,89
98,20,92
98,20,93
98,20,99
98,20,101
98,20,102
98,22,23
98,22,35
98,22,39
98,22,40
98,22,42
98,22,43
98,22,44
98,22,45
98,22,50
98,22,60
98,22,61
98,22,62
98,22,64
98,22,68
98,22,70
98,22,79
98,22,81
98,22,85
98,22,91
98,22,94
98,22,98
98,23,40
98,23,42
98,23,43
98,23,44
98,23,45
98,23,50
98,23,60
98,23,61
98,23,62
98,23,64
98,23,68
98,23,70
98,23,79
98,23,85
98,23,91
98,23,94
98,24,25
98,24,59
98,24,66
98,24,67
98,24,73
98,24,88
98,24,89
98,24,101
98,25,31
98,25,33
98,25,56
98,25,57
98,25,66
98,25,67
98,25,73
98,25,80
98,25,83
98,25,87
98,25,88
98,25,89
98,25,99
98,25,101
98,26,70
98,27,29
98,27,32
98,27,46
98,27,47
98,27,48
98,27,51
98,27,63
98,27,75
98,27,77
98,27,78
98,27,84
98,27,90
98,27,92
98,27,95
98,27,96
98,27,102
98,28,29
98,28,56
98,28,84
98,29,33
98,29,48
98,29,51
98,29,56
98,29,57
98,29,63
98,29,80
98,29,84
98,29,87
98,29,89
98,29,92
98,29,93
98,29,95
98,29,96
98,29,101
98,29,102
98,30,31
98,30,92
98,31,63
98,31,73
98,31,80
98,31,83
98,31,92
98,31,93
98,31,99
98,32,51
98,32,63
98,32,84
98,32,95
98,32,96
98,32,102
98,33,48
98,33,56
98,33,57
98,33,63
98,33,80
98,33,83
98,33,84
98,33,87
98,33,89
98,33,92
98,33,93
98,33,95
98,33,99
98,33,101
98,33,102
98,34,35
98,34,85
98,34,97
98,35,45
98,35,50
98,35,53
98,35,68
98,35,81
98,35,85
98,35,97
98,35,98
98,36,37
98,39,40
98,39,42
98,39,44
98,39,45
98,39,50
98,39,60
98,39,61
98,39,79
98,39,85
98,39,91
98,40,42
98,40,43
98,40,44
98,40,45
98,40,50
98,40,60
98,40,61
98,40,62
98,40,64
98,40,68
98,40,70
98,40,71
98,40,79
98,40,85
98,40,91
98,40,98
98,41,78
98,41,90
98,42,43
98,42,44
98,42,45
98,42,50
98,42,60
98,42,61
98,42,62
98,42,64
98,42,70
98,42,71
98,42,79
98,42,91
98,43,44
98,43,45
98,43,61
98,43,62
98,43,64
98,43,71
98,43,79
98,43,85
98,43,91
98,44,45
98,44,50
98,44,60
98,44,61
98,44,62
98,44,70
98,44,71
98,44,79
98,44,85
98,44,91
98,45,50
98,45,53
98,45,60
98,45,61
98,45,62
98,45,64
98,45,68
98,45,70
98,45,71
98,45,79
98,45,85
98,45,91
98,45,98
98,46,47
98,47,51
98,47,90
98,47,96
98,48,56
98,48,57
98,48,63
98,48,80
98,48,84
98,48,92
98,48,93
98,48,95
98,48,96
98,48,99
98,48,102
98,49,86
98,50,62
98,50,68
98,50,85
98,50,91
98,51,63
98,51,77
98,51,78
98,51,84
98,51,95
98,51,96
98,52,53
98,53,68
98,53,85
98,54,55
98,56,57
98,56,63
98,56,80
98,56,83
98,56,84
98,56,87
98,56,88
98,56,89
98,56,92
98,56,93
98,56,99
98,56,101
98,56,102
98,57,58
98,57,63
98,57,80
98,57,83
98,57,84
98,57,87
98,57,88
98,57,89
98,57,92
98,57,93
98,57,95
98,57,99
98,57,101
98,57,102
98,58,84
98,58,95
98,58,102
98,59,73
98,60,61
98,60,64
98,60,70
98,60,79
98,60,91
98,61,62
98,61,64
98,61,70
98,61,71
98,61,79
98,61,85
98,61,91
98,62,68
98,62,70
98,62,85
98,62,91
98,63,80
98,63,83
98,63,84
98,63,87
98,63,92
98,63,93
98,63,95
98,63,96
98,63,102
98,64,71
98,64,79
98,64,91
98,65,99
98,66,67
98,66,73
98,66,88
98,66,89
98,67,73
98,67,88
98,68,85
98,68,91
98,68,97
98,68,98
98,70,71
98,70,91
98,70,94
98,71,79
98,71,91
98,73,88
98,73,89
98,74,75
98,75,78
98,75,90
98,75,95
98,75,96
98,76,77
98,77,78
98,77,90
98,77,95
98,78,90
98,78,95
98,78,96
98,79,91
98,80,83
98,80,84
98,80,87
98,80,88
98,80,89
98,80,92
98,80,93
98,80,99
98,80,101
98,80,102
98,82,83
98,83,84
98,83,89
98,83,92
98,83,93
98,83,99
98,83,101
98,83,102
98,84,87
98,84,92
98,84,93
98,84,95
98,84,96
98,84,101
98,84,102
98,85,91
98,85,97
98,85,98
98,87,89
98,87,95
98,87,101
98,87,102
98,88,89
98,88,93
98,89,93
98,89,99
98,89,101
98,89,102
98,90,95
98,90,96
98,92,93
98,92,99
98,92,102
98,93,99
98,93,102
98,95,96
98,95,102
98,96,102
98,97,98
98,101,102
99,1,5
99,1,12
99,1,24
99,1,25
99,1,28
99,1,29
99,1,33
99,1,34
99,1,46
99,1,48
99,1,56
99,1,57
99,1,58
99,1,59
99,1,62
99,1,68
99,1,82
99,1,88
99,1,89
99,1,90
99,1,94
99,1,101
99,1,102
99,2,5
99,2,12
99,2,21
99,2,24
99,2,25
99,2,33
99,2,34
99,2,48
99,2,56
99,2,57
99,2,62
99,2,66
99,2,67
99,2,68
99,2,82
99,2,88
99,2,89
99,2,90
99,2,94
99,4,5
99,4,33
99,4,34
99,4,48
99,4,56
99,4,62
99,4,82
99,4,93
99,4,94
99,4,96
99,4,102
99,5,10
99,5,18
99,5,21
99,5,28
99,5,29
99,5,33
99,5,34
99,5,48
99,5,56
99,5,57
99,5,59
99,5,62
99,5,65
99,5,82
99,5,83
99,5,89
99,5,90
99,5,93
99,5,94
99,5,102
99,7,28
99,7,57
99,7,62
99,7,68
99,7,82
99,7,88
99,7,101
99,7,102
99,8,9
99,8,35
99,8,38
99,8,45
99,8,53
99,8,70
99,8,86
99,8,92
99,9,35
99,9,53
99,9,85
99,9,86
99,10,12
99,10,18
99,10,21
99,10,25
99,10,28
99,10,29
99,10,33
99,10,34
99,10,46
99,10,48
99,10,56
99,10,57
99,10,59
99,10,62
99,10,68
99,10,82
99,10,88
99,10,89
99,10,90
99,10,93
99,10,94
99,10,102
99,11,13
99,11,22
99,11,23
99,11,27
99,11,30
99,11,38
99,11,40
99,11,42
99,11,43
99,11,44
99,11,45
99,11,51
99,11,61
99,11,72
99,11,79
99,11,92
99,11,98
99,12,21
99,12,24
99,12,25
99,12,28
99,12,29
99,12,33
99,12,34
99,12,46
99,12,48
99,12,56
99,12,57
99,12,58
99,12,59
99,12,62
99,12,66
99,12,67
99,12,68
99,12,74
99,12,82
99,12,88
99,12,89
99,12,90
99,12,94
99,12,101
99,12,102
99,13,16
99,13,22
99,13,23
99,13,27
99,13,30
99,13,40
99,13,42
99,13,43
99,13,44
99,13,45
99,13,51
99,13,61
99,13,70
99,13,72
99,13,98
99,14,22
99,14,43
99,14,44
99,14,61
99,16,27
99,16,30
99,16,38
99,16,40
99,16,42
99,16,43
99,16,44
99,16,45
99,16,51
99,16,61
99,16,64
99,16,72
99,16,85
99,16,92
99,17,29
99,17,33
99,17,48
99,17,59
99,17,67
99,17,88
99,17,93
99,17,94
99,17,102
99,18,21
99,18,33
99,18,34
99,18,48
99,18,56
99,18,65
99,18,82
99,18,93
99,18,94
99,21,28
99,21,29
99,21,33
99,21,34
99,21,48
99,21,56
99,21,57
99,21,59
99,21,62
99,21,67
99,21,68
99,21,74
99,21,82
99,21,88
99,21,89
99,21,93
99,21,94
99,21,100
99,22,23
99,22,30
99,22,40
99,22,42
99,22,43
99,22,44
99,22,45
99,22,51
99,22,70
99,22,85
99,22,86
99,22,98
99,23,30
99,23,40
99,23,42
99,23,43
99,23,45
99,23,51
99,23,52
99,23,53
99,23,64
99,23,70
99,23,98
99,24,25
99,24,33
99,24,56
99,24,57
99,24,62
99,24,66
99,24,67
99,24,68
99,24,82
99,24,88
99,24,89
99,24,90
99,24,101
99,25,33
99,25,56
99,25,57
99,25,58
99,25,62
99,25,66
99,25,67
99,25,68
99,25,82
99,25,88
99,25,89
99,25,90
99,25,101
99,27,30
99,27,38
99,27,40
99,27,42
99,27,43
99,27,44
99,27,45
99,27,51
99,27,52
99,27,61
99,27,72
99,27,79
99,27,85
99,27,86
99,27,92
99,27,98
99,28,29
99,28,33
99,28,34
99,28,46
99,28,48
99,28,56
99,28,57
99,28,62
99,28,67
99,28,68
99,28,82
99,28,88
99,28,89
99,28,93
99,28,94
99,28,101
99,28,102
99,29,32
99,29,33
99,29,34
99,29,46
99,29,48
99,29,50
99,29,56
99,29,57
99,29,59
99,29,62
99,29,67
99,29,68
99,29,82
99,29,88
99,29,89
99,29,93
99,29,94
99,29,95
99,29,96
99,29,101
99,29,102
99,30,40
99,30,42
99,30,43
99,30,44
99,30,45
99,30,51
99,30,52
99,30,61
99,30,70
99,30,72
99,30,92
99,31,83
99,31,84
99,31,100
99,32,33
99,32,46
99,32,48
99,32,50
99,32,62
99,32,95
99,32,96
99,32,102
99,33,34
99,33,46
99,33,48
99,33,50
99,33,56
99,33,57
99,33,59
99,33,62
99,33,67
99,33,68
99,33,82
99,33,88
99,33,89
99,33,90
99,33,93
99,33,94
99,33,95
99,33,96
99,33,101
99,33,102
99,34,46
99,34,48
99,34,50
99,34,56
99,34,57
99,34,59
99,34,62
99,34,67
99,34,68
99,34,82
99,34,88
99,34,89
99,34,90
99,34,93
99,34,94
99,34,102
99,35,52
99,35,86
99,35,97
99,35,98
99,38,40
99,38,42
99,38,43
99,38,44
99,38,45
99,38,51
99,38,61
99,38,64
99,38,85
99,38,86
99,38,92
99,38,97
99,38,98
99,40,42
99,40,43
99,40,44
99,40,45
99,40,51
99,40,52
99,40,61
99,40,64
99,40,70
99,40,72
99,40,79
99,40,85
99,40,86
99,40,92
99,40,98
99,42,43
99,42,44
99,42,45
99,42,51
99,42,61
99,42,64
99,42,72
99,42,79
99,42,85
99,42,92
99,42,98
99,43,44
99,43,45
99,43,51
99,43,52
99,43,61
99,43,64
99,43,70
99,43,72
99,43,79
99,43,85
99,43,86
99,43,92
99,43,98
99,44,45
99,44,51
99,44,52
99,44,61
99,44,72
99,44,85
99,44,86
99,44,92
99,44,98
99,45,51
99,45,52
99,45,61
99,45,70
99,45,72
99,45,85
99,45,86
99,45,92
99,45,97
99,45,98
99,46,47
99,46,48
99,46,50
99,46,57
99,46,62
99,46,82
99,46,94
99,46,95
99,46,96
99,46,102
99,47,50
99,48,56
99,48,57
99,48,59
99,48,62
99,48,67
99,48,68
99,48,82
99,48,88
99,48,89
99,48,90
99,48,93
99,48,94
99,48,95
99,48,96
99,48,102
99,50,94
99,50,95
99,50,96
99,50,102
99,51,61
99,51,85
99,51,92
99,51,98
99,52,53
99,52,70
99,52,86
99,53,70
99,56,57
99,56,59
99,56,62
99,56,66
99,56,67
99,56,82
99,56,88
99,56,89
99,56,90
99,56,93
99,56,94
99,56,101
99,56,102
99,57,58
99,57,59
99,57,62
99,57,66
99,57,67
99,57,68
99,57,82
99,57,88
99,57,89
99,57,90
99,57,93
99,57,94
99,57,101
99,57,102
99,58,66
99,58,68
99,58,88
99,59,62
99,59,67
99,59,68
99,59,82
99,59,88
99,59,93
99,59,94
99,59,102
99,60,61
99,61,64
99,61,72
99,61,79
99,61,98
99,62,67
99,62,68
99,62,82
99,62,88
99,62,89
99,62,90
99,62,93
99,62,94
99,62,95
99,62,102
99,64,98
99,66,67
99,66,68
99,66,82
99,66,88
99,66,89
99,66,90
99,66,101
99,67,82
99,67,88
99,67,89
99,67,90
99,67,94
99,67,101
99,67,102
99,68,74
99,68,82
99,68,83
99,68,84
99,68,88
99,68,89
99,68,90
99,68,101
99,71,98
99,72,79
99,72,92
99,72,98
99,74,82
99,74,83
99,74,88
99,75,91
99,75,95
99,75,96
99,80,96
99,82,83
99,82,88
99,82,89
99,82,90
99,82,93
99,82,94
99,82,101
99,82,102
99,83,84
99,85,86
99,85,98
99,86,97
99,86,98
99,88,89
99,88,90
99,88,94
99,88,101
99,88,102
99,89,90
99,89,93
99,89,94
99,89,101
99,89,102
99,90,94
99,91,95
99,91,96
99,93,94
99,93,102
99,94,100
99,94,102
99,95,96
99,95,102
99,96,102
99,97,98
99,101,102
100,1,12
100,1,28
100,1,88
100,1,90
100,1,101
100,2,3
100,2,7
100,2,21
100,2,26
100,2,35
100,2,36
100,2,37
100,2,54
100,2,55
100,2,82
100,2,87
100,3,55
100,4,5
100,4,6
100,4,10
100,4,29
100,4,30
100,4,33
100,4,34
100,4,47
100,4,49
100,4,50
100,4,55
100,4,56
100,4,57
100,4,63
100,4,65
100,4,73
100,4,81
100,4,83
100,4,89
100,4,90
100,4,93
100,4,94
100,4,100
100,4,101
100,4,102
100,5,28
100,5,33
100,5,47
100,5,49
100,5,63
100,5,94
100,5,102
100,6,10
100,6,12
100,6,24
100,6,25
100,6,29
100,6,30
100,6,33
100,6,34
100,6,49
100,6,50
100,6,56
100,6,57
100,6,63
100,6,73
100,6,81
100,6,83
100,6,88
100,6,89
100,6,90
100,6,93
100,6,94
100,6,100
100,6,102
100,7,8
100,7,9
100,7,18
100,7,19
100,7,20
100,7,26
100,7,35
100,7,37
100,7,40
100,7,41
100,7,44
100,7,53
100,7,54
100,7,55
100,7,58
100,7,66
100,7,69
100,7,74
100,7,84
100,7,85
100,7,87
100,7,97
100,7,98
100,8,9
100,8,11
100,8,13
100,8,14
100,8,17
100,8,18
100,8,19
100,8,20
100,8,21
100,8,22
100,8,23
100,8,26
100,8,27
100,8,31
100,8,35
100,8,36
100,8,37
100,8,38
100,8,40
100,8,41
100,8,42
100,8,43
100,8,44
100,8,45
100,8,48
100,8,52
100,8,53
100,8,54
100,8,55
100,8,58
100,8,61
100,8,62
100,8,64
100,8,66
100,8,67
100,8,69
100,8,70
100,8,71
100,8,72
100,8,74
100,8,79
100,8,84
100,8,85
100,8,86
100,8,87
100,8,92
100,8,95
100,8,97
100,8,98
100,9,11
100,9,13
100,9,14
100,9,17
100,9,18
100,9,19
100,9,20
100,9,21
100,9,22
100,9,23
100,9,26
100,9,27
100,9,31
100,9,35
100,9,36
100,9,37
100,9,38
100,9,40
100,9,41
100,9,42
100,9,43
100,9,44
100,9,45
100,9,48
100,9,52
100,9,53
100,9,54
100,9,55
100,9,58
100,9,61
100,9,62
100,9,64
100,9,66
100,9,67
100,9,69
100,9,70
100,9,71
100,9,72
100,9,74
100,9,79
100,9,84
100,9,85
100,9,86
100,9,87
100,9,92
100,9,95
100,9,97
100,9,98
100,10,33
100,10,34
100,10,50
100,10,56
100,10,57
100,10,83
100,10,89
100,10,100
100,10,102
100,11,13
100,11,14
100,11,17
100,11,18
100,11,19
100,11,20
100,11,21
100,11,22
100,11,23
100,11,27
100,11,31
100,11,35
100,11,36
100,11,37
100,11,38
100,11,40
100,11,41
100,11,42
100,11,43
100,11,44
100,11,45
100,11,48
100,11,52
100,11,53
100,11,55
100,11,58
100,11,61
100,11,62
100,11,64
100,11,66
100,11,67
100,11,69
100,11,71
100,11,72
100,11,79
100,11,84
100,11,85
100,11,86
100,11,87
100,11,92
100,11,95
100,11,97
100,11,98
100,12,24
100,12,25
100,12,33
100,12,56
100,12,57
100,12,59
100,12,68
100,12,73
100,12,81
100,12,88
100,12,89
100,12,90
100,12,93
100,12,101
100,13,14
100,13,17
100,13,18
100,13,19
100,13,20
100,13,21
100,13,22
100,13,23
100,13,26
100,13,27
100,13,31
100,13,35
100,13,36
100,13,37
100,13,38
100,13,40
100,13,41
100,13,42
100,13,43
100,13,44
100,13,45
100,13,48
100,13,52
100,13,53
100,13,54
100,13,55
100,13,58
100,13,61
100,13,62
100,13,64
100,13,66
100,13,67
100,13,69
100,13,70
100,13,71
100,13,72
100,13,79
100,13,84
100,13,85
100,13,86
100,13,87
100,13,92
100,13,95
100,13,97
100,13,98
100,14,17
100,14,18
100,14,19
100,14,20
100,14,21
100,14,22
100,14,23
100,14,27
100,14,31
100,14,35
100,14,36
100,14,37
100,14,38
100,14,40
100,14,41
100,14,42
100,14,43
100,14,44
100,14,45
100,14,48
100,14,52
100,14,53
100,14,55
100,14,58
100,14,61
100,14,62
100,14,64
100,14,66
100,14,67
100,14,69
100,14,71
100,14,72
100,14,79
100,14,84
100,14,85
100,14,86
100,14,87
100,14,92
100,14,95
100,14,97
100,14,98
100,15,27
100,15,42
100,15,86
100,17,18
100,17,19
100,17,20
100,17,21
100,17,22
100,17,23
100,17,26
100,17,27
100,17,31
100,17,35
100,17,36
100,17,37
100,17,38
100,17,40
100,17,41
100,17,42
100,17,43
100,17,44
100,17,45
100,17,48
100,17,52
100,17,53
100,17,55
100,17,58
100,17,61
100,17,62
100,17,64
100,17,66
100,17,67
100,17,69
100,17,70
100,17,71
100,17,72
100,17,79
100,17,84
100,17,85
100,17,86
100,17,87
100,17,92
100,17,95
100,17,97
100,17,98
100,18,19
100,18,20
100,18,21
100,18,22
100,18,23
100,18,26
100,18,27
100,18,31
100,18,35
100,18,36
100,18,37
100,18,38
100,18,40
100,18,41
100,18,42
100,18,43
100,18,44
100,18,45
100,18,48
100,18,52
100,18,53
100,18,54
100,18,55
100,18,58
100,18,61
100,18,62
100,18,64
100,18,66
100,18,67
100,18,69
100,18,71
100,18,72
100,18,74
100,18,79
100,18,82
100,18,84
100,18,85
100,18,86
100,18,87
100,18,92
100,18,95
100,18,97
100,18,98
100,19,20
100,19,21
100,19,22
100,19,23
100,19,26
100,19,27
100,19,31
100,19,35
100,19,36
100,19,37
100,19,38
100,19,40
100,19,41
100,19,42
100,19,43
100,19,44
100,19,45
100,19,48
100,19,52
100,19,53
100,19,54
100,19,55
100,19,58
100,19,61
100,19,62
100,19,64
100,19,66
100,19,67
100,19,69
100,19,71
100,19,72
100,19,79
100,19,84
100,19,85
100,19,86
100,19,87
100,19,92
100,19,95
100,19,97
100,19,98
100,20,21
100,20,22
100,20,23
100,20,26
100,20,27
100,20,31
100,20,35
100,20,36
100,20,37
100,20,38
100,20,40
100,20,41
100,20,42
100,20,43
100,20,44
100,20,45
100,20,48
100,20,52
100,20,53
100,20,54
100,20,55
100,20,58
100,20,61
100,20,62
100,20,64
100,20,66
100,20,67
100,20,69
100,20,70
100,20,71
100,20,72
100,20,74
100,20,79
100,20,84
100,20,85
100,20,86
100,20,87
100,20,92
100,20,95
100,20,97
100,20,98
100,21,22
100,21,23
100,21,26
100,21,27
100,21,31
100,21,35
100,21,36
100,21,37
100,21,38
100,21,40
100,21,41
100,21,42
100,21,43
100,21,44
100,21,45
100,21,48
100,21,52
100,21,53
100,21,54
100,21,55
100,21,58
100,21,61
100,21,62
100,21,64
100,21,66
100,21,67
100,21,69
100,21,71
100,21,72
100,21,74
100,21,79
100,21,82
100,21,84
100,21,85
100,21,86
100,21,87
100,21,92
100,21,95
100,21,97
100,21,98
100,22,23
100,22,26
100,22,27
100,22,31
100,22,35
100,22,36
100,22,37
100,22,38
100,22,40
100,22,41
100,22,42
100,22,43
100,22,44
100,22,45
100,22,48
100,22,52
100,22,53
100,22,55
100,22,58
100,22,61
100,22,62
100,22,64
100,22,66
100,22,67
100,22,69
100,22,70
100,22,71
100,22,72
100,22,79
100,22,84
100,22,85
100,22,86
100,22,87
100,22,92
100,22,95
100,22,97
100,22,98
100,23,26
100,23,27
100,23,31
100,23,35
100,23,36
100,23,37
100,23,38
100,23,40
100,23,41
100,23,42
100,23,43
100,23,44
100,23,45
100,23,48
100,23,52
100,23,53
100,23,54
100,23,55
100,23,58
100,23,61
100,23,62
100,23,64
100,23,66
100,23,67
100,23,69
100,23,70
100,23,71
100,23,72
100,23,74
100,23,79
100,23,84
100,23,85
100,23,86
100,23,87
100,23,92
100,23,95
100,23,97
100,23,98
100,24,25
100,24,57
100,24,59
100,24,68
100,24,73
100,24,88
100,24,89
100,24,90
100,24,101
100,25,33
100,25,49
100,25,56
100,25,57
100,25,68
100,25,73
100,25,81
100,25,83
100,25,88
100,25,89
100,25,90
100,25,93
100,25,101
100,25,102
100,26,27
100,26,35
100,26,36
100,26,37
100,26,38
100,26,40
100,26,41
100,26,44
100,26,45
100,26,48
100,26,52
100,26,53
100,26,54
100,26,55
100,26,58
100,26,64
100,26,66
100,26,67
100,26,69
100,26,71
100,26,74
100,26,84
100,26,85
100,26,86
100,26,87
100,26,97
100,26,98
100,27,31
100,27,35
100,27,36
100,27,37
100,27,38
100,27,40
100,27,41
100,27,42
100,27,43
100,27,44
100,27,45
100,27,48
100,27,52
100,27,53
100,27,54
100,27,55
100,27,58
100,27,61
100,27,62
100,27,64
100,27,66
100,27,67
100,27,69
100,27,70
100,27,71
100,27,72
100,27,79
100,27,84
100,27,85
100,27,86
100,27,87
100,27,92
100,27,95
100,27,97
100,27,98
100,28,29
100,28,32
100,28,33
100,28,47
100,28,49
100,28,51
100,28,56
100,28,63
100,28,93
100,28,94
100,28,102
100,29,33
100,29,34
100,29,50
100,29,56
100,29,57
100,29,73
100,29,81
100,29,88
100,29,90
100,29,93
100,29,100
100,29,101
100,29,102
100,30,33
100,30,34
100,30,49
100,30,56
100,30,63
100,30,81
100,30,83
100,30,89
100,30,93
100,30,94
100,30,100
100,30,102
100,31,35
100,31,36
100,31,37
100,31,38
100,31,40
100,31,41
100,31,42
100,31,43
100,31,44
100,31,45
100,31,48
100,31,52
100,31,53
100,31,55
100,31,58
100,31,61
100,31,62
100,31,64
100,31,66
100,31,67
100,31,69
100,31,70
100,31,71
100,31,72
100,31,79
100,31,84
100,31,85
100,31,86
100,31,87
100,31,92
100,31,95
100,31,97
100,31,98
100,32,33
100,32,47
100,32,49
100,32,63
100,32,102
100,33,34
100,33,47
100,33,49
100,33,50
100,33,56
100,33,57
100,33,60
100,33,63
100,33,65
100,33,73
100,33,81
100,33,83
100,33,89
100,33,90
100,33,93
100,33,94
100,33,100
100,33,102
100,34,49
100,34,50
100,34,56
100,34,57
100,34,63
100,34,65
100,34,73
100,34,81
100,34,83
100,34,89
100,34,93
100,34,94
100,34,100
100,34,102
100,35,36
100,35,37
100,35,38
100,35,40
100,35,41
100,35,43
100,35,44
100,35,45
100,35,48
100,35,52
100,35,53
100,35,54
100,35,55
100,35,58
100,35,61
100,35,62
100,35,64
100,35,66
100,35,67
100,35,69
100,35,70
100,35,71
100,35,72
100,35,74
100,35,84
100,35,85
100,35,86
100,35,87
100,35,95
100,35,97
100,35,98
100,36,37
100,36,38
100,36,40
100,36,41
100,36,42
100,36,43
100,36,44
100,36,45
100,36,48
100,36,52
100,36,53
100,36,54
100,36,55
100,36,58
100,36,61
100,36,62
100,36,64
100,36,66
100,36,67
100,36,69
100,36,70
100,36,71
100,36,72
100,36,74
100,36,79
100,36,82
100,36,84
100,36,85
100,36,86
100,36,87
100,36,92
100,36,95
100,36,97
100,36,98
100,37,38
100,37,40
100,37,41
100,37,42
100,37,43
100,37,44
100,37,45
100,37,48
100,37,52
100,37,53
100,37,54
100,37,55
100,37,58
100,37,61
100,37,62
100,37,64
100,37,66
100,37,67
100,37,69
100,37,70
100,37,71
100,37,72
100,37,74
100,37,79
100,37,82
100,37,84
100,37,85
100,37,86
100,37,87
100,37,92
100,37,95
100,37,97
100,37,98
100,38,40
100,38,41
100,38,42
100,38,43
100,38,44
100,38,45
100,38,48
100,38,52
100,38,53
100,38,58
100,38,61
100,38,62
100,38,64
100,38,66
100,38,67
100,38,69
100,38,70
100,38,71
100,38,72
100,38,79
100,38,84
100,38,85
100,38,86
100,38,87
100,38,92
100,38,95
100,38,97
100,38,98
100,39,77
100,39,78
100,40,41
100,40,42
100,40,43
100,40,44
100,40,45
100,40,48
100,40,52
100,40,53
100,40,54
100,40,55
100,40,58
100,40,61
100,40,62
100,40,64
100,40,66
100,40,67
100,40,69
100,40,70
100,40,71
100,40,72
100,40,79
100,40,84
100,40,85
100,40,86
100,40,87
100,40,92
100,40,95
100,40,97
100,40,98
100,41,42
100,41,43
100,41,44
100,41,45
100,41,48
100,41,52
100,41,53
100,41,58
100,41,61
100,41,62
100,41,64
100,41,66
100,41,67
100,41,69
100,41,70
100,41,71
100,41,72
100,41,79
100,41,84
100,41,85
100,41,86
100,41,87
100,41,92
100,41,95
100,41,97
100,41,98
100,42,43
100,42,44
100,42,45
100,42,48
100,42,52
100,42,53
100,42,55
100,42,58
100,42,61
100,42,62
100,42,64
100,42,66
100,42,67
100,42,69
100,42,71
100,42,72
100,42,79
100,42,84
100,42,85
100,42,86
100,42,87
100,42,92
100,42,95
100,42,97
100,42,98
100,43,44
100,43,45
100,43,48
100,43,52
100,43,53
100,43,55
100,43,58
100,43,61
100,43,62
100,43,64
100,43,66
100,43,67
100,43,69
100,43,70
100,43,71
100,43,72
100,43,79
100,43,84
100,43,85
100,43,86
100,43,87
100,43,92
100,43,95
100,43,97
100,43,98
100,44,45
100,44,48
100,44,52
100,44,53
100,44,54
100,44,55
100,44,58
100,44,61
100,44,62
100,44,64
100,44,66
100,44,67
100,44,69
100,44,70
100,44,71
100,44,72
100,44,79
100,44,84
100,44,85
100,44,86
100,44,87
100,44,92
100,44,95
100,44,97
100,44,98
100,45,48
100,45,52
100,45,53
100,45,55
100,45,58
100,45,61
100,45,62
100,45,64
100,45,66
100,45,67
100,45,69
100,45,70
100,45,71
100,45,72
100,45,79
100,45,84
100,45,85
100,45,86
100,45,87
100,45,92
100,45,95
100,45,97
100,45,98
100,46,78
100,46,91
100,47,51
100,47,56
100,47,63
100,47,93
100,47,94
100,47,102
100,48,52
100,48,53
100,48,54
100,48,55
100,48,58
100,48,61
100,48,62
100,48,64
100,48,66
100,48,67
100,48,69
100,48,70
100,48,71
100,48,72
100,48,74
100,48,79
100,48,84
100,48,85
100,48,86
100,48,87
100,48,92
100,48,95
100,48,97
100,48,98
100,49,50
100,49,56
100,49,60
100,49,63
100,49,65
100,49,81
100,49,83
100,49,89
100,49,93
100,49,94
100,49,100
100,49,102
100,50,51
100,50,56
100,50,57
100,50,73
100,50,81
100,50,93
100,50,94
100,50,100
100,51,63
100,52,53
100,52,54
100,52,55
100,52,58
100,52,61
100,52,62
100,52,64
100,52,66
100,52,67
100,52,69
100,52,70
100,52,71
100,52,72
100,52,74
100,52,79
100,52,84
100,52,85
100,52,86
100,52,87
100,52,92
100,52,95
100,52,97
100,52,98
100,53,54
100,53,55
100,53,58
100,53,61
100,53,64
100,53,66
100,53,67
100,53,69
100,53,70
100,53,71
100,53,72
100,53,74
100,53,79
100,53,84
100,53,85
100,53,86
100,53,87
100,53,92
100,53,95
100,53,97
100,53,98
100,54,55
100,54,58
100,54,64
100,54,67
100,54,69
100,54,72
100,54,74
100,54,84
100,54,85
100,54,86
100,54,87
100,54,97
100,54,98
100,55,58
100,55,64
100,55,67
100,55,69
100,55,70
100,55,74
100,55,76
100,55,79
100,55,83
100,55,84
100,55,85
100,55,86
100,55,87
100,55,92
100,55,95
100,55,97
100,55,98
100,55,100
100,56,57
100,56,63
100,56,65
100,56,73
100,56,81
100,56,83
100,56,88
100,56,89
100,56,90
100,56,93
100,56,94
100,56,100
100,56,101
100,56,102
100,57,59
100,57,68
100,57,73
100,57,81
100,57,83
100,57,88
100,57,89
100,57,90
100,57,93
100,57,100
100,57,101
100,57,102
100,58,61
100,58,62
100,58,64
100,58,66
100,58,67
100,58,69
100,58,71
100,58,72
100,58,74
100,58,79
100,58,84
100,58,85
100,58,86
100,58,87
100,58,92
100,58,95
100,58,97
100,58,98
100,59,68
100,59,73
100,59,88
100,59,90
100,60,63
100,60,81
100,60,93
100,60,94
100,60,102
100,61,62
100,61,64
100,61,66
100,61,67
100,61,69
100,61,70
100,61,71
100,61,72
100,61,79
100,61,84
100,61,85
100,61,86
100,61,87
100,61,92
100,61,95
100,61,97
100,61,98
100,62,64
100,62,66
100,62,67
100,62,69
100,62,71
100,62,72
100,62,79
100,62,84
100,62,85
100,62,86
100,62,87
100,62,92
100,62,95
100,62,97
100,62,98
100,63,65
100,63,81
100,63,83
100,63,89
100,63,93
100,63,94
100,63,100
100,63,102
100,64,66
100,64,67
100,64,69
100,64,70
100,64,71
100,64,72
100,64,74
100,64,79
100,64,84
100,64,85
100,64,86
100,64,87
100,64,92
100,64,95
100,64,97
100,64,98
100,65,78
100,65,100
100,66,67
100,66,69
100,66,71
100,66,72
100,66,79
100,66,84
100,66,85
100,66,86
100,66,87
100,66,92
100,66,95
100,66,97
100,66,98
100,67,69
100,67,70
100,67,71
100,67,72
100,67,74
100,67,79
100,67,84
100,67,85
100,67,86
100,67,87
100,67,92
100,67,95
100,67,97
100,67,98
100,68,73
100,68,88
100,68,90
100,68,101
100,69,70
100,69,71
100,69,72
100,69,74
100,69,79
100,69,84
100,69,85
100,69,86
100,69,87
100,69,92
100,69,95
100,69,97
100,69,98
100,70,71
100,70,79
100,70,84
100,70,85
100,70,86
100,70,92
100,70,95
100,70,98
100,71,72
100,71,79
100,71,84
100,71,85
100,71,86
100,71,87
100,71,92
100,71,95
100,71,97
100,71,98
100,72,79
100,72,84
100,72,85
100,72,86
100,72,87
100,72,92
100,72,95
100,72,97
100,72,98
100,73,81
100,73,83
100,73,88
100,73,89
100,73,90
100,73,93
100,73,100
100,73,101
100,73,102
100,74,84
100,74,85
100,74,87
100,75,78
100,75,91
100,77,78
100,78,91
100,79,84
100,79,85
100,79,86
100,79,87
100,79,92
100,79,95
100,79,97
100,79,98
100,80,91
100,81,83
100,81,88
100,81,89
100,81,90
100,81,93
100,81,94
100,81,100
100,81,102
100,83,89
100,83,93
100,83,94
100,83,100
100,83,102
100,84,85
100,84,86
100,84,87
100,84,92
100,84,95
100,84,97
100,84,98
100,85,86
100,85,87
100,85,92
100,85,95
100,85,97
100,85,98
100,86,87
100,86,92
100,86,95
100,86,97
100,86,98
100,87,92
100,87,95
100,87,97
100,87,98
100,88,90
100,88,93
100,88,101
100,89,90
100,89,93
100,89,94
100,89,100
100,89,101
100,89,102
100,90,93
100,90,100
100,90,101
100,90,102
100,91,95
100,92,95
100,92,97
100,92,98
100,93,94
100,93,100
100,93,102
100,94,100
100,94,102
100,95,97
100,95,98
100,97,98
101,1,4
101,1,5
101,1,7
101,1,12
101,1,16
101,1,18
101,1,25
101,1,26
101,1,29
101,1,30
101,1,33
101,1,47
101,1,49
101,1,51
101,1,52
101,1,54
101,1,60
101,1,74
101,1,81
101,1,88
101,1,89
101,1,96
101,1,101
101,1,102
101,2,3
101,2,35
101,4,5
101,4,33
101,4,49
101,4,63
101,4,81
101,4,93
101,4,102
101,5,7
101,5,18
101,5,25
101,5,26
101,5,29
101,5,30
101,5,33
101,5,36
101,5,47
101,5,49
101,5,50
101,5,52
101,5,54
101,5,63
101,5,74
101,5,81
101,5,88
101,5,89
101,5,90
101,5,93
101,5,96
101,5,99
101,5,101
101,5,102
101,6,21
101,6,23
101,6,38
101,6,45
101,6,57
101,6,84
101,6,85
101,6,98
101,7,11
101,7,12
101,7,18
101,7,29
101,7,30
101,7,31
101,7,33
101,7,36
101,7,47
101,7,49
101,7,50
101,7,52
101,7,54
101,7,63
101,7,74
101,7,81
101,7,88
101,7,89
101,7,90
101,7,93
101,7,96
101,7,99
101,7,102
101,8,9
101,8,10
101,8,13
101,8,14
101,8,15
101,8,19
101,8,20
101,8,21
101,8,24
101,8,27
101,8,32
101,8,40
101,8,41
101,8,42
101,8,45
101,8,46
101,8,53
101,8,56
101,8,57
101,8,64
101,8,65
101,8,68
101,8,69
101,8,84
101,8,85
101,8,86
101,8,87
101,8,92
101,8,95
101,8,98
101,8,100
101,9,10
101,9,13
101,9,14
101,9,15
101,9,20
101,9,21
101,9,22
101,9,23
101,9,27
101,9,40
101,9,41
101,9,42
101,9,43
101,9,44
101,9,45
101,9,56
101,9,57
101,9,62
101,9,64
101,9,69
101,9,71
101,9,72
101,9,79
101,9,84
101,9,85
101,9,86
101,9,87
101,9,92
101,9,94
101,9,95
101,9,98
101,9,100
101,10,13
101,10,14
101,10,15
101,10,17
101,10,21
101,10,22
101,10,23
101,10,24
101,10,27
101,10,32
101,10,40
101,10,41
101,10,42
101,10,43
101,10,44
101,10,45
101,10,46
101,10,56
101,10,61
101,10,62
101,10,64
101,10,65
101,10,68
101,10,69
101,10,71
101,10,72
101,10,79
101,10,84
101,10,85
101,10,86
101,10,92
101,10,95
101,10,98
101,10,100
101,11,18
101,11,29
101,11,36
101,11,66
101,11,81
101,11,88
101,11,96
101,11,99
101,12,18
101,12,25
101,12,26
101,12,29
101,12,36
101,12,50
101,12,54
101,12,67
101,12,74
101,12,81
101,12,88
101,12,89
101,12,90
101,12,101
101,13,14
101,13,15
101,13,17
101,13,19
101,13,21
101,13,22
101,13,23
101,13,27
101,13,32
101,13,40
101,13,41
101,13,42
101,13,43
101,13,44
101,13,45
101,13,56
101,13,58
101,13,61
101,13,62
101,13,64
101,13,65
101,13,68
101,13,69
101,13,71
101,13,72
101,13,79
101,13,84
101,13,85
101,13,86
101,13,87
101,13,92
101,13,94
101,13,95
101,13,98
101,13,100
101,14,15
101,14,17
101,14,19
101,14,21
101,14,22
101,14,23
101,14,24
101,14,27
101,14,40
101,14,41
101,14,42
101,14,43
101,14,44
101,14,45
101,14,46
101,14,56
101,14,57
101,14,58
101,14,61
101,14,62
101,14,64
101,14,65
101,14,68
101,14,69
101,14,71
101,14,72
101,14,79
101,14,84
101,14,85
101,14,86
101,14,87
101,14,92
101,14,94
101,14,95
101,14,98
101,14,100
101,15,17
101,15,19
101,15,22
101,15,24
101,15,32
101,15,40
101,15,41
101,15,42
101,15,43
101,15,44
101,15,45
101,15,46
101,15,56
101,15,57
101,15,58
101,15,61
101,15,62
101,15,65
101,15,68
101,15,71
101,15,79
101,15,84
101,15,85
101,15,86
101,15,92
101,15,95
101,15,100
101,16,54
101,16,59
101,16,89
101,17,24
101,17,27
101,17,32
101,17,40
101,17,41
101,17,42
101,17,43
101,17,44
101,17,45
101,17,46
101,17,61
101,17,62
101,17,65
101,17,71
101,17,79
101,17,84
101,17,85
101,17,86
101,17,92
101,17,95
101,17,100
101,18,25
101,18,26
101,18,29
101,18,31
101,18,36
101,18,47
101,18,49
101,18,50
101,18,52
101,18,54
101,18,74
101,18,81
101,18,88
101,18,89
101,18,90
101,18,96
101,18,99
101,18,101
101,19,20
101,19,42
101,19,58
101,19,64
101,19,68
101,19,85
101,19,87
101,19,92
101,19,94
101,19,95
101,19,100
101,20,21
101,20,22
101,20,58
101,20,68
101,20,72
101,20,85
101,20,87
101,20,94
101,21,22
101,21,23
101,21,35
101,21,40
101,21,41
101,21,42
101,21,45
101,21,56
101,21,68
101,21,69
101,21,72
101,21,84
101,21,85
101,21,86
101,21,87
101,21,92
101,21,94
101,21,98
101,21,100
101,22,23
101,22,24
101,22,35
101,22,37
101,22,40
101,22,41
101,22,42
101,22,43
101,22,45
101,22,56
101,22,58
101,22,62
101,22,64
101,22,65
101,22,68
101,22,69
101,22,72
101,22,79
101,22,84
101,22,85
101,22,86
101,22,87
101,22,92
101,22,94
101,22,95
101,22,97
101,22,100
101,23,27
101,23,35
101,23,38
101,23,40
101,23,41
101,23,42
101,23,43
101,23,45
101,23,46
101,23,53
101,23,56
101,23,61
101,23,62
101,23,65
101,23,69
101,23,72
101,23,79
101,23,84
101,23,85
101,23,87
101,23,92
101,23,94
101,23,95
101,23,97
101,23,98
101,23,100
101,24,27
101,24,32
101,24,40
101,24,41
101,24,42
101,24,43
101,24,44
101,24,45
101,24,46
101,24,56
101,24,64
101,24,65
101,24,69
101,24,71
101,24,72
101,24,79
101,24,84
101,24,85
101,24,86
101,24,92
101,24,95
101,24,98
101,24,100
101,25,26
101,25,29
101,25,33
101,25,36
101,25,49
101,25,50
101,25,52
101,25,54
101,25,67
101,25,74
101,25,81
101,25,88
101,25,89
101,25,90
101,25,101
101,25,102
101,26,29
101,26,33
101,26,36
101,26,49
101,26,50
101,26,52
101,26,54
101,26,67
101,26,74
101,26,81
101,26,88
101,26,89
101,26,90
101,26,101
101,26,102
101,27,32
101,27,40
101,27,41
101,27,42
101,27,43
101,27,44
101,27,45
101,27,46
101,27,56
101,27,62
101,27,65
101,27,69
101,27,71
101,27,72
101,27,79
101,27,84
101,27,85
101,27,86
101,27,92
101,27,95
101,27,98
101,27,100
101,29,30
101,29,31
101,29,33
101,29,36
101,29,47
101,29,49
101,29,50
101,29,52
101,29,54
101,29,74
101,29,81
101,29,88
101,29,89
101,29,90
101,29,96
101,29,99
101,29,101
101,29,102
101,30,33
101,30,34
101,30,36
101,30,47
101,30,49
101,30,50
101,30,51
101,30,52
101,30,54
101,30,60
101,30,74
101,30,80
101,30,81
101,30,88
101,30,89
101,30,90
101,30,93
101,30,96
101,30,102
101,31,36
101,31,47
101,31,49
101,31,50
101,31,52
101,31,54
101,31,74
101,31,81
101,31,83
101,31,88
101,31,89
101,31,99
101,32,41
101,32,42
101,32,44
101,32,45
101,32,46
101,32,61
101,32,62
101,32,69
101,32,71
101,32,79
101,32,84
101,32,92
101,32,95
101,32,100
101,33,34
101,33,36
101,33,47
101,33,49
101,33,50
101,33,51
101,33,52
101,33,54
101,33,63
101,33,74
101,33,81
101,33,88
101,33,89
101,33,90
101,33,93
101,33,96
101,33,99
101,33,101
101,33,102
101,34,80
101,34,93
101,34,96
101,34,102
101,35,37
101,35,38
101,35,87
101,35,97
101,36,47
101,36,49
101,36,50
101,36,52
101,36,54
101,36,67
101,36,74
101,36,81
101,36,88
101,36,89
101,36,90
101,36,93
101,36,96
101,36,99
101,36,101
101,36,102
101,37,38
101,37,57
101,37,85
101,37,87
101,38,73
101,38,87
101,40,41
101,40,42
101,40,43
101,40,44
101,40,45
101,40,46
101,40,56
101,40,57
101,40,58
101,40,62
101,40,64
101,40,65
101,40,68
101,40,69
101,40,71
101,40,72
101,40,79
101,40,84
101,40,85
101,40,86
101,40,87
101,40,92
101,40,94
101,40,95
101,40,98
101,40,100
101,41,42
101,41,43
101,41,44
101,41,45
101,41,46
101,41,56
101,41,57
101,41,58
101,41,61
101,41,62
101,41,64
101,41,65
101,41,68
101,41,69
101,41,71
101,41,72
101,41,79
101,41,84
101,41,85
101,41,86
101,41,87
101,41,92
101,41,94
101,41,95
101,41,98
101,41,100
101,42,43
101,42,44
101,42,45
101,42,46
101,42,56
101,42,57
101,42,58
101,42,61
101,42,62
101,42,64
101,42,65
101,42,68
101,42,69
101,42,71
101,42,72
101,42,79
101,42,84
101,42,85
101,42,86
101,42,92
101,42,95
101,42,98
101,42,100
101,43,44
101,43,45
101,43,56
101,43,61
101,43,62
101,43,64
101,43,65
101,43,68
101,43,69
101,43,71
101,43,72
101,43,79
101,43,84
101,43,85
101,43,86
101,43,87
101,43,92
101,43,95
101,43,98
101,43,100
101,44,45
101,44,46
101,44,56
101,44,58
101,44,61
101,44,62
101,44,65
101,44,71
101,44,72
101,44,79
101,44,84
101,44,85
101,44,92
101,44,95
101,44,98
101,44,100
101,45,46
101,45,56
101,45,61
101,45,62
101,45,65
101,45,68
101,45,69
101,45,71
101,45,72
101,45,79
101,45,84
101,45,85
101,45,86
101,45,87
101,45,92
101,45,95
101,45,98
101,45,100
101,46,58
101,46,62
101,46,64
101,46,65
101,46,68
101,46,69
101,46,71
101,46,79
101,46,84
101,46,85
101,46,92
101,46,95
101,46,100
101,47,49
101,47,52
101,47,54
101,47,63
101,47,74
101,47,81
101,47,88
101,47,89
101,47,90
101,47,93
101,47,96
101,47,99
101,47,102
101,48,51
101,48,80
101,49,50
101,49,51
101,49,52
101,49,54
101,49,60
101,49,63
101,49,74
101,49,81
101,49,88
101,49,89
101,49,90
101,49,93
101,49,96
101,49,99
101,49,101
101,49,102
101,50,52
101,50,54
101,50,67
101,50,74
101,50,81
101,50,88
101,50,89
101,50,90
101,50,96
101,50,99
101,50,101
101,50,102
101,51,52
101,51,63
101,51,80
101,51,81
101,51,102
101,52,54
101,52,60
101,52,63
101,52,74
101,52,81
101,52,88
101,52,89
101,52,90
101,52,93
101,52,96
101,52,99
101,52,101
101,52,102
101,53,55
101,53,69
101,53,84
101,54,63
101,54,67
101,54,74
101,54,81
101,54,88
101,54,89
101,54,90
101,54,93
101,54,96
101,54,99
101,54,101
101,54,102
101,55,73
101,56,58
101,56,62
101,56,65
101,56,68
101,56,69
101,56,72
101,56,79
101,56,84
101,56,85
101,56,86
101,56,92
101,56,94
101,56,95
101,56,98
101,56,100
101,57,58
101,57,62
101,57,79
101,57,84
101,57,85
101,57,95
101,57,100
101,58,62
101,58,64
101,58,68
101,58,79
101,58,84
101,58,85
101,58,87
101,58,92
101,58,94
101,58,95
101,58,98
101,58,100
101,59,89
101,59,101
101,60,81
101,60,96
101,60,102
101,61,62
101,61,64
101,61,65
101,61,71
101,61,79
101,61,92
101,61,95
101,61,100
101,62,65
101,62,69
101,62,71
101,62,72
101,62,79
101,62,84
101,62,85
101,62,86
101,62,92
101,62,95
101,62,98
101,62,100
101,63,81
101,63,88
101,63,90
101,63,93
101,63,96
101,63,99
101,63,102
101,64,65
101,64,68
101,64,69
101,64,71
101,64,72
101,64,79
101,64,84
101,64,85
101,64,86
101,64,92
101,64,95
101,64,100
101,65,68
101,65,69
101,65,71
101,65,72
101,65,79
101,65,84
101,65,85
101,65,86
101,65,87
101,65,92
101,65,95
101,65,100
101,66,78
101,67,74
101,67,81
101,67,89
101,67,101
101,68,69
101,68,79
101,68,84
101,68,85
101,68,86
101,68,87
101,68,92
101,68,94
101,68,95
101,69,70
101,69,71
101,69,79
101,69,84
101,69,85
101,69,86
101,69,87
101,69,92
101,69,95
101,69,98
101,69,100
101,70,84
101,71,72
101,71,79
101,71,84
101,71,85
101,71,86
101,71,92
101,71,95
101,71,100
101,72,79
101,72,84
101,72,85
101,72,86
101,72,87
101,72,92
101,72,94
101,72,95
101,72,98
101,72,100
101,73,94
101,74,81
101,74,88
101,74,89
101,74,90
101,74,93
101,74,96
101,74,99
101,74,101
101,74,102
101,76,77
101,76,80
101,77,78
101,79,84
101,79,85
101,79,86
101,79,92
101,79,95
101,79,98
101,79,100
101,81,88
101,81,89
101,81,90
101,81,93
101,81,96
101,81,99
101,81,101
101,81,102
101,84,85
101,84,86
101,84,87
101,84,92
101,84,94
101,84,95
101,84,98
101,84,100
101,85,86
101,85,87
101,85,92
101,85,94
101,85,95
101,85,98
101,85,100
101,86,87
101,86,92
101,86,95
101,86,98
101,86,100
101,87,94
101,88,89
101,88,90
101,88,93
101,88,96
101,88,99
101,88,101
101,88,102
101,89,90
101,89,93
101,89,96
101,89,99
101,89,101
101,89,102
101,90,93
101,90,96
101,90,99
101,90,101
101,90,102
101,92,95
101,92,98
101,92,100
101,93,96
101,93,99
101,93,102
101,95,98
101,95,100
101,96,102
101,97,98
101,98,100
101,101,102
102,1,4
102,1,5
102,1,11
102,1,19
102,1,24
102,1,25
102,1,29
102,1,32
102,1,35
102,1,48
102,1,49
102,1,51
102,1,53
102,1,58
102,1,63
102,1,66
102,1,74
102,1,83
102,1,85
102,1,89
102,1,90
102,1,91
102,1,102
102,1,103
102,2,3
102,4,5
102,4,7
102,4,11
102,4,19
102,4,29
102,4,30
102,4,32
102,4,35
102,4,48
102,4,49
102,4,50
102,4,53
102,4,63
102,4,64
102,4,74
102,4,77
102,4,83
102,4,85
102,4,89
102,4,90
102,4,91
102,4,95
102,4,97
102,4,102
102,5,11
102,5,29
102,5,32
102,5,35
102,5,48
102,5,53
102,5,63
102,5,83
102,5,89
102,5,90
102,5,91
102,5,95
102,5,97
102,5,102
102,6,34
102,6,57
102,6,84
102,7,11
102,7,19
102,7,28
102,7,29
102,7,30
102,7,32
102,7,35
102,7,48
102,7,49
102,7,50
102,7,53
102,7,63
102,7,74
102,7,83
102,7,85
102,7,89
102,7,91
102,7,95
102,7,102
102,8,9
102,8,20
102,8,34
102,8,40
102,8,44
102,8,45
102,8,52
102,8,56
102,8,67
102,8,68
102,8,71
102,8,78
102,8,84
102,8,87
102,8,88
102,9,20
102,9,31
102,9,34
102,9,39
102,9,40
102,9,42
102,9,44
102,9,45
102,9,52
102,9,55
102,9,67
102,9,68
102,9,78
102,9,84
102,9,86
102,9,87
102,9,88
102,9,96
102,9,98
102,9,99
102,10,13
102,10,15
102,10,16
102,10,22
102,10,23
102,10,27
102,10,31
102,10,39
102,10,40
102,10,41
102,10,42
102,10,43
102,10,44
102,10,45
102,10,47
102,10,52
102,10,55
102,10,60
102,10,61
102,10,65
102,10,67
102,10,68
102,10,70
102,10,71
102,10,72
102,10,77
102,10,78
102,10,81
102,10,86
102,10,87
102,10,93
102,10,96
102,10,99
102,11,19
102,11,28
102,11,29
102,11,30
102,11,32
102,11,35
102,11,48
102,11,49
102,11,50
102,11,53
102,11,63
102,11,74
102,11,83
102,11,85
102,11,89
102,11,91
102,11,95
102,11,97
102,11,100
102,11,102
102,12,24
102,12,35
102,12,74
102,12,89
102,12,103
102,13,14
102,13,15
102,13,16
102,13,22
102,13,23
102,13,27
102,13,31
102,13,39
102,13,40
102,13,41
102,13,42
102,13,43
102,13,44
102,13,45
102,13,52
102,13,55
102,13,60
102,13,61
102,13,62
102,13,65
102,13,68
102,13,70
102,13,72
102,13,78
102,13,81
102,13,84
102,13,86
102,13,93
102,13,96
102,13,99
102,14,15
102,14,16
102,14,22
102,14,23
102,14,31
102,14,39
102,14,40
102,14,41
102,14,42
102,14,43
102,14,44
102,14,45
102,14,52
102,14,55
102,14,60
102,14,61
102,14,62
102,14,65
102,14,67
102,14,68
102,14,70
102,14,71
102,14,72
102,14,78
102,14,81
102,14,86
102,14,87
102,14,88
102,14,93
102,14,94
102,14,96
102,14,99
102,15,16
102,15,22
102,15,23
102,15,31
102,15,39
102,15,40
102,15,41
102,15,42
102,15,43
102,15,44
102,15,45
102,15,52
102,15,55
102,15,56
102,15,60
102,15,61
102,15,65
102,15,70
102,15,71
102,15,78
102,15,81
102,15,86
102,15,93
102,15,94
102,15,96
102,15,99
102,16,22
102,16,23
102,16,27
102,16,31
102,16,39
102,16,40
102,16,41
102,16,42
102,16,43
102,16,44
102,16,45
102,16,47
102,16,52
102,16,55
102,16,60
102,16,61
102,16,65
102,16,68
102,16,71
102,16,72
102,16,78
102,16,81
102,16,84
102,16,86
102,16,87
102,16,93
102,16,96
102,16,99
102,17,77
102,18,40
102,18,56
102,18,57
102,18,71
102,18,94
102,19,24
102,19,28
102,19,29
102,19,32
102,19,35
102,19,48
102,19,49
102,19,53
102,19,63
102,19,66
102,19,74
102,19,83
102,19,85
102,19,89
102,19,90
102,19,91
102,19,95
102,19,102
102,19,103
102,20,21
102,20,40
102,20,43
102,20,56
102,20,57
102,20,67
102,20,78
102,20,86
102,20,87
102,21,26
102,21,54
102,21,88
102,21,94
102,22,23
102,22,27
102,22,31
102,22,39
102,22,40
102,22,41
102,22,42
102,22,43
102,22,44
102,22,45
102,22,47
102,22,52
102,22,55
102,22,60
102,22,61
102,22,62
102,22,65
102,22,67
102,22,68
102,22,70
102,22,71
102,22,72
102,22,78
102,22,81
102,22,84
102,22,86
102,22,87
102,22,88
102,22,93
102,22,94
102,22,96
102,22,99
102,22,101
102,23,27
102,23,31
102,23,39
102,23,40
102,23,41
102,23,42
102,23,43
102,23,44
102,23,45
102,23,52
102,23,55
102,23,56
102,23,61
102,23,62
102,23,65
102,23,67
102,23,68
102,23,70
102,23,71
102,23,78
102,23,81
102,23,84
102,23,86
102,23,87
102,23,88
102,23,93
102,23,94
102,23,96
102,23,99
102,24,25
102,24,28
102,24,32
102,24,35
102,24,48
102,24,49
102,24,53
102,24,59
102,24,66
102,24,74
102,24,83
102,24,85
102,24,89
102,24,90
102,24,91
102,24,103
102,25,28
102,25,32
102,25,49
102,25,53
102,25,59
102,25,66
102,25,74
102,25,77
102,25,83
102,25,85
102,25,89
102,25,90
102,25,91
102,25,103
102,26,94
102,27,31
102,27,39
102,27,40
102,27,41
102,27,42
102,27,43
102,27,44
102,27,45
102,27,47
102,27,60
102,27,61
102,27,65
102,27,67
102,27,68
102,27,70
102,27,71
102,27,72
102,27,78
102,27,81
102,27,84
102,27,86
102,27,87
102,27,93
102,27,96
102,27,99
102,27,101
102,28,29
102,28,32
102,28,35
102,28,48
102,28,49
102,28,50
102,28,53
102,28,63
102,28,74
102,28,77
102,28,83
102,28,85
102,28,89
102,28,90
102,28,91
102,28,95
102,28,100
102,28,102
102,29,32
102,29,35
102,29,48
102,29,49
102,29,50
102,29,51
102,29,53
102,29,63
102,29,74
102,29,77
102,29,83
102,29,85
102,29,89
102,29,90
102,29,91
102,29,95
102,29,97
102,29,102
102,30,32
102,30,35
102,30,48
102,30,49
102,30,53
102,30,74
102,30,83
102,30,85
102,30,91
102,30,102
102,31,39
102,31,40
102,31,41
102,31,42
102,31,43
102,31,44
102,31,45
102,31,47
102,31,52
102,31,55
102,31,60
102,31,61
102,31,65
102,31,67
102,31,68
102,31,70
102,31,71
102,31,72
102,31,78
102,31,81
102,31,84
102,31,86
102,31,87
102,31,93
102,31,96
102,31,99
102,31,101
102,32,35
102,32,48
102,32,49
102,32,50
102,32,53
102,32,63
102,32,74
102,32,77
102,32,83
102,32,85
102,32,89
102,32,90
102,32,91
102,32,95
102,32,97
102,32,102
102,32,103
102,33,63
102,33,102
102,34,36
102,34,37
102,34,56
102,34,57
102,34,88
102,34,98
102,35,48
102,35,49
102,35,50
102,35,51
102,35,53
102,35,63
102,35,74
102,35,83
102,35,85
102,35,89
102,35,90
102,35,91
102,35,95
102,35,97
102,35,100
102,35,102
102,36,37
102,36,88
102,37,52
102,37,77
102,37,88
102,38,77
102,39,40
102,39,41
102,39,42
102,39,43
102,39,44
102,39,45
102,39,47
102,39,52
102,39,55
102,39,56
102,39,60
102,39,61
102,39,65
102,39,67
102,39,68
102,39,70
102,39,71
102,39,72
102,39,78
102,39,81
102,39,84
102,39,86
102,39,87
102,39,93
102,39,96
102,39,99
102,40,41
102,40,42
102,40,43
102,40,44
102,40,45
102,40,47
102,40,52
102,40,55
102,40,60
102,40,61
102,40,62
102,40,65
102,40,67
102,40,68
102,40,70
102,40,71
102,40,72
102,40,78
102,40,81
102,40,84
102,40,86
102,40,87
102,40,93
102,40,96
102,40,99
102,40,101
102,41,42
102,41,43
102,41,44
102,41,45
102,41,47
102,41,52
102,41,55
102,41,60
102,41,61
102,41,62
102,41,65
102,41,67
102,41,68
102,41,70
102,41,71
102,41,72
102,41,78
102,41,81
102,41,84
102,41,86
102,41,87
102,41,93
102,41,96
102,41,99
102,42,43
102,42,44
102,42,45
102,42,47
102,42,52
102,42,55
102,42,60
102,42,61
102,42,62
102,42,65
102,42,67
102,42,68
102,42,70
102,42,71
102,42,72
102,42,78
102,42,81
102,42,84
102,42,86
102,42,87
102,42,93
102,42,96
102,42,99
102,43,44
102,43,45
102,43,47
102,43,52
102,43,55
102,43,56
102,43,60
102,43,61
102,43,65
102,43,67
102,43,68
102,43,70
102,43,71
102,43,72
102,43,78
102,43,81
102,43,84
102,43,86
102,43,87
102,43,93
102,43,96
102,43,99
102,43,101
102,44,45
102,44,47
102,44,52
102,44,55
102,44,56
102,44,60
102,44,61
102,44,62
102,44,65
102,44,67
102,44,68
102,44,70
102,44,71
102,44,72
102,44,78
102,44,81
102,44,84
102,44,86
102,44,87
102,44,93
102,44,96
102,44,99
102,44,101
102,45,47
102,45,52
102,45,55
102,45,60
102,45,61
102,45,65
102,45,67
102,45,68
102,45,70
102,45,71
102,45,72
102,45,78
102,45,81
102,45,84
102,45,86
102,45,87
102,45,93
102,45,96
102,45,99
102,45,101
102,46,77
102,47,55
102,47,60
102,47,61
102,47,65
102,47,68
102,47,70
102,47,72
102,47,78
102,47,81
102,47,84
102,47,86
102,47,87
102,47,93
102,47,96
102,47,99
102,47,101
102,48,49
102,48,50
102,48,51
102,48,53
102,48,63
102,48,74
102,48,77
102,48,83
102,48,85
102,48,89
102,48,90
102,48,91
102,48,95
102,48,97
102,48,102
102,49,50
102,49,53
102,49,63
102,49,66
102,49,74
102,49,83
102,49,85
102,49,89
102,49,90
102,49,91
102,49,95
102,49,102
102,49,103
102,50,51
102,50,53
102,50,63
102,50,77
102,50,83
102,50,85
102,50,89
102,50,91
102,50,95
102,50,97
102,50,102
102,51,63
102,51,77
102,51,83
102,51,95
102,51,102
102,52,55
102,52,61
102,52,65
102,52,67
102,52,68
102,52,78
102,52,81
102,52,84
102,52,86
102,52,87
102,52,88
102,52,93
102,52,96
102,52,98
102,52,99
102,53,63
102,53,66
102,53,74
102,53,83
102,53,85
102,53,89
102,53,90
102,53,91
102,53,95
102,53,97
102,53,102
102,53,103
102,54,55
102,54,68
102,55,60
102,55,61
102,55,62
102,55,65
102,55,67
102,55,68
102,55,70
102,55,78
102,55,81
102,55,84
102,55,86
102,55,87
102,55,93
102,55,94
102,55,96
102,55,99
102,55,101
102,56,57
102,56,67
102,56,84
102,56,86
102,56,94
102,56,99
102,57,84
102,58,63
102,58,77
102,58,97
102,59,66
102,59,103
102,60,61
102,60,65
102,60,68
102,60,70
102,60,72
102,60,78
102,60,81
102,60,84
102,60,86
102,60,87
102,60,93
102,60,96
102,60,99
102,61,65
102,61,67
102,61,68
102,61,70
102,61,71
102,61,72
102,61,78
102,61,81
102,61,84
102,61,86
102,61,87
102,61,93
102,61,96
102,61,99
102,61,101
102,62,68
102,62,70
102,62,86
102,62,87
102,62,88
102,62,94
102,62,96
102,62,99
102,63,74
102,63,77
102,63,83
102,63,85
102,63,89
102,63,90
102,63,91
102,63,95
102,63,97
102,63,102
102,64,77
102,65,67
102,65,68
102,65,70
102,65,71
102,65,72
102,65,78
102,65,81
102,65,84
102,65,86
102,65,87
102,65,93
102,65,96
102,65,99
102,66,74
102,66,89
102,66,90
102,66,103
102,67,68
102,67,70
102,67,71
102,67,78
102,67,81
102,67,84
102,67,86
102,67,87
102,67,88
102,67,93
102,67,94
102,67,96
102,67,99
102,68,69
102,68,72
102,68,78
102,68,81
102,68,84
102,68,86
102,68,87
102,68,88
102,68,93
102,68,96
102,68,98
102,68,99
102,70,71
102,70,78
102,70,81
102,70,84
102,70,86
102,70,93
102,70,96
102,70,99
102,71,72
102,71,78
102,71,81
102,71,84
102,71,86
102,71,87
102,71,93
102,71,94
102,71,96
102,71,99
102,72,78
102,72,81
102,72,86
102,72,87
102,72,93
102,72,96
102,72,99
102,72,101
102,73,88
102,74,83
102,74,85
102,74,89
102,74,91
102,74,100
102,74,102
102,74,103
102,76,77
102,77,79
102,77,83
102,77,85
102,77,90
102,77,91
102,77,92
102,77,97
102,77,102
102,78,81
102,78,84
102,78,86
102,78,87
102,78,93
102,78,96
102,78,99
102,78,101
102,81,84
102,81,86
102,81,87
102,81,93
102,81,94
102,81,96
102,81,99
102,83,85
102,83,89
102,83,90
102,83,91
102,83,95
102,83,97
102,83,102
102,84,86
102,84,87
102,84,93
102,84,96
102,84,99
102,85,89
102,85,90
102,85,91
102,85,102
102,86,87
102,86,88
102,86,93
102,86,94
102,86,96
102,86,99
102,87,88
102,87,93
102,87,96
102,87,99
102,88,94
102,88,98
102,88,99
102,89,90
102,89,91
102,89,95
102,89,102
102,89,103
102,90,91
102,90,102
102,90,103
102,91,95
102,91,97
102,91,102
102,91,103
102,93,96
102,93,99
102,93,101
102,95,97
102,95,102
102,96,99
102,96,101
102,97,102
102,98,99
103,1,6
103,1,8
103,1,9
103,1,10
103,1,11
103,1,13
103,1,14
103,1,15
103,1,16
103,1,18
103,1,21
103,1,22
103,1,23
103,1,26
103,1,27
103,1,31
103,1,34
103,1,36
103,1,37
103,1,39
103,1,40
103,1,41
103,1,42
103,1,43
103,1,44
103,1,45
103,1,47
103,1,52
103,1,54
103,1,55
103,1,56
103,1,57
103,1,60
103,1,61
103,1,62
103,1,65
103,1,68
103,1,69
103,1,70
103,1,71
103,1,72
103,1,78
103,1,80
103,1,83
103,1,85
103,1,86
103,1,93
103,1,94
103,1,97
103,1,99
103,1,101
103,2,34
103,2,37
103,4,5
103,4,7
103,4,19
103,4,20
103,4,24
103,4,25
103,4,28
103,4,29
103,4,30
103,4,32
103,4,35
103,4,48
103,4,49
103,4,50
103,4,53
103,4,59
103,4,63
103,4,64
103,4,66
103,4,67
103,4,73
103,4,82
103,4,84
103,4,87
103,4,88
103,4,90
103,4,91
103,4,95
103,4,96
103,4,102
103,4,103
103,5,20
103,5,24
103,5,25
103,5,32
103,5,35
103,5,48
103,5,49
103,5,50
103,5,53
103,5,63
103,5,64
103,5,82
103,5,90
103,5,91
103,5,95
103,5,96
103,5,102
103,6,8
103,6,9
103,6,10
103,6,14
103,6,16
103,6,22
103,6,26
103,6,27
103,6,31
103,6,34
103,6,39
103,6,40
103,6,41
103,6,42
103,6,43
103,6,44
103,6,45
103,6,52
103,6,56
103,6,57
103,6,60
103,6,61
103,6,65
103,6,78
103,6,80
103,6,83
103,6,85
103,6,93
103,6,97
103,6,99
103,7,12
103,7,19
103,7,20
103,7,24
103,7,25
103,7,28
103,7,30
103,7,32
103,7,35
103,7,49
103,7,59
103,7,66
103,7,67
103,7,73
103,7,82
103,7,84
103,7,87
103,7,88
103,7,90
103,7,91
103,7,95
103,7,102
103,7,103
103,8,9
103,8,10
103,8,11
103,8,14
103,8,16
103,8,18
103,8,22
103,8,23
103,8,26
103,8,27
103,8,31
103,8,34
103,8,36
103,8,37
103,8,39
103,8,40
103,8,41
103,8,42
103,8,43
103,8,44
103,8,45
103,8,47
103,8,52
103,8,54
103,8,55
103,8,56
103,8,57
103,8,60
103,8,61
103,8,62
103,8,65
103,8,68
103,8,69
103,8,70
103,8,71
103,8,72
103,8,78
103,8,80
103,8,81
103,8,83
103,8,85
103,8,86
103,8,93
103,8,94
103,8,97
103,8,98
103,8,99
103,9,10
103,9,11
103,9,14
103,9,15
103,9,16
103,9,18
103,9,22
103,9,23
103,9,26
103,9,27
103,9,31
103,9,34
103,9,36
103,9,37
103,9,39
103,9,40
103,9,41
103,9,42
103,9,43
103,9,44
103,9,45
103,9,47
103,9,52
103,9,54
103,9,55
103,9,56
103,9,57
103,9,60
103,9,62
103,9,65
103,9,68
103,9,69
103,9,70
103,9,71
103,9,72
103,9,78
103,9,80
103,9,81
103,9,83
103,9,85
103,9,86
103,9,93
103,9,94
103,9,97
103,9,98
103,9,99
103,10,11
103,10,14
103,10,16
103,10,18
103,10,22
103,10,23
103,10,26
103,10,27
103,10,31
103,10,34
103,10,36
103,10,39
103,10,40
103,10,41
103,10,42
103,10,43
103,10,44
103,10,45
103,10,47
103,10,52
103,10,56
103,10,57
103,10,60
103,10,61
103,10,62
103,10,65
103,10,70
103,10,71
103,10,78
103,10,80
103,10,83
103,10,85
103,10,86
103,10,93
103,10,94
103,10,97
103,10,99
103,10,100
103,11,13
103,11,14
103,11,15
103,11,16
103,11,18
103,11,22
103,11,23
103,11,26
103,11,27
103,11,31
103,11,34
103,11,36
103,11,37
103,11,39
103,11,40
103,11,41
103,11,42
103,11,43
103,11,44
103,11,45
103,11,47
103,11,52
103,11,55
103,11,56
103,11,57
103,11,60
103,11,61
103,11,62
103,11,65
103,11,68
103,11,69
103,11,70
103,11,71
103,11,72
103,11,78
103,11,80
103,11,81
103,11,83
103,11,85
103,11,86
103,11,93
103,11,94
103,11,97
103,11,98
103,11,99
103,12,17
103,12,19
103,12,20
103,12,24
103,12,25
103,12,28
103,12,30
103,12,32
103,12,35
103,12,49
103,12,58
103,12,59
103,12,66
103,12,67
103,12,73
103,12,84
103,12,87
103,12,88
103,12,90
103,12,91
103,12,102
103,12,103
103,13,14
103,13,22
103,13,23
103,13,26
103,13,31
103,13,34
103,13,36
103,13,39
103,13,40
103,13,41
103,13,45
103,13,52
103,13,55
103,13,56
103,13,57
103,13,62
103,13,68
103,13,69
103,13,70
103,13,78
103,13,83
103,13,89
103,13,93
103,13,94
103,13,97
103,13,99
103,14,15
103,14,16
103,14,18
103,14,22
103,14,23
103,14,26
103,14,27
103,14,31
103,14,34
103,14,36
103,14,37
103,14,39
103,14,40
103,14,41
103,14,42
103,14,43
103,14,44
103,14,45
103,14,47
103,14,52
103,14,55
103,14,56
103,14,57
103,14,60
103,14,61
103,14,62
103,14,65
103,14,68
103,14,69
103,14,70
103,14,71
103,14,72
103,14,78
103,14,80
103,14,81
103,14,83
103,14,85
103,14,86
103,14,93
103,14,94
103,14,97
103,14,98
103,14,99
103,15,16
103,15,18
103,15,21
103,15,22
103,15,23
103,15,26
103,15,34
103,15,37
103,15,39
103,15,40
103,15,41
103,15,42
103,15,43
103,15,44
103,15,45
103,15,52
103,15,55
103,15,56
103,15,57
103,15,60
103,15,61
103,15,62
103,15,65
103,15,70
103,15,78
103,15,80
103,15,83
103,15,93
103,15,94
103,15,97
103,15,99
103,16,18
103,16,22
103,16,23
103,16,26
103,16,27
103,16,31
103,16,34
103,16,36
103,16,37
103,16,39
103,16,40
103,16,41
103,16,42
103,16,43
103,16,44
103,16,45
103,16,47
103,16,52
103,16,55
103,16,56
103,16,57
103,16,60
103,16,61
103,16,62
103,16,65
103,16,68
103,16,69
103,16,70
103,16,71
103,16,72
103,16,78
103,16,80
103,16,83
103,16,85
103,16,86
103,16,93
103,16,94
103,16,97
103,16,98
103,16,99
103,16,100
103,17,58
103,18,21
103,18,22
103,18,23
103,18,26
103,18,27
103,18,31
103,18,34
103,18,36
103,18,37
103,18,39
103,18,40
103,18,41
103,18,42
103,18,43
103,18,44
103,18,45
103,18,52
103,18,54
103,18,55
103,18,56
103,18,57
103,18,60
103,18,61
103,18,62
103,18,65
103,18,70
103,18,72
103,18,78
103,18,80
103,18,83
103,18,85
103,18,86
103,18,89
103,18,93
103,18,94
103,18,97
103,18,98
103,18,99
103,19,20
103,19,24
103,19,25
103,19,28
103,19,29
103,19,30
103,19,32
103,19,35
103,19,48
103,19,49
103,19,50
103,19,53
103,19,59
103,19,63
103,19,64
103,19,66
103,19,67
103,19,73
103,19,82
103,19,84
103,19,87
103,19,88
103,19,90
103,19,91
103,19,96
103,19,102
103,19,103
103,20,24
103,20,25
103,20,28
103,20,29
103,20,30
103,20,32
103,20,35
103,20,48
103,20,49
103,20,50
103,20,53
103,20,58
103,20,59
103,20,63
103,20,64
103,20,66
103,20,67
103,20,73
103,20,82
103,20,84
103,20,87
103,20,88
103,20,90
103,20,91
103,20,95
103,20,96
103,20,102
103,20,103
103,21,34
103,21,36
103,21,37
103,21,54
103,21,56
103,21,72
103,21,85
103,21,94
103,22,23
103,22,26
103,22,27
103,22,31
103,22,34
103,22,36
103,22,37
103,22,39
103,22,40
103,22,41
103,22,42
103,22,43
103,22,44
103,22,45
103,22,47
103,22,52
103,22,55
103,22,56
103,22,57
103,22,60
103,22,61
103,22,62
103,22,65
103,22,68
103,22,69
103,22,70
103,22,71
103,22,72
103,22,78
103,22,80
103,22,81
103,22,83
103,22,85
103,22,86
103,22,93
103,22,94
103,22,97
103,22,98
103,22,99
103,23,26
103,23,27
103,23,31
103,23,34
103,23,36
103,23,37
103,23,39
103,23,40
103,23,41
103,23,42
103,23,43
103,23,44
103,23,45
103,23,47
103,23,52
103,23,55
103,23,56
103,23,57
103,23,61
103,23,62
103,23,65
103,23,69
103,23,70
103,23,71
103,23,72
103,23,78
103,23,80
103,23,81
103,23,83
103,23,85
103,23,86
103,23,89
103,23,93
103,23,94
103,23,97
103,23,98
103,23,99
103,24,25
103,24,28
103,24,29
103,24,30
103,24,32
103,24,35
103,24,48
103,24,49
103,24,50
103,24,53
103,24,58
103,24,59
103,24,63
103,24,64
103,24,66
103,24,67
103,24,73
103,24,82
103,24,84
103,24,87
103,24,88
103,24,90
103,24,91
103,24,95
103,24,102
103,24,103
103,25,28
103,25,29
103,25,30
103,25,32
103,25,35
103,25,48
103,25,49
103,25,50
103,25,53
103,25,58
103,25,59
103,25,63
103,25,64
103,25,66
103,25,67
103,25,73
103,25,82
103,25,84
103,25,87
103,25,88
103,25,90
103,25,91
103,25,95
103,25,102
103,25,103
103,26,27
103,26,31
103,26,34
103,26,36
103,26,37
103,26,39
103,26,40
103,26,41
103,26,42
103,26,43
103,26,44
103,26,45
103,26,47
103,26,52
103,26,55
103,26,56
103,26,57
103,26,60
103,26,61
103,26,62
103,26,65
103,26,69
103,26,70
103,26,71
103,26,78
103,26,80
103,26,83
103,26,85
103,26,86
103,26,93
103,26,94
103,26,97
103,26,98
103,26,99
103,26,100
103,27,31
103,27,34
103,27,39
103,27,40
103,27,41
103,27,42
103,27,43
103,27,44
103,27,45
103,27,47
103,27,52
103,27,56
103,27,57
103,27,60
103,27,61
103,27,62
103,27,65
103,27,69
103,27,70
103,27,71
103,27,72
103,27,78
103,27,80
103,27,83
103,27,85
103,27,86
103,27,93
103,27,94
103,27,97
103,27,99
103,27,100
103,28,29
103,28,30
103,28,32
103,28,35
103,28,48
103,28,49
103,28,50
103,28,53
103,28,58
103,28,59
103,28,63
103,28,64
103,28,66
103,28,73
103,28,82
103,28,84
103,28,87
103,28,88
103,28,90
103,28,91
103,28,95
103,28,96
103,28,102
103,29,32
103,29,33
103,29,35
103,29,48
103,29,49
103,29,50
103,29,53
103,29,58
103,29,63
103,29,73
103,29,82
103,29,84
103,29,87
103,29,88
103,29,90
103,29,91
103,29,95
103,29,96
103,29,102
103,30,32
103,30,35
103,30,48
103,30,49
103,30,50
103,30,53
103,30,63
103,30,64
103,30,66
103,30,73
103,30,82
103,30,84
103,30,87
103,30,88
103,30,90
103,30,91
103,30,96
103,30,102
103,31,34
103,31,37
103,31,39
103,31,40
103,31,41
103,31,42
103,31,43
103,31,44
103,31,45
103,31,47
103,31,52
103,31,55
103,31,56
103,31,57
103,31,60
103,31,61
103,31,62
103,31,65
103,31,68
103,31,69
103,31,70
103,31,71
103,31,78
103,31,80
103,31,83
103,31,85
103,31,86
103,31,93
103,31,94
103,31,97
103,31,98
103,31,99
103,31,100
103,32,35
103,32,48
103,32,49
103,32,50
103,32,53
103,32,58
103,32,59
103,32,63
103,32,64
103,32,66
103,32,67
103,32,73
103,32,82
103,32,84
103,32,87
103,32,88
103,32,90
103,32,91
103,32,95
103,32,96
103,32,102
103,32,103
103,33,95
103,33,102
103,34,36
103,34,37
103,34,39
103,34,40
103,34,41
103,34,42
103,34,43
103,34,44
103,34,45
103,34,52
103,34,54
103,34,55
103,34,56
103,34,57
103,34,62
103,34,65
103,34,68
103,34,69
103,34,70
103,34,72
103,34,78
103,34,80
103,34,81
103,34,83
103,34,85
103,34,86
103,34,93
103,34,94
103,34,97
103,34,98
103,34,99
103,35,48
103,35,49
103,35,50
103,35,53
103,35,59
103,35,63
103,35,64
103,35,66
103,35,67
103,35,73
103,35,82
103,35,84
103,35,87
103,35,88
103,35,90
103,35,91
103,35,95
103,35,96
103,35,102
103,35,103
103,36,37
103,36,39
103,36,40
103,36,41
103,36,42
103,36,43
103,36,45
103,36,52
103,36,54
103,36,55
103,36,56
103,36,57
103,36,62
103,36,65
103,36,68
103,36,69
103,36,70
103,36,78
103,36,80
103,36,81
103,36,83
103,36,85
103,36,86
103,36,89
103,36,93
103,36,94
103,36,97
103,36,98
103,36,99
103,37,39
103,37,40
103,37,41
103,37,42
103,37,43
103,37,44
103,37,45
103,37,52
103,37,55
103,37,56
103,37,57
103,37,62
103,37,69
103,37,70
103,37,78
103,37,80
103,37,81
103,37,83
103,37,85
103,37,86
103,37,93
103,37,94
103,37,97
103,37,98
103,37,99
103,38,102
103,39,40
103,39,41
103,39,42
103,39,43
103,39,44
103,39,45
103,39,47
103,39,52
103,39,55
103,39,56
103,39,57
103,39,60
103,39,61
103,39,62
103,39,65
103,39,68
103,39,69
103,39,70
103,39,71
103,39,72
103,39,78
103,39,80
103,39,81
103,39,83
103,39,85
103,39,86
103,39,93
103,39,94
103,39,97
103,39,98
103,39,99
103,39,100
103,40,41
103,40,42
103,40,43
103,40,44
103,40,45
103,40,47
103,40,52
103,40,55
103,40,56
103,40,57
103,40,60
103,40,61
103,40,62
103,40,65
103,40,68
103,40,69
103,40,70
103,40,71
103,40,72
103,40,78
103,40,80
103,40,81
103,40,83
103,40,85
103,40,86
103,40,93
103,40,94
103,40,97
103,40,98
103,40,99
103,41,42
103,41,43
103,41,44
103,41,45
103,41,47
103,41,52
103,41,55
103,41,56
103,41,57
103,41,60
103,41,61
103,41,62
103,41,65
103,41,68
103,41,69
103,41,70
103,41,71
103,41,72
103,41,78
103,41,80
103,41,81
103,41,83
103,41,85
103,41,86
103,41,93
103,41,94
103,41,97
103,41,98
103,41,99
103,41,100
103,42,43
103,42,44
103,42,45
103,42,47
103,42,52
103,42,55
103,42,56
103,42,57
103,42,60
103,42,61
103,42,62
103,42,65
103,42,69
103,42,70
103,42,71
103,42,72
103,42,78
103,42,80
103,42,81
103,42,83
103,42,85
103,42,86
103,42,93
103,42,94
103,42,97
103,42,98
103,42,99
103,43,44
103,43,45
103,43,47
103,43,52
103,43,55
103,43,56
103,43,57
103,43,60
103,43,61
103,43,62
103,43,65
103,43,68
103,43,69
103,43,70
103,43,71
103,43,72
103,43,78
103,43,80
103,43,81
103,43,83
103,43,85
103,43,86
103,43,93
103,43,94
103,43,97
103,43,98
103,43,99
103,43,100
103,43,101
103,44,45
103,44,47
103,44,52
103,44,55
103,44,56
103,44,57
103,44,60
103,44,61
103,44,62
103,44,65
103,44,69
103,44,70
103,44,71
103,44,72
103,44,78
103,44,80
103,44,81
103,44,83
103,44,85
103,44,86
103,44,93
103,44,94
103,44,97
103,44,99
103,44,100
103,44,101
103,45,47
103,45,52
103,45,55
103,45,56
103,45,57
103,45,60
103,45,61
103,45,62
103,45,65
103,45,68
103,45,69
103,45,70
103,45,71
103,45,72
103,45,78
103,45,80
103,45,81
103,45,83
103,45,85
103,45,86
103,45,93
103,45,94
103,45,97
103,45,98
103,45,99
103,47,52
103,47,57
103,47,60
103,47,61
103,47,65
103,47,69
103,47,70
103,47,71
103,47,78
103,47,80
103,47,83
103,47,85
103,47,93
103,47,97
103,47,99
103,47,100
103,48,49
103,48,50
103,48,53
103,48,63
103,48,64
103,48,73
103,48,82
103,48,84
103,48,87
103,48,88
103,48,90
103,48,91
103,48,95
103,48,96
103,48,102
103,49,50
103,49,53
103,49,59
103,49,63
103,49,64
103,49,66
103,49,67
103,49,73
103,49,82
103,49,84
103,49,87
103,49,88
103,49,90
103,49,91
103,49,95
103,49,96
103,49,102
103,49,103
103,50,51
103,50,53
103,50,63
103,50,64
103,50,73
103,50,82
103,50,87
103,50,88
103,50,90
103,50,91
103,50,95
103,50,96
103,50,102
103,52,54
103,52,55
103,52,56
103,52,57
103,52,60
103,52,61
103,52,62
103,52,65
103,52,68
103,52,69
103,52,70
103,52,71
103,52,78
103,52,80
103,52,81
103,52,83
103,52,85
103,52,86
103,52,93
103,52,94
103,52,97
103,52,98
103,52,99
103,53,63
103,53,64
103,53,66
103,53,73
103,53,82
103,53,84
103,53,87
103,53,88
103,53,90
103,53,91
103,53,95
103,53,102
103,54,55
103,54,56
103,54,57
103,54,83
103,55,56
103,55,57
103,55,62
103,55,65
103,55,68
103,55,70
103,55,78
103,55,80
103,55,83
103,55,85
103,55,93
103,55,94
103,55,97
103,55,99
103,56,57
103,56,61
103,56,62
103,56,65
103,56,68
103,56,69
103,56,70
103,56,71
103,56,78
103,56,80
103,56,81
103,56,83
103,56,85
103,56,86
103,56,93
103,56,94
103,56,97
103,56,98
103,56,99
103,57,60
103,57,61
103,57,62
103,57,65
103,57,68
103,57,69
103,57,70
103,57,71
103,57,78
103,57,80
103,57,81
103,57,83
103,57,85
103,57,86
103,57,93
103,57,94
103,57,97
103,57,98
103,57,99
103,58,59
103,58,66
103,58,73
103,58,84
103,58,91
103,58,103
103,59,66
103,59,67
103,59,73
103,59,82
103,59,84
103,59,88
103,59,90
103,59,91
103,59,103
103,60,61
103,60,65
103,60,70
103,60,71
103,60,78
103,60,80
103,60,83
103,60,93
103,60,94
103,60,97
103,60,99
103,60,100
103,60,101
103,61,65
103,61,70
103,61,71
103,61,78
103,61,80
103,61,83
103,61,93
103,61,94
103,61,97
103,61,99
103,61,100
103,61,101
103,62,65
103,62,68
103,62,69
103,62,70
103,62,72
103,62,78
103,62,80
103,62,83
103,62,85
103,62,86
103,62,93
103,62,94
103,62,97
103,62,99
103,63,64
103,63,82
103,63,84
103,63,87
103,63,88
103,63,90
103,63,91
103,63,96
103,63,102
103,64,73
103,64,82
103,64,84
103,64,87
103,64,88
103,64,90
103,64,91
103,64,96
103,64,102
103,65,69
103,65,70
103,65,71
103,65,78
103,65,80
103,65,83
103,65,85
103,65,93
103,65,94
103,65,97
103,65,99
103,65,100
103,66,67
103,66,73
103,66,82
103,66,84
103,66,87
103,66,88
103,66,90
103,66,91
103,66,103
103,67,73
103,67,82
103,67,84
103,67,88
103,67,91
103,67,103
103,68,69
103,68,70
103,68,78
103,68,83
103,68,85
103,68,86
103,68,93
103,68,97
103,68,98
103,68,99
103,69,70
103,69,71
103,69,78
103,69,80
103,69,83
103,69,85
103,69,86
103,69,93
103,69,97
103,69,98
103,69,99
103,70,71
103,70,72
103,70,78
103,70,80
103,70,83
103,70,85
103,70,86
103,70,89
103,70,93
103,70,94
103,70,97
103,70,98
103,70,99
103,71,78
103,71,80
103,71,83
103,71,85
103,71,86
103,71,93
103,71,97
103,71,99
103,71,100
103,72,78
103,72,80
103,72,83
103,72,85
103,72,86
103,72,89
103,72,93
103,72,94
103,72,97
103,72,99
103,73,82
103,73,84
103,73,87
103,73,88
103,73,90
103,73,91
103,73,102
103,73,103
103,76,102
103,78,80
103,78,83
103,78,85
103,78,86
103,78,93
103,78,94
103,78,97
103,78,98
103,78,99
103,78,101
103,80,83
103,80,85
103,80,86
103,80,93
103,80,94
103,80,97
103,80,98
103,80,99
103,81,83
103,81,85
103,81,86
103,81,97
103,81,98
103,81,99
103,82,84
103,82,87
103,82,88
103,82,90
103,82,91
103,82,95
103,82,96
103,82,102
103,82,103
103,83,85
103,83,86
103,83,93
103,83,94
103,83,97
103,83,98
103,83,99
103,84,87
103,84,88
103,84,90
103,84,91
103,84,102
103,84,103
103,85,86
103,85,89
103,85,93
103,85,94
103,85,97
103,85,98
103,85,99
103,86,89
103,86,93
103,86,94
103,86,97
103,86,98
103,86,99
103,87,88
103,87,90
103,87,91
103,87,96
103,87,102
103,88,90
103,88,91
103,88,96
103,88,102
103,88,103
103,89,93
103,90,91
103,90,95
103,90,96
103,90,102
103,90,103
103,91,95
103,91,96
103,91,102
103,91,103
103,93,94
103,93,97
103,93,98
103,93,99
103,93,100
103,94,97
103,94,99
103,95,96
103,95,102
103,96,102
103,97,98
103,97,99
103,97,100
103,98,99
103,100,101
104,1,8
104,1,9
104,1,10
104,1,11
104,1,15
104,1,16
104,1,17
104,1,19
104,1,23
104,1,24
104,1,27
104,1,28
104,1,32
104,1,42
104,1,43
104,1,44
104,1,45
104,1,47
104,1,49
104,1,54
104,1,57
104,1,62
104,1,63
104,1,64
104,1,67
104,1,70
104,1,71
104,1,73
104,1,78
104,1,82
104,1,85
104,1,94
104,1,98
104,1,100
104,1,101
104,1,102
104,3,4
104,3,5
104,3,6
104,3,7
104,3,12
104,3,18
104,3,20
104,3,21
104,3,25
104,3,26
104,3,29
104,3,30
104,3,31
104,3,33
104,3,34
104,3,35
104,3,37
104,3,46
104,3,48
104,3,50
104,3,51
104,3,52
104,3,53
104,3,55
104,3,60
104,3,61
104,3,65
104,3,66
104,3,68
104,3,69
104,3,72
104,3,74
104,3,75
104,3,77
104,3,79
104,3,84
104,3,86
104,3,87
104,3,88
104,3,89
104,3,90
104,3,91
104,3,92
104,3,96
104,3,97
104,3,103
104,3,104
104,4,5
104,4,6
104,4,7
104,4,12
104,4,14
104,4,18
104,4,20
104,4,21
104,4,25
104,4,26
104,4,29
104,4,30
104,4,31
104,4,33
104,4,34
104,4,35
104,4,37
104,4,46
104,4,48
104,4,50
104,4,51
104,4,52
104,4,53
104,4,55
104,4,60
104,4,61
104,4,65
104,4,66
104,4,68
104,4,69
104,4,72
104,4,74
104,4,75
104,4,77
104,4,79
104,4,84
104,4,86
104,4,87
104,4,88
104,4,89
104,4,90
104,4,91
104,4,92
104,4,96
104,4,97
104,4,103
104,4,104
104,5,6
104,5,7
104,5,12
104,5,14
104,5,18
104,5,20
104,5,21
104,5,25
104,5,26
104,5,29
104,5,30
104,5,31
104,5,33
104,5,34
104,5,35
104,5,37
104,5,41
104,5,46
104,5,48
104,5,50
104,5,51
104,5,52
104,5,53
104,5,55
104,5,60
104,5,61
104,5,65
104,5,66
104,5,68
104,5,69
104,5,72
104,5,74
104,5,75
104,5,77
104,5,79
104,5,84
104,5,86
104,5,87
104,5,88
104,5,89
104,5,90
104,5,91
104,5,92
104,5,96
104,5,97
104,5,103
104,5,104
104,6,7
104,6,12
104,6,18
104,6,20
104,6,21
104,6,25
104,6,26
104,6,29
104,6,30
104,6,31
104,6,33
104,6,34
104,6,35
104,6,37
104,6,46
104,6,48
104,6,50
104,6,51
104,6,52
104,6,53
104,6,55
104,6,60
104,6,61
104,6,65
104,6,66
104,6,68
104,6,69
104,6,72
104,6,74
104,6,75
104,6,79
104,6,84
104,6,86
104,6,87
104,6,88
104,6,89
104,6,90
104,6,91
104,6,92
104,6,96
104,6,97
104,6,103
104,6,104
104,7,12
104,7,18
104,7,20
104,7,21
104,7,25
104,7,26
104,7,29
104,7,30
104,7,31
104,7,33
104,7,37
104,7,46
104,7,48
104,7,50
104,7,51
104,7,52
104,7,53
104,7,55
104,7,60
104,7,61
104,7,65
104,7,66
104,7,68
104,7,69
104,7,72
104,7,74
104,7,75
104,7,79
104,7,84
104,7,86
104,7,87
104,7,88
104,7,89
104,7,90
104,7,91
104,7,92
104,7,96
104,7,97
104,7,104
104,8,9
104,8,10
104,8,15
104,8,17
104,8,23
104,8,24
104,8,27
104,8,28
104,8,32
104,8,42
104,8,43
104,8,44
104,8,45
104,8,47
104,8,49
104,8,57
104,8,62
104,8,63
104,8,64
104,8,67
104,8,70
104,8,71
104,8,73
104,8,78
104,8,82
104,8,85
104,8,94
104,8,98
104,8,99
104,8,100
104,8,101
104,9,10
104,9,11
104,9,15
104,9,17
104,9,19
104,9,23
104,9,24
104,9,27
104,9,28
104,9,32
104,9,36
104,9,42
104,9,43
104,9,44
104,9,45
104,9,47
104,9,49
104,9,57
104,9,58
104,9,62
104,9,63
104,9,64
104,9,67
104,9,70
104,9,71
104,9,73
104,9,78
104,9,82
104,9,85
104,9,94
104,9,98
104,9,99
104,9,100
104,9,102
104,10,11
104,10,15
104,10,17
104,10,19
104,10,23
104,10,24
104,10,27
104,10,28
104,10,32
104,10,42
104,10,43
104,10,44
104,10,45
104,10,47
104,10,49
104,10,62
104,10,63
104,10,64
104,10,67
104,10,70
104,10,71
104,10,73
104,10,78
104,10,82
104,10,85
104,10,94
104,10,98
104,10,100
104,10,101
104,10,102
104,11,15
104,11,19
104,11,23
104,11,24
104,11,36
104,11,42
104,11,43
104,11,44
104,11,45
104,11,47
104,11,73
104,11,78
104,11,85
104,11,95
104,11,98
104,12,18
104,12,20
104,12,21
104,12,25
104,12,26
104,12,29
104,12,30
104,12,31
104,12,33
104,12,35
104,12,37
104,12,46
104,12,48
104,12,50
104,12,51
104,12,52
104,12,53
104,12,55
104,12,60
104,12,61
104,12,65
104,12,66
104,12,68
104,12,69
104,12,74
104,12,75
104,12,77
104,12,79
104,12,84
104,12,86
104,12,87
104,12,88
104,12,89
104,12,90
104,12,91
104,12,92
104,12,96
104,12,97
104,12,103
104,12,104
104,13,28
104,14,20
104,14,21
104,14,25
104,14,26
104,14,31
104,14,33
104,14,35
104,14,37
104,14,46
104,14,48
104,14,50
104,14,51
104,14,53
104,14,55
104,14,65
104,14,66
104,14,74
104,14,75
104,14,79
104,14,84
104,14,86
104,14,87
104,14,90
104,14,91
104,14,92
104,14,96
104,14,97
104,14,103
104,14,104
104,15,16
104,15,23
104,15,24
104,15,27
104,15,32
104,15,36
104,15,42
104,15,43
104,15,44
104,15,45
104,15,47
104,15,49
104,15,62
104,15,63
104,15,64
104,15,67
104,15,70
104,15,71
104,15,73
104,15,78
104,15,82
104,15,85
104,15,94
104,15,95
104,15,98
104,15,100
104,17,23
104,17,32
104,17,42
104,17,43
104,17,44
104,17,45
104,17,47
104,17,49
104,17,62
104,17,63
104,17,71
104,17,73
104,17,82
104,17,85
104,17,94
104,17,98
104,17,100
104,18,20
104,18,21
104,18,25
104,18,26
104,18,29
104,18,30
104,18,31
104,18,33
104,18,34
104,18,35
104,18,37
104,18,46
104,18,48
104,18,50
104,18,51
104,18,52
104,18,53
104,18,55
104,18,60
104,18,61
104,18,65
104,18,66
104,18,68
104,18,69
104,18,72
104,18,74
104,18,75
104,18,77
104,18,79
104,18,84
104,18,86
104,18,87
104,18,88
104,18,89
104,18,90
104,18,91
104,18,92
104,18,96
104,18,97
104,18,103
104,18,104
104,19,23
104,19,42
104,19,43
104,19,44
104,19,45
104,19,47
104,19,58
104,19,63
104,19,64
104,19,73
104,19,78
104,19,85
104,19,94
104,19,95
104,19,98
104,19,100
104,20,21
104,20,25
104,20,26
104,20,29
104,20,30
104,20,31
104,20,33
104,20,34
104,20,35
104,20,37
104,20,46
104,20,48
104,20,50
104,20,51
104,20,52
104,20,53
104,20,55
104,20,60
104,20,61
104,20,65
104,20,66
104,20,68
104,20,69
104,20,72
104,20,74
104,20,75
104,20,77
104,20,79
104,20,84
104,20,86
104,20,87
104,20,88
104,20,89
104,20,90
104,20,91
104,20,92
104,20,96
104,20,97
104,20,103
104,20,104
104,21,25
104,21,26
104,21,29
104,21,30
104,21,31
104,21,33
104,21,34
104,21,35
104,21,37
104,21,46
104,21,48
104,21,50
104,21,51
104,21,52
104,21,53
104,21,55
104,21,60
104,21,61
104,21,65
104,21,66
104,21,68
104,21,69
104,21,72
104,21,74
104,21,75
104,21,77
104,21,79
104,21,84
104,21,86
104,21,87
104,21,88
104,21,89
104,21,90
104,21,91
104,21,92
104,21,96
104,21,97
104,21,103
104,21,104
104,23,24
104,23,27
104,23,28
104,23,32
104,23,36
104,23,42
104,23,43
104,23,44
104,23,45
104,23,47
104,23,49
104,23,57
104,23,62
104,23,63
104,23,64
104,23,67
104,23,70
104,23,71
104,23,73
104,23,78
104,23,82
104,23,85
104,23,94
104,23,95
104,23,98
104,23,100
104,23,101
104,23,102
104,24,27
104,24,32
104,24,36
104,24,38
104,24,39
104,24,42
104,24,43
104,24,44
104,24,45
104,24,47
104,24,49
104,24,57
104,24,64
104,24,67
104,24,70
104,24,73
104,24,78
104,24,82
104,24,85
104,24,94
104,24,95
104,24,98
104,24,100
104,25,26
104,25,29
104,25,30
104,25,31
104,25,33
104,25,34
104,25,35
104,25,37
104,25,46
104,25,48
104,25,50
104,25,51
104,25,52
104,25,53
104,25,55
104,25,60
104,25,61
104,25,65
104,25,66
104,25,68
104,25,69
104,25,72
104,25,74
104,25,75
104,25,77
104,25,79
104,25,84
104,25,86
104,25,87
104,25,88
104,25,89
104,25,90
104,25,91
104,25,92
104,25,96
104,25,97
104,25,103
104,25,104
104,26,29
104,26,30
104,26,31
104,26,33
104,26,34
104,26,35
104,26,37
104,26,46
104,26,48
104,26,50
104,26,51
104,26,52
104,26,53
104,26,55
104,26,60
104,26,61
104,26,65
104,26,66
104,26,68
104,26,69
104,26,72
104,26,74
104,26,75
104,26,77
104,26,79
104,26,84
104,26,86
104,26,87
104,26,88
104,26,89
104,26,90
104,26,91
104,26,92
104,26,96
104,26,97
104,26,103
104,26,104
104,27,28
104,27,32
104,27,42
104,27,43
104,27,44
104,27,45
104,27,47
104,27,49
104,27,62
104,27,63
104,27,67
104,27,73
104,27,78
104,27,82
104,27,85
104,27,94
104,27,98
104,27,100
104,27,101
104,27,102
104,28,32
104,28,43
104,28,44
104,28,45
104,28,47
104,28,49
104,28,62
104,28,63
104,28,67
104,28,70
104,28,78
104,28,82
104,28,85
104,28,94
104,28,98
104,28,101
104,29,30
104,29,31
104,29,33
104,29,34
104,29,35
104,29,37
104,29,46
104,29,48
104,29,50
104,29,51
104,29,52
104,29,53
104,29,55
104,29,60
104,29,61
104,29,65
104,29,66
104,29,68
104,29,69
104,29,72
104,29,74
104,29,75
104,29,77
104,29,79
104,29,84
104,29,86
104,29,87
104,29,88
104,29,89
104,29,90
104,29,91
104,29,92
104,29,96
104,29,97
104,29,103
104,29,104
104,30,31
104,30,33
104,30,34
104,30,35
104,30,37
104,30,46
104,30,48
104,30,50
104,30,51
104,30,52
104,30,53
104,30,55
104,30,60
104,30,61
104,30,65
104,30,66
104,30,68
104,30,69
104,30,72
104,30,74
104,30,75
104,30,77
104,30,79
104,30,81
104,30,84
104,30,86
104,30,87
104,30,88
104,30,89
104,30,90
104,30,91
104,30,92
104,30,96
104,30,97
104,30,103
104,30,104
104,31,33
104,31,34
104,31,35
104,31,37
104,31,46
104,31,48
104,31,50
104,31,51
104,31,52
104,31,53
104,31,55
104,31,60
104,31,61
104,31,65
104,31,66
104,31,68
104,31,69
104,31,72
104,31,74
104,31,75
104,31,79
104,31,84
104,31,86
104,31,87
104,31,88
104,31,89
104,31,90
104,31,91
104,31,92
104,31,96
104,31,97
104,31,103
104,31,104
104,32,42
104,32,43
104,32,44
104,32,45
104,32,47
104,32,49
104,32,58
104,32,62
104,32,63
104,32,64
104,32,67
104,32,70
104,32,71
104,32,73
104,32,78
104,32,82
104,32,85
104,32,94
104,32,98
104,32,100
104,32,101
104,32,102
104,33,35
104,33,37
104,33,46
104,33,48
104,33,50
104,33,51
104,33,52
104,33,53
104,33,55
104,33,60
104,33,61
104,33,65
104,33,66
104,33,68
104,33,69
104,33,72
104,33,74
104,33,75
104,33,77
104,33,79
104,33,84
104,33,86
104,33,87
104,33,88
104,33,89
104,33,90
104,33,91
104,33,92
104,33,96
104,33,97
104,33,103
104,33,104
104,34,37
104,34,46
104,34,48
104,34,50
104,34,51
104,34,52
104,34,53
104,34,55
104,34,60
104,34,61
104,34,65
104,34,66
104,34,68
104,34,69
104,34,72
104,34,74
104,34,75
104,34,79
104,34,84
104,34,86
104,34,87
104,34,88
104,34,89
104,34,90
104,34,91
104,34,92
104,34,96
104,34,97
104,34,103
104,34,104
104,35,37
104,35,41
104,35,46
104,35,48
104,35,50
104,35,51
104,35,52
104,35,53
104,35,55
104,35,60
104,35,65
104,35,66
104,35,68
104,35,69
104,35,72
104,35,74
104,35,75
104,35,77
104,35,79
104,35,81
104,35,84
104,35,86
104,35,87
104,35,88
104,35,89
104,35,90
104,35,91
104,35,92
104,35,96
104,35,97
104,35,103
104,35,104
104,36,38
104,36,39
104,36,42
104,36,43
104,36,70
104,36,73
104,36,78
104,36,85
104,36,98
104,36,100
104,37,46
104,37,48
104,37,50
104,37,51
104,37,52
104,37,53
104,37,55
104,37,60
104,37,61
104,37,65
104,37,66
104,37,68
104,37,69
104,37,72
104,37,74
104,37,75
104,37,77
104,37,79
104,37,84
104,37,86
104,37,87
104,37,88
104,37,89
104,37,90
104,37,91
104,37,92
104,37,96
104,37,97
104,37,103
104,37,104
104,38,39
104,38,85
104,40,41
104,41,81
104,42,43
104,42,44
104,42,45
104,42,47
104,42,49
104,42,58
104,42,62
104,42,63
104,42,64
104,42,67
104,42,70
104,42,71
104,42,73
104,42,78
104,42,82
104,42,85
104,42,94
104,42,95
104,42,98
104,42,100
104,42,102
104,43,44
104,43,45
104,43,47
104,43,49
104,43,57
104,43,58
104,43,62
104,43,63
104,43,64
104,43,67
104,43,70
104,43,71
104,43,73
104,43,78
104,43,82
104,43,85
104,43,94
104,43,98
104,43,99
104,43,100
104,43,101
104,43,102
104,44,45
104,44,47
104,44,49
104,44,58
104,44,62
104,44,63
104,44,64
104,44,67
104,44,70
104,44,71
104,44,73
104,44,78
104,44,82
104,44,85
104,44,94
104,44,98
104,44,100
104,44,101
104,44,102
104,45,47
104,45,49
104,45,57
104,45,58
104,45,62
104,45,63
104,45,64
104,45,67
104,45,70
104,45,71
104,45,73
104,45,78
104,45,82
104,45,85
104,45,94
104,45,95
104,45,98
104,45,100
104,45,101
104,45,102
104,46,48
104,46,50
104,46,51
104,46,52
104,46,53
104,46,55
104,46,60
104,46,61
104,46,65
104,46,66
104,46,68
104,46,69
104,46,72
104,46,74
104,46,75
104,46,79
104,46,84
104,46,86
104,46,87
104,46,88
104,46,89
104,46,90
104,46,91
104,46,92
104,46,96
104,46,97
104,46,103
104,46,104
104,47,49
104,47,57
104,47,58
104,47,62
104,47,63
104,47,64
104,47,67
104,47,70
104,47,71
104,47,73
104,47,78
104,47,82
104,47,85
104,47,94
104,47,98
104,47,100
104,47,101
104,47,102
104,48,50
104,48,51
104,48,52
104,48,53
104,48,55
104,48,60
104,48,61
104,48,65
104,48,66
104,48,68
104,48,69
104,48,72
104,48,74
104,48,75
104,48,77
104,48,79
104,48,84
104,48,86
104,48,87
104,48,88
104,48,89
104,48,90
104,48,91
104,48,92
104,48,96
104,48,97
104,48,103
104,48,104
104,49,62
104,49,63
104,49,64
104,49,67
104,49,70
104,49,71
104,49,73
104,49,78
104,49,82
104,49,85
104,49,94
104,49,98
104,49,100
104,49,101
104,49,102
104,50,51
104,50,52
104,50,53
104,50,55
104,50,60
104,50,61
104,50,65
104,50,66
104,50,68
104,50,69
104,50,72
104,50,74
104,50,75
104,50,77
104,50,79
104,50,84
104,50,86
104,50,87
104,50,88
104,50,89
104,50,90
104,50,91
104,50,92
104,50,96
104,50,97
104,50,103
104,50,104
104,51,52
104,51,53
104,51,55
104,51,60
104,51,61
104,51,65
104,51,66
104,51,68
104,51,69
104,51,72
104,51,74
104,51,75
104,51,77
104,51,79
104,51,84
104,51,86
104,51,87
104,51,88
104,51,89
104,51,90
104,51,91
104,51,92
104,51,96
104,51,97
104,51,103
104,51,104
104,52,53
104,52,55
104,52,60
104,52,61
104,52,65
104,52,66
104,52,68
104,52,69
104,52,72
104,52,74
104,52,75
104,52,77
104,52,79
104,52,84
104,52,86
104,52,87
104,52,88
104,52,89
104,52,90
104,52,91
104,52,92
104,52,96
104,52,97
104,52,103
104,52,104
104,53,55
104,53,60
104,53,61
104,53,65
104,53,66
104,53,68
104,53,69
104,53,72
104,53,74
104,53,75
104,53,77
104,53,79
104,53,84
104,53,86
104,53,87
104,53,88
104,53,89
104,53,90
104,53,91
104,53,92
104,53,96
104,53,97
104,53,103
104,53,104
104,55,60
104,55,61
104,55,65
104,55,66
104,55,68
104,55,69
104,55,72
104,55,74
104,55,75
104,55,77
104,55,79
104,55,84
104,55,86
104,55,87
104,55,88
104,55,89
104,55,90
104,55,91
104,55,92
104,55,96
104,55,97
104,55,103
104,55,104
104,56,70
104,56,71
104,56,100
104,57,63
104,57,70
104,57,71
104,57,73
104,57,78
104,57,85
104,57,94
104,57,98
104,57,100
104,58,59
104,58,70
104,58,85
104,58,100
104,59,85
104,60,61
104,60,65
104,60,66
104,60,68
104,60,69
104,60,72
104,60,74
104,60,75
104,60,77
104,60,79
104,60,84
104,60,86
104,60,87
104,60,88
104,60,89
104,60,90
104,60,91
104,60,92
104,60,96
104,60,97
104,60,103
104,60,104
104,61,65
104,61,66
104,61,68
104,61,69
104,61,72
104,61,74
104,61,75
104,61,77
104,61,79
104,61,84
104,61,86
104,61,87
104,61,88
104,61,89
104,61,90
104,61,91
104,61,92
104,61,96
104,61,97
104,61,103
104,61,104
104,62,63
104,62,64
104,62,67
104,62,71
104,62,73
104,62,78
104,62,82
104,62,85
104,62,94
104,62,98
104,62,100
104,62,101
104,62,102
104,63,64
104,63,67
104,63,70
104,63,71
104,63,73
104,63,78
104,63,82
104,63,85
104,63,94
104,63,98
104,63,100
104,63,101
104,63,102
104,64,70
104,64,71
104,64,73
104,64,78
104,64,82
104,64,85
104,64,94
104,64,98
104,65,66
104,65,68
104,65,69
104,65,72
104,65,74
104,65,75
104,65,77
104,65,79
104,65,84
104,65,86
104,65,87
104,65,88
104,65,89
104,65,90
104,65,91
104,65,92
104,65,96
104,65,97
104,65,103
104,65,104
104,66,68
104,66,69
104,66,72
104,66,74
104,66,75
104,66,77
104,66,79
104,66,84
104,66,86
104,66,87
104,66,88
104,66,89
104,66,90
104,66,91
104,66,92
104,66,96
104,66,97
104,66,103
104,66,104
104,67,73
104,67,78
104,67,82
104,67,85
104,67,94
104,67,98
104,67,100
104,67,101
104,68,69
104,68,72
104,68,74
104,68,75
104,68,79
104,68,84
104,68,86
104,68,87
104,68,88
104,68,89
104,68,90
104,68,91
104,68,92
104,68,96
104,68,97
104,68,103
104,68,104
104,69,72
104,69,74
104,69,75
104,69,79
104,69,84
104,69,86
104,69,87
104,69,88
104,69,89
104,69,90
104,69,91
104,69,92
104,69,96
104,69,97
104,69,103
104,69,104
104,70,71
104,70,73
104,70,78
104,70,82
104,70,85
104,70,94
104,70,98
104,70,100
104,71,73
104,71,78
104,71,82
104,71,85
104,71,94
104,71,98
104,71,100
104,71,101
104,72,74
104,72,75
104,72,77
104,72,79
104,72,84
104,72,86
104,72,87
104,72,88
104,72,89
104,72,90
104,72,91
104,72,92
104,72,96
104,72,97
104,72,103
104,72,104
104,73,78
104,73,82
104,73,85
104,73,94
104,73,98
104,73,100
104,73,102
104,74,75
104,74,77
104,74,79
104,74,84
104,74,86
104,74,87
104,74,88
104,74,89
104,74,90
104,74,91
104,74,92
104,74,96
104,74,97
104,74,103
104,74,104
104,75,77
104,75,79
104,75,84
104,75,86
104,75,87
104,75,88
104,75,89
104,75,90
104,75,91
104,75,92
104,75,96
104,75,97
104,75,103
104,75,104
104,76,91
104,77,79
104,77,84
104,77,86
104,77,87
104,77,88
104,77,90
104,77,91
104,77,92
104,77,96
104,77,97
104,77,103
104,77,104
104,78,82
104,78,85
104,78,94
104,78,98
104,78,100
104,78,101
104,78,102
104,79,84
104,79,86
104,79,87
104,79,88
104,79,89
104,79,90
104,79,91
104,79,92
104,79,96
104,79,97
104,79,103
104,79,104
104,82,85
104,82,94
104,82,98
104,82,100
104,82,101
104,82,102
104,84,86
104,84,87
104,84,88
104,84,89
104,84,90
104,84,91
104,84,92
104,84,96
104,84,97
104,84,103
104,84,104
104,85,94
104,85,98
104,85,100
104,85,101
104,85,102
104,86,87
104,86,88
104,86,89
104,86,90
104,86,91
104,86,92
104,86,96
104,86,97
104,86,103
104,86,104
104,87,88
104,87,89
104,87,90
104,87,91
104,87,92
104,87,96
104,87,97
104,87,103
104,87,104
104,88,89
104,88,90
104,88,91
104,88,92
104,88,96
104,88,97
104,88,103
104,88,104
104,89,90
104,89,91
104,89,92
104,89,96
104,89,97
104,89,103
104,89,104
104,90,91
104,90,92
104,90,96
104,90,97
104,90,103
104,90,104
104,91,92
104,91,96
104,91,97
104,91,103
104,91,104
104,92,96
104,92,97
104,92,103
104,92,104
104,94,98
104,94,100
104,94,101
104,94,102
104,95,100
104,96,97
104,96,103
104,96,104
104,97,103
104,97,104
104,98,100
104,98,101
104,98,102
104,99,100
104,100,102
104,101,102
104,103,104
105,1,8
105,1,10
105,1,11
105,1,14
105,1,15
105,1,16
105,1,18
105,1,20
105,1,22
105,1,23
105,1,26
105,1,27
105,1,31
105,1,36
105,1,37
105,1,40
105,1,41
105,1,42
105,1,43
105,1,45
105,1,52
105,1,55
105,1,56
105,1,60
105,1,61
105,1,62
105,1,71
105,1,75
105,1,79
105,1,82
105,1,83
105,1,91
105,1,92
105,1,95
105,1,97
105,1,98
105,1,99
105,2,3
105,2,4
105,2,6
105,2,7
105,2,9
105,2,12
105,2,13
105,2,19
105,2,21
105,2,24
105,2,25
105,2,28
105,2,29
105,2,30
105,2,32
105,2,33
105,2,35
105,2,44
105,2,46
105,2,48
105,2,49
105,2,50
105,2,51
105,2,53
105,2,54
105,2,58
105,2,59
105,2,63
105,2,66
105,2,67
105,2,70
105,2,72
105,2,73
105,2,74
105,2,76
105,2,81
105,2,84
105,2,85
105,2,86
105,2,87
105,2,88
105,2,89
105,2,93
105,2,94
105,2,100
105,2,101
105,3,4
105,3,5
105,3,6
105,3,7
105,3,9
105,3,12
105,3,13
105,3,17
105,3,19
105,3,21
105,3,24
105,3,25
105,3,28
105,3,29
105,3,30
105,3,32
105,3,33
105,3,35
105,3,44
105,3,46
105,3,48
105,3,49
105,3,50
105,3,51
105,3,53
105,3,54
105,3,58
105,3,59
105,3,63
105,3,66
105,3,67
105,3,70
105,3,72
105,3,73
105,3,74
105,3,76
105,3,81
105,3,84
105,3,85
105,3,86
105,3,87
105,3,88
105,3,89
105,3,93
105,3,94
105,3,100
105,3,101
105,4,5
105,4,6
105,4,7
105,4,9
105,4,12
105,4,13
105,4,17
105,4,19
105,4,21
105,4,24
105,4,25
105,4,28
105,4,29
105,4,30
105,4,32
105,4,33
105,4,35
105,4,44
105,4,46
105,4,48
105,4,49
105,4,50
105,4,51
105,4,53
105,4,54
105,4,58
105,4,59
105,4,63
105,4,66
105,4,67
105,4,70
105,4,72
105,4,73
105,4,74
105,4,76
105,4,81
105,4,84
105,4,85
105,4,86
105,4,87
105,4,88
105,4,89
105,4,93
105,4,94
105,4,100
105,4,101
105,5,13
105,5,17
105,5,19
105,5,21
105,5,24
105,5,25
105,5,28
105,5,29
105,5,30
105,5,33
105,5,35
105,5,38
105,5,39
105,5,44
105,5,46
105,5,48
105,5,49
105,5,51
105,5,53
105,5,54
105,5,58
105,5,63
105,5,64
105,5,70
105,5,73
105,5,74
105,5,76
105,5,78
105,5,81
105,5,84
105,5,85
105,5,87
105,5,88
105,5,89
105,5,93
105,5,94
105,5,100
105,5,101
105,6,7
105,6,9
105,6,12
105,6,13
105,6,19
105,6,21
105,6,24
105,6,25
105,6,28
105,6,29
105,6,30
105,6,32
105,6,33
105,6,35
105,6,44
105,6,46
105,6,48
105,6,49
105,6,50
105,6,51
105,6,53
105,6,54
105,6,58
105,6,59
105,6,63
105,6,66
105,6,67
105,6,70
105,6,72
105,6,73
105,6,74
105,6,76
105,6,81
105,6,84
105,6,85
105,6,86
105,6,87
105,6,88
105,6,89
105,6,93
105,6,100
105,6,101
105,7,9
105,7,12
105,7,17
105,7,19
105,7,21
105,7,24
105,7,25
105,7,28
105,7,29
105,7,30
105,7,32
105,7,33
105,7,35
105,7,44
105,7,46
105,7,48
105,7,49
105,7,50
105,7,51
105,7,53
105,7,54
105,7,58
105,7,59
105,7,63
105,7,70
105,7,73
105,7,74
105,7,76
105,7,81
105,7,84
105,7,85
105,7,86
105,7,87
105,7,88
105,7,89
105,7,93
105,7,94
105,7,100
105,7,101
105,8,10
105,8,11
105,8,14
105,8,16
105,8,20
105,8,22
105,8,23
105,8,26
105,8,27
105,8,31
105,8,37
105,8,40
105,8,41
105,8,42
105,8,43
105,8,45
105,8,47
105,8,55
105,8,56
105,8,57
105,8,60
105,8,61
105,8,62
105,8,65
105,8,68
105,8,69
105,8,71
105,8,75
105,8,79
105,8,82
105,8,83
105,8,91
105,8,95
105,8,97
105,8,98
105,9,12
105,9,13
105,9,19
105,9,21
105,9,24
105,9,25
105,9,28
105,9,29
105,9,30
105,9,32
105,9,33
105,9,35
105,9,44
105,9,46
105,9,48
105,9,49
105,9,50
105,9,51
105,9,53
105,9,54
105,9,58
105,9,59
105,9,63
105,9,66
105,9,67
105,9,70
105,9,72
105,9,73
105,9,74
105,9,76
105,9,81
105,9,84
105,9,85
105,9,86
105,9,87
105,9,88
105,9,89
105,9,93
105,9,100
105,9,101
105,10,11
105,10,14
105,10,15
105,10,16
105,10,20
105,10,22
105,10,23
105,10,26
105,10,27
105,10,31
105,10,34
105,10,37
105,10,40
105,10,41
105,10,42
105,10,43
105,10,45
105,10,47
105,10,52
105,10,55
105,10,56
105,10,57
105,10,60
105,10,61
105,10,62
105,10,65
105,10,68
105,10,69
105,10,71
105,10,75
105,10,79
105,10,82
105,10,83
105,10,91
105,10,95
105,10,97
105,10,98
105,10,99
105,11,14
105,11,15
105,11,16
105,11,18
105,11,20
105,11,22
105,11,23
105,11,26
105,11,27
105,11,31
105,11,34
105,11,36
105,11,37
105,11,40
105,11,41
105,11,42
105,11,43
105,11,45
105,11,52
105,11,55
105,11,56
105,11,57
105,11,60
105,11,61
105,11,62
105,11,65
105,11,68
105,11,69
105,11,71
105,11,75
105,11,79
105,11,82
105,11,83
105,11,91
105,11,92
105,11,95
105,11,97
105,11,99
105,12,13
105,12,19
105,12,21
105,12,24
105,12,25
105,12,28
105,12,29
105,12,30
105,12,32
105,12,33
105,12,35
105,12,44
105,12,46
105,12,48
105,12,49
105,12,50
105,12,51
105,12,53
105,12,54
105,12,58
105,12,59
105,12,63
105,12,66
105,12,67
105,12,70
105,12,72
105,12,73
105,12,74
105,12,76
105,12,81
105,12,84
105,12,85
105,12,86
105,12,87
105,12,88
105,12,89
105,12,93
105,12,94
105,12,100
105,12,101
105,13,17
105,13,19
105,13,21
105,13,24
105,13,25
105,13,28
105,13,29
105,13,30
105,13,32
105,13,33
105,13,35
105,13,44
105,13,46
105,13,48
105,13,49
105,13,51
105,13,53
105,13,54
105,13,58
105,13,59
105,13,63
105,13,64
105,13,66
105,13,67
105,13,70
105,13,72
105,13,73
105,13,74
105,13,76
105,13,81
105,13,84
105,13,85
105,13,87
105,13,88
105,13,89
105,13,93
105,13,94
105,13,100
105,13,101
105,14,15
105,14,16
105,14,18
105,14,20
105,14,22
105,14,23
105,14,26
105,14,27
105,14,31
105,14,34
105,14,37
105,14,40
105,14,41
105,14,42
105,14,43
105,14,45
105,14,47
105,14,52
105,14,55
105,14,56
105,14,57
105,14,60
105,14,61
105,14,62
105,14,65
105,14,68
105,14,69
105,14,71
105,14,75
105,14,79
105,14,82
105,14,83
105,14,91
105,14,92
105,14,95
105,14,97
105,14,99
105,15,16
105,15,18
105,15,20
105,15,22
105,15,23
105,15,26
105,15,36
105,15,37
105,15,40
105,15,41
105,15,42
105,15,43
105,15,45
105,15,52
105,15,55
105,15,56
105,15,60
105,15,61
105,15,62
105,15,71
105,15,75
105,15,79
105,15,82
105,15,83
105,15,91
105,15,92
105,15,95
105,15,97
105,15,99
105,16,18
105,16,20
105,16,22
105,16,23
105,16,26
105,16,27
105,16,31
105,16,34
105,16,36
105,16,37
105,16,40
105,16,41
105,16,42
105,16,43
105,16,45
105,16,52
105,16,55
105,16,56
105,16,57
105,16,60
105,16,61
105,16,62
105,16,65
105,16,68
105,16,69
105,16,71
105,16,75
105,16,79
105,16,82
105,16,83
105,16,91
105,16,92
105,16,95
105,16,97
105,16,99
105,17,19
105,17,21
105,17,24
105,17,25
105,17,28
105,17,29
105,17,30
105,17,32
105,17,33
105,17,35
105,17,38
105,17,44
105,17,46
105,17,48
105,17,49
105,17,51
105,17,53
105,17,54
105,17,58
105,17,63
105,17,64
105,17,70
105,17,73
105,17,74
105,17,76
105,17,78
105,17,81
105,17,84
105,17,85
105,17,87
105,17,88
105,17,89
105,17,93
105,17,94
105,17,100
105,17,101
105,18,20
105,18,22
105,18,23
105,18,26
105,18,27
105,18,36
105,18,37
105,18,40
105,18,41
105,18,42
105,18,43
105,18,45
105,18,52
105,18,55
105,18,56
105,18,57
105,18,60
105,18,61
105,18,62
105,18,65
105,18,68
105,18,69
105,18,71
105,18,75
105,18,79
105,18,82
105,18,83
105,18,91
105,18,92
105,18,95
105,18,97
105,18,99
105,19,21
105,19,24
105,19,25
105,19,28
105,19,29
105,19,30
105,19,32
105,19,33
105,19,35
105,19,38
105,19,44
105,19,46
105,19,48
105,19,49
105,19,50
105,19,51
105,19,53
105,19,54
105,19,58
105,19,59
105,19,63
105,19,66
105,19,67
105,19,70
105,19,72
105,19,73
105,19,74
105,19,76
105,19,81
105,19,84
105,19,85
105,19,86
105,19,87
105,19,88
105,19,89
105,19,93
105,19,94
105,19,100
105,19,101
105,20,22
105,20,23
105,20,26
105,20,27
105,20,31
105,20,34
105,20,36
105,20,37
105,20,40
105,20,41
105,20,42
105,20,43
105,20,45
105,20,52
105,20,55
105,20,56
105,20,57
105,20,60
105,20,61
105,20,62
105,20,65
105,20,68
105,20,69
105,20,71
105,20,75
105,20,79
105,20,82
105,20,83
105,20,91
105,20,95
105,20,97
105,21,24
105,21,25
105,21,28
105,21,29
105,21,30
105,21,32
105,21,33
105,21,35
105,21,44
105,21,46
105,21,48
105,21,49
105,21,50
105,21,51
105,21,53
105,21,54
105,21,58
105,21,59
105,21,63
105,21,66
105,21,67
105,21,70
105,21,72
105,21,73
105,21,74
105,21,76
105,21,81
105,21,84
105,21,85
105,21,86
105,21,87
105,21,88
105,21,89
105,21,93
105,21,94
105,21,100
105,21,101
105,22,23
105,22,26
105,22,27
105,22,31
105,22,34
105,22,37
105,22,40
105,22,41
105,22,42
105,22,43
105,22,45
105,22,47
105,22,52
105,22,55
105,22,56
105,22,57
105,22,60
105,22,61
105,22,62
105,22,65
105,22,68
105,22,69
105,22,71
105,22,75
105,22,79
105,22,80
105,22,82
105,22,83
105,22,91
105,22,92
105,22,95
105,22,97
105,23,26
105,23,27
105,23,31
105,23,34
105,23,36
105,23,37
105,23,40
105,23,41
105,23,42
105,23,43
105,23,45
105,23,47
105,23,52
105,23,55
105,23,56
105,23,57
105,23,60
105,23,61
105,23,62
105,23,65
105,23,68
105,23,69
105,23,71
105,23,75
105,23,79
105,23,80
105,23,82
105,23,83
105,23,91
105,23,92
105,23,95
105,23,97
105,24,25
105,24,28
105,24,29
105,24,30
105,24,32
105,24,33
105,24,35
105,24,44
105,24,46
105,24,48
105,24,49
105,24,50
105,24,51
105,24,53
105,24,54
105,24,58
105,24,59
105,24,63
105,24,66
105,24,67
105,24,70
105,24,72
105,24,73
105,24,74
105,24,76
105,24,81
105,24,84
105,24,85
105,24,86
105,24,87
105,24,88
105,24,89
105,24,93
105,24,94
105,24,100
105,24,101
105,25,28
105,25,29
105,25,30
105,25,32
105,25,33
105,25,35
105,25,44
105,25,46
105,25,48
105,25,49
105,25,50
105,25,51
105,25,53
105,25,54
105,25,58
105,25,59
105,25,63
105,25,66
105,25,67
105,25,70
105,25,72
105,25,73
105,25,74
105,25,76
105,25,81
105,25,84
105,25,85
105,25,86
105,25,87
105,25,88
105,25,89
105,25,93
105,25,94
105,25,100
105,25,101
105,26,27
105,26,31
105,26,34
105,26,37
105,26,40
105,26,41
105,26,42
105,26,43
105,26,45
105,26,47
105,26,52
105,26,55
105,26,56
105,26,57
105,26,60
105,26,61
105,26,62
105,26,65
105,26,68
105,26,69
105,26,71
105,26,75
105,26,79
105,26,82
105,26,83
105,26,91
105,26,95
105,26,97
105,26,98
105,26,99
105,27,31
105,27,37
105,27,40
105,27,41
105,27,42
105,27,43
105,27,45
105,27,47
105,27,52
105,27,55
105,27,56
105,27,57
105,27,60
105,27,61
105,27,62
105,27,65
105,27,68
105,27,69
105,27,71
105,27,75
105,27,79
105,27,82
105,27,83
105,27,91
105,27,92
105,27,95
105,27,97
105,27,99
105,28,29
105,28,30
105,28,32
105,28,33
105,28,35
105,28,44
105,28,46
105,28,48
105,28,49
105,28,50
105,28,51
105,28,53
105,28,54
105,28,58
105,28,59
105,28,63
105,28,66
105,28,67
105,28,70
105,28,72
105,28,73
105,28,74
105,28,76
105,28,81
105,28,84
105,28,85
105,28,86
105,28,87
105,28,88
105,28,89
105,28,93
105,28,94
105,28,100
105,28,101
105,29,30
105,29,32
105,29,33
105,29,35
105,29,38
105,29,44
105,29,46
105,29,48
105,29,49
105,29,51
105,29,53
105,29,54
105,29,58
105,29,63
105,29,70
105,29,73
105,29,74
105,29,76
105,29,78
105,29,81
105,29,84
105,29,85
105,29,86
105,29,87
105,29,88
105,29,89
105,29,93
105,29,94
105,29,100
105,29,101
105,30,32
105,30,33
105,30,35
105,30,44
105,30,46
105,30,48
105,30,49
105,30,50
105,30,51
105,30,53
105,30,54
105,30,58
105,30,59
105,30,63
105,30,66
105,30,67
105,30,70
105,30,72
105,30,73
105,30,74
105,30,76
105,30,81
105,30,84
105,30,85
105,30,86
105,30,87
105,30,88
105,30,89
105,30,93
105,30,94
105,30,100
105,30,101
105,31,37
105,31,40
105,31,41
105,31,42
105,31,43
105,31,45
105,31,47
105,31,52
105,31,55
105,31,56
105,31,57
105,31,60
105,31,61
105,31,62
105,31,65
105,31,68
105,31,69
105,31,71
105,31,75
105,31,79
105,31,82
105,31,83
105,31,91
105,31,95
105,31,97
105,31,98
105,31,99
105,32,33
105,32,35
105,32,44
105,32,46
105,32,48
105,32,49
105,32,50
105,32,51
105,32,53
105,32,54
105,32,58
105,32,59
105,32,63
105,32,66
105,32,67
105,32,70
105,32,72
105,32,73
105,32,74
105,32,76
105,32,81
105,32,84
105,32,85
105,32,86
105,32,87
105,32,88
105,32,89
105,32,93
105,32,94
105,32,100
105,32,101
105,33,35
105,33,44
105,33,46
105,33,48
105,33,49
105,33,50
105,33,51
105,33,53
105,33,54
105,33,58
105,33,59
105,33,63
105,33,66
105,33,67
105,33,70
105,33,72
105,33,73
105,33,74
105,33,76
105,33,81
105,33,84
105,33,85
105,33,86
105,33,87
105,33,88
105,33,89
105,33,93
105,33,94
105,33,100
105,33,101
105,34,36
105,34,37
105,34,40
105,34,41
105,34,42
105,34,43
105,34,45
105,34,52
105,34,57
105,34,60
105,34,62
105,34,68
105,34,69
105,34,71
105,34,79
105,34,80
105,34,82
105,34,83
105,34,95
105,34,97
105,35,44
105,35,46
105,35,48
105,35,49
105,35,50
105,35,51
105,35,53
105,35,54
105,35,58
105,35,59
105,35,63
105,35,66
105,35,67
105,35,70
105,35,72
105,35,73
105,35,74
105,35,76
105,35,81
105,35,84
105,35,85
105,35,86
105,35,87
105,35,88
105,35,89
105,35,93
105,35,94
105,35,100
105,35,101
105,36,37
105,36,52
105,36,55
105,36,56
105,36,65
105,36,68
105,36,82
105,36,97
105,37,40
105,37,41
105,37,42
105,37,43
105,37,45
105,37,52
105,37,55
105,37,56
105,37,57
105,37,60
105,37,61
105,37,62
105,37,65
105,37,68
105,37,69
105,37,71
105,37,75
105,37,79
105,37,82
105,37,83
105,37,91
105,37,92
105,37,95
105,37,97
105,37,99
105,38,39
105,38,63
105,38,64
105,38,70
105,38,74
105,38,77
105,38,78
105,38,84
105,38,88
105,38,89
105,39,77
105,39,78
105,40,41
105,40,42
105,40,43
105,40,45
105,40,47
105,40,52
105,40,55
105,40,56
105,40,57
105,40,60
105,40,61
105,40,62
105,40,65
105,40,68
105,40,69
105,40,71
105,40,75
105,40,79
105,40,80
105,40,82
105,40,83
105,40,91
105,40,92
105,40,95
105,40,97
105,40,98
105,40,99
105,41,42
105,41,43
105,41,45
105,41,47
105,41,52
105,41,55
105,41,56
105,41,57
105,41,60
105,41,61
105,41,62
105,41,65
105,41,68
105,41,69
105,41,71
105,41,75
105,41,79
105,41,80
105,41,82
105,41,83
105,41,91
105,41,92
105,41,95
105,41,96
105,41,97
105,41,98
105,42,43
105,42,45
105,42,47
105,42,52
105,42,55
105,42,56
105,42,57
105,42,60
105,42,61
105,42,62
105,42,65
105,42,68
105,42,69
105,42,71
105,42,75
105,42,79
105,42,82
105,42,83
105,42,91
105,42,95
105,42,97
105,42,98
105,43,45
105,43,47
105,43,52
105,43,55
105,43,56
105,43,57
105,43,60
105,43,61
105,43,62
105,43,65
105,43,68
105,43,69
105,43,71
105,43,75
105,43,79
105,43,82
105,43,83
105,43,91
105,43,92
105,43,95
105,43,97
105,43,99
105,44,46
105,44,48
105,44,49
105,44,50
105,44,51
105,44,53
105,44,54
105,44,58
105,44,59
105,44,63
105,44,66
105,44,67
105,44,70
105,44,72
105,44,73
105,44,74
105,44,76
105,44,81
105,44,84
105,44,85
105,44,86
105,44,87
105,44,88
105,44,89
105,44,93
105,44,94
105,44,100
105,44,101
105,45,47
105,45,52
105,45,55
105,45,56
105,45,57
105,45,60
105,45,61
105,45,62
105,45,65
105,45,68
105,45,69
105,45,71
105,45,75
105,45,79
105,45,80
105,45,82
105,45,83
105,45,91
105,45,92
105,45,95
105,45,97
105,45,98
105,45,99
105,46,48
105,46,49
105,46,50
105,46,51
105,46,53
105,46,54
105,46,58
105,46,59
105,46,63
105,46,66
105,46,67
105,46,70
105,46,72
105,46,73
105,46,74
105,46,76
105,46,81
105,46,84
105,46,85
105,46,86
105,46,87
105,46,88
105,46,89
105,46,93
105,46,94
105,46,100
105,46,101
105,47,60
105,47,61
105,47,62
105,47,68
105,47,69
105,47,71
105,47,75
105,47,79
105,47,82
105,47,83
105,47,91
105,47,95
105,47,97
105,47,98
105,48,49
105,48,51
105,48,53
105,48,54
105,48,58
105,48,63
105,48,67
105,48,70
105,48,72
105,48,73
105,48,74
105,48,76
105,48,81
105,48,84
105,48,85
105,48,86
105,48,87
105,48,88
105,48,89
105,48,93
105,48,94
105,48,100
105,48,101
105,49,50
105,49,51
105,49,53
105,49,54
105,49,58
105,49,59
105,49,63
105,49,66
105,49,67
105,49,70
105,49,72
105,49,73
105,49,74
105,49,76
105,49,81
105,49,84
105,49,85
105,49,86
105,49,87
105,49,88
105,49,89
105,49,93
105,49,94
105,49,100
105,49,101
105,50,51
105,50,53
105,50,54
105,50,58
105,50,59
105,50,66
105,50,67
105,50,72
105,50,73
105,50,76
105,50,81
105,50,84
105,50,85
105,50,86
105,50,87
105,50,89
105,50,93
105,50,100
105,50,101
105,51,53
105,51,54
105,51,58
105,51,59
105,51,63
105,51,66
105,51,67
105,51,70
105,51,72
105,51,73
105,51,74
105,51,76
105,51,81
105,51,84
105,51,85
105,51,86
105,51,87
105,51,88
105,51,89
105,51,93
105,51,94
105,51,100
105,51,101
105,52,55
105,52,56
105,52,57
105,52,60
105,52,62
105,52,65
105,52,68
105,52,69
105,52,71
105,52,75
105,52,79
105,52,82
105,52,83
105,52,91
105,52,92
105,52,95
105,52,97
105,53,54
105,53,58
105,53,59
105,53,63
105,53,66
105,53,67
105,53,70
105,53,72
105,53,73
105,53,74
105,53,76
105,53,81
105,53,84
105,53,85
105,53,86
105,53,87
105,53,88
105,53,89
105,53,93
105,53,94
105,53,100
105,53,101
105,54,58
105,54,59
105,54,63
105,54,66
105,54,67
105,54,70
105,54,72
105,54,73
105,54,74
105,54,76
105,54,81
105,54,84
105,54,85
105,54,86
105,54,87
105,54,88
105,54,89
105,54,93
105,54,94
105,54,100
105,54,101
105,55,56
105,55,57
105,55,60
105,55,61
105,55,62
105,55,65
105,55,68
105,55,69
105,55,71
105,55,75
105,55,79
105,55,82
105,55,83
105,55,91
105,55,92
105,55,95
105,55,97
105,56,57
105,56,60
105,56,61
105,56,62
105,56,65
105,56,68
105,56,69
105,56,71
105,56,75
105,56,79
105,56,82
105,56,83
105,56,91
105,56,92
105,56,95
105,56,97
105,56,99
105,57,60
105,57,61
105,57,62
105,57,68
105,57,69
105,57,71
105,57,75
105,57,79
105,57,82
105,57,83
105,57,91
105,57,95
105,57,97
105,58,59
105,58,63
105,58,66
105,58,67
105,58,70
105,58,72
105,58,73
105,58,74
105,58,76
105,58,81
105,58,84
105,58,85
105,58,86
105,58,87
105,58,88
105,58,89
105,58,93
105,58,94
105,58,100
105,58,101
105,59,66
105,59,67
105,59,72
105,59,73
105,59,76
105,59,81
105,59,84
105,59,85
105,59,86
105,59,87
105,59,89
105,59,93
105,59,100
105,59,101
105,60,61
105,60,62
105,60,65
105,60,68
105,60,69
105,60,71
105,60,75
105,60,79
105,60,82
105,60,83
105,60,91
105,60,92
105,60,95
105,60,97
105,60,98
105,60,99
105,61,62
105,61,65
105,61,68
105,61,69
105,61,71
105,61,75
105,61,79
105,61,82
105,61,83
105,61,91
105,61,95
105,61,97
105,62,65
105,62,68
105,62,69
105,62,71
105,62,75
105,62,79
105,62,82
105,62,83
105,62,91
105,62,95
105,62,97
105,63,64
105,63,67
105,63,70
105,63,72
105,63,73
105,63,74
105,63,76
105,63,78
105,63,81
105,63,84
105,63,85
105,63,86
105,63,87
105,63,88
105,63,89
105,63,93
105,63,94
105,63,100
105,63,101
105,64,70
105,64,74
105,64,84
105,64,88
105,64,89
105,65,68
105,65,69
105,65,71
105,65,79
105,65,82
105,65,83
105,65,91
105,65,95
105,65,97
105,66,67
105,66,72
105,66,73
105,66,76
105,66,81
105,66,84
105,66,85
105,66,86
105,66,87
105,66,89
105,66,93
105,66,100
105,66,101
105,67,72
105,67,73
105,67,76
105,67,81
105,67,84
105,67,85
105,67,86
105,67,87
105,67,88
105,67,89
105,67,93
105,67,100
105,67,101
105,68,69
105,68,71
105,68,75
105,68,79
105,68,80
105,68,82
105,68,83
105,68,91
105,68,95
105,68,97
105,69,71
105,69,75
105,69,79
105,69,80
105,69,82
105,69,83
105,69,91
105,69,95
105,69,96
105,69,97
105,70,72
105,70,73
105,70,74
105,70,76
105,70,81
105,70,84
105,70,85
105,70,86
105,70,87
105,70,88
105,70,89
105,70,93
105,70,94
105,70,100
105,70,101
105,71,75
105,71,79
105,71,82
105,71,83
105,71,91
105,71,92
105,71,95
105,71,97
105,71,98
105,71,99
105,72,73
105,72,76
105,72,81
105,72,84
105,72,85
105,72,86
105,72,87
105,72,88
105,72,89
105,72,93
105,72,94
105,72,100
105,72,101
105,73,74
105,73,76
105,73,81
105,73,84
105,73,85
105,73,86
105,73,87
105,73,88
105,73,89
105,73,93
105,73,94
105,73,100
105,73,101
105,74,76
105,74,78
105,74,81
105,74,84
105,74,85
105,74,86
105,74,87
105,74,88
105,74,89
105,74,93
105,74,94
105,74,100
105,74,101
105,75,79
105,75,82
105,75,83
105,75,91
105,75,95
105,75,97
105,75,99
105,76,81
105,76,84
105,76,85
105,76,86
105,76,87
105,76,88
105,76,89
105,76,93
105,76,94
105,76,100
105,76,101
105,77,90
105,78,90
105,79,80
105,79,82
105,79,83
105,79,91
105,79,92
105,79,95
105,79,97
105,79,98
105,81,84
105,81,85
105,81,86
105,81,87
105,81,88
105,81,89
105,81,93
105,81,94
105,81,100
105,81,101
105,82,83
105,82,91
105,82,92
105,82,95
105,82,97
105,83,91
105,83,95
105,83,97
105,83,99
105,84,85
105,84,86
105,84,87
105,84,88
105,84,89
105,84,93
105,84,94
105,84,100
105,84,101
105,85,86
105,85,87
105,85,88
105,85,89
105,85,93
105,85,94
105,85,100
105,85,101
105,86,87
105,86,88
105,86,89
105,86,93
105,86,94
105,86,100
105,86,101
105,87,88
105,87,89
105,87,93
105,87,94
105,87,100
105,87,101
105,88,89
105,88,93
105,88,94
105,88,100
105,88,101
105,89,93
105,89,94
105,89,100
105,89,101
105,91,95
105,91,97
105,91,99
105,92,95
105,92,97
105,93,94
105,93,100
105,93,101
105,94,100
105,94,101
105,95,97
105,95,99
105,96,97
105,98,99
105,100,101
106,1,9
106,1,10
106,1,11
106,1,14
106,1,15
106,1,16
106,1,18
106,1,23
106,1,24
106,1,27
106,1,29
106,1,32
106,1,37
106,1,38
106,1,41
106,1,42
106,1,43
106,1,44
106,1,46
106,1,48
106,1,53
106,1,56
106,1,57
106,1,58
106,1,61
106,1,62
106,1,63
106,1,65
106,1,66
106,1,67
106,1,69
106,1,70
106,1,76
106,1,80
106,1,81
106,1,82
106,1,84
106,1,85
106,1,93
106,1,94
106,1,97
106,1,99
106,1,100
106,1,101
106,2,3
106,2,4
106,2,5
106,2,6
106,2,7
106,2,8
106,2,12
106,2,13
106,2,17
106,2,19
106,2,21
106,2,25
106,2,26
106,2,28
106,2,30
106,2,31
106,2,33
106,2,34
106,2,35
106,2,36
106,2,45
106,2,47
106,2,49
106,2,50
106,2,51
106,2,52
106,2,54
106,2,55
106,2,59
106,2,60
106,2,64
106,2,68
106,2,71
106,2,72
106,2,73
106,2,74
106,2,75
106,2,77
106,2,83
106,2,86
106,2,87
106,2,88
106,2,89
106,2,90
106,2,91
106,2,95
106,2,96
106,2,102
106,2,103
106,3,4
106,3,5
106,3,6
106,3,8
106,3,12
106,3,13
106,3,17
106,3,19
106,3,21
106,3,25
106,3,26
106,3,28
106,3,30
106,3,31
106,3,33
106,3,34
106,3,35
106,3,36
106,3,45
106,3,47
106,3,49
106,3,50
106,3,51
106,3,52
106,3,54
106,3,55
106,3,59
106,3,60
106,3,64
106,3,68
106,3,71
106,3,73
106,3,74
106,3,75
106,3,77
106,3,83
106,3,86
106,3,87
106,3,88
106,3,89
106,3,90
106,3,91
106,3,95
106,3,96
106,3,102
106,3,103
106,4,5
106,4,6
106,4,7
106,4,8
106,4,12
106,4,13
106,4,17
106,4,19
106,4,21
106,4,22
106,4,25
106,4,26
106,4,28
106,4,30
106,4,31
106,4,33
106,4,34
106,4,35
106,4,36
106,4,45
106,4,47
106,4,49
106,4,50
106,4,51
106,4,52
106,4,54
106,4,55
106,4,59
106,4,60
106,4,64
106,4,68
106,4,71
106,4,72
106,4,73
106,4,74
106,4,75
106,4,77
106,4,83
106,4,86
106,4,87
106,4,88
106,4,89
106,4,90
106,4,91
106,4,95
106,4,96
106,4,102
106,4,103
106,5,6
106,5,7
106,5,8
106,5,12
106,5,13
106,5,17
106,5,19
106,5,21
106,5,22
106,5,25
106,5,26
106,5,28
106,5,30
106,5,31
106,5,33
106,5,34
106,5,35
106,5,36
106,5,45
106,5,47
106,5,49
106,5,50
106,5,51
106,5,52
106,5,54
106,5,55
106,5,59
106,5,64
106,5,68
106,5,71
106,5,73
106,5,74
106,5,75
106,5,77
106,5,83
106,5,86
106,5,87
106,5,88
106,5,89
106,5,90
106,5,91
106,5,95
106,5,96
106,5,102
106,5,103
106,6,7
106,6,8
106,6,12
106,6,13
106,6,17
106,6,19
106,6,21
106,6,25
106,6,26
106,6,28
106,6,30
106,6,31
106,6,33
106,6,34
106,6,35
106,6,36
106,6,45
106,6,47
106,6,49
106,6,50
106,6,51
106,6,52
106,6,54
106,6,55
106,6,59
106,6,60
106,6,64
106,6,68
106,6,71
106,6,72
106,6,73
106,6,74
106,6,75
106,6,77
106,6,83
106,6,86
106,6,87
106,6,88
106,6,89
106,6,90
106,6,91
106,6,95
106,6,96
106,6,102
106,6,103
106,7,12
106,7,17
106,7,19
106,7,21
106,7,25
106,7,26
106,7,30
106,7,31
106,7,33
106,7,34
106,7,36
106,7,45
106,7,47
106,7,49
106,7,50
106,7,51
106,7,54
106,7,55
106,7,59
106,7,64
106,7,71
106,7,74
106,7,75
106,7,77
106,7,83
106,7,86
106,7,88
106,7,89
106,7,90
106,7,91
106,7,96
106,7,102
106,7,103
106,8,12
106,8,13
106,8,17
106,8,19
106,8,21
106,8,25
106,8,26
106,8,28
106,8,30
106,8,31
106,8,33
106,8,34
106,8,35
106,8,36
106,8,39
106,8,45
106,8,47
106,8,49
106,8,50
106,8,51
106,8,52
106,8,54
106,8,55
106,8,59
106,8,60
106,8,64
106,8,68
106,8,71
106,8,72
106,8,73
106,8,74
106,8,75
106,8,77
106,8,83
106,8,86
106,8,87
106,8,88
106,8,89
106,8,90
106,8,91
106,8,95
106,8,96
106,8,102
106,8,103
106,9,10
106,9,11
106,9,14
106,9,15
106,9,16
106,9,18
106,9,20
106,9,22
106,9,23
106,9,24
106,9,27
106,9,29
106,9,32
106,9,37
106,9,38
106,9,41
106,9,42
106,9,43
106,9,44
106,9,46
106,9,53
106,9,56
106,9,57
106,9,58
106,9,61
106,9,62
106,9,63
106,9,65
106,9,66
106,9,67
106,9,69
106,9,70
106,9,76
106,9,81
106,9,82
106,9,84
106,9,85
106,9,93
106,9,94
106,9,97
106,9,99
106,9,101
106,10,11
106,10,14
106,10,15
106,10,16
106,10,18
106,10,20
106,10,23
106,10,24
106,10,27
106,10,29
106,10,32
106,10,38
106,10,41
106,10,42
106,10,43
106,10,44
106,10,46
106,10,48
106,10,53
106,10,56
106,10,57
106,10,58
106,10,61
106,10,62
106,10,63
106,10,65
106,10,66
106,10,67
106,10,69
106,10,70
106,10,76
106,10,81
106,10,82
106,10,84
106,10,85
106,10,93
106,10,94
106,10,97
106,10,99
106,10,100
106,10,101
106,11,14
106,11,15
106,11,16
106,11,18
106,11,20
106,11,22
106,11,23
106,11,24
106,11,27
106,11,29
106,11,32
106,11,37
106,11,38
106,11,41
106,11,42
106,11,43
106,11,44
106,11,46
106,11,48
106,11,53
106,11,56
106,11,57
106,11,58
106,11,61
106,11,62
106,11,63
106,11,65
106,11,66
106,11,67
106,11,69
106,11,70
106,11,76
106,11,81
106,11,82
106,11,84
106,11,85
106,11,93
106,11,94
106,11,97
106,11,99
106,11,101
106,12,13
106,12,17
106,12,19
106,12,21
106,12,22
106,12,25
106,12,26
106,12,28
106,12,30
106,12,31
106,12,33
106,12,34
106,12,35
106,12,36
106,12,45
106,12,47
106,12,49
106,12,50
106,12,51
106,12,52
106,12,54
106,12,55
106,12,59
106,12,60
106,12,64
106,12,68
106,12,71
106,12,72
106,12,73
106,12,74
106,12,75
106,12,77
106,12,83
106,12,86
106,12,87
106,12,88
106,12,89
106,12,90
106,12,91
106,12,95
106,12,96
106,12,102
106,12,103
106,13,17
106,13,19
106,13,21
106,13,25
106,13,26
106,13,28
106,13,30
106,13,31
106,13,33
106,13,34
106,13,35
106,13,36
106,13,39
106,13,45
106,13,47
106,13,49
106,13,50
106,13,51
106,13,52
106,13,54
106,13,55
106,13,59
106,13,60
106,13,64
106,13,68
106,13,71
106,13,73
106,13,74
106,13,75
106,13,77
106,13,83
106,13,86
106,13,87
106,13,88
106,13,89
106,13,90
106,13,91
106,13,95
106,13,96
106,13,102
106,13,103
106,14,15
106,14,16
106,14,18
106,14,20
106,14,23
106,14,24
106,14,27
106,14,29
106,14,32
106,14,37
106,14,38
106,14,41
106,14,42
106,14,43
106,14,44
106,14,46
106,14,48
106,14,53
106,14,56
106,14,57
106,14,58
106,14,61
106,14,62
106,14,63
106,14,65
106,14,66
106,14,67
106,14,69
106,14,70
106,14,76
106,14,81
106,14,82
106,14,84
106,14,85
106,14,93
106,14,94
106,14,97
106,14,99
106,14,101
106,15,16
106,15,18
106,15,20
106,15,23
106,15,24
106,15,27
106,15,29
106,15,32
106,15,37
106,15,38
106,15,41
106,15,42
106,15,43
106,15,44
106,15,46
106,15,48
106,15,53
106,15,56
106,15,57
106,15,58
106,15,61
106,15,62
106,15,63
106,15,65
106,15,66
106,15,67
106,15,69
106,15,70
106,15,76
106,15,81
106,15,82
106,15,84
106,15,85
106,15,93
106,15,94
106,15,97
106,15,98
106,15,99
106,15,101
106,16,18
106,16,20
106,16,22
106,16,23
106,16,24
106,16,27
106,16,29
106,16,32
106,16,37
106,16,38
106,16,41
106,16,42
106,16,43
106,16,44
106,16,46
106,16,48
106,16,53
106,16,56
106,16,57
106,16,58
106,16,61
106,16,62
106,16,63
106,16,65
106,16,66
106,16,67
106,16,69
106,16,70
106,16,76
106,16,80
106,16,81
106,16,82
106,16,84
106,16,85
106,16,93
106,16,94
106,16,97
106,16,99
106,16,101
106,17,19
106,17,21
106,17,22
106,17,25
106,17,26
106,17,28
106,17,30
106,17,31
106,17,33
106,17,34
106,17,35
106,17,36
106,17,39
106,17,45
106,17,47
106,17,49
106,17,50
106,17,51
106,17,52
106,17,54
106,17,55
106,17,59
106,17,64
106,17,71
106,17,74
106,17,75
106,17,77
106,17,83
106,17,86
106,17,87
106,17,88
106,17,89
106,17,90
106,17,91
106,17,95
106,17,96
106,17,102
106,17,103
106,18,20
106,18,22
106,18,23
106,18,24
106,18,27
106,18,29
106,18,32
106,18,37
106,18,38
106,18,41
106,18,42
106,18,43
106,18,44
106,18,46
106,18,53
106,18,56
106,18,57
106,18,58
106,18,61
106,18,62
106,18,63
106,18,65
106,18,66
106,18,67
106,18,69
106,18,70
106,18,76
106,18,81
106,18,84
106,18,85
106,18,93
106,18,94
106,18,97
106,18,99
106,18,101
106,19,21
106,19,22
106,19,25
106,19,26
106,19,28
106,19,30
106,19,31
106,19,33
106,19,34
106,19,35
106,19,36
106,19,45
106,19,47
106,19,49
106,19,50
106,19,51
106,19,52
106,19,54
106,19,55
106,19,59
106,19,60
106,19,64
106,19,68
106,19,71
106,19,73
106,19,74
106,19,75
106,19,77
106,19,83
106,19,86
106,19,87
106,19,88
106,19,89
106,19,90
106,19,91
106,19,95
106,19,96
106,19,102
106,19,103
106,20,22
106,20,23
106,20,24
106,20,27
106,20,29
106,20,32
106,20,37
106,20,38
106,20,41
106,20,42
106,20,43
106,20,44
106,20,46
106,20,48
106,20,53
106,20,56
106,20,57
106,20,58
106,20,61
106,20,62
106,20,63
106,20,65
106,20,66
106,20,67
106,20,69
106,20,70
106,20,76
106,20,81
106,20,82
106,20,84
106,20,85
106,20,93
106,20,94
106,20,97
106,20,98
106,20,99
106,20,101
106,21,25
106,21,26
106,21,28
106,21,30
106,21,31
106,21,33
106,21,34
106,21,35
106,21,36
106,21,45
106,21,47
106,21,49
106,21,50
106,21,51
106,21,52
106,21,54
106,21,55
106,21,59
106,21,60
106,21,64
106,21,68
106,21,71
106,21,72
106,21,73
106,21,74
106,21,75
106,21,77
106,21,83
106,21,86
106,21,87
106,21,88
106,21,89
106,21,90
106,21,91
106,21,95
106,21,96
106,21,102
106,21,103
106,22,24
106,22,25
106,22,26
106,22,27
106,22,28
106,22,29
106,22,30
106,22,31
106,22,33
106,22,34
106,22,36
106,22,37
106,22,38
106,22,44
106,22,45
106,22,46
106,22,47
106,22,49
106,22,50
106,22,52
106,22,53
106,22,54
106,22,55
106,22,56
106,22,57
106,22,63
106,22,64
106,22,65
106,22,66
106,22,69
106,22,71
106,22,72
106,22,74
106,22,75
106,22,76
106,22,77
106,22,80
106,22,83
106,22,84
106,22,85
106,22,86
106,22,88
106,22,89
106,22,90
106,22,91
106,22,94
106,22,95
106,22,96
106,22,97
106,22,99
106,22,102
106,22,103
106,23,24
106,23,27
106,23,29
106,23,32
106,23,37
106,23,38
106,23,41
106,23,42
106,23,43
106,23,44
106,23,46
106,23,48
106,23,53
106,23,56
106,23,57
106,23,58
106,23,61
106,23,62
106,23,63
106,23,65
106,23,66
106,23,67
106,23,69
106,23,70
106,23,76
106,23,81
106,23,82
106,23,84
106,23,85
106,23,93
106,23,94
106,23,97
106,23,98
106,23,99
106,23,100
106,23,101
106,24,27
106,24,29
106,24,32
106,24,37
106,24,38
106,24,41
106,24,42
106,24,43
106,24,44
106,24,46
106,24,48
106,24,53
106,24,56
106,24,57
106,24,58
106,24,61
106,24,62
106,24,63
106,24,65
106,24,66
106,24,67
106,24,69
106,24,70
106,24,76
106,24,81
106,24,82
106,24,84
106,24,85
106,24,93
106,24,94
106,24,97
106,24,99
106,24,101
106,25,26
106,25,28
106,25,30
106,25,31
106,25,33
106,25,34
106,25,35
106,25,36
106,25,45
106,25,47
106,25,49
106,25,50
106,25,51
106,25,52
106,25,54
106,25,55
106,25,59
106,25,60
106,25,64
106,25,68
106,25,71
106,25,72
106,25,73
106,25,74
106,25,75
106,25,77
106,25,83
106,25,86
106,25,87
106,25,88
106,25,89
106,25,90
106,25,91
106,25,95
106,25,96
106,25,102
106,25,103
106,26,28
106,26,30
106,26,31
106,26,33
106,26,34
106,26,35
106,26,36
106,26,45
106,26,47
106,26,49
106,26,50
106,26,51
106,26,52
106,26,54
106,26,55
106,26,59
106,26,60
106,26,64
106,26,68
106,26,71
106,26,72
106,26,73
106,26,74
106,26,75
106,26,77
106,26,83
106,26,86
106,26,87
106,26,88
106,26,89
106,26,90
106,26,91
106,26,95
106,26,96
106,26,102
106,26,103
106,27,29
106,27,32
106,27,37
106,27,38
106,27,41
106,27,42
106,27,43
106,27,44
106,27,46
106,27,48
106,27,53
106,27,56
106,27,57
106,27,58
106,27,61
106,27,62
106,27,63
106,27,65
106,27,66
106,27,67
106,27,69
106,27,70
106,27,76
106,27,81
106,27,82
106,27,84
106,27,85
106,27,93
106,27,94
106,27,97
106,27,99
106,27,100
106,27,101
106,28,30
106,28,31
106,28,33
106,28,34
106,28,35
106,28,36
106,28,45
106,28,47
106,28,49
106,28,50
106,28,51
106,28,52
106,28,54
106,28,55
106,28,59
106,28,64
106,28,71
106,28,73
106,28,74
106,28,75
106,28,77
106,28,83
106,28,86
106,28,87
106,28,88
106,28,89
106,28,90
106,28,91
106,28,95
106,28,96
106,28,102
106,28,103
106,29,32
106,29,37
106,29,38
106,29,41
106,29,42
106,29,43
106,29,44
106,29,46
106,29,48
106,29,53
106,29,56
106,29,57
106,29,58
106,29,61
106,29,62
106,29,63
106,29,65
106,29,66
106,29,67
106,29,69
106,29,70
106,29,76
106,29,81
106,29,82
106,29,84
106,29,85
106,29,93
106,29,94
106,29,97
106,29,99
106,29,101
106,30,31
106,30,33
106,30,34
106,30,35
106,30,36
106,30,45
106,30,47
106,30,49
106,30,50
106,30,51
106,30,52
106,30,54
106,30,55
106,30,59
106,30,64
106,30,68
106,30,71
106,30,72
106,30,73
106,30,74
106,30,75
106,30,77
106,30,79
106,30,83
106,30,86
106,30,87
106,30,88
106,30,89
106,30,90
106,30,91
106,30,95
106,30,96
106,30,102
106,30,103
106,31,33
106,31,34
106,31,35
106,31,36
106,31,45
106,31,47
106,31,49
106,31,50
106,31,51
106,31,52
106,31,54
106,31,55
106,31,59
106,31,60
106,31,64
106,31,68
106,31,71
106,31,72
106,31,73
106,31,74
106,31,75
106,31,77
106,31,83
106,31,86
106,31,87
106,31,88
106,31,89
106,31,90
106,31,91
106,31,95
106,31,96
106,31,102
106,31,103
106,32,38
106,32,41
106,32,42
106,32,43
106,32,44
106,32,46
106,32,48
106,32,53
106,32,56
106,32,57
106,32,58
106,32,61
106,32,62
106,32,63
106,32,65
106,32,66
106,32,67
106,32,69
106,32,70
106,32,76
106,32,81
106,32,82
106,32,84
106,32,85
106,32,93
106,32,94
106,32,97
106,32,98
106,32,99
106,32,100
106,32,101
106,33,34
106,33,35
106,33,36
106,33,45
106,33,47
106,33,49
106,33,50
106,33,51
106,33,52
106,33,54
106,33,55
106,33,59
106,33,60
106,33,64
106,33,68
106,33,71
106,33,72
106,33,73
106,33,74
106,33,75
106,33,77
106,33,83
106,33,86
106,33,87
106,33,88
106,33,89
106,33,90
106,33,91
106,33,95
106,33,96
106,33,102
106,33,103
106,34,35
106,34,36
106,34,45
106,34,47
106,34,49
106,34,50
106,34,51
106,34,52
106,34,54
106,34,55
106,34,59
106,34,60
106,34,64
106,34,68
106,34,71
106,34,72
106,34,73
106,34,74
106,34,75
106,34,77
106,34,83
106,34,86
106,34,87
106,34,88
106,34,89
106,34,90
106,34,91
106,34,95
106,34,96
106,34,102
106,34,103
106,35,36
106,35,45
106,35,47
106,35,49
106,35,50
106,35,51
106,35,52
106,35,54
106,35,55
106,35,59
106,35,60
106,35,64
106,35,68
106,35,71
106,35,73
106,35,74
106,35,75
106,35,77
106,35,83
106,35,86
106,35,87
106,35,88
106,35,89
106,35,90
106,35,91
106,35,95
106,35,96
106,35,102
106,35,103
106,36,45
106,36,47
106,36,49
106,36,50
106,36,51
106,36,52
106,36,54
106,36,55
106,36,59
106,36,60
106,36,64
106,36,68
106,36,71
106,36,72
106,36,73
106,36,74
106,36,75
106,36,77
106,36,83
106,36,86
106,36,87
106,36,88
106,36,89
106,36,90
106,36,91
106,36,95
106,36,96
106,36,102
106,36,103
106,37,38
106,37,43
106,37,44
106,37,46
106,37,53
106,37,56
106,37,57
106,37,58
106,37,63
106,37,65
106,37,66
106,37,67
106,37,69
106,37,70
106,37,76
106,37,84
106,37,85
106,37,94
106,37,97
106,37,99
106,38,41
106,38,42
106,38,43
106,38,44
106,38,46
106,38,53
106,38,56
106,38,57
106,38,58
106,38,61
106,38,62
106,38,63
106,38,65
106,38,66
106,38,67
106,38,69
106,38,70
106,38,76
106,38,81
106,38,82
106,38,84
106,38,85
106,38,93
106,38,94
106,38,97
106,38,99
106,38,101
106,39,40
106,39,45
106,39,59
106,39,64
106,39,71
106,39,75
106,39,77
106,39,83
106,39,86
106,39,90
106,39,91
106,39,92
106,39,96
106,40,71
106,40,77
106,40,83
106,40,92
106,41,42
106,41,43
106,41,44
106,41,46
106,41,48
106,41,53
106,41,56
106,41,57
106,41,58
106,41,61
106,41,62
106,41,63
106,41,65
106,41,66
106,41,67
106,41,69
106,41,70
106,41,76
106,41,81
106,41,82
106,41,84
106,41,85
106,41,93
106,41,94
106,41,97
106,41,98
106,41,99
106,41,100
106,41,101
106,42,43
106,42,44
106,42,46
106,42,48
106,42,53
106,42,56
106,42,57
106,42,58
106,42,61
106,42,62
106,42,63
106,42,65
106,42,66
106,42,67
106,42,69
106,42,70
106,42,76
106,42,81
106,42,82
106,42,84
106,42,85
106,42,93
106,42,94
106,42,97
106,42,98
106,42,99
106,42,100
106,42,101
106,43,44
106,43,46
106,43,48
106,43,53
106,43,56
106,43,57
106,43,58
106,43,61
106,43,62
106,43,63
106,43,65
106,43,66
106,43,67
106,43,69
106,43,70
106,43,76
106,43,81
106,43,82
106,43,84
106,43,85
106,43,93
106,43,94
106,43,97
106,43,98
106,43,99
106,43,100
106,43,101
106,44,46
106,44,48
106,44,53
106,44,56
106,44,57
106,44,58
106,44,61
106,44,62
106,44,63
106,44,65
106,44,66
106,44,67
106,44,69
106,44,70
106,44,76
106,44,80
106,44,81
106,44,82
106,44,84
106,44,85
106,44,93
106,44,94
106,44,97
106,44,99
106,44,100
106,44,101
106,45,47
106,45,49
106,45,50
106,45,51
106,45,52
106,45,54
106,45,55
106,45,59
106,45,64
106,45,68
106,45,71
106,45,73
106,45,74
106,45,75
106,45,77
106,45,83
106,45,86
106,45,87
106,45,88
106,45,89
106,45,90
106,45,91
106,45,95
106,45,96
106,45,102
106,45,103
106,46,48
106,46,53
106,46,56
106,46,57
106,46,58
106,46,61
106,46,62
106,46,63
106,46,65
106,46,66
106,46,67
106,46,69
106,46,70
106,46,76
106,46,81
106,46,82
106,46,84
106,46,85
106,46,93
106,46,94
106,46,97
106,46,98
106,46,99
106,46,100
106,46,101
106,47,49
106,47,50
106,47,51
106,47,52
106,47,54
106,47,55
106,47,59
106,47,60
106,47,64
106,47,68
106,47,71
106,47,72
106,47,73
106,47,74
106,47,75
106,47,77
106,47,83
106,47,86
106,47,87
106,47,88
106,47,89
106,47,90
106,47,91
106,47,95
106,47,96
106,47,102
106,47,103
106,48,53
106,48,57
106,48,58
106,48,61
106,48,62
106,48,63
106,48,65
106,48,66
106,48,67
106,48,69
106,48,70
106,48,76
106,48,81
106,48,82
106,48,84
106,48,85
106,48,93
106,48,94
106,48,97
106,48,99
106,48,100
106,48,101
106,49,50
106,49,51
106,49,52
106,49,54
106,49,55
106,49,59
106,49,60
106,49,64
106,49,68
106,49,71
106,49,72
106,49,73
106,49,74
106,49,75
106,49,77
106,49,83
106,49,86
106,49,87
106,49,88
106,49,89
106,49,90
106,49,91
106,49,95
106,49,96
106,49,102
106,49,103
106,50,51
106,50,52
106,50,54
106,50,55
106,50,59
106,50,60
106,50,64
106,50,68
106,50,71
106,50,72
106,50,73
106,50,74
106,50,75
106,50,77
106,50,83
106,50,86
106,50,87
106,50,88
106,50,89
106,50,90
106,50,91
106,50,95
106,50,96
106,50,102
106,50,103
106,51,52
106,51,54
106,51,55
106,51,59
106,51,60
106,51,64
106,51,68
106,51,71
106,51,72
106,51,73
106,51,74
106,51,75
106,51,77
106,51,83
106,51,86
106,51,87
106,51,88
106,51,89
106,51,90
106,51,91
106,51,95
106,51,96
106,51,102
106,51,103
106,52,54
106,52,55
106,52,59
106,52,60
106,52,64
106,52,68
106,52,71
106,52,72
106,52,73
106,52,74
106,52,75
106,52,77
106,52,83
106,52,86
106,52,87
106,52,88
106,52,89
106,52,90
106,52,91
106,52,95
106,52,96
106,52,102
106,52,103
106,53,56
106,53,57
106,53,58
106,53,61
106,53,62
106,53,63
106,53,65
106,53,66
106,53,67
106,53,69
106,53,70
106,53,76
106,53,81
106,53,82
106,53,84
106,53,85
106,53,93
106,53,94
106,53,97
106,53,99
106,53,101
106,54,55
106,54,59
106,54,60
106,54,64
106,54,68
106,54,71
106,54,72
106,54,73
106,54,74
106,54,75
106,54,77
106,54,83
106,54,86
106,54,87
106,54,88
106,54,89
106,54,90
106,54,91
106,54,95
106,54,96
106,54,102
106,54,103
106,55,59
106,55,60
106,55,64
106,55,68
106,55,71
106,55,72
106,55,73
106,55,74
106,55,75
106,55,77
106,55,83
106,55,86
106,55,87
106,55,88
106,55,89
106,55,90
106,55,91
106,55,95
106,55,96
106,55,102
106,55,103
106,56,57
106,56,58
106,56,61
106,56,62
106,56,63
106,56,65
106,56,66
106,56,67
106,56,69
106,56,70
106,56,76
106,56,81
106,56,82
106,56,84
106,56,85
106,56,93
106,56,94
106,56,97
106,56,99
106,56,101
106,57,58
106,57,61
106,57,62
106,57,63
106,57,65
106,57,66
106,57,67
106,57,69
106,57,70
106,57,76
106,57,81
106,57,82
106,57,84
106,57,85
106,57,93
106,57,94
106,57,97
106,57,98
106,57,99
106,57,101
106,58,61
106,58,62
106,58,63
106,58,65
106,58,66
106,58,67
106,58,69
106,58,70
106,58,76
106,58,81
106,58,82
106,58,84
106,58,85
106,58,93
106,58,94
106,58,97
106,58,99
106,58,101
106,59,60
106,59,64
106,59,68
106,59,71
106,59,72
106,59,73
106,59,74
106,59,75
106,59,77
106,59,83
106,59,86
106,59,87
106,59,88
106,59,89
106,59,90
106,59,91
106,59,95
106,59,96
106,59,102
106,59,103
106,60,64
106,60,68
106,60,73
106,60,74
106,60,77
106,60,83
106,60,86
106,60,87
106,60,88
106,60,89
106,60,90
106,60,91
106,60,96
106,60,102
106,60,103
106,61,62
106,61,63
106,61,65
106,61,66
106,61,67
106,61,69
106,61,70
106,61,76
106,61,81
106,61,82
106,61,84
106,61,85
106,61,93
106,61,94
106,61,97
106,61,99
106,61,100
106,61,101
106,62,63
106,62,65
106,62,66
106,62,67
106,62,69
106,62,70
106,62,76
106,62,81
106,62,82
106,62,84
106,62,85
106,62,93
106,62,94
106,62,97
106,62,99
106,62,101
106,63,65
106,63,66
106,63,67
106,63,69
106,63,70
106,63,76
106,63,81
106,63,82
106,63,84
106,63,85
106,63,93
106,63,94
106,63,97
106,63,99
106,63,101
106,64,68
106,64,71
106,64,72
106,64,73
106,64,74
106,64,75
106,64,77
106,64,83
106,64,86
106,64,87
106,64,88
106,64,89
106,64,90
106,64,91
106,64,95
106,64,96
106,64,102
106,64,103
106,65,66
106,65,67
106,65,69
106,65,70
106,65,76
106,65,81
106,65,82
106,65,84
106,65,85
106,65,93
106,65,94
106,65,97
106,65,99
106,65,101
106,66,67
106,66,69
106,66,70
106,66,76
106,66,81
106,66,82
106,66,84
106,66,85
106,66,93
106,66,94
106,66,97
106,66,99
106,66,100
106,66,101
106,67,69
106,67,70
106,67,76
106,67,81
106,67,82
106,67,84
106,67,85
106,67,93
106,67,94
106,67,97
106,67,98
106,67,99
106,67,100
106,67,101
106,68,71
106,68,73
106,68,74
106,68,77
106,68,83
106,68,86
106,68,87
106,68,88
106,68,89
106,68,90
106,68,91
106,68,95
106,68,96
106,68,102
106,68,103
106,69,70
106,69,76
106,69,81
106,69,82
106,69,84
106,69,85
106,69,93
106,69,94
106,69,97
106,69,98
106,69,99
106,69,101
106,70,76
106,70,81
106,70,82
106,70,84
106,70,85
106,70,93
106,70,94
106,70,97
106,70,98
106,70,99
106,70,100
106,70,101
106,71,73
106,71,74
106,71,75
106,71,77
106,71,83
106,71,86
106,71,87
106,71,88
106,71,89
106,71,90
106,71,91
106,71,95
106,71,96
106,71,102
106,71,103
106,72,74
106,72,75
106,72,77
106,72,86
106,72,87
106,72,88
106,72,89
106,72,90
106,72,91
106,72,95
106,72,102
106,72,103
106,73,74
106,73,75
106,73,77
106,73,83
106,73,86
106,73,87
106,73,88
106,73,89
106,73,90
106,73,91
106,73,95
106,73,96
106,73,102
106,73,103
106,74,75
106,74,77
106,74,83
106,74,86
106,74,87
106,74,88
106,74,89
106,74,90
106,74,91
106,74,95
106,74,96
106,74,102
106,74,103
106,75,77
106,75,83
106,75,86
106,75,87
106,75,88
106,75,89
106,75,90
106,75,91
106,75,95
106,75,96
106,75,102
106,75,103
106,76,81
106,76,82
106,76,84
106,76,85
106,76,93
106,76,94
106,76,97
106,76,99
106,76,101
106,77,83
106,77,86
106,77,87
106,77,88
106,77,89
106,77,90
106,77,91
106,77,95
106,77,96
106,77,102
106,77,103
106,79,92
106,79,95
106,80,92
106,81,82
106,81,84
106,81,85
106,81,93
106,81,94
106,81,97
106,81,99
106,81,100
106,81,101
106,82,84
106,82,85
106,82,93
106,82,94
106,82,97
106,82,98
106,82,99
106,82,100
106,82,101
106,83,86
106,83,87
106,83,88
106,83,89
106,83,90
106,83,91
106,83,95
106,83,96
106,83,102
106,83,103
106,84,85
106,84,93
106,84,94
106,84,97
106,84,98
106,84,99
106,84,101
106,85,93
106,85,94
106,85,97
106,85,99
106,85,101
106,86,87
106,86,88
106,86,89
106,86,90
106,86,91
106,86,95
106,86,96
106,86,102
106,86,103
106,87,88
106,87,89
106,87,90
106,87,91
106,87,95
106,87,96
106,87,102
106,87,103
106,88,89
106,88,90
106,88,91
106,88,95
106,88,96
106,88,102
106,88,103
106,89,90
106,89,91
106,89,95
106,89,96
106,89,102
106,89,103
106,90,91
106,90,95
106,90,96
106,90,102
106,90,103
106,91,95
106,91,96
106,91,102
106,91,103
106,93,94
106,93,97
106,93,99
106,93,100
106,93,101
106,94,97
106,94,99
106,94,101
106,95,96
106,95,102
106,95,103
106,96,102
106,96,103
106,97,99
106,97,101
106,98,99
106,98,101
106,99,101
106,100,101
106,102,103
107,1,2
107,1,3
107,1,4
107,1,5
107,1,6
107,1,7
107,1,8
107,1,12
107,1,13
107,1,21
107,1,24
107,1,25
107,1,27
107,1,29
107,1,30
107,1,32
107,1,33
107,1,34
107,1,35
107,1,36
107,1,38
107,1,39
107,1,49
107,1,50
107,1,52
107,1,54
107,1,55
107,1,56
107,1,57
107,1,59
107,1,60
107,1,64
107,1,68
107,1,71
107,1,72
107,1,73
107,1,74
107,1,75
107,1,77
107,1,78
107,1,79
107,1,82
107,1,85
107,1,86
107,1,87
107,1,88
107,1,89
107,1,90
107,1,94
107,1,95
107,1,102
107,1,103
107,2,3
107,2,4
107,2,5
107,2,6
107,2,8
107,2,12
107,2,13
107,2,24
107,2,25
107,2,27
107,2,29
107,2,30
107,2,32
107,2,33
107,2,34
107,2,35
107,2,49
107,2,50
107,2,52
107,2,54
107,2,55
107,2,57
107,2,59
107,2,60
107,2,64
107,2,68
107,2,71
107,2,72
107,2,73
107,2,74
107,2,75
107,2,77
107,2,82
107,2,85
107,2,86
107,2,87
107,2,88
107,2,89
107,2,90
107,2,94
107,2,95
107,2,102
107,2,103
107,3,4
107,3,5
107,3,6
107,3,8
107,3,12
107,3,13
107,3,24
107,3,25
107,3,29
107,3,30
107,3,32
107,3,33
107,3,34
107,3,35
107,3,49
107,3,50
107,3,52
107,3,54
107,3,55
107,3,57
107,3,59
107,3,60
107,3,64
107,3,68
107,3,71
107,3,72
107,3,73
107,3,74
107,3,75
107,3,77
107,3,82
107,3,85
107,3,86
107,3,87
107,3,88
107,3,89
107,3,90
107,3,94
107,3,95
107,3,102
107,3,103
107,4,5
107,4,6
107,4,8
107,4,12
107,4,13
107,4,24
107,4,25
107,4,27
107,4,29
107,4,30
107,4,32
107,4,33
107,4,34
107,4,35
107,4,48
107,4,49
107,4,50
107,4,52
107,4,54
107,4,55
107,4,57
107,4,59
107,4,60
107,4,64
107,4,68
107,4,71
107,4,72
107,4,73
107,4,74
107,4,75
107,4,77
107,4,82
107,4,85
107,4,86
107,4,87
107,4,88
107,4,89
107,4,90
107,4,94
107,4,95
107,4,102
107,4,103
107,5,6
107,5,8
107,5,12
107,5,13
107,5,24
107,5,25
107,5,27
107,5,29
107,5,30
107,5,32
107,5,33
107,5,34
107,5,35
107,5,48
107,5,49
107,5,50
107,5,52
107,5,54
107,5,55
107,5,57
107,5,59
107,5,60
107,5,64
107,5,68
107,5,71
107,5,72
107,5,73
107,5,74
107,5,75
107,5,77
107,5,82
107,5,85
107,5,86
107,5,87
107,5,88
107,5,89
107,5,90
107,5,94
107,5,95
107,5,102
107,5,103
107,6,8
107,6,12
107,6,13
107,6,24
107,6,25
107,6,27
107,6,29
107,6,30
107,6,32
107,6,33
107,6,34
107,6,35
107,6,49
107,6,50
107,6,52
107,6,54
107,6,55
107,6,57
107,6,59
107,6,60
107,6,64
107,6,68
107,6,71
107,6,72
107,6,73
107,6,74
107,6,77
107,6,82
107,6,85
107,6,86
107,6,87
107,6,88
107,6,89
107,6,90
107,6,94
107,6,95
107,6,102
107,6,103
107,8,12
107,8,13
107,8,24
107,8,25
107,8,27
107,8,29
107,8,30
107,8,32
107,8,33
107,8,34
107,8,35
107,8,38
107,8,49
107,8,50
107,8,52
107,8,54
107,8,55
107,8,57
107,8,59
107,8,60
107,8,64
107,8,68
107,8,71
107,8,72
107,8,73
107,8,74
107,8,75
107,8,77
107,8,82
107,8,85
107,8,86
107,8,87
107,8,88
107,8,89
107,8,90
107,8,94
107,8,95
107,8,102
107,8,103
107,9,11
107,9,15
107,9,16
107,9,17
107,9,18
107,9,19
107,9,20
107,9,22
107,9,23
107,9,26
107,9,28
107,9,31
107,9,36
107,9,37
107,9,40
107,9,43
107,9,44
107,9,45
107,9,51
107,9,53
107,9,56
107,9,58
107,9,62
107,9,63
107,9,65
107,9,66
107,9,67
107,9,69
107,9,70
107,9,76
107,9,81
107,9,83
107,9,84
107,9,92
107,9,93
107,9,96
107,9,97
107,9,99
107,9,101
107,10,11
107,10,14
107,10,15
107,10,16
107,10,18
107,10,19
107,10,22
107,10,23
107,10,26
107,10,31
107,10,40
107,10,41
107,10,42
107,10,43
107,10,44
107,10,45
107,10,46
107,10,47
107,10,51
107,10,58
107,10,61
107,10,62
107,10,63
107,10,65
107,10,66
107,10,67
107,10,69
107,10,70
107,10,76
107,10,80
107,10,81
107,10,83
107,10,84
107,10,92
107,10,93
107,10,96
107,10,97
107,10,98
107,10,99
107,10,100
107,10,101
107,11,14
107,11,15
107,11,16
107,11,17
107,11,18
107,11,19
107,11,20
107,11,22
107,11,23
107,11,26
107,11,28
107,11,31
107,11,37
107,11,40
107,11,41
107,11,42
107,11,43
107,11,44
107,11,45
107,11,46
107,11,47
107,11,48
107,11,51
107,11,53
107,11,58
107,11,61
107,11,62
107,11,63
107,11,65
107,11,66
107,11,67
107,11,69
107,11,70
107,11,76
107,11,80
107,11,81
107,11,83
107,11,84
107,11,92
107,11,93
107,11,96
107,11,97
107,11,98
107,11,99
107,11,101
107,12,13
107,12,24
107,12,25
107,12,27
107,12,29
107,12,30
107,12,32
107,12,33
107,12,34
107,12,35
107,12,48
107,12,49
107,12,50
107,12,52
107,12,54
107,12,55
107,12,57
107,12,59
107,12,60
107,12,64
107,12,68
107,12,71
107,12,72
107,12,73
107,12,74
107,12,75
107,12,77
107,12,82
107,12,85
107,12,86
107,12,87
107,12,88
107,12,89
107,12,90
107,12,94
107,12,95
107,12,102
107,12,103
107,13,24
107,13,25
107,13,27
107,13,29
107,13,30
107,13,32
107,13,33
107,13,34
107,13,35
107,13,48
107,13,49
107,13,50
107,13,52
107,13,54
107,13,55
107,13,57
107,13,59
107,13,60
107,13,64
107,13,68
107,13,71
107,13,72
107,13,73
107,13,74
107,13,75
107,13,77
107,13,82
107,13,85
107,13,86
107,13,87
107,13,88
107,13,89
107,13,90
107,13,94
107,13,95
107,13,102
107,13,103
107,14,15
107,14,16
107,14,17
107,14,18
107,14,19
107,14,20
107,14,22
107,14,23
107,14,26
107,14,28
107,14,31
107,14,37
107,14,40
107,14,41
107,14,42
107,14,43
107,14,44
107,14,45
107,14,46
107,14,47
107,14,51
107,14,58
107,14,61
107,14,62
107,14,63
107,14,65
107,14,66
107,14,67
107,14,69
107,14,70
107,14,76
107,14,80
107,14,81
107,14,83
107,14,84
107,14,92
107,14,93
107,14,96
107,14,97
107,14,98
107,14,99
107,14,100
107,14,101
107,15,16
107,15,17
107,15,18
107,15,19
107,15,20
107,15,22
107,15,23
107,15,26
107,15,28
107,15,31
107,15,37
107,15,40
107,15,41
107,15,42
107,15,43
107,15,44
107,15,45
107,15,46
107,15,47
107,15,48
107,15,51
107,15,58
107,15,61
107,15,62
107,15,63
107,15,65
107,15,66
107,15,67
107,15,69
107,15,70
107,15,76
107,15,80
107,15,81
107,15,83
107,15,84
107,15,92
107,15,93
107,15,96
107,15,97
107,15,98
107,15,99
107,15,101
107,16,17
107,16,18
107,16,19
107,16,20
107,16,22
107,16,23
107,16,26
107,16,28
107,16,31
107,16,37
107,16,40
107,16,41
107,16,42
107,16,43
107,16,44
107,16,45
107,16,46
107,16,47
107,16,51
107,16,58
107,16,61
107,16,62
107,16,63
107,16,65
107,16,66
107,16,67
107,16,69
107,16,70
107,16,76
107,16,80
107,16,81
107,16,83
107,16,84
107,16,92
107,16,93
107,16,96
107,16,97
107,16,98
107,16,99
107,16,101
107,17,18
107,17,19
107,17,20
107,17,22
107,17,23
107,17,26
107,17,28
107,17,31
107,17,36
107,17,37
107,17,40
107,17,41
107,17,42
107,17,43
107,17,44
107,17,45
107,17,46
107,17,47
107,17,51
107,17,53
107,17,56
107,17,58
107,17,61
107,17,62
107,17,63
107,17,65
107,17,66
107,17,67
107,17,69
107,17,70
107,17,76
107,17,80
107,17,81
107,17,83
107,17,84
107,17,92
107,17,93
107,17,96
107,17,97
107,17,98
107,17,99
107,17,101
107,18,19
107,18,20
107,18,22
107,18,23
107,18,26
107,18,28
107,18,31
107,18,37
107,18,40
107,18,41
107,18,42
107,18,43
107,18,44
107,18,45
107,18,46
107,18,47
107,18,51
107,18,58
107,18,61
107,18,62
107,18,63
107,18,65
107,18,66
107,18,67
107,18,69
107,18,70
107,18,76
107,18,80
107,18,81
107,18,83
107,18,84
107,18,92
107,18,93
107,18,96
107,18,97
107,18,98
107,18,99
107,18,101
107,19,20
107,19,22
107,19,23
107,19,26
107,19,28
107,19,31
107,19,37
107,19,40
107,19,41
107,19,42
107,19,43
107,19,44
107,19,45
107,19,46
107,19,47
107,19,51
107,19,53
107,19,58
107,19,61
107,19,62
107,19,63
107,19,65
107,19,66
107,19,67
107,19,69
107,19,70
107,19,76
107,19,80
107,19,81
107,19,83
107,19,84
107,19,92
107,19,93
107,19,96
107,19,97
107,19,98
107,19,99
107,19,101
107,20,21
107,20,22
107,20,23
107,20,26
107,20,28
107,20,31
107,20,36
107,20,37
107,20,40
107,20,41
107,20,43
107,20,44
107,20,45
107,20,46
107,20,51
107,20,53
107,20,56
107,20,58
107,20,62
107,20,63
107,20,65
107,20,66
107,20,67
107,20,69
107,20,70
107,20,76
107,20,80
107,20,81
107,20,83
107,20,84
107,20,92
107,20,93
107,20,96
107,20,97
107,20,99
107,20,101
107,21,36
107,21,48
107,21,53
107,21,56
107,21,64
107,22,23
107,22,26
107,22,28
107,22,31
107,22,37
107,22,40
107,22,41
107,22,42
107,22,43
107,22,44
107,22,45
107,22,46
107,22,47
107,22,51
107,22,58
107,22,61
107,22,62
107,22,63
107,22,65
107,22,66
107,22,67
107,22,69
107,22,70
107,22,76
107,22,80
107,22,81
107,22,83
107,22,84
107,22,92
107,22,93
107,22,96
107,22,97
107,22,98
107,22,99
107,22,100
107,22,101
107,23,26
107,23,28
107,23,31
107,23,37
107,23,40
107,23,41
107,23,42
107,23,43
107,23,44
107,23,45
107,23,46
107,23,47
107,23,51
107,23,58
107,23,61
107,23,62
107,23,63
107,23,65
107,23,66
107,23,67
107,23,69
107,23,70
107,23,76
107,23,80
107,23,81
107,23,83
107,23,84
107,23,92
107,23,93
107,23,96
107,23,97
107,23,98
107,23,99
107,23,100
107,23,101
107,24,25
107,24,27
107,24,29
107,24,30
107,24,32
107,24,33
107,24,34
107,24,35
107,24,49
107,24,50
107,24,52
107,24,54
107,24,55
107,24,57
107,24,59
107,24,60
107,24,64
107,24,68
107,24,71
107,24,72
107,24,73
107,24,74
107,24,75
107,24,77
107,24,82
107,24,85
107,24,86
107,24,87
107,24,88
107,24,89
107,24,90
107,24,94
107,24,95
107,24,102
107,24,103
107,25,27
107,25,29
107,25,30
107,25,32
107,25,33
107,25,34
107,25,35
107,25,48
107,25,49
107,25,50
107,25,52
107,25,54
107,25,55
107,25,57
107,25,59
107,25,60
107,25,64
107,25,68
107,25,71
107,25,72
107,25,73
107,25,74
107,25,75
107,25,77
107,25,82
107,25,85
107,25,86
107,25,87
107,25,88
107,25,89
107,25,90
107,25,94
107,25,95
107,25,102
107,25,103
107,26,28
107,26,31
107,26,37
107,26,40
107,26,41
107,26,42
107,26,43
107,26,44
107,26,45
107,26,46
107,26,47
107,26,51
107,26,58
107,26,61
107,26,62
107,26,63
107,26,65
107,26,66
107,26,67
107,26,69
107,26,70
107,26,76
107,26,80
107,26,81
107,26,83
107,26,84
107,26,92
107,26,93
107,26,96
107,26,97
107,26,98
107,26,99
107,26,100
107,26,101
107,27,29
107,27,30
107,27,32
107,27,33
107,27,34
107,27,35
107,27,48
107,27,49
107,27,50
107,27,52
107,27,54
107,27,55
107,27,57
107,27,59
107,27,60
107,27,64
107,27,68
107,27,71
107,27,72
107,27,73
107,27,74
107,27,77
107,27,82
107,27,85
107,27,86
107,27,87
107,27,88
107,27,89
107,27,90
107,27,94
107,27,95
107,27,102
107,27,103
107,28,31
107,28,37
107,28,40
107,28,41
107,28,42
107,28,43
107,28,44
107,28,45
107,28,46
107,28,51
107,28,53
107,28,58
107,28,61
107,28,62
107,28,63
107,28,65
107,28,66
107,28,67
107,28,69
107,28,70
107,28,76
107,28,80
107,28,81
107,28,83
107,28,84
107,28,92
107,28,93
107,28,96
107,28,97
107,28,99
107,28,101
107,29,30
107,29,32
107,29,33
107,29,34
107,29,35
107,29,48
107,29,49
107,29,50
107,29,52
107,29,54
107,29,55
107,29,57
107,29,59
107,29,60
107,29,64
107,29,68
107,29,71
107,29,72
107,29,73
107,29,74
107,29,75
107,29,77
107,29,82
107,29,85
107,29,86
107,29,87
107,29,88
107,29,89
107,29,90
107,29,94
107,29,95
107,29,102
107,29,103
107,30,32
107,30,33
107,30,34
107,30,35
107,30,49
107,30,50
107,30,52
107,30,54
107,30,55
107,30,57
107,30,59
107,30,60
107,30,64
107,30,68
107,30,71
107,30,72
107,30,73
107,30,74
107,30,75
107,30,77
107,30,82
107,30,85
107,30,86
107,30,87
107,30,88
107,30,89
107,30,90
107,30,94
107,30,95
107,30,102
107,30,103
107,31,37
107,31,40
107,31,41
107,31,42
107,31,43
107,31,44
107,31,45
107,31,46
107,31,47
107,31,51
107,31,58
107,31,61
107,31,62
107,31,63
107,31,65
107,31,66
107,31,67
107,31,69
107,31,70
107,31,76
107,31,80
107,31,81
107,31,83
107,31,84
107,31,92
107,31,93
107,31,96
107,31,97
107,31,98
107,31,99
107,31,100
107,31,101
107,32,33
107,32,34
107,32,35
107,32,48
107,32,49
107,32,50
107,32,52
107,32,54
107,32,55
107,32,57
107,32,59
107,32,60
107,32,64
107,32,68
107,32,71
107,32,72
107,32,73
107,32,74
107,32,75
107,32,77
107,32,82
107,32,85
107,32,86
107,32,87
107,32,88
107,32,89
107,32,90
107,32,94
107,32,95
107,32,102
107,32,103
107,33,34
107,33,35
107,33,48
107,33,49
107,33,50
107,33,52
107,33,54
107,33,55
107,33,57
107,33,59
107,33,60
107,33,64
107,33,68
107,33,71
107,33,72
107,33,73
107,33,74
107,33,75
107,33,77
107,33,82
107,33,85
107,33,86
107,33,87
107,33,88
107,33,89
107,33,90
107,33,94
107,33,95
107,33,102
107,33,103
107,34,35
107,34,48
107,34,49
107,34,50
107,34,52
107,34,54
107,34,55
107,34,57
107,34,59
107,34,60
107,34,64
107,34,68
107,34,71
107,34,72
107,34,73
107,34,74
107,34,75
107,34,77
107,34,82
107,34,85
107,34,86
107,34,87
107,34,88
107,34,89
107,34,90
107,34,94
107,34,95
107,34,102
107,34,103
107,35,48
107,35,49
107,35,50
107,35,52
107,35,54
107,35,55
107,35,57
107,35,59
107,35,60
107,35,64
107,35,68
107,35,71
107,35,72
107,35,73
107,35,74
107,35,75
107,35,77
107,35,82
107,35,85
107,35,86
107,35,87
107,35,88
107,35,89
107,35,90
107,35,94
107,35,95
107,35,102
107,35,103
107,36,37
107,36,48
107,36,53
107,36,56
107,36,92
107,37,40
107,37,41
107,37,42
107,37,43
107,37,44
107,37,45
107,37,46
107,37,47
107,37,51
107,37,53
107,37,56
107,37,58
107,37,62
107,37,63
107,37,65
107,37,66
107,37,67
107,37,69
107,37,70
107,37,76
107,37,80
107,37,81
107,37,83
107,37,84
107,37,92
107,37,93
107,37,96
107,37,97
107,37,99
107,37,101
107,38,39
107,38,48
107,38,49
107,38,64
107,38,71
107,38,75
107,38,78
107,38,91
107,38,95
107,39,48
107,39,71
107,39,75
107,39,78
107,39,91
107,39,95
107,40,41
107,40,42
107,40,43
107,40,44
107,40,45
107,40,46
107,40,47
107,40,51
107,40,58
107,40,61
107,40,62
107,40,63
107,40,65
107,40,66
107,40,67
107,40,69
107,40,70
107,40,76
107,40,80
107,40,81
107,40,83
107,40,84
107,40,92
107,40,93
107,40,96
107,40,97
107,40,98
107,40,99
107,40,100
107,40,101
107,41,42
107,41,43
107,41,44
107,41,45
107,41,46
107,41,47
107,41,51
107,41,58
107,41,61
107,41,62
107,41,63
107,41,65
107,41,66
107,41,67
107,41,69
107,41,70
107,41,76
107,41,80
107,41,81
107,41,83
107,41,84
107,41,92
107,41,93
107,41,96
107,41,97
107,41,98
107,41,99
107,41,100
107,41,101
107,42,43
107,42,44
107,42,45
107,42,46
107,42,47
107,42,51
107,42,58
107,42,61
107,42,62
107,42,63
107,42,65
107,42,66
107,42,67
107,42,69
107,42,70
107,42,76
107,42,80
107,42,81
107,42,83
107,42,84
107,42,92
107,42,93
107,42,96
107,42,97
107,42,98
107,42,99
107,42,100
107,42,101
107,43,44
107,43,45
107,43,46
107,43,47
107,43,51
107,43,53
107,43,58
107,43,61
107,43,62
107,43,63
107,43,65
107,43,66
107,43,67
107,43,69
107,43,70
107,43,76
107,43,80
107,43,81
107,43,83
107,43,84
107,43,92
107,43,93
107,43,96
107,43,97
107,43,98
107,43,99
107,43,100
107,43,101
107,44,45
107,44,46
107,44,47
107,44,51
107,44,58
107,44,61
107,44,62
107,44,63
107,44,65
107,44,66
107,44,67
107,44,69
107,44,70
107,44,76
107,44,80
107,44,81
107,44,83
107,44,84
107,44,92
107,44,93
107,44,96
107,44,97
107,44,98
107,44,99
107,44,100
107,44,101
107,45,46
107,45,47
107,45,51
107,45,58
107,45,61
107,45,62
107,45,63
107,45,65
107,45,66
107,45,67
107,45,69
107,45,70
107,45,76
107,45,80
107,45,81
107,45,83
107,45,84
107,45,92
107,45,93
107,45,96
107,45,97
107,45,98
107,45,99
107,45,100
107,45,101
107,46,47
107,46,51
107,46,58
107,46,61
107,46,62
107,46,63
107,46,65
107,46,66
107,46,67
107,46,69
107,46,70
107,46,76
107,46,80
107,46,81
107,46,83
107,46,84
107,46,92
107,46,93
107,46,96
107,46,97
107,46,98
107,46,99
107,46,100
107,46,101
107,47,51
107,47,58
107,47,61
107,47,62
107,47,63
107,47,65
107,47,66
107,47,67
107,47,69
107,47,70
107,47,76
107,47,80
107,47,81
107,47,83
107,47,84
107,47,92
107,47,93
107,47,96
107,47,97
107,47,98
107,47,99
107,47,100
107,47,101
107,48,49
107,48,50
107,48,52
107,48,54
107,48,55
107,48,56
107,48,59
107,48,60
107,48,63
107,48,64
107,48,71
107,48,72
107,48,73
107,48,75
107,48,77
107,48,78
107,48,79
107,48,82
107,48,85
107,48,86
107,48,89
107,48,90
107,48,94
107,48,95
107,48,96
107,49,50
107,49,52
107,49,54
107,49,55
107,49,57
107,49,59
107,49,60
107,49,64
107,49,68
107,49,71
107,49,72
107,49,73
107,49,74
107,49,75
107,49,77
107,49,82
107,49,85
107,49,86
107,49,87
107,49,88
107,49,89
107,49,90
107,49,94
107,49,95
107,49,102
107,49,103
107,50,52
107,50,54
107,50,55
107,50,57
107,50,59
107,50,60
107,50,64
107,50,68
107,50,71
107,50,72
107,50,73
107,50,74
107,50,75
107,50,77
107,50,82
107,50,85
107,50,86
107,50,87
107,50,88
107,50,89
107,50,90
107,50,94
107,50,95
107,50,102
107,50,103
107,51,53
107,51,58
107,51,61
107,51,62
107,51,63
107,51,65
107,51,66
107,51,67
107,51,69
107,51,70
107,51,76
107,51,80
107,51,81
107,51,83
107,51,84
107,51,92
107,51,93
107,51,96
107,51,97
107,51,98
107,51,99
107,51,101
107,52,54
107,52,55
107,52,57
107,52,59
107,52,60
107,52,64
107,52,68
107,52,71
107,52,72
107,52,73
107,52,74
107,52,75
107,52,77
107,52,82
107,52,85
107,52,86
107,52,87
107,52,88
107,52,89
107,52,90
107,52,94
107,52,95
107,52,102
107,52,103
107,53,56
107,53,62
107,53,63
107,53,67
107,53,70
107,53,76
107,53,84
107,53,92
107,53,96
107,53,97
107,53,99
107,53,101
107,54,55
107,54,57
107,54,59
107,54,60
107,54,64
107,54,68
107,54,71
107,54,72
107,54,73
107,54,74
107,54,75
107,54,77
107,54,82
107,54,85
107,54,86
107,54,87
107,54,88
107,54,89
107,54,90
107,54,94
107,54,95
107,54,102
107,54,103
107,55,57
107,55,59
107,55,60
107,55,64
107,55,68
107,55,71
107,55,72
107,55,73
107,55,74
107,55,75
107,55,77
107,55,82
107,55,85
107,55,86
107,55,87
107,55,88
107,55,89
107,55,90
107,55,94
107,55,95
107,55,102
107,55,103
107,56,92
107,57,59
107,57,60
107,57,64
107,57,68
107,57,71
107,57,72
107,57,73
107,57,74
107,57,75
107,57,77
107,57,82
107,57,85
107,57,86
107,57,87
107,57,88
107,57,89
107,57,90
107,57,94
107,57,95
107,57,102
107,57,103
107,58,61
107,58,62
107,58,63
107,58,65
107,58,66
107,58,67
107,58,69
107,58,70
107,58,76
107,58,80
107,58,81
107,58,83
107,58,84
107,58,92
107,58,93
107,58,96
107,58,97
107,58,98
107,58,99
107,58,100
107,58,101
107,59,60
107,59,64
107,59,68
107,59,71
107,59,72
107,59,73
107,59,74
107,59,75
107,59,77
107,59,82
107,59,85
107,59,86
107,59,87
107,59,88
107,59,89
107,59,90
107,59,94
107,59,95
107,59,102
107,59,103
107,60,64
107,60,68
107,60,71
107,60,72
107,60,73
107,60,74
107,60,75
107,60,77
107,60,82
107,60,85
107,60,86
107,60,87
107,60,88
107,60,89
107,60,90
107,60,94
107,60,95
107,60,102
107,60,103
107,61,62
107,61,63
107,61,65
107,61,66
107,61,67
107,61,69
107,61,70
107,61,76
107,61,80
107,61,81
107,61,83
107,61,84
107,61,92
107,61,93
107,61,96
107,61,97
107,61,98
107,61,99
107,61,100
107,61,101
107,62,63
107,62,65
107,62,66
107,62,67
107,62,69
107,62,70
107,62,76
107,62,80
107,62,81
107,62,83
107,62,84
107,62,92
107,62,93
107,62,96
107,62,97
107,62,98
107,62,99
107,62,101
107,63,65
107,63,66
107,63,67
107,63,69
107,63,70
107,63,76
107,63,80
107,63,81
107,63,83
107,63,84
107,63,92
107,63,93
107,63,96
107,63,97
107,63,98
107,63,99
107,63,101
107,64,68
107,64,71
107,64,72
107,64,73
107,64,74
107,64,75
107,64,77
107,64,82
107,64,85
107,64,86
107,64,87
107,64,88
107,64,89
107,64,90
107,64,94
107,64,95
107,64,102
107,64,103
107,65,66
107,65,67
107,65,69
107,65,70
107,65,76
107,65,80
107,65,81
107,65,83
107,65,84
107,65,92
107,65,93
107,65,96
107,65,97
107,65,98
107,65,99
107,65,100
107,65,101
107,66,67
107,66,69
107,66,70
107,66,76
107,66,80
107,66,81
107,66,83
107,66,84
107,66,92
107,66,93
107,66,96
107,66,97
107,66,98
107,66,99
107,66,100
107,66,101
107,67,69
107,67,70
107,67,76
107,67,80
107,67,81
107,67,83
107,67,84
107,67,92
107,67,93
107,67,96
107,67,97
107,67,98
107,67,99
107,67,101
107,68,71
107,68,72
107,68,73
107,68,74
107,68,75
107,68,77
107,68,82
107,68,85
107,68,86
107,68,87
107,68,88
107,68,89
107,68,90
107,68,94
107,68,95
107,68,102
107,68,103
107,69,70
107,69,76
107,69,80
107,69,81
107,69,83
107,69,84
107,69,92
107,69,93
107,69,96
107,69,97
107,69,98
107,69,99
107,69,100
107,69,101
107,70,76
107,70,80
107,70,81
107,70,83
107,70,84
107,70,92
107,70,93
107,70,96
107,70,97
107,70,98
107,70,99
107,70,100
107,70,101
107,71,72
107,71,73
107,71,74
107,71,75
107,71,77
107,71,82
107,71,85
107,71,86
107,71,87
107,71,88
107,71,89
107,71,90
107,71,94
107,71,95
107,71,102
107,71,103
107,72,73
107,72,74
107,72,75
107,72,77
107,72,82
107,72,85
107,72,86
107,72,87
107,72,88
107,72,89
107,72,90
107,72,94
107,72,95
107,72,102
107,72,103
107,73,74
107,73,75
107,73,77
107,73,82
107,73,85
107,73,86
107,73,87
107,73,88
107,73,89
107,73,90
107,73,94
107,73,95
107,73,102
107,73,103
107,74,77
107,74,82
107,74,85
107,74,86
107,74,87
107,74,88
107,74,89
107,74,90
107,74,94
107,74,95
107,74,102
107,74,103
107,75,77
107,75,78
107,75,82
107,75,85
107,75,86
107,75,88
107,75,89
107,75,90
107,75,94
107,75,95
107,75,102
107,75,103
107,76,80
107,76,81
107,76,83
107,76,84
107,76,92
107,76,93
107,76,96
107,76,97
107,76,98
107,76,99
107,76,101
107,77,82
107,77,85
107,77,86
107,77,87
107,77,88
107,77,89
107,77,90
107,77,94
107,77,95
107,77,102
107,77,103
107,78,91
107,78,95
107,79,91
107,80,81
107,80,83
107,80,84
107,80,92
107,80,93
107,80,96
107,80,97
107,80,98
107,80,99
107,80,100
107,80,101
107,81,83
107,81,84
107,81,92
107,81,93
107,81,96
107,81,97
107,81,98
107,81,99
107,81,101
107,82,85
107,82,86
107,82,87
107,82,88
107,82,89
107,82,90
107,82,94
107,82,95
107,82,102
107,82,103
107,83,84
107,83,92
107,83,93
107,83,96
107,83,97
107,83,98
107,83,99
107,83,101
107,84,92
107,84,93
107,84,96
107,84,97
107,84,98
107,84,99
107,84,101
107,85,86
107,85,87
107,85,88
107,85,89
107,85,90
107,85,94
107,85,95
107,85,102
107,85,103
107,86,87
107,86,88
107,86,89
107,86,90
107,86,94
107,86,95
107,86,102
107,86,103
107,87,88
107,87,89
107,87,90
107,87,94
107,87,95
107,87,102
107,87,103
107,88,89
107,88,90
107,88,94
107,88,95
107,88,102
107,88,103
107,89,90
107,89,94
107,89,95
107,89,102
107,89,103
107,90,94
107,90,95
107,90,102
107,90,103
107,92,93
107,92,96
107,92,97
107,92,98
107,92,99
107,92,101
107,93,96
107,93,97
107,93,98
107,93,99
107,93,100
107,93,101
107,94,95
107,94,102
107,94,103
107,95,102
107,95,103
107,96,97
107,96,98
107,96,99
107,96,100
107,96,101
107,97,98
107,97,99
107,97,100
107,97,101
107,98,99
107,98,101
107,99,100
107,99,101
107,102,103
108,1,2
108,1,3
108,1,4
108,1,5
108,1,6
108,1,7
108,1,12
108,1,13
108,1,20
108,1,21
108,1,24
108,1,25
108,1,27
108,1,29
108,1,30
108,1,32
108,1,33
108,1,34
108,1,35
108,1,38
108,1,39
108,1,47
108,1,48
108,1,49
108,1,50
108,1,51
108,1,53
108,1,54
108,1,55
108,1,56
108,1,58
108,1,59
108,1,63
108,1,67
108,1,70
108,1,71
108,1,72
108,1,73
108,1,74
108,1,76
108,1,77
108,1,81
108,1,84
108,1,85
108,1,86
108,1,87
108,1,88
108,1,89
108,1,92
108,1,93
108,1,100
108,1,101
108,2,3
108,2,4
108,2,5
108,2,6
108,2,7
108,2,12
108,2,13
108,2,20
108,2,21
108,2,24
108,2,25
108,2,27
108,2,29
108,2,30
108,2,32
108,2,33
108,2,34
108,2,35
108,2,38
108,2,47
108,2,48
108,2,49
108,2,50
108,2,51
108,2,53
108,2,54
108,2,56
108,2,58
108,2,59
108,2,63
108,2,67
108,2,70
108,2,71
108,2,72
108,2,73
108,2,74
108,2,76
108,2,77
108,2,81
108,2,84
108,2,85
108,2,86
108,2,87
108,2,88
108,2,89
108,2,92
108,2,93
108,2,100
108,2,101
108,3,4
108,3,5
108,3,6
108,3,7
108,3,12
108,3,13
108,3,20
108,3,21
108,3,24
108,3,25
108,3,27
108,3,29
108,3,30
108,3,32
108,3,33
108,3,34
108,3,35
108,3,38
108,3,39
108,3,47
108,3,48
108,3,49
108,3,50
108,3,51
108,3,53
108,3,54
108,3,56
108,3,58
108,3,59
108,3,63
108,3,67
108,3,70
108,3,71
108,3,72
108,3,73
108,3,74
108,3,76
108,3,77
108,3,81
108,3,84
108,3,85
108,3,86
108,3,87
108,3,88
108,3,89
108,3,92
108,3,93
108,3,100
108,3,101
108,4,5
108,4,6
108,4,7
108,4,12
108,4,13
108,4,20
108,4,21
108,4,24
108,4,25
108,4,27
108,4,29
108,4,30
108,4,32
108,4,33
108,4,34
108,4,35
108,4,38
108,4,39
108,4,47
108,4,48
108,4,49
108,4,50
108,4,51
108,4,53
108,4,54
108,4,56
108,4,58
108,4,59
108,4,63
108,4,67
108,4,70
108,4,71
108,4,72
108,4,73
108,4,74
108,4,76
108,4,77
108,4,81
108,4,84
108,4,85
108,4,86
108,4,87
108,4,88
108,4,89
108,4,92
108,4,93
108,4,100
108,4,101
108,5,6
108,5,7
108,5,12
108,5,13
108,5,20
108,5,21
108,5,24
108,5,25
108,5,27
108,5,29
108,5,30
108,5,32
108,5,33
108,5,34
108,5,35
108,5,38
108,5,39
108,5,47
108,5,48
108,5,49
108,5,50
108,5,51
108,5,53
108,5,54
108,5,56
108,5,58
108,5,59
108,5,63
108,5,67
108,5,70
108,5,71
108,5,72
108,5,73
108,5,74
108,5,76
108,5,77
108,5,81
108,5,84
108,5,85
108,5,86
108,5,87
108,5,88
108,5,89
108,5,92
108,5,93
108,5,100
108,5,101
108,6,7
108,6,12
108,6,13
108,6,20
108,6,21
108,6,24
108,6,25
108,6,27
108,6,29
108,6,30
108,6,32
108,6,33
108,6,34
108,6,35
108,6,47
108,6,48
108,6,49
108,6,50
108,6,51
108,6,53
108,6,54
108,6,56
108,6,58
108,6,59
108,6,63
108,6,67
108,6,70
108,6,71
108,6,72
108,6,73
108,6,74
108,6,76
108,6,77
108,6,81
108,6,84
108,6,85
108,6,86
108,6,87
108,6,88
108,6,89
108,6,92
108,6,93
108,6,100
108,6,101
108,7,12
108,7,13
108,7,20
108,7,21
108,7,24
108,7,25
108,7,27
108,7,29
108,7,30
108,7,32
108,7,33
108,7,34
108,7,35
108,7,38
108,7,47
108,7,48
108,7,49
108,7,50
108,7,51
108,7,53
108,7,54
108,7,56
108,7,58
108,7,59
108,7,63
108,7,67
108,7,70
108,7,71
108,7,72
108,7,73
108,7,74
108,7,76
108,7,81
108,7,84
108,7,85
108,7,86
108,7,87
108,7,88
108,7,89
108,7,92
108,7,93
108,7,100
108,7,101
108,8,9
108,8,10
108,8,11
108,8,14
108,8,15
108,8,16
108,8,17
108,8,18
108,8,19
108,8,22
108,8,23
108,8,26
108,8,28
108,8,31
108,8,36
108,8,37
108,8,40
108,8,41
108,8,42
108,8,43
108,8,44
108,8,45
108,8,46
108,8,52
108,8,57
108,8,60
108,8,61
108,8,62
108,8,64
108,8,65
108,8,66
108,8,68
108,8,69
108,8,75
108,8,79
108,8,80
108,8,82
108,8,83
108,8,90
108,8,91
108,8,94
108,8,95
108,8,96
108,8,97
108,8,98
108,8,99
108,9,10
108,9,11
108,9,14
108,9,15
108,9,16
108,9,17
108,9,18
108,9,19
108,9,22
108,9,23
108,9,26
108,9,28
108,9,31
108,9,36
108,9,37
108,9,40
108,9,41
108,9,42
108,9,43
108,9,44
108,9,45
108,9,46
108,9,52
108,9,57
108,9,60
108,9,61
108,9,62
108,9,64
108,9,65
108,9,66
108,9,68
108,9,69
108,9,75
108,9,79
108,9,80
108,9,82
108,9,83
108,9,90
108,9,91
108,9,94
108,9,95
108,9,96
108,9,97
108,9,98
108,9,99
108,10,11
108,10,14
108,10,15
108,10,16
108,10,17
108,10,18
108,10,19
108,10,22
108,10,23
108,10,26
108,10,28
108,10,31
108,10,37
108,10,40
108,10,41
108,10,42
108,10,43
108,10,44
108,10,45
108,10,46
108,10,57
108,10,60
108,10,61
108,10,62
108,10,64
108,10,65
108,10,66
108,10,68
108,10,69
108,10,75
108,10,79
108,10,80
108,10,82
108,10,83
108,10,90
108,10,91
108,10,94
108,10,95
108,10,96
108,10,97
108,10,98
108,10,99
108,11,14
108,11,15
108,11,16
108,11,17
108,11,18
108,11,19
108,11,22
108,11,23
108,11,26
108,11,28
108,11,31
108,11,37
108,11,40
108,11,41
108,11,42
108,11,43
108,11,44
108,11,45
108,11,46
108,11,52
108,11,57
108,11,60
108,11,61
108,11,62
108,11,64
108,11,65
108,11,66
108,11,68
108,11,69
108,11,75
108,11,79
108,11,80
108,11,82
108,11,83
108,11,90
108,11,91
108,11,94
108,11,95
108,11,96
108,11,97
108,11,98
108,11,99
108,12,13
108,12,20
108,12,21
108,12,24
108,12,25
108,12,27
108,12,29
108,12,30
108,12,32
108,12,33
108,12,34
108,12,35
108,12,38
108,12,47
108,12,48
108,12,49
108,12,50
108,12,51
108,12,53
108,12,54
108,12,56
108,12,58
108,12,59
108,12,63
108,12,67
108,12,70
108,12,71
108,12,72
108,12,73
108,12,74
108,12,76
108,12,77
108,12,81
108,12,84
108,12,85
108,12,86
108,12,87
108,12,88
108,12,89
108,12,92
108,12,93
108,12,100
108,12,101
108,13,20
108,13,21
108,13,24
108,13,25
108,13,27
108,13,29
108,13,30
108,13,32
108,13,33
108,13,34
108,13,35
108,13,38
108,13,39
108,13,47
108,13,48
108,13,49
108,13,50
108,13,51
108,13,53
108,13,54
108,13,56
108,13,58
108,13,59
108,13,63
108,13,67
108,13,70
108,13,71
108,13,72
108,13,73
108,13,74
108,13,76
108,13,77
108,13,81
108,13,84
108,13,85
108,13,86
108,13,87
108,13,88
108,13,89
108,13,92
108,13,93
108,13,100
108,13,101
108,14,15
108,14,16
108,14,17
108,14,18
108,14,19
108,14,22
108,14,23
108,14,26
108,14,28
108,14,31
108,14,37
108,14,40
108,14,41
108,14,42
108,14,43
108,14,44
108,14,45
108,14,46
108,14,57
108,14,60
108,14,61
108,14,62
108,14,64
108,14,65
108,14,66
108,14,68
108,14,69
108,14,75
108,14,79
108,14,80
108,14,82
108,14,83
108,14,90
108,14,91
108,14,94
108,14,95
108,14,96
108,14,97
108,14,98
108,14,99
108,15,16
108,15,17
108,15,18
108,15,19
108,15,22
108,15,23
108,15,26
108,15,28
108,15,31
108,15,37
108,15,40
108,15,41
108,15,42
108,15,43
108,15,44
108,15,45
108,15,46
108,15,57
108,15,60
108,15,61
108,15,62
108,15,64
108,15,65
108,15,66
108,15,68
108,15,69
108,15,75
108,15,79
108,15,80
108,15,82
108,15,83
108,15,90
108,15,91
108,15,94
108,15,95
108,15,96
108,15,97
108,15,98
108,15,99
108,16,17
108,16,18
108,16,19
108,16,22
108,16,23
108,16,26
108,16,28
108,16,31
108,16,37
108,16,40
108,16,41
108,16,42
108,16,43
108,16,44
108,16,45
108,16,46
108,16,57
108,16,60
108,16,61
108,16,62
108,16,64
108,16,65
108,16,66
108,16,68
108,16,69
108,16,75
108,16,79
108,16,80
108,16,82
108,16,83
108,16,90
108,16,91
108,16,94
108,16,95
108,16,96
108,16,97
108,16,98
108,16,99
108,17,18
108,17,19
108,17,22
108,17,23
108,17,26
108,17,28
108,17,31
108,17,37
108,17,40
108,17,41
108,17,42
108,17,43
108,17,44
108,17,45
108,17,46
108,17,57
108,17,60
108,17,61
108,17,62
108,17,64
108,17,65
108,17,66
108,17,68
108,17,69
108,17,75
108,17,79
108,17,80
108,17,82
108,17,83
108,17,90
108,17,91
108,17,94
108,17,95
108,17,96
108,17,97
108,17,98
108,17,99
108,18,19
108,18,22
108,18,23
108,18,26
108,18,28
108,18,31
108,18,37
108,18,40
108,18,41
108,18,42
108,18,43
108,18,44
108,18,45
108,18,46
108,18,57
108,18,60
108,18,61
108,18,62
108,18,64
108,18,65
108,18,66
108,18,68
108,18,69
108,18,75
108,18,79
108,18,80
108,18,82
108,18,83
108,18,90
108,18,91
108,18,94
108,18,95
108,18,96
108,18,97
108,18,98
108,18,99
108,19,22
108,19,23
108,19,26
108,19,28
108,19,31
108,19,37
108,19,40
108,19,41
108,19,42
108,19,43
108,19,44
108,19,45
108,19,46
108,19,57
108,19,60
108,19,61
108,19,62
108,19,64
108,19,65
108,19,66
108,19,68
108,19,69
108,19,75
108,19,79
108,19,80
108,19,82
108,19,83
108,19,90
108,19,91
108,19,94
108,19,95
108,19,96
108,19,97
108,19,98
108,19,99
108,20,21
108,20,24
108,20,25
108,20,27
108,20,29
108,20,30
108,20,32
108,20,33
108,20,34
108,20,35
108,20,38
108,20,39
108,20,47
108,20,48
108,20,49
108,20,50
108,20,51
108,20,53
108,20,54
108,20,56
108,20,58
108,20,59
108,20,63
108,20,67
108,20,70
108,20,71
108,20,72
108,20,73
108,20,74
108,20,76
108,20,77
108,20,81
108,20,84
108,20,85
108,20,86
108,20,87
108,20,88
108,20,89
108,20,92
108,20,93
108,20,100
108,20,101
108,21,24
108,21,25
108,21,27
108,21,29
108,21,30
108,21,32
108,21,33
108,21,34
108,21,35
108,21,38
108,21,47
108,21,48
108,21,49
108,21,50
108,21,51
108,21,53
108,21,54
108,21,56
108,21,58
108,21,59
108,21,63
108,21,67
108,21,70
108,21,71
108,21,72
108,21,73
108,21,74
108,21,76
108,21,77
108,21,81
108,21,84
108,21,85
108,21,86
108,21,87
108,21,88
108,21,89
108,21,92
108,21,93
108,21,100
108,21,101
108,22,23
108,22,26
108,22,28
108,22,31
108,22,37
108,22,40
108,22,41
108,22,42
108,22,43
108,22,44
108,22,45
108,22,46
108,22,57
108,22,60
108,22,61
108,22,62
108,22,64
108,22,65
108,22,66
108,22,68
108,22,69
108,22,75
108,22,79
108,22,80
108,22,82
108,22,83
108,22,90
108,22,91
108,22,94
108,22,95
108,22,96
108,22,97
108,22,98
108,22,99
108,23,26
108,23,28
108,23,31
108,23,37
108,23,40
108,23,41
108,23,42
108,23,43
108,23,44
108,23,45
108,23,46
108,23,57
108,23,60
108,23,61
108,23,62
108,23,64
108,23,65
108,23,66
108,23,68
108,23,69
108,23,75
108,23,79
108,23,80
108,23,82
108,23,83
108,23,90
108,23,91
108,23,94
108,23,95
108,23,96
108,23,97
108,23,98
108,23,99
108,24,25
108,24,27
108,24,29
108,24,30
108,24,32
108,24,33
108,24,34
108,24,35
108,24,38
108,24,47
108,24,48
108,24,49
108,24,50
108,24,51
108,24,53
108,24,54
108,24,56
108,24,58
108,24,59
108,24,63
108,24,67
108,24,70
108,24,71
108,24,72
108,24,73
108,24,74
108,24,76
108,24,77
108,24,81
108,24,84
108,24,85
108,24,86
108,24,87
108,24,88
108,24,89
108,24,92
108,24,93
108,24,100
108,24,101
108,25,27
108,25,29
108,25,30
108,25,32
108,25,33
108,25,34
108,25,35
108,25,38
108,25,47
108,25,48
108,25,49
108,25,50
108,25,51
108,25,53
108,25,54
108,25,56
108,25,58
108,25,59
108,25,63
108,25,67
108,25,70
108,25,71
108,25,72
108,25,73
108,25,74
108,25,76
108,25,77
108,25,81
108,25,84
108,25,85
108,25,86
108,25,87
108,25,88
108,25,89
108,25,92
108,25,93
108,25,100
108,25,101
108,26,28
108,26,31
108,26,37
108,26,40
108,26,41
108,26,42
108,26,43
108,26,44
108,26,45
108,26,46
108,26,57
108,26,60
108,26,61
108,26,62
108,26,64
108,26,65
108,26,66
108,26,68
108,26,69
108,26,75
108,26,79
108,26,80
108,26,82
108,26,83
108,26,90
108,26,91
108,26,94
108,26,95
108,26,96
108,26,97
108,26,98
108,26,99
108,27,29
108,27,30
108,27,32
108,27,33
108,27,34
108,27,35
108,27,38
108,27,39
108,27,47
108,27,48
108,27,49
108,27,50
108,27,51
108,27,53
108,27,54
108,27,56
108,27,58
108,27,59
108,27,63
108,27,67
108,27,70
108,27,71
108,27,72
108,27,73
108,27,74
108,27,76
108,27,77
108,27,81
108,27,84
108,27,85
108,27,86
108,27,87
108,27,88
108,27,89
108,27,92
108,27,93
108,27,100
108,27,101
108,28,31
108,28,37
108,28,40
108,28,41
108,28,42
108,28,43
108,28,44
108,28,45
108,28,46
108,28,52
108,28,57
108,28,60
108,28,61
108,28,62
108,28,64
108,28,65
108,28,66
108,28,68
108,28,69
108,28,75
108,28,79
108,28,80
108,28,82
108,28,83
108,28,91
108,28,94
108,28,95
108,28,96
108,28,97
108,28,98
108,28,99
108,29,30
108,29,32
108,29,33
108,29,34
108,29,35
108,29,38
108,29,39
108,29,47
108,29,48
108,29,49
108,29,50
108,29,51
108,29,53
108,29,54
108,29,56
108,29,58
108,29,59
108,29,63
108,29,67
108,29,70
108,29,71
108,29,72
108,29,73
108,29,74
108,29,76
108,29,77
108,29,81
108,29,84
108,29,85
108,29,86
108,29,87
108,29,88
108,29,89
108,29,92
108,29,93
108,29,100
108,29,101
108,30,32
108,30,33
108,30,34
108,30,35
108,30,38
108,30,39
108,30,47
108,30,48
108,30,49
108,30,50
108,30,51
108,30,53
108,30,54
108,30,56
108,30,58
108,30,59
108,30,63
108,30,67
108,30,70
108,30,71
108,30,72
108,30,73
108,30,74
108,30,76
108,30,77
108,30,81
108,30,84
108,30,85
108,30,86
108,30,87
108,30,88
108,30,89
108,30,92
108,30,93
108,30,100
108,30,101
108,31,37
108,31,40
108,31,41
108,31,42
108,31,43
108,31,44
108,31,45
108,31,46
108,31,57
108,31,60
108,31,61
108,31,62
108,31,64
108,31,65
108,31,66
108,31,68
108,31,69
108,31,75
108,31,79
108,31,80
108,31,82
108,31,83
108,31,90
108,31,91
108,31,94
108,31,95
108,31,96
108,31,97
108,31,98
108,31,99
108,32,33
108,32,34
108,32,35
108,32,38
108,32,39
108,32,47
108,32,48
108,32,49
108,32,50
108,32,51
108,32,53
108,32,54
108,32,56
108,32,58
108,32,59
108,32,63
108,32,67
108,32,70
108,32,71
108,32,72
108,32,73
108,32,74
108,32,76
108,32,77
108,32,81
108,32,84
108,32,85
108,32,86
108,32,87
108,32,88
108,32,89
108,32,92
108,32,93
108,32,100
108,32,101
108,33,34
108,33,35
108,33,38
108,33,39
108,33,47
108,33,48
108,33,49
108,33,50
108,33,51
108,33,53
108,33,54
108,33,56
108,33,58
108,33,59
108,33,63
108,33,67
108,33,70
108,33,71
108,33,72
108,33,73
108,33,74
108,33,76
108,33,77
108,33,81
108,33,84
108,33,85
108,33,86
108,33,87
108,33,88
108,33,89
108,33,92
108,33,93
108,33,100
108,33,101
108,34,35
108,34,38
108,34,39
108,34,47
108,34,48
108,34,49
108,34,50
108,34,51
108,34,53
108,34,54
108,34,56
108,34,58
108,34,59
108,34,63
108,34,67
108,34,70
108,34,71
108,34,72
108,34,73
108,34,74
108,34,76
108,34,77
108,34,81
108,34,84
108,34,85
108,34,86
108,34,87
108,34,88
108,34,89
108,34,92
108,34,93
108,34,100
108,34,101
108,35,38
108,35,39
108,35,47
108,35,48
108,35,49
108,35,50
108,35,51
108,35,53
108,35,54
108,35,56
108,35,58
108,35,59
108,35,63
108,35,67
108,35,70
108,35,71
108,35,72
108,35,73
108,35,74
108,35,76
108,35,77
108,35,81
108,35,84
108,35,85
108,35,86
108,35,87
108,35,88
108,35,89
108,35,92
108,35,93
108,35,100
108,35,101
108,36,37
108,36,52
108,36,55
108,37,40
108,37,41
108,37,42
108,37,43
108,37,44
108,37,45
108,37,46
108,37,52
108,37,57
108,37,60
108,37,61
108,37,62
108,37,64
108,37,65
108,37,66
108,37,68
108,37,69
108,37,75
108,37,79
108,37,80
108,37,82
108,37,83
108,37,90
108,37,91
108,37,94
108,37,95
108,37,96
108,37,97
108,37,98
108,37,99
108,38,39
108,38,47
108,38,48
108,38,49
108,38,50
108,38,51
108,38,53
108,38,54
108,38,56
108,38,58
108,38,59
108,38,63
108,38,67
108,38,70
108,38,71
108,38,72
108,38,74
108,38,76
108,38,77
108,38,78
108,38,81
108,38,84
108,38,85
108,38,86
108,38,87
108,38,88
108,38,89
108,38,92
108,38,93
108,38,100
108,38,101
108,39,47
108,39,48
108,39,49
108,39,50
108,39,51
108,39,53
108,39,54
108,39,58
108,39,63
108,39,67
108,39,70
108,39,71
108,39,74
108,39,77
108,39,78
108,39,84
108,39,85
108,39,86
108,39,88
108,39,89
108,39,93
108,40,41
108,40,42
108,40,43
108,40,44
108,40,45
108,40,46
108,40,52
108,40,57
108,40,60
108,40,61
108,40,62
108,40,64
108,40,65
108,40,66
108,40,68
108,40,69
108,40,75
108,40,79
108,40,80
108,40,82
108,40,83
108,40,90
108,40,91
108,40,94
108,40,95
108,40,96
108,40,97
108,40,98
108,40,99
108,41,42
108,41,43
108,41,44
108,41,45
108,41,46
108,41,57
108,41,60
108,41,61
108,41,62
108,41,64
108,41,65
108,41,66
108,41,68
108,41,69
108,41,75
108,41,79
108,41,80
108,41,82
108,41,83
108,41,90
108,41,91
108,41,94
108,41,95
108,41,96
108,41,97
108,41,98
108,41,99
108,42,43
108,42,44
108,42,45
108,42,46
108,42,57
108,42,60
108,42,61
108,42,62
108,42,64
108,42,65
108,42,66
108,42,68
108,42,69
108,42,75
108,42,79
108,42,80
108,42,82
108,42,83
108,42,90
108,42,91
108,42,94
108,42,95
108,42,96
108,42,97
108,42,98
108,42,99
108,43,44
108,43,45
108,43,46
108,43,57
108,43,60
108,43,61
108,43,62
108,43,64
108,43,65
108,43,66
108,43,68
108,43,69
108,43,75
108,43,79
108,43,80
108,43,82
108,43,83
108,43,90
108,43,91
108,43,94
108,43,95
108,43,96
108,43,97
108,43,98
108,43,99
108,44,45
108,44,46
108,44,52
108,44,57
108,44,60
108,44,61
108,44,62
108,44,64
108,44,65
108,44,66
108,44,68
108,44,69
108,44,75
108,44,79
108,44,80
108,44,82
108,44,83
108,44,90
108,44,91
108,44,94
108,44,95
108,44,96
108,44,97
108,44,98
108,44,99
108,45,46
108,45,57
108,45,60
108,45,61
108,45,62
108,45,64
108,45,65
108,45,66
108,45,68
108,45,69
108,45,75
108,45,79
108,45,80
108,45,82
108,45,83
108,45,90
108,45,91
108,45,94
108,45,95
108,45,96
108,45,97
108,45,98
108,45,99
108,46,52
108,46,57
108,46,60
108,46,61
108,46,62
108,46,64
108,46,65
108,46,66
108,46,68
108,46,69
108,46,75
108,46,79
108,46,80
108,46,82
108,46,83
108,46,90
108,46,91
108,46,94
108,46,95
108,46,96
108,46,97
108,46,98
108,46,99
108,47,48
108,47,49
108,47,50
108,47,51
108,47,53
108,47,54
108,47,56
108,47,58
108,47,59
108,47,63
108,47,67
108,47,70
108,47,71
108,47,72
108,47,73
108,47,74
108,47,76
108,47,77
108,47,81
108,47,84
108,47,85
108,47,86
108,47,87
108,47,88
108,47,89
108,47,92
108,47,93
108,47,100
108,47,101
108,48,49
108,48,50
108,48,51
108,48,53
108,48,54
108,48,56
108,48,58
108,48,59
108,48,63
108,48,67
108,48,70
108,48,71
108,48,72
108,48,73
108,48,74
108,48,76
108,48,77
108,48,81
108,48,84
108,48,85
108,48,86
108,48,87
108,48,88
108,48,89
108,48,92
108,48,93
108,48,100
108,48,101
108,49,50
108,49,51
108,49,53
108,49,54
108,49,56
108,49,58
108,49,59
108,49,63
108,49,67
108,49,70
108,49,71
108,49,72
108,49,73
108,49,74
108,49,76
108,49,77
108,49,81
108,49,84
108,49,85
108,49,86
108,49,87
108,49,88
108,49,89
108,49,92
108,49,93
108,49,100
108,49,101
108,50,51
108,50,53
108,50,54
108,50,56
108,50,58
108,50,59
108,50,63
108,50,67
108,50,70
108,50,71
108,50,72
108,50,73
108,50,74
108,50,76
108,50,77
108,50,81
108,50,84
108,50,85
108,50,86
108,50,87
108,50,88
108,50,89
108,50,92
108,50,93
108,50,100
108,50,101
108,51,53
108,51,54
108,51,56
108,51,58
108,51,59
108,51,63
108,51,67
108,51,70
108,51,71
108,51,72
108,51,73
108,51,74
108,51,76
108,51,77
108,51,81
108,51,84
108,51,85
108,51,86
108,51,87
108,51,88
108,51,89
108,51,92
108,51,93
108,51,100
108,51,101
108,52,57
108,52,65
108,52,68
108,52,69
108,52,75
108,52,82
108,52,83
108,52,90
108,52,91
108,52,94
108,52,95
108,52,97
108,52,99
108,53,54
108,53,56
108,53,58
108,53,59
108,53,63
108,53,67
108,53,70
108,53,71
108,53,72
108,53,73
108,53,74
108,53,76
108,53,77
108,53,81
108,53,84
108,53,85
108,53,86
108,53,87
108,53,88
108,53,89
108,53,92
108,53,93
108,53,100
108,53,101
108,54,56
108,54,58
108,54,59
108,54,63
108,54,67
108,54,70
108,54,71
108,54,72
108,54,73
108,54,74
108,54,76
108,54,77
108,54,81
108,54,84
108,54,85
108,54,86
108,54,87
108,54,88
108,54,89
108,54,92
108,54,93
108,54,100
108,54,101
108,56,58
108,56,59
108,56,63
108,56,67
108,56,70
108,56,71
108,56,72
108,56,73
108,56,74
108,56,76
108,56,77
108,56,81
108,56,84
108,56,85
108,56,86
108,56,87
108,56,88
108,56,89
108,56,92
108,56,93
108,56,100
108,56,101
108,57,60
108,57,61
108,57,62
108,57,64
108,57,65
108,57,66
108,57,68
108,57,69
108,57,75
108,57,79
108,57,80
108,57,82
108,57,83
108,57,90
108,57,91
108,57,94
108,57,95
108,57,96
108,57,97
108,57,98
108,57,99
108,58,59
108,58,63
108,58,67
108,58,70
108,58,71
108,58,72
108,58,73
108,58,74
108,58,76
108,58,77
108,58,81
108,58,84
108,58,85
108,58,86
108,58,87
108,58,88
108,58,89
108,58,92
108,58,93
108,58,100
108,58,101
108,59,63
108,59,67
108,59,70
108,59,71
108,59,72
108,59,73
108,59,74
108,59,76
108,59,77
108,59,81
108,59,84
108,59,85
108,59,86
108,59,87
108,59,88
108,59,89
108,59,92
108,59,93
108,59,100
108,59,101
108,60,61
108,60,62
108,60,64
108,60,65
108,60,66
108,60,68
108,60,69
108,60,75
108,60,79
108,60,80
108,60,82
108,60,83
108,60,90
108,60,91
108,60,94
108,60,95
108,60,96
108,60,97
108,60,98
108,60,99
108,61,62
108,61,64
108,61,65
108,61,66
108,61,68
108,61,69
108,61,75
108,61,79
108,61,80
108,61,82
108,61,83
108,61,90
108,61,91
108,61,94
108,61,95
108,61,96
108,61,97
108,61,98
108,61,99
108,62,64
108,62,65
108,62,66
108,62,68
108,62,69
108,62,75
108,62,79
108,62,80
108,62,82
108,62,83
108,62,90
108,62,91
108,62,94
108,62,95
108,62,96
108,62,97
108,62,98
108,62,99
108,63,67
108,63,70
108,63,71
108,63,72
108,63,73
108,63,74
108,63,76
108,63,77
108,63,81
108,63,84
108,63,85
108,63,86
108,63,87
108,63,88
108,63,89
108,63,92
108,63,93
108,63,100
108,63,101
108,64,65
108,64,66
108,64,68
108,64,69
108,64,75
108,64,79
108,64,80
108,64,82
108,64,83
108,64,90
108,64,91
108,64,94
108,64,95
108,64,96
108,64,97
108,64,98
108,64,99
108,65,66
108,65,68
108,65,69
108,65,75
108,65,79
108,65,80
108,65,82
108,65,83
108,65,90
108,65,91
108,65,94
108,65,95
108,65,96
108,65,97
108,65,98
108,65,99
108,66,68
108,66,69
108,66,75
108,66,79
108,66,80
108,66,82
108,66,83
108,66,90
108,66,91
108,66,94
108,66,95
108,66,96
108,66,97
108,66,98
108,66,99
108,67,70
108,67,71
108,67,72
108,67,73
108,67,74
108,67,76
108,67,77
108,67,81
108,67,84
108,67,85
108,67,86
108,67,87
108,67,88
108,67,89
108,67,92
108,67,93
108,67,100
108,67,101
108,68,69
108,68,75
108,68,79
108,68,80
108,68,82
108,68,83
108,68,90
108,68,91
108,68,94
108,68,95
108,68,96
108,68,97
108,68,98
108,68,99
108,69,75
108,69,79
108,69,80
108,69,82
108,69,83
108,69,90
108,69,91
108,69,94
108,69,95
108,69,96
108,69,97
108,69,98
108,69,99
108,70,71
108,70,72
108,70,73
108,70,74
108,70,76
108,70,77
108,70,81
108,70,84
108,70,85
108,70,86
108,70,87
108,70,88
108,70,89
108,70,92
108,70,93
108,70,100
108,70,101
108,71,72
108,71,73
108,71,74
108,71,76
108,71,77
108,71,81
108,71,84
108,71,85
108,71,86
108,71,87
108,71,88
108,71,89
108,71,92
108,71,93
108,71,100
108,71,101
108,72,73
108,72,74
108,72,76
108,72,77
108,72,81
108,72,84
108,72,85
108,72,86
108,72,87
108,72,88
108,72,89
108,72,92
108,72,93
108,72,100
108,72,101
108,73,74
108,73,76
108,73,77
108,73,81
108,73,84
108,73,85
108,73,86
108,73,87
108,73,88
108,73,89
108,73,92
108,73,93
108,73,100
108,73,101
108,74,76
108,74,77
108,74,78
108,74,81
108,74,84
108,74,85
108,74,86
108,74,87
108,74,88
108,74,89
108,74,92
108,74,93
108,74,100
108,74,101
108,75,79
108,75,80
108,75,82
108,75,83
108,75,90
108,75,91
108,75,94
108,75,95
108,75,96
108,75,97
108,75,98
108,75,99
108,76,77
108,76,81
108,76,84
108,76,85
108,76,86
108,76,87
108,76,88
108,76,89
108,76,92
108,76,93
108,76,100
108,76,101
108,77,81
108,77,84
108,77,85
108,77,86
108,77,87
108,77,88
108,77,89
108,77,92
108,77,93
108,77,100
108,77,101
108,79,80
108,79,82
108,79,83
108,79,90
108,79,91
108,79,94
108,79,95
108,79,96
108,79,97
108,79,98
108,79,99
108,80,82
108,80,83
108,80,90
108,80,91
108,80,94
108,80,95
108,80,96
108,80,97
108,80,98
108,80,99
108,81,84
108,81,85
108,81,86
108,81,87
108,81,88
108,81,89
108,81,92
108,81,93
108,81,100
108,81,101
108,82,83
108,82,90
108,82,91
108,82,94
108,82,95
108,82,96
108,82,97
108,82,98
108,82,99
108,83,90
108,83,91
108,83,94
108,83,95
108,83,96
108,83,97
108,83,98
108,83,99
108,84,85
108,84,86
108,84,87
108,84,88
108,84,89
108,84,92
108,84,93
108,84,100
108,84,101
108,85,86
108,85,87
108,85,88
108,85,89
108,85,92
108,85,93
108,85,100
108,85,101
108,86,87
108,86,88
108,86,89
108,86,92
108,86,93
108,86,100
108,86,101
108,87,88
108,87,89
108,87,92
108,87,93
108,87,100
108,87,101
108,88,89
108,88,92
108,88,93
108,88,100
108,88,101
108,89,92
108,89,93
108,89,100
108,89,101
108,90,91
108,90,94
108,90,95
108,90,96
108,90,97
108,90,98
108,90,99
108,91,94
108,91,95
108,91,96
108,91,97
108,91,98
108,91,99
108,92,93
108,92,100
108,92,101
108,93,100
108,93,101
108,94,95
108,94,96
108,94,97
108,94,98
108,94,99
108,95,96
108,95,97
108,95,98
108,95,99
108,96,97
108,96,98
108,96,99
108,97,98
108,97,99
108,98,99
108,100,101
109,1,2
109,1,3
109,1,4
109,1,5
109,1,6
109,1,7
109,1,12
109,1,18
109,1,20
109,1,21
109,1,24
109,1,25
109,1,29
109,1,30
109,1,32
109,1,33
109,1,34
109,1,35
109,1,36
109,1,47
109,1,48
109,1,49
109,1,50
109,1,51
109,1,53
109,1,54
109,1,56
109,1,58
109,1,59
109,1,64
109,1,67
109,1,68
109,1,71
109,1,72
109,1,73
109,1,74
109,1,77
109,1,81
109,1,82
109,1,83
109,1,85
109,1,86
109,1,87
109,1,88
109,1,89
109,1,90
109,1,93
109,1,94
109,1,101
109,1,102
109,2,3
109,2,4
109,2,5
109,2,6
109,2,12
109,2,18
109,2,20
109,2,21
109,2,24
109,2,25
109,2,29
109,2,30
109,2,32
109,2,33
109,2,34
109,2,35
109,2,36
109,2,48
109,2,49
109,2,50
109,2,51
109,2,53
109,2,54
109,2,56
109,2,58
109,2,59
109,2,64
109,2,67
109,2,68
109,2,73
109,2,74
109,2,75
109,2,77
109,2,81
109,2,82
109,2,83
109,2,85
109,2,86
109,2,87
109,2,88
109,2,89
109,2,90
109,2,93
109,2,94
109,2,101
109,2,102
109,3,4
109,3,5
109,3,6
109,3,12
109,3,18
109,3,20
109,3,21
109,3,24
109,3,25
109,3,29
109,3,30
109,3,32
109,3,33
109,3,34
109,3,35
109,3,36
109,3,47
109,3,48
109,3,49
109,3,50
109,3,51
109,3,53
109,3,54
109,3,56
109,3,58
109,3,64
109,3,67
109,3,68
109,3,72
109,3,73
109,3,74
109,3,75
109,3,77
109,3,81
109,3,82
109,3,83
109,3,85
109,3,86
109,3,87
109,3,88
109,3,89
109,3,90
109,3,93
109,3,94
109,3,101
109,3,102
109,4,5
109,4,6
109,4,7
109,4,12
109,4,18
109,4,20
109,4,21
109,4,24
109,4,25
109,4,29
109,4,30
109,4,32
109,4,33
109,4,34
109,4,35
109,4,36
109,4,47
109,4,48
109,4,49
109,4,50
109,4,51
109,4,53
109,4,54
109,4,56
109,4,58
109,4,59
109,4,64
109,4,67
109,4,68
109,4,72
109,4,73
109,4,75
109,4,77
109,4,78
109,4,81
109,4,82
109,4,83
109,4,85
109,4,86
109,4,87
109,4,88
109,4,89
109,4,90
109,4,93
109,4,94
109,4,101
109,4,102
109,5,6
109,5,7
109,5,12
109,5,18
109,5,20
109,5,21
109,5,24
109,5,25
109,5,29
109,5,30
109,5,32
109,5,33
109,5,34
109,5,35
109,5,36
109,5,47
109,5,48
109,5,49
109,5,50
109,5,51
109,5,53
109,5,54
109,5,56
109,5,58
109,5,64
109,5,67
109,5,68
109,5,72
109,5,73
109,5,75
109,5,77
109,5,78
109,5,81
109,5,82
109,5,83
109,5,85
109,5,86
109,5,87
109,5,88
109,5,89
109,5,90
109,5,93
109,5,94
109,5,101
109,5,102
109,6,7
109,6,12
109,6,18
109,6,20
109,6,21
109,6,24
109,6,25
109,6,29
109,6,30
109,6,32
109,6,33
109,6,34
109,6,35
109,6,36
109,6,48
109,6,49
109,6,50
109,6,51
109,6,53
109,6,54
109,6,56
109,6,58
109,6,59
109,6,64
109,6,67
109,6,68
109,6,73
109,6,74
109,6,77
109,6,81
109,6,82
109,6,83
109,6,85
109,6,86
109,6,87
109,6,88
109,6,89
109,6,90
109,6,93
109,6,94
109,6,101
109,6,102
109,7,18
109,7,24
109,7,29
109,7,32
109,7,35
109,7,54
109,7,56
109,7,58
109,7,59
109,7,81
109,7,82
109,7,86
109,8,9
109,8,10
109,8,11
109,8,13
109,8,14
109,8,15
109,8,16
109,8,17
109,8,19
109,8,22
109,8,23
109,8,26
109,8,27
109,8,28
109,8,31
109,8,37
109,8,40
109,8,41
109,8,42
109,8,43
109,8,44
109,8,45
109,8,46
109,8,52
109,8,57
109,8,61
109,8,62
109,8,63
109,8,65
109,8,66
109,8,69
109,8,70
109,8,76
109,8,80
109,8,84
109,8,91
109,8,92
109,8,95
109,8,96
109,8,97
109,8,98
109,8,100
109,9,10
109,9,11
109,9,13
109,9,14
109,9,15
109,9,16
109,9,17
109,9,19
109,9,22
109,9,23
109,9,26
109,9,27
109,9,28
109,9,31
109,9,37
109,9,40
109,9,41
109,9,42
109,9,43
109,9,44
109,9,45
109,9,46
109,9,52
109,9,57
109,9,61
109,9,62
109,9,63
109,9,65
109,9,66
109,9,69
109,9,70
109,9,76
109,9,80
109,9,84
109,9,91
109,9,92
109,9,95
109,9,96
109,9,97
109,9,98
109,9,100
109,10,11
109,10,13
109,10,14
109,10,15
109,10,16
109,10,17
109,10,19
109,10,22
109,10,23
109,10,26
109,10,27
109,10,28
109,10,31
109,10,40
109,10,41
109,10,42
109,10,43
109,10,44
109,10,45
109,10,46
109,10,57
109,10,60
109,10,61
109,10,62
109,10,63
109,10,65
109,10,66
109,10,70
109,10,76
109,10,80
109,10,84
109,10,91
109,10,92
109,10,95
109,10,96
109,10,97
109,10,98
109,10,99
109,10,100
109,11,13
109,11,14
109,11,15
109,11,16
109,11,17
109,11,19
109,11,22
109,11,23
109,11,26
109,11,27
109,11,28
109,11,31
109,11,37
109,11,40
109,11,41
109,11,42
109,11,43
109,11,44
109,11,45
109,11,46
109,11,52
109,11,57
109,11,60
109,11,61
109,11,62
109,11,63
109,11,65
109,11,66
109,11,69
109,11,70
109,11,76
109,11,80
109,11,84
109,11,91
109,11,92
109,11,95
109,11,96
109,11,97
109,11,98
109,11,99
109,11,100
109,12,18
109,12,20
109,12,21
109,12,24
109,12,25
109,12,29
109,12,30
109,12,32
109,12,33
109,12,34
109,12,35
109,12,36
109,12,48
109,12,49
109,12,50
109,12,51
109,12,53
109,12,54
109,12,56
109,12,58
109,12,59
109,12,64
109,12,67
109,12,68
109,12,72
109,12,73
109,12,74
109,12,75
109,12,77
109,12,81
109,12,82
109,12,83
109,12,85
109,12,86
109,12,87
109,12,88
109,12,89
109,12,90
109,12,93
109,12,94
109,12,101
109,12,102
109,13,14
109,13,15
109,13,16
109,13,17
109,13,19
109,13,22
109,13,23
109,13,26
109,13,27
109,13,28
109,13,31
109,13,37
109,13,40
109,13,41
109,13,42
109,13,43
109,13,44
109,13,45
109,13,46
109,13,52
109,13,57
109,13,60
109,13,61
109,13,62
109,13,63
109,13,65
109,13,66
109,13,69
109,13,70
109,13,76
109,13,80
109,13,84
109,13,91
109,13,92
109,13,95
109,13,96
109,13,97
109,13,98
109,13,99
109,13,100
109,14,15
109,14,16
109,14,17
109,14,19
109,14,22
109,14,23
109,14,26
109,14,27
109,14,28
109,14,31
109,14,40
109,14,41
109,14,42
109,14,43
109,14,44
109,14,45
109,14,46
109,14,57
109,14,60
109,14,61
109,14,62
109,14,63
109,14,65
109,14,66
109,14,69
109,14,70
109,14,76
109,14,80
109,14,84
109,14,91
109,14,92
109,14,95
109,14,96
109,14,98
109,14,99
109,14,100
109,15,16
109,15,17
109,15,19
109,15,22
109,15,23
109,15,26
109,15,27
109,15,28
109,15,31
109,15,37
109,15,40
109,15,41
109,15,42
109,15,43
109,15,44
109,15,45
109,15,46
109,15,57
109,15,60
109,15,61
109,15,62
109,15,63
109,15,65
109,15,66
109,15,70
109,15,76
109,15,80
109,15,84
109,15,91
109,15,92
109,15,95
109,15,96
109,15,98
109,15,99
109,15,100
109,16,17
109,16,19
109,16,22
109,16,23
109,16,26
109,16,27
109,16,28
109,16,31
109,16,40
109,16,41
109,16,42
109,16,43
109,16,44
109,16,45
109,16,46
109,16,52
109,16,57
109,16,60
109,16,61
109,16,62
109,16,63
109,16,65
109,16,66
109,16,70
109,16,76
109,16,80
109,16,84
109,16,91
109,16,92
109,16,95
109,16,96
109,16,98
109,16,99
109,16,100
109,17,19
109,17,23
109,17,26
109,17,27
109,17,28
109,17,40
109,17,41
109,17,42
109,17,43
109,17,44
109,17,45
109,17,52
109,17,57
109,17,61
109,17,62
109,17,63
109,17,65
109,17,66
109,17,76
109,17,80
109,17,84
109,17,91
109,17,92
109,17,95
109,17,96
109,17,98
109,17,100
109,18,20
109,18,21
109,18,24
109,18,25
109,18,29
109,18,30
109,18,32
109,18,33
109,18,34
109,18,35
109,18,36
109,18,47
109,18,48
109,18,49
109,18,50
109,18,51
109,18,53
109,18,54
109,18,56
109,18,58
109,18,59
109,18,64
109,18,67
109,18,68
109,18,72
109,18,73
109,18,74
109,18,75
109,18,77
109,18,81
109,18,82
109,18,83
109,18,85
109,18,86
109,18,87
109,18,88
109,18,89
109,18,90
109,18,93
109,18,94
109,18,101
109,18,102
109,19,22
109,19,23
109,19,26
109,19,27
109,19,28
109,19,37
109,19,40
109,19,41
109,19,42
109,19,43
109,19,44
109,19,45
109,19,46
109,19,52
109,19,57
109,19,60
109,19,62
109,19,63
109,19,65
109,19,66
109,19,76
109,19,80
109,19,84
109,19,91
109,19,92
109,19,95
109,19,96
109,19,98
109,19,100
109,20,21
109,20,24
109,20,25
109,20,29
109,20,30
109,20,32
109,20,33
109,20,34
109,20,35
109,20,36
109,20,47
109,20,48
109,20,49
109,20,50
109,20,51
109,20,53
109,20,54
109,20,56
109,20,58
109,20,59
109,20,64
109,20,67
109,20,68
109,20,72
109,20,73
109,20,74
109,20,75
109,20,77
109,20,81
109,20,82
109,20,83
109,20,85
109,20,86
109,20,87
109,20,88
109,20,89
109,20,90
109,20,93
109,20,94
109,20,101
109,20,102
109,21,24
109,21,25
109,21,29
109,21,30
109,21,32
109,21,33
109,21,34
109,21,35
109,21,36
109,21,47
109,21,48
109,21,49
109,21,50
109,21,51
109,21,53
109,21,54
109,21,56
109,21,58
109,21,59
109,21,64
109,21,67
109,21,68
109,21,72
109,21,73
109,21,74
109,21,75
109,21,77
109,21,81
109,21,82
109,21,83
109,21,85
109,21,86
109,21,87
109,21,88
109,21,89
109,21,90
109,21,93
109,21,94
109,21,101
109,21,102
109,22,23
109,22,26
109,22,27
109,22,28
109,22,31
109,22,37
109,22,40
109,22,41
109,22,42
109,22,43
109,22,44
109,22,45
109,22,46
109,22,57
109,22,60
109,22,61
109,22,62
109,22,63
109,22,65
109,22,66
109,22,70
109,22,76
109,22,80
109,22,84
109,22,91
109,22,92
109,22,95
109,22,96
109,22,97
109,22,98
109,22,99
109,22,100
109,23,26
109,23,27
109,23,28
109,23,31
109,23,37
109,23,40
109,23,41
109,23,42
109,23,43
109,23,44
109,23,45
109,23,46
109,23,57
109,23,60
109,23,61
109,23,62
109,23,63
109,23,65
109,23,66
109,23,70
109,23,76
109,23,80
109,23,84
109,23,91
109,23,92
109,23,95
109,23,96
109,23,98
109,23,99
109,23,100
109,24,25
109,24,29
109,24,30
109,24,32
109,24,33
109,24,34
109,24,35
109,24,36
109,24,47
109,24,48
109,24,49
109,24,50
109,24,51
109,24,53
109,24,54
109,24,56
109,24,58
109,24,59
109,24,64
109,24,67
109,24,68
109,24,72
109,24,73
109,24,74
109,24,75
109,24,77
109,24,81
109,24,82
109,24,83
109,24,85
109,24,86
109,24,87
109,24,88
109,24,89
109,24,90
109,24,93
109,24,94
109,24,101
109,24,102
109,25,29
109,25,30
109,25,32
109,25,33
109,25,34
109,25,35
109,25,36
109,25,47
109,25,48
109,25,49
109,25,50
109,25,51
109,25,53
109,25,54
109,25,56
109,25,58
109,25,59
109,25,64
109,25,67
109,25,68
109,25,72
109,25,73
109,25,74
109,25,75
109,25,77
109,25,81
109,25,82
109,25,83
109,25,85
109,25,86
109,25,87
109,25,88
109,25,89
109,25,90
109,25,93
109,25,94
109,25,101
109,25,102
109,26,27
109,26,28
109,26,31
109,26,37
109,26,40
109,26,41
109,26,42
109,26,43
109,26,44
109,26,45
109,26,46
109,26,57
109,26,60
109,26,61
109,26,62
109,26,63
109,26,65
109,26,66
109,26,69
109,26,70
109,26,76
109,26,80
109,26,84
109,26,91
109,26,92
109,26,95
109,26,96
109,26,97
109,26,98
109,26,99
109,26,100
109,27,28
109,27,31
109,27,37
109,27,40
109,27,41
109,27,42
109,27,43
109,27,44
109,27,45
109,27,46
109,27,52
109,27,57
109,27,60
109,27,61
109,27,62
109,27,63
109,27,65
109,27,66
109,27,69
109,27,70
109,27,76
109,27,80
109,27,84
109,27,91
109,27,92
109,27,95
109,27,96
109,27,97
109,27,98
109,27,99
109,27,100
109,28,31
109,28,37
109,28,40
109,28,41
109,28,42
109,28,43
109,28,44
109,28,45
109,28,46
109,28,52
109,28,57
109,28,60
109,28,61
109,28,62
109,28,63
109,28,65
109,28,66
109,28,69
109,28,70
109,28,76
109,28,80
109,28,84
109,28,91
109,28,92
109,28,95
109,28,96
109,28,98
109,28,99
109,28,100
109,29,30
109,29,32
109,29,33
109,29,34
109,29,35
109,29,36
109,29,47
109,29,48
109,29,49
109,29,50
109,29,51
109,29,53
109,29,54
109,29,56
109,29,58
109,29,64
109,29,67
109,29,68
109,29,71
109,29,72
109,29,75
109,29,77
109,29,78
109,29,81
109,29,82
109,29,83
109,29,85
109,29,86
109,29,87
109,29,88
109,29,89
109,29,90
109,29,93
109,29,94
109,29,101
109,29,102
109,30,32
109,30,33
109,30,34
109,30,35
109,30,36
109,30,47
109,30,48
109,30,49
109,30,50
109,30,51
109,30,53
109,30,54
109,30,56
109,30,58
109,30,59
109,30,64
109,30,67
109,30,68
109,30,72
109,30,73
109,30,74
109,30,75
109,30,77
109,30,81
109,30,82
109,30,83
109,30,85
109,30,86
109,30,87
109,30,88
109,30,89
109,30,90
109,30,93
109,30,94
109,30,101
109,30,102
109,31,40
109,31,41
109,31,42
109,31,43
109,31,44
109,31,45
109,31,46
109,31,57
109,31,60
109,31,61
109,31,62
109,31,63
109,31,65
109,31,66
109,31,69
109,31,70
109,31,76
109,31,80
109,31,84
109,31,91
109,31,92
109,31,95
109,31,96
109,31,97
109,31,98
109,31,99
109,31,100
109,32,33
109,32,34
109,32,35
109,32,36
109,32,47
109,32,48
109,32,49
109,32,50
109,32,51
109,32,53
109,32,54
109,32,56
109,32,58
109,32,59
109,32,64
109,32,67
109,32,68
109,32,72
109,32,73
109,32,74
109,32,75
109,32,77
109,32,81
109,32,82
109,32,83
109,32,85
109,32,86
109,32,87
109,32,88
109,32,89
109,32,90
109,32,93
109,32,94
109,32,101
109,32,102
109,33,34
109,33,35
109,33,36
109,33,47
109,33,48
109,33,49
109,33,50
109,33,51
109,33,53
109,33,54
109,33,56
109,33,58
109,33,59
109,33,64
109,33,67
109,33,68
109,33,72
109,33,73
109,33,74
109,33,75
109,33,77
109,33,81
109,33,82
109,33,83
109,33,85
109,33,86
109,33,87
109,33,88
109,33,89
109,33,90
109,33,93
109,33,94
109,33,101
109,33,102
109,34,35
109,34,36
109,34,48
109,34,49
109,34,50
109,34,51
109,34,53
109,34,54
109,34,56
109,34,58
109,34,59
109,34,64
109,34,67
109,34,68
109,34,72
109,34,73
109,34,74
109,34,75
109,34,77
109,34,81
109,34,82
109,34,83
109,34,85
109,34,86
109,34,87
109,34,88
109,34,89
109,34,90
109,34,93
109,34,94
109,34,101
109,34,102
109,35,36
109,35,47
109,35,48
109,35,49
109,35,50
109,35,51
109,35,53
109,35,54
109,35,56
109,35,58
109,35,59
109,35,64
109,35,67
109,35,68
109,35,72
109,35,73
109,35,74
109,35,75
109,35,77
109,35,81
109,35,82
109,35,83
109,35,85
109,35,86
109,35,87
109,35,88
109,35,89
109,35,90
109,35,93
109,35,94
109,35,101
109,35,102
109,36,48
109,36,49
109,36,50
109,36,51
109,36,53
109,36,54
109,36,56
109,36,58
109,36,59
109,36,64
109,36,67
109,36,68
109,36,73
109,36,74
109,36,75
109,36,77
109,36,81
109,36,82
109,36,83
109,36,85
109,36,86
109,36,87
109,36,88
109,36,89
109,36,90
109,36,93
109,36,94
109,36,101
109,36,102
109,37,40
109,37,41
109,37,43
109,37,44
109,37,45
109,37,46
109,37,52
109,37,57
109,37,62
109,37,63
109,37,65
109,37,66
109,37,69
109,37,70
109,37,84
109,37,92
109,37,95
109,37,96
109,37,98
109,37,100
109,38,39
109,38,47
109,38,75
109,38,78
109,39,78
109,40,41
109,40,42
109,40,43
109,40,44
109,40,45
109,40,46
109,40,52
109,40,57
109,40,60
109,40,61
109,40,62
109,40,63
109,40,65
109,40,66
109,40,69
109,40,70
109,40,76
109,40,80
109,40,84
109,40,91
109,40,92
109,40,95
109,40,96
109,40,97
109,40,98
109,40,99
109,40,100
109,41,42
109,41,43
109,41,44
109,41,45
109,41,46
109,41,52
109,41,57
109,41,60
109,41,61
109,41,62
109,41,63
109,41,65
109,41,66
109,41,70
109,41,76
109,41,80
109,41,84
109,41,91
109,41,92
109,41,95
109,41,96
109,41,97
109,41,98
109,41,99
109,41,100
109,42,43
109,42,44
109,42,45
109,42,46
109,42,57
109,42,60
109,42,61
109,42,62
109,42,63
109,42,65
109,42,66
109,42,70
109,42,76
109,42,80
109,42,84
109,42,91
109,42,92
109,42,95
109,42,96
109,42,97
109,42,98
109,42,99
109,42,100
109,43,44
109,43,45
109,43,46
109,43,57
109,43,60
109,43,61
109,43,62
109,43,63
109,43,65
109,43,66
109,43,70
109,43,76
109,43,80
109,43,84
109,43,91
109,43,92
109,43,95
109,43,96
109,43,98
109,43,99
109,43,100
109,44,45
109,44,46
109,44,52
109,44,57
109,44,60
109,44,61
109,44,62
109,44,63
109,44,65
109,44,66
109,44,69
109,44,70
109,44,76
109,44,80
109,44,84
109,44,91
109,44,92
109,44,95
109,44,96
109,44,97
109,44,98
109,44,99
109,44,100
109,45,46
109,45,52
109,45,57
109,45,60
109,45,61
109,45,62
109,45,63
109,45,65
109,45,66
109,45,70
109,45,76
109,45,80
109,45,84
109,45,91
109,45,92
109,45,95
109,45,96
109,45,97
109,45,98
109,45,99
109,45,100
109,46,52
109,46,57
109,46,60
109,46,61
109,46,62
109,46,63
109,46,65
109,46,66
109,46,69
109,46,70
109,46,76
109,46,80
109,46,84
109,46,91
109,46,92
109,46,95
109,46,96
109,46,97
109,46,98
109,46,99
109,46,100
109,47,48
109,47,49
109,47,50
109,47,51
109,47,53
109,47,54
109,47,64
109,47,68
109,47,71
109,47,72
109,47,75
109,47,77
109,47,78
109,47,83
109,47,85
109,47,86
109,47,88
109,47,89
109,47,90
109,47,93
109,47,94
109,48,49
109,48,50
109,48,51
109,48,53
109,48,54
109,48,56
109,48,58
109,48,59
109,48,64
109,48,67
109,48,68
109,48,72
109,48,73
109,48,74
109,48,75
109,48,77
109,48,81
109,48,82
109,48,83
109,48,85
109,48,86
109,48,87
109,48,88
109,48,89
109,48,90
109,48,93
109,48,94
109,48,101
109,48,102
109,49,50
109,49,51
109,49,53
109,49,54
109,49,56
109,49,58
109,49,59
109,49,64
109,49,67
109,49,68
109,49,72
109,49,73
109,49,74
109,49,75
109,49,77
109,49,81
109,49,82
109,49,83
109,49,85
109,49,86
109,49,87
109,49,88
109,49,89
109,49,90
109,49,93
109,49,94
109,49,101
109,49,102
109,50,51
109,50,53
109,50,54
109,50,56
109,50,64
109,50,67
109,50,68
109,50,71
109,50,73
109,50,75
109,50,77
109,50,81
109,50,82
109,50,83
109,50,85
109,50,86
109,50,87
109,50,88
109,50,89
109,50,90
109,50,93
109,50,94
109,50,101
109,50,102
109,51,53
109,51,54
109,51,56
109,51,58
109,51,59
109,51,64
109,51,67
109,51,68
109,51,72
109,51,73
109,51,74
109,51,75
109,51,77
109,51,81
109,51,82
109,51,83
109,51,85
109,51,86
109,51,87
109,51,88
109,51,89
109,51,90
109,51,93
109,51,94
109,51,101
109,51,102
109,52,57
109,52,61
109,52,63
109,52,65
109,52,69
109,52,70
109,52,80
109,52,84
109,52,91
109,52,92
109,52,95
109,52,96
109,52,98
109,52,100
109,53,54
109,53,56
109,53,58
109,53,59
109,53,64
109,53,67
109,53,68
109,53,72
109,53,73
109,53,74
109,53,75
109,53,77
109,53,81
109,53,82
109,53,83
109,53,85
109,53,86
109,53,87
109,53,88
109,53,89
109,53,90
109,53,93
109,53,94
109,53,101
109,53,102
109,54,56
109,54,58
109,54,59
109,54,64
109,54,67
109,54,68
109,54,72
109,54,73
109,54,74
109,54,75
109,54,77
109,54,81
109,54,82
109,54,83
109,54,85
109,54,86
109,54,87
109,54,88
109,54,89
109,54,90
109,54,93
109,54,94
109,54,101
109,54,102
109,56,58
109,56,59
109,56,64
109,56,67
109,56,68
109,56,73
109,56,74
109,56,75
109,56,77
109,56,81
109,56,82
109,56,83
109,56,85
109,56,86
109,56,87
109,56,88
109,56,89
109,56,90
109,56,93
109,56,94
109,56,101
109,56,102
109,57,60
109,57,61
109,57,62
109,57,63
109,57,65
109,57,66
109,57,69
109,57,70
109,57,76
109,57,80
109,57,84
109,57,91
109,57,92
109,57,95
109,57,96
109,57,97
109,57,98
109,57,99
109,57,100
109,58,59
109,58,64
109,58,67
109,58,68
109,58,73
109,58,74
109,58,75
109,58,77
109,58,81
109,58,82
109,58,83
109,58,85
109,58,86
109,58,87
109,58,88
109,58,89
109,58,90
109,58,93
109,58,101
109,58,102
109,59,67
109,59,68
109,59,73
109,59,74
109,59,77
109,59,81
109,59,82
109,59,83
109,59,85
109,59,86
109,59,87
109,59,88
109,59,89
109,59,90
109,59,93
109,59,101
109,59,102
109,60,62
109,60,63
109,60,65
109,60,66
109,60,70
109,60,76
109,60,80
109,60,91
109,60,92
109,60,95
109,60,96
109,60,98
109,60,99
109,60,100
109,61,62
109,61,63
109,61,65
109,61,66
109,61,70
109,61,76
109,61,80
109,61,84
109,61,91
109,61,92
109,61,95
109,61,96
109,61,98
109,61,99
109,61,100
109,62,63
109,62,65
109,62,66
109,62,70
109,62,76
109,62,80
109,62,84
109,62,91
109,62,92
109,62,95
109,62,96
109,62,98
109,62,99
109,62,100
109,63,65
109,63,66
109,63,69
109,63,70
109,63,76
109,63,80
109,63,84
109,63,91
109,63,92
109,63,95
109,63,96
109,63,98
109,63,99
109,63,100
109,64,67
109,64,68
109,64,72
109,64,73
109,64,74
109,64,75
109,64,77
109,64,78
109,64,81
109,64,82
109,64,83
109,64,85
109,64,86
109,64,87
109,64,88
109,64,89
109,64,90
109,64,93
109,64,94
109,64,101
109,64,102
109,65,66
109,65,69
109,65,70
109,65,76
109,65,80
109,65,84
109,65,91
109,65,92
109,65,95
109,65,96
109,65,98
109,65,99
109,65,100
109,66,70
109,66,76
109,66,80
109,66,84
109,66,91
109,66,92
109,66,95
109,66,96
109,66,98
109,66,99
109,66,100
109,67,68
109,67,72
109,67,73
109,67,74
109,67,75
109,67,77
109,67,81
109,67,82
109,67,83
109,67,85
109,67,86
109,67,87
109,67,88
109,67,89
109,67,90
109,67,93
109,67,94
109,67,101
109,67,102
109,68,72
109,68,73
109,68,74
109,68,75
109,68,77
109,68,81
109,68,82
109,68,83
109,68,85
109,68,86
109,68,87
109,68,88
109,68,89
109,68,90
109,68,93
109,68,94
109,68,101
109,68,102
109,69,70
109,69,80
109,69,84
109,69,92
109,69,96
109,69,97
109,69,98
109,69,100
109,70,76
109,70,80
109,70,84
109,70,91
109,70,92
109,70,95
109,70,96
109,70,97
109,70,98
109,70,99
109,70,100
109,71,75
109,71,78
109,71,94
109,72,75
109,72,77
109,72,82
109,72,83
109,72,85
109,72,86
109,72,87
109,72,88
109,72,89
109,72,90
109,72,93
109,72,94
109,72,101
109,72,102
109,73,74
109,73,77
109,73,81
109,73,82
109,73,83
109,73,85
109,73,86
109,73,87
109,73,88
109,73,89
109,73,90
109,73,93
109,73,101
109,73,102
109,74,77
109,74,81
109,74,82
109,74,83
109,74,85
109,74,86
109,74,87
109,74,88
109,74,89
109,74,90
109,74,93
109,74,101
109,74,102
109,75,77
109,75,78
109,75,81
109,75,82
109,75,83
109,75,85
109,75,86
109,75,87
109,75,88
109,75,89
109,75,90
109,75,93
109,75,94
109,75,101
109,75,102
109,76,80
109,76,84
109,76,91
109,76,92
109,76,95
109,76,96
109,76,97
109,76,98
109,76,99
109,76,100
109,77,81
109,77,82
109,77,83
109,77,85
109,77,86
109,77,87
109,77,88
109,77,89
109,77,90
109,77,93
109,77,94
109,77,101
109,77,102
109,78,94
109,80,84
109,80,91
109,80,92
109,80,95
109,80,96
109,80,97
109,80,98
109,80,99
109,80,100
109,81,82
109,81,83
109,81,85
109,81,86
109,81,87
109,81,88
109,81,89
109,81,90
109,81,93
109,81,94
109,81,101
109,81,102
109,82,83
109,82,85
109,82,86
109,82,87
109,82,88
109,82,89
109,82,90
109,82,93
109,82,94
109,82,101
109,82,102
109,83,85
109,83,86
109,83,87
109,83,88
109,83,89
109,83,90
109,83,93
109,83,94
109,83,101
109,83,102
109,84,91
109,84,92
109,84,95
109,84,96
109,84,97
109,84,98
109,84,100
109,85,86
109,85,87
109,85,88
109,85,89
109,85,90
109,85,93
109,85,94
109,85,101
109,85,102
109,86,87
109,86,88
109,86,89
109,86,90
109,86,93
109,86,94
109,86,101
109,86,102
109,87,88
109,87,89
109,87,90
109,87,93
109,87,94
109,87,101
109,87,102
109,88,89
109,88,90
109,88,93
109,88,94
109,88,101
109,88,102
109,89,90
109,89,93
109,89,94
109,89,101
109,89,102
109,90,93
109,90,94
109,90,101
109,90,102
109,91,92
109,91,95
109,91,96
109,91,98
109,91,99
109,91,100
109,92,95
109,92,96
109,92,97
109,92,98
109,92,99
109,92,100
109,93,94
109,93,101
109,93,102
109,94,101
109,94,102
109,95,96
109,95,97
109,95,98
109,95,99
109,95,100
109,96,97
109,96,98
109,96,99
109,96,100
109,97,98
109,97,100
109,98,99
109,98,100
109,99,100
109,101,102
110,1,6
110,1,7
110,1,12
110,1,32
110,1,34
110,1,35
110,1,49
110,1,57
110,1,59
110,1,60
110,1,64
110,1,67
110,1,74
110,1,81
110,1,82
110,1,87
110,1,89
110,1,101
110,1,102
110,2,3
110,2,6
110,2,7
110,2,12
110,2,18
110,2,20
110,2,21
110,2,24
110,2,25
110,2,30
110,2,32
110,2,33
110,2,34
110,2,35
110,2,36
110,2,48
110,2,49
110,2,50
110,2,57
110,2,59
110,2,60
110,2,67
110,2,68
110,2,73
110,2,74
110,2,81
110,2,82
110,2,83
110,2,85
110,2,86
110,2,87
110,2,88
110,2,89
110,2,90
110,2,101
110,2,102
110,2,103
110,3,7
110,3,12
110,3,18
110,3,20
110,3,21
110,3,24
110,3,25
110,3,30
110,3,32
110,3,33
110,3,34
110,3,35
110,3,36
110,3,48
110,3,49
110,3,50
110,3,52
110,3,57
110,3,59
110,3,60
110,3,67
110,3,68
110,3,73
110,3,82
110,3,83
110,3,85
110,3,86
110,3,87
110,3,88
110,3,89
110,3,90
110,3,101
110,3,102
110,3,103
110,4,5
110,4,29
110,4,33
110,4,47
110,4,48
110,4,52
110,4,64
110,4,86
110,4,88
110,4,89
110,4,90
110,4,94
110,4,102
110,5,24
110,5,29
110,5,33
110,5,35
110,5,47
110,5,48
110,5,50
110,5,52
110,5,64
110,5,78
110,5,86
110,5,88
110,5,89
110,5,90
110,5,94
110,5,102
110,6,7
110,6,12
110,6,18
110,6,20
110,6,21
110,6,24
110,6,25
110,6,32
110,6,34
110,6,35
110,6,36
110,6,49
110,6,57
110,6,59
110,6,67
110,6,73
110,6,74
110,6,81
110,6,82
110,6,83
110,6,87
110,6,101
110,6,102
110,6,103
110,7,12
110,7,18
110,7,20
110,7,21
110,7,24
110,7,25
110,7,29
110,7,30
110,7,32
110,7,33
110,7,34
110,7,35
110,7,36
110,7,48
110,7,49
110,7,50
110,7,52
110,7,57
110,7,59
110,7,60
110,7,64
110,7,67
110,7,68
110,7,73
110,7,74
110,7,81
110,7,82
110,7,83
110,7,85
110,7,86
110,7,87
110,7,88
110,7,89
110,7,90
110,7,94
110,7,101
110,7,102
110,7,103
110,8,9
110,8,10
110,8,11
110,8,13
110,8,14
110,8,15
110,8,16
110,8,17
110,8,19
110,8,22
110,8,23
110,8,26
110,8,28
110,8,31
110,8,37
110,8,40
110,8,41
110,8,42
110,8,43
110,8,44
110,8,45
110,8,46
110,8,51
110,8,53
110,8,54
110,8,56
110,8,58
110,8,61
110,8,62
110,8,63
110,8,65
110,8,66
110,8,69
110,8,70
110,8,71
110,8,76
110,8,77
110,8,79
110,8,80
110,8,84
110,8,91
110,8,92
110,8,93
110,8,95
110,8,96
110,8,97
110,8,98
110,8,100
110,9,10
110,9,11
110,9,13
110,9,14
110,9,15
110,9,16
110,9,17
110,9,19
110,9,22
110,9,23
110,9,26
110,9,27
110,9,28
110,9,31
110,9,37
110,9,40
110,9,41
110,9,42
110,9,43
110,9,44
110,9,45
110,9,46
110,9,51
110,9,53
110,9,54
110,9,56
110,9,58
110,9,61
110,9,62
110,9,63
110,9,65
110,9,66
110,9,69
110,9,70
110,9,71
110,9,76
110,9,77
110,9,79
110,9,80
110,9,84
110,9,91
110,9,92
110,9,93
110,9,95
110,9,96
110,9,97
110,9,98
110,9,99
110,9,100
110,10,11
110,10,13
110,10,14
110,10,15
110,10,16
110,10,17
110,10,19
110,10,22
110,10,23
110,10,26
110,10,27
110,10,28
110,10,31
110,10,37
110,10,40
110,10,41
110,10,42
110,10,43
110,10,44
110,10,45
110,10,46
110,10,51
110,10,53
110,10,54
110,10,58
110,10,61
110,10,62
110,10,63
110,10,65
110,10,66
110,10,69
110,10,70
110,10,71
110,10,76
110,10,77
110,10,79
110,10,80
110,10,84
110,10,91
110,10,92
110,10,93
110,10,95
110,10,96
110,10,97
110,10,98
110,10,99
110,10,100
110,11,13
110,11,14
110,11,15
110,11,16
110,11,17
110,11,19
110,11,22
110,11,23
110,11,26
110,11,27
110,11,28
110,11,31
110,11,37
110,11,40
110,11,41
110,11,42
110,11,43
110,11,44
110,11,45
110,11,46
110,11,51
110,11,53
110,11,54
110,11,56
110,11,58
110,11,61
110,11,62
110,11,63
110,11,65
110,11,66
110,11,69
110,11,70
110,11,71
110,11,76
110,11,77
110,11,79
110,11,80
110,11,84
110,11,91
110,11,92
110,11,93
110,11,95
110,11,96
110,11,97
110,11,98
110,11,99
110,11,100
110,12,18
110,12,20
110,12,21
110,12,24
110,12,25
110,12,32
110,12,33
110,12,34
110,12,35
110,12,36
110,12,48
110,12,49
110,12,50
110,12,52
110,12,57
110,12,59
110,12,60
110,12,67
110,12,68
110,12,73
110,12,74
110,12,81
110,12,82
110,12,83
110,12,85
110,12,86
110,12,87
110,12,88
110,12,89
110,12,90
110,12,101
110,12,102
110,12,103
110,13,14
110,13,15
110,13,16
110,13,17
110,13,19
110,13,22
110,13,23
110,13,26
110,13,27
110,13,28
110,13,31
110,13,37
110,13,40
110,13,41
110,13,42
110,13,43
110,13,44
110,13,45
110,13,46
110,13,51
110,13,53
110,13,54
110,13,56
110,13,58
110,13,61
110,13,62
110,13,63
110,13,65
110,13,66
110,13,69
110,13,70
110,13,71
110,13,76
110,13,77
110,13,79
110,13,80
110,13,84
110,13,91
110,13,92
110,13,93
110,13,95
110,13,96
110,13,97
110,13,98
110,13,99
110,13,100
110,14,15
110,14,16
110,14,17
110,14,19
110,14,22
110,14,23
110,14,26
110,14,27
110,14,31
110,14,40
110,14,41
110,14,42
110,14,43
110,14,44
110,14,45
110,14,46
110,14,51
110,14,53
110,14,54
110,14,58
110,14,61
110,14,62
110,14,63
110,14,65
110,14,66
110,14,69
110,14,70
110,14,71
110,14,76
110,14,77
110,14,79
110,14,80
110,14,84
110,14,91
110,14,92
110,14,93
110,14,95
110,14,96
110,14,97
110,14,98
110,14,99
110,14,100
110,15,16
110,15,17
110,15,19
110,15,22
110,15,23
110,15,26
110,15,27
110,15,28
110,15,31
110,15,37
110,15,40
110,15,41
110,15,42
110,15,43
110,15,44
110,15,45
110,15,46
110,15,53
110,15,54
110,15,56
110,15,58
110,15,61
110,15,62
110,15,63
110,15,65
110,15,66
110,15,69
110,15,70
110,15,71
110,15,76
110,15,77
110,15,79
110,15,80
110,15,84
110,15,91
110,15,92
110,15,93
110,15,95
110,15,96
110,15,98
110,15,100
110,16,17
110,16,19
110,16,22
110,16,23
110,16,26
110,16,27
110,16,28
110,16,31
110,16,37
110,16,40
110,16,41
110,16,42
110,16,43
110,16,44
110,16,45
110,16,46
110,16,51
110,16,53
110,16,54
110,16,58
110,16,61
110,16,62
110,16,63
110,16,65
110,16,66
110,16,69
110,16,70
110,16,71
110,16,76
110,16,77
110,16,79
110,16,80
110,16,84
110,16,91
110,16,92
110,16,93
110,16,95
110,16,96
110,16,97
110,16,98
110,16,99
110,16,100
110,17,19
110,17,22
110,17,23
110,17,26
110,17,27
110,17,28
110,17,31
110,17,37
110,17,40
110,17,41
110,17,42
110,17,43
110,17,44
110,17,45
110,17,46
110,17,51
110,17,53
110,17,54
110,17,56
110,17,58
110,17,61
110,17,62
110,17,63
110,17,65
110,17,66
110,17,69
110,17,70
110,17,71
110,17,76
110,17,77
110,17,79
110,17,80
110,17,84
110,17,91
110,17,92
110,17,93
110,17,95
110,17,96
110,17,97
110,17,98
110,17,99
110,17,100
110,18,20
110,18,21
110,18,24
110,18,25
110,18,32
110,18,33
110,18,35
110,18,36
110,18,48
110,18,49
110,18,50
110,18,59
110,18,64
110,18,67
110,18,68
110,18,82
110,18,83
110,18,85
110,18,86
110,18,87
110,18,88
110,18,89
110,18,90
110,18,94
110,18,102
110,19,22
110,19,23
110,19,26
110,19,27
110,19,28
110,19,31
110,19,37
110,19,40
110,19,41
110,19,42
110,19,43
110,19,44
110,19,45
110,19,46
110,19,51
110,19,53
110,19,54
110,19,56
110,19,58
110,19,61
110,19,62
110,19,63
110,19,65
110,19,66
110,19,69
110,19,70
110,19,71
110,19,76
110,19,77
110,19,79
110,19,80
110,19,84
110,19,91
110,19,92
110,19,93
110,19,95
110,19,96
110,19,97
110,19,98
110,19,99
110,19,100
110,20,21
110,20,24
110,20,25
110,20,30
110,20,32
110,20,33
110,20,34
110,20,35
110,20,36
110,20,48
110,20,49
110,20,50
110,20,52
110,20,57
110,20,59
110,20,60
110,20,67
110,20,68
110,20,73
110,20,74
110,20,81
110,20,82
110,20,83
110,20,85
110,20,86
110,20,87
110,20,88
110,20,89
110,20,90
110,20,101
110,20,102
110,20,103
110,21,24
110,21,25
110,21,30
110,21,32
110,21,33
110,21,34
110,21,35
110,21,36
110,21,48
110,21,49
110,21,50
110,21,52
110,21,57
110,21,59
110,21,60
110,21,67
110,21,68
110,21,73
110,21,74
110,21,81
110,21,82
110,21,83
110,21,85
110,21,86
110,21,87
110,21,88
110,21,89
110,21,90
110,21,94
110,21,101
110,21,102
110,21,103
110,22,23
110,22,26
110,22,27
110,22,28
110,22,31
110,22,37
110,22,40
110,22,41
110,22,42
110,22,43
110,22,44
110,22,45
110,22,46
110,22,51
110,22,53
110,22,54
110,22,56
110,22,58
110,22,61
110,22,62
110,22,63
110,22,65
110,22,66
110,22,69
110,22,70
110,22,71
110,22,76
110,22,77
110,22,79
110,22,80
110,22,84
110,22,91
110,22,92
110,22,93
110,22,95
110,22,96
110,22,97
110,22,98
110,22,99
110,22,100
110,23,26
110,23,27
110,23,28
110,23,31
110,23,37
110,23,40
110,23,41
110,23,42
110,23,43
110,23,44
110,23,45
110,23,46
110,23,51
110,23,53
110,23,54
110,23,56
110,23,58
110,23,61
110,23,62
110,23,63
110,23,65
110,23,66
110,23,69
110,23,70
110,23,71
110,23,76
110,23,77
110,23,79
110,23,80
110,23,84
110,23,91
110,23,92
110,23,93
110,23,95
110,23,96
110,23,97
110,23,98
110,23,99
110,23,100
110,24,25
110,24,30
110,24,32
110,24,33
110,24,34
110,24,35
110,24,36
110,24,48
110,24,49
110,24,50
110,24,52
110,24,57
110,24,59
110,24,64
110,24,67
110,24,68
110,24,73
110,24,82
110,24,83
110,24,85
110,24,86
110,24,87
110,24,88
110,24,89
110,24,90
110,24,94
110,24,101
110,24,102
110,24,103
110,25,30
110,25,32
110,25,33
110,25,34
110,25,35
110,25,36
110,25,48
110,25,49
110,25,50
110,25,52
110,25,57
110,25,67
110,25,68
110,25,73
110,25,81
110,25,82
110,25,83
110,25,85
110,25,86
110,25,87
110,25,88
110,25,89
110,25,90
110,25,101
110,25,102
110,25,103
110,26,27
110,26,28
110,26,31
110,26,37
110,26,40
110,26,41
110,26,42
110,26,43
110,26,44
110,26,45
110,26,46
110,26,51
110,26,53
110,26,54
110,26,58
110,26,61
110,26,62
110,26,63
110,26,65
110,26,66
110,26,69
110,26,70
110,26,71
110,26,76
110,26,77
110,26,79
110,26,80
110,26,84
110,26,91
110,26,92
110,26,93
110,26,95
110,26,96
110,26,97
110,26,98
110,26,99
110,26,100
110,27,28
110,27,31
110,27,40
110,27,41
110,27,42
110,27,43
110,27,44
110,27,45
110,27,46
110,27,51
110,27,53
110,27,54
110,27,58
110,27,61
110,27,62
110,27,63
110,27,65
110,27,66
110,27,69
110,27,70
110,27,71
110,27,76
110,27,77
110,27,79
110,27,80
110,27,84
110,27,91
110,27,92
110,27,93
110,27,95
110,27,96
110,27,97
110,27,98
110,27,99
110,27,100
110,28,31
110,28,37
110,28,40
110,28,41
110,28,43
110,28,44
110,28,45
110,28,46
110,28,51
110,28,53
110,28,54
110,28,56
110,28,61
110,28,62
110,28,63
110,28,65
110,28,66
110,28,69
110,28,70
110,28,71
110,28,76
110,28,77
110,28,79
110,28,80
110,28,84
110,28,92
110,28,93
110,28,95
110,28,96
110,28,98
110,28,100
110,29,50
110,29,64
110,29,86
110,29,89
110,29,94
110,30,32
110,30,33
110,30,35
110,30,36
110,30,50
110,30,52
110,30,57
110,30,64
110,30,67
110,30,82
110,30,83
110,30,85
110,30,86
110,30,87
110,30,88
110,30,90
110,30,101
110,30,102
110,30,103
110,31,37
110,31,40
110,31,41
110,31,42
110,31,43
110,31,44
110,31,45
110,31,46
110,31,51
110,31,53
110,31,54
110,31,58
110,31,61
110,31,62
110,31,63
110,31,65
110,31,66
110,31,69
110,31,70
110,31,71
110,31,76
110,31,77
110,31,79
110,31,80
110,31,84
110,31,91
110,31,92
110,31,93
110,31,95
110,31,96
110,31,97
110,31,98
110,31,99
110,31,100
110,32,33
110,32,34
110,32,35
110,32,36
110,32,48
110,32,49
110,32,50
110,32,52
110,32,57
110,32,59
110,32,60
110,32,67
110,32,68
110,32,73
110,32,81
110,32,82
110,32,83
110,32,85
110,32,86
110,32,87
110,32,88
110,32,89
110,32,90
110,32,101
110,32,102
110,32,103
110,33,35
110,33,36
110,33,47
110,33,48
110,33,49
110,33,50
110,33,52
110,33,60
110,33,64
110,33,67
110,33,68
110,33,83
110,33,85
110,33,86
110,33,87
110,33,88
110,33,89
110,33,90
110,33,94
110,33,101
110,33,102
110,34,35
110,34,36
110,34,48
110,34,49
110,34,52
110,34,57
110,34,59
110,34,60
110,34,67
110,34,68
110,34,73
110,34,74
110,34,81
110,34,82
110,34,83
110,34,85
110,34,86
110,34,87
110,34,88
110,34,89
110,34,101
110,34,102
110,34,103
110,35,36
110,35,48
110,35,49
110,35,50
110,35,52
110,35,57
110,35,59
110,35,60
110,35,64
110,35,67
110,35,68
110,35,73
110,35,81
110,35,82
110,35,83
110,35,85
110,35,86
110,35,87
110,35,88
110,35,89
110,35,90
110,35,94
110,35,101
110,35,102
110,35,103
110,36,48
110,36,49
110,36,50
110,36,52
110,36,57
110,36,67
110,36,68
110,36,73
110,36,74
110,36,81
110,36,82
110,36,83
110,36,85
110,36,87
110,36,88
110,36,101
110,36,102
110,36,103
110,37,40
110,37,41
110,37,43
110,37,44
110,37,45
110,37,46
110,37,51
110,37,53
110,37,54
110,37,56
110,37,58
110,37,61
110,37,62
110,37,63
110,37,65
110,37,66
110,37,69
110,37,70
110,37,71
110,37,76
110,37,77
110,37,79
110,37,80
110,37,84
110,37,92
110,37,93
110,37,95
110,37,96
110,37,97
110,37,98
110,37,100
110,38,39
110,38,47
110,38,75
110,39,75
110,39,84
110,40,41
110,40,42
110,40,43
110,40,44
110,40,45
110,40,46
110,40,51
110,40,53
110,40,54
110,40,56
110,40,58
110,40,61
110,40,62
110,40,63
110,40,65
110,40,66
110,40,69
110,40,70
110,40,71
110,40,76
110,40,77
110,40,79
110,40,80
110,40,84
110,40,91
110,40,92
110,40,93
110,40,95
110,40,96
110,40,97
110,40,98
110,40,99
110,40,100
110,41,42
110,41,43
110,41,44
110,41,45
110,41,46
110,41,51
110,41,53
110,41,54
110,41,56
110,41,58
110,41,61
110,41,62
110,41,63
110,41,65
110,41,66
110,41,69
110,41,70
110,41,71
110,41,76
110,41,77
110,41,79
110,41,80
110,41,84
110,41,91
110,41,92
110,41,93
110,41,95
110,41,96
110,41,97
110,41,98
110,41,99
110,41,100
110,42,43
110,42,44
110,42,45
110,42,46
110,42,51
110,42,53
110,42,54
110,42,58
110,42,61
110,42,62
110,42,63
110,42,65
110,42,66
110,42,69
110,42,70
110,42,71
110,42,76
110,42,77
110,42,79
110,42,80
110,42,84
110,42,91
110,42,92
110,42,93
110,42,95
110,42,96
110,42,97
110,42,98
110,42,99
110,42,100
110,43,44
110,43,45
110,43,46
110,43,51
110,43,53
110,43,54
110,43,58
110,43,61
110,43,62
110,43,63
110,43,65
110,43,66
110,43,69
110,43,70
110,43,71
110,43,76
110,43,77
110,43,79
110,43,80
110,43,84
110,43,91
110,43,92
110,43,93
110,43,95
110,43,96
110,43,97
110,43,98
110,43,99
110,43,100
110,44,45
110,44,46
110,44,51
110,44,53
110,44,54
110,44,56
110,44,58
110,44,61
110,44,62
110,44,63
110,44,65
110,44,66
110,44,69
110,44,70
110,44,71
110,44,76
110,44,77
110,44,79
110,44,80
110,44,84
110,44,91
110,44,92
110,44,93
110,44,95
110,44,96
110,44,97
110,44,98
110,44,99
110,44,100
110,45,46
110,45,51
110,45,53
110,45,54
110,45,56
110,45,58
110,45,61
110,45,62
110,45,63
110,45,65
110,45,66
110,45,69
110,45,70
110,45,71
110,45,76
110,45,77
110,45,79
110,45,80
110,45,84
110,45,91
110,45,92
110,45,93
110,45,95
110,45,96
110,45,97
110,45,98
110,45,99
110,45,100
110,46,51
110,46,53
110,46,54
110,46,56
110,46,58
110,46,61
110,46,62
110,46,63
110,46,65
110,46,66
110,46,69
110,46,70
110,46,71
110,46,76
110,46,77
110,46,79
110,46,80
110,46,84
110,46,91
110,46,92
110,46,93
110,46,95
110,46,96
110,46,97
110,46,98
110,46,99
110,46,100
110,47,50
110,47,64
110,47,75
110,47,90
110,48,49
110,48,50
110,48,52
110,48,64
110,48,67
110,48,68
110,48,83
110,48,85
110,48,86
110,48,87
110,48,88
110,48,89
110,48,90
110,48,94
110,48,101
110,48,102
110,49,52
110,49,57
110,49,67
110,49,68
110,49,73
110,49,81
110,49,82
110,49,83
110,49,85
110,49,86
110,49,87
110,49,88
110,49,89
110,49,90
110,49,101
110,49,102
110,49,103
110,50,52
110,50,57
110,50,64
110,50,67
110,50,73
110,50,82
110,50,83
110,50,86
110,50,87
110,50,88
110,50,89
110,50,90
110,50,94
110,50,101
110,50,103
110,51,53
110,51,54
110,51,56
110,51,58
110,51,61
110,51,62
110,51,63
110,51,65
110,51,66
110,51,69
110,51,70
110,51,71
110,51,76
110,51,77
110,51,79
110,51,80
110,51,84
110,51,91
110,51,92
110,51,93
110,51,95
110,51,96
110,51,97
110,51,98
110,51,99
110,51,100
110,52,57
110,52,64
110,52,67
110,52,68
110,52,83
110,52,85
110,52,86
110,52,87
110,52,88
110,52,89
110,52,90
110,52,94
110,52,101
110,52,102
110,53,54
110,53,56
110,53,58
110,53,61
110,53,62
110,53,63
110,53,65
110,53,66
110,53,69
110,53,70
110,53,71
110,53,76
110,53,77
110,53,79
110,53,80
110,53,84
110,53,91
110,53,92
110,53,93
110,53,95
110,53,96
110,53,97
110,53,98
110,53,99
110,53,100
110,54,56
110,54,58
110,54,61
110,54,62
110,54,63
110,54,65
110,54,66
110,54,69
110,54,70
110,54,71
110,54,76
110,54,77
110,54,79
110,54,80
110,54,84
110,54,91
110,54,92
110,54,93
110,54,95
110,54,96
110,54,97
110,54,98
110,54,99
110,54,100
110,55,102
110,56,63
110,56,69
110,56,70
110,56,71
110,56,76
110,56,77
110,56,84
110,56,93
110,56,96
110,56,97
110,56,98
110,56,100
110,57,59
110,57,60
110,57,67
110,57,68
110,57,73
110,57,74
110,57,81
110,57,82
110,57,83
110,57,85
110,57,86
110,57,87
110,57,88
110,57,101
110,57,102
110,57,103
110,58,61
110,58,62
110,58,63
110,58,65
110,58,66
110,58,69
110,58,70
110,58,71
110,58,76
110,58,77
110,58,79
110,58,80
110,58,84
110,58,91
110,58,92
110,58,93
110,58,95
110,58,96
110,58,97
110,58,98
110,58,99
110,58,100
110,59,60
110,59,67
110,59,81
110,59,86
110,59,87
110,59,88
110,59,89
110,59,102
110,60,67
110,60,68
110,60,83
110,60,85
110,60,86
110,60,87
110,60,88
110,60,89
110,60,90
110,60,101
110,60,102
110,61,62
110,61,63
110,61,65
110,61,66
110,61,69
110,61,70
110,61,71
110,61,76
110,61,77
110,61,79
110,61,80
110,61,84
110,61,91
110,61,92
110,61,93
110,61,95
110,61,96
110,61,97
110,61,98
110,61,99
110,61,100
110,62,63
110,62,65
110,62,66
110,62,69
110,62,70
110,62,71
110,62,76
110,62,77
110,62,79
110,62,80
110,62,84
110,62,91
110,62,92
110,62,93
110,62,95
110,62,96
110,62,97
110,62,98
110,62,99
110,62,100
110,63,65
110,63,66
110,63,69
110,63,70
110,63,71
110,63,76
110,63,77
110,63,79
110,63,80
110,63,84
110,63,91
110,63,92
110,63,93
110,63,95
110,63,96
110,63,97
110,63,98
110,63,99
110,63,100
110,64,86
110,64,88
110,64,89
110,64,90
110,64,94
110,65,66
110,65,69
110,65,70
110,65,71
110,65,76
110,65,77
110,65,79
110,65,80
110,65,84
110,65,91
110,65,92
110,65,93
110,65,95
110,65,96
110,65,97
110,65,98
110,65,99
110,65,100
110,66,69
110,66,70
110,66,71
110,66,76
110,66,77
110,66,79
110,66,80
110,66,84
110,66,91
110,66,92
110,66,93
110,66,95
110,66,96
110,66,97
110,66,98
110,66,99
110,66,100
110,67,68
110,67,73
110,67,74
110,67,81
110,67,82
110,67,83
110,67,85
110,67,86
110,67,87
110,67,88
110,67,89
110,67,90
110,67,101
110,67,102
110,67,103
110,68,73
110,68,82
110,68,83
110,68,85
110,68,86
110,68,87
110,68,88
110,68,89
110,68,94
110,68,101
110,68,102
110,69,70
110,69,71
110,69,76
110,69,77
110,69,79
110,69,80
110,69,84
110,69,91
110,69,92
110,69,93
110,69,95
110,69,96
110,69,97
110,69,98
110,69,99
110,69,100
110,70,71
110,70,76
110,70,77
110,70,79
110,70,80
110,70,84
110,70,91
110,70,92
110,70,93
110,70,95
110,70,96
110,70,97
110,70,98
110,70,99
110,70,100
110,71,76
110,71,77
110,71,79
110,71,80
110,71,84
110,71,91
110,71,92
110,71,93
110,71,95
110,71,96
110,71,97
110,71,98
110,71,99
110,71,100
110,73,74
110,73,81
110,73,82
110,73,83
110,73,87
110,73,101
110,73,102
110,73,103
110,74,81
110,74,82
110,74,83
110,74,87
110,74,101
110,74,102
110,74,103
110,76,77
110,76,79
110,76,80
110,76,84
110,76,91
110,76,92
110,76,93
110,76,95
110,76,96
110,76,97
110,76,98
110,76,99
110,76,100
110,77,79
110,77,80
110,77,84
110,77,91
110,77,92
110,77,93
110,77,95
110,77,96
110,77,97
110,77,98
110,77,99
110,77,100
110,78,94
110,79,80
110,79,84
110,79,91
110,79,92
110,79,93
110,79,95
110,79,96
110,79,97
110,79,98
110,79,99
110,79,100
110,80,84
110,80,91
110,80,92
110,80,93
110,80,95
110,80,96
110,80,97
110,80,98
110,80,99
110,80,100
110,81,82
110,81,83
110,81,87
110,81,101
110,81,102
110,81,103
110,82,83
110,82,85
110,82,86
110,82,87
110,82,88
110,82,89
110,82,101
110,82,102
110,82,103
110,83,85
110,83,86
110,83,87
110,83,88
110,83,89
110,83,90
110,83,101
110,83,102
110,83,103
110,84,91
110,84,92
110,84,93
110,84,95
110,84,96
110,84,97
110,84,98
110,84,100
110,85,86
110,85,87
110,85,88
110,85,90
110,85,94
110,85,101
110,85,102
110,85,103
110,86,87
110,86,88
110,86,89
110,86,90
110,86,94
110,86,101
110,86,102
110,87,88
110,87,89
110,87,90
110,87,94
110,87,101
110,87,102
110,87,103
110,88,89
110,88,90
110,88,94
110,88,101
110,88,102
110,88,103
110,89,90
110,89,94
110,89,102
110,90,94
110,90,101
110,90,102
110,91,92
110,91,93
110,91,95
110,91,96
110,91,97
110,91,98
110,91,99
110,91,100
110,92,93
110,92,95
110,92,96
110,92,97
110,92,98
110,92,99
110,92,100
110,93,95
110,93,96
110,93,97
110,93,98
110,93,99
110,93,100
110,95,96
110,95,97
110,95,98
110,95,99
110,95,100
110,96,97
110,96,98
110,96,99
110,96,100
110,97,98
110,97,99
110,97,100
110,98,99
110,98,100
110,99,100
110,101,102
110,101,103
111,1,5
111,1,8
111,1,9
111,1,10
111,1,11
111,1,12
111,1,14
111,1,15
111,1,16
111,1,18
111,1,19
111,1,20
111,1,23
111,1,26
111,1,27
111,1,30
111,1,31
111,1,33
111,1,36
111,1,42
111,1,45
111,1,46
111,1,48
111,1,50
111,1,51
111,1,52
111,1,53
111,1,54
111,1,57
111,1,59
111,1,60
111,1,62
111,1,64
111,1,66
111,1,67
111,1,68
111,1,69
111,1,70
111,1,72
111,1,73
111,1,75
111,1,76
111,1,77
111,1,78
111,1,82
111,1,83
111,1,84
111,1,86
111,1,87
111,1,88
111,1,92
111,1,99
111,1,100
111,1,101
111,1,102
111,1,103
111,1,104
111,1,105
111,1,106
111,1,107
111,1,108
111,1,109
111,1,110
111,2,3
111,2,6
111,2,7
111,2,22
111,2,24
111,2,25
111,2,28
111,2,29
111,2,35
111,2,37
111,2,38
111,2,39
111,2,40
111,2,41
111,2,49
111,2,55
111,2,56
111,2,61
111,2,63
111,2,65
111,2,74
111,2,80
111,2,81
111,2,89
111,2,90
111,2,91
111,2,93
111,2,94
111,2,95
111,2,96
111,2,97
111,2,98
111,2,111
111,2,112
111,3,4
111,3,6
111,3,7
111,3,22
111,3,24
111,3,25
111,3,28
111,3,29
111,3,35
111,3,37
111,3,38
111,3,39
111,3,40
111,3,41
111,3,49
111,3,55
111,3,56
111,3,58
111,3,61
111,3,63
111,3,65
111,3,74
111,3,80
111,3,81
111,3,89
111,3,90
111,3,91
111,3,93
111,3,94
111,3,95
111,3,96
111,3,97
111,3,98
111,3,111
111,3,112
111,4,22
111,4,34
111,4,37
111,4,38
111,4,40
111,4,43
111,4,49
111,4,55
111,4,56
111,4,58
111,4,61
111,4,94
111,4,96
111,4,97
111,4,98
111,5,8
111,5,9
111,5,10
111,5,11
111,5,12
111,5,13
111,5,14
111,5,15
111,5,16
111,5,18
111,5,19
111,5,20
111,5,23
111,5,26
111,5,27
111,5,30
111,5,31
111,5,36
111,5,42
111,5,45
111,5,46
111,5,47
111,5,48
111,5,50
111,5,51
111,5,52
111,5,53
111,5,54
111,5,57
111,5,59
111,5,60
111,5,64
111,5,66
111,5,67
111,5,68
111,5,69
111,5,70
111,5,71
111,5,72
111,5,73
111,5,75
111,5,76
111,5,77
111,5,78
111,5,82
111,5,83
111,5,84
111,5,86
111,5,87
111,5,88
111,5,92
111,5,99
111,5,100
111,5,101
111,5,102
111,5,103
111,5,104
111,5,105
111,5,106
111,5,107
111,5,108
111,5,110
111,6,7
111,6,22
111,6,24
111,6,25
111,6,28
111,6,29
111,6,35
111,6,37
111,6,38
111,6,39
111,6,40
111,6,41
111,6,49
111,6,56
111,6,61
111,6,63
111,6,65
111,6,74
111,6,80
111,6,81
111,6,89
111,6,90
111,6,91
111,6,93
111,6,94
111,6,95
111,6,96
111,6,97
111,6,98
111,6,111
111,6,112
111,7,21
111,7,22
111,7,24
111,7,25
111,7,28
111,7,29
111,7,35
111,7,37
111,7,38
111,7,39
111,7,40
111,7,41
111,7,49
111,7,56
111,7,61
111,7,63
111,7,65
111,7,74
111,7,80
111,7,81
111,7,89
111,7,90
111,7,91
111,7,93
111,7,94
111,7,95
111,7,96
111,7,97
111,7,98
111,7,111
111,7,112
111,8,9
111,8,10
111,8,11
111,8,12
111,8,13
111,8,14
111,8,15
111,8,16
111,8,18
111,8,19
111,8,20
111,8,23
111,8,26
111,8,27
111,8,30
111,8,31
111,8,36
111,8,42
111,8,45
111,8,46
111,8,48
111,8,50
111,8,51
111,8,52
111,8,53
111,8,54
111,8,59
111,8,60
111,8,64
111,8,66
111,8,67
111,8,68
111,8,69
111,8,70
111,8,71
111,8,72
111,8,73
111,8,75
111,8,76
111,8,77
111,8,78
111,8,82
111,8,83
111,8,84
111,8,86
111,8,87
111,8,88
111,8,92
111,8,99
111,8,100
111,8,101
111,8,102
111,8,103
111,8,104
111,8,105
111,8,107
111,8,108
111,8,110
111,9,10
111,9,11
111,9,12
111,9,14
111,9,15
111,9,16
111,9,18
111,9,19
111,9,20
111,9,23
111,9,26
111,9,27
111,9,30
111,9,31
111,9,36
111,9,42
111,9,45
111,9,46
111,9,47
111,9,48
111,9,50
111,9,51
111,9,52
111,9,53
111,9,59
111,9,60
111,9,64
111,9,66
111,9,67
111,9,68
111,9,69
111,9,70
111,9,72
111,9,73
111,9,75
111,9,76
111,9,77
111,9,78
111,9,82
111,9,83
111,9,84
111,9,86
111,9,87
111,9,88
111,9,92
111,9,99
111,9,100
111,9,101
111,9,102
111,9,103
111,9,104
111,9,105
111,9,107
111,9,108
111,9,110
111,10,11
111,10,12
111,10,13
111,10,14
111,10,15
111,10,16
111,10,18
111,10,19
111,10,20
111,10,23
111,10,26
111,10,27
111,10,30
111,10,31
111,10,36
111,10,42
111,10,45
111,10,46
111,10,47
111,10,48
111,10,50
111,10,51
111,10,52
111,10,53
111,10,54
111,10,57
111,10,59
111,10,60
111,10,64
111,10,66
111,10,67
111,10,68
111,10,69
111,10,70
111,10,71
111,10,72
111,10,73
111,10,75
111,10,76
111,10,77
111,10,78
111,10,82
111,10,83
111,10,84
111,10,86
111,10,87
111,10,88
111,10,92
111,10,99
111,10,100
111,10,101
111,10,102
111,10,103
111,10,104
111,10,105
111,10,106
111,10,107
111,10,108
111,10,110
111,11,12
111,11,13
111,11,14
111,11,15
111,11,16
111,11,18
111,11,19
111,11,20
111,11,23
111,11,26
111,11,27
111,11,30
111,11,31
111,11,36
111,11,42
111,11,45
111,11,46
111,11,47
111,11,48
111,11,50
111,11,51
111,11,52
111,11,53
111,11,54
111,11,57
111,11,59
111,11,60
111,11,64
111,11,66
111,11,67
111,11,68
111,11,69
111,11,70
111,11,71
111,11,72
111,11,73
111,11,75
111,11,76
111,11,77
111,11,78
111,11,82
111,11,83
111,11,84
111,11,86
111,11,87
111,11,88
111,11,92
111,11,99
111,11,100
111,11,101
111,11,102
111,11,103
111,11,104
111,11,105
111,11,106
111,11,107
111,11,108
111,11,110
111,12,13
111,12,14
111,12,15
111,12,16
111,12,18
111,12,19
111,12,20
111,12,23
111,12,26
111,12,27
111,12,30
111,12,31
111,12,36
111,12,42
111,12,45
111,12,46
111,12,47
111,12,48
111,12,50
111,12,51
111,12,52
111,12,53
111,12,54
111,12,57
111,12,59
111,12,60
111,12,64
111,12,66
111,12,67
111,12,68
111,12,69
111,12,70
111,12,71
111,12,72
111,12,73
111,12,75
111,12,76
111,12,77
111,12,78
111,12,82
111,12,83
111,12,84
111,12,86
111,12,87
111,12,88
111,12,92
111,12,99
111,12,100
111,12,101
111,12,102
111,12,103
111,12,104
111,12,105
111,12,106
111,12,108
111,12,109
111,12,110
111,13,15
111,13,16
111,13,20
111,13,23
111,13,26
111,13,27
111,13,30
111,13,36
111,13,42
111,13,44
111,13,45
111,13,46
111,13,50
111,13,51
111,13,52
111,13,53
111,13,57
111,13,59
111,13,60
111,13,64
111,13,65
111,13,67
111,13,68
111,13,69
111,13,70
111,13,71
111,13,73
111,13,75
111,13,76
111,13,79
111,13,82
111,13,84
111,13,87
111,13,88
111,13,92
111,13,100
111,13,101
111,13,102
111,13,104
111,13,105
111,13,108
111,13,110
111,14,15
111,14,16
111,14,18
111,14,19
111,14,20
111,14,23
111,14,26
111,14,27
111,14,30
111,14,31
111,14,36
111,14,42
111,14,45
111,14,46
111,14,47
111,14,48
111,14,50
111,14,51
111,14,52
111,14,53
111,14,54
111,14,57
111,14,59
111,14,60
111,14,64
111,14,66
111,14,67
111,14,68
111,14,69
111,14,70
111,14,72
111,14,73
111,14,75
111,14,76
111,14,77
111,14,78
111,14,82
111,14,83
111,14,84
111,14,86
111,14,87
111,14,88
111,14,92
111,14,99
111,14,100
111,14,101
111,14,102
111,14,103
111,14,104
111,14,105
111,14,106
111,14,107
111,14,108
111,14,109
111,14,110
111,15,16
111,15,18
111,15,19
111,15,20
111,15,23
111,15,26
111,15,27
111,15,30
111,15,31
111,15,36
111,15,42
111,15,45
111,15,46
111,15,47
111,15,48
111,15,50
111,15,51
111,15,52
111,15,53
111,15,54
111,15,57
111,15,59
111,15,60
111,15,64
111,15,66
111,15,67
111,15,68
111,15,69
111,15,70
111,15,71
111,15,72
111,15,73
111,15,75
111,15,76
111,15,77
111,15,78
111,15,82
111,15,83
111,15,84
111,15,86
111,15,87
111,15,88
111,15,92
111,15,99
111,15,100
111,15,101
111,15,102
111,15,103
111,15,104
111,15,105
111,15,106
111,15,107
111,15,108
111,15,110
111,16,18
111,16,20
111,16,23
111,16,26
111,16,27
111,16,30
111,16,31
111,16,36
111,16,42
111,16,45
111,16,46
111,16,47
111,16,48
111,16,50
111,16,51
111,16,52
111,16,53
111,16,54
111,16,59
111,16,60
111,16,64
111,16,66
111,16,67
111,16,68
111,16,69
111,16,70
111,16,71
111,16,72
111,16,73
111,16,75
111,16,76
111,16,77
111,16,78
111,16,82
111,16,83
111,16,84
111,16,86
111,16,87
111,16,88
111,16,92
111,16,99
111,16,100
111,16,101
111,16,102
111,16,103
111,16,104
111,16,105
111,16,106
111,16,107
111,16,108
111,16,110
111,18,20
111,18,23
111,18,26
111,18,27
111,18,30
111,18,31
111,18,36
111,18,42
111,18,45
111,18,46
111,18,47
111,18,48
111,18,50
111,18,51
111,18,52
111,18,53
111,18,54
111,18,57
111,18,59
111,18,60
111,18,64
111,18,66
111,18,67
111,18,68
111,18,69
111,18,70
111,18,72
111,18,73
111,18,75
111,18,76
111,18,77
111,18,78
111,18,82
111,18,83
111,18,84
111,18,86
111,18,87
111,18,88
111,18,92
111,18,99
111,18,100
111,18,101
111,18,102
111,18,103
111,18,104
111,18,105
111,18,106
111,18,108
111,18,109
111,18,110
111,19,20
111,19,23
111,19,26
111,19,27
111,19,30
111,19,33
111,19,36
111,19,42
111,19,45
111,19,46
111,19,50
111,19,51
111,19,52
111,19,53
111,19,54
111,19,57
111,19,59
111,19,60
111,19,64
111,19,66
111,19,67
111,19,68
111,19,69
111,19,70
111,19,72
111,19,73
111,19,75
111,19,76
111,19,77
111,19,78
111,19,82
111,19,83
111,19,84
111,19,86
111,19,87
111,19,88
111,19,92
111,19,99
111,19,100
111,19,101
111,19,102
111,19,103
111,19,104
111,19,107
111,19,108
111,19,110
111,20,23
111,20,26
111,20,27
111,20,30
111,20,31
111,20,36
111,20,42
111,20,45
111,20,46
111,20,47
111,20,48
111,20,50
111,20,51
111,20,52
111,20,53
111,20,54
111,20,57
111,20,59
111,20,60
111,20,64
111,20,66
111,20,67
111,20,68
111,20,69
111,20,70
111,20,71
111,20,72
111,20,73
111,20,75
111,20,76
111,20,77
111,20,78
111,20,82
111,20,83
111,20,84
111,20,86
111,20,87
111,20,88
111,20,92
111,20,99
111,20,100
111,20,101
111,20,102
111,20,103
111,20,104
111,20,105
111,20,106
111,20,107
111,20,108
111,20,110
111,21,24
111,21,25
111,21,28
111,21,29
111,21,56
111,21,61
111,21,90
111,21,91
111,21,93
111,21,94
111,21,96
111,21,97
111,21,98
111,21,111
111,21,112
111,22,24
111,22,25
111,22,28
111,22,29
111,22,34
111,22,35
111,22,37
111,22,38
111,22,39
111,22,40
111,22,41
111,22,49
111,22,55
111,22,56
111,22,58
111,22,61
111,22,63
111,22,65
111,22,74
111,22,80
111,22,81
111,22,89
111,22,90
111,22,91
111,22,93
111,22,94
111,22,95
111,22,96
111,22,97
111,22,98
111,22,111
111,22,112
111,23,26
111,23,27
111,23,30
111,23,31
111,23,36
111,23,42
111,23,45
111,23,46
111,23,48
111,23,50
111,23,51
111,23,52
111,23,53
111,23,54
111,23,57
111,23,59
111,23,60
111,23,64
111,23,66
111,23,67
111,23,68
111,23,69
111,23,70
111,23,71
111,23,72
111,23,73
111,23,75
111,23,76
111,23,77
111,23,78
111,23,82
111,23,83
111,23,84
111,23,86
111,23,87
111,23,88
111,23,92
111,23,99
111,23,100
111,23,101
111,23,102
111,23,103
111,23,104
111,23,105
111,23,106
111,23,107
111,23,108
111,23,110
111,24,25
111,24,28
111,24,29
111,24,34
111,24,35
111,24,37
111,24,38
111,24,39
111,24,40
111,24,41
111,24,49
111,24,55
111,24,56
111,24,61
111,24,63
111,24,65
111,24,74
111,24,80
111,24,81
111,24,89
111,24,90
111,24,91
111,24,93
111,24,94
111,24,95
111,24,96
111,24,97
111,24,98
111,24,111
111,24,112
111,25,28
111,25,29
111,25,34
111,25,35
111,25,37
111,25,38
111,25,39
111,25,40
111,25,41
111,25,55
111,25,56
111,25,61
111,25,63
111,25,65
111,25,74
111,25,80
111,25,81
111,25,89
111,25,90
111,25,91
111,25,93
111,25,94
111,25,95
111,25,96
111,25,97
111,25,98
111,25,111
111,25,112
111,26,27
111,26,30
111,26,31
111,26,36
111,26,42
111,26,45
111,26,46
111,26,47
111,26,48
111,26,50
111,26,51
111,26,52
111,26,53
111,26,54
111,26,59
111,26,60
111,26,64
111,26,66
111,26,67
111,26,68
111,26,69
111,26,70
111,26,71
111,26,72
111,26,73
111,26,75
111,26,76
111,26,77
111,26,78
111,26,82
111,26,83
111,26,84
111,26,86
111,26,87
111,26,88
111,26,92
111,26,99
111,26,100
111,26,101
111,26,102
111,26,103
111,26,104
111,26,105
111,26,106
111,26,107
111,26,108
111,26,110
111,27,30
111,27,31
111,27,36
111,27,42
111,27,45
111,27,46
111,27,47
111,27,48
111,27,50
111,27,51
111,27,52
111,27,53
111,27,54
111,27,59
111,27,60
111,27,64
111,27,66
111,27,67
111,27,68
111,27,69
111,27,70
111,27,71
111,27,72
111,27,73
111,27,75
111,27,76
111,27,77
111,27,78
111,27,82
111,27,83
111,27,84
111,27,86
111,27,87
111,27,88
111,27,92
111,27,99
111,27,100
111,27,101
111,27,102
111,27,103
111,27,104
111,27,105
111,27,106
111,27,107
111,27,108
111,27,110
111,28,29
111,28,35
111,28,37
111,28,38
111,28,39
111,28,40
111,28,41
111,28,49
111,28,55
111,28,56
111,28,61
111,28,63
111,28,65
111,28,74
111,28,80
111,28,81
111,28,89
111,28,90
111,28,91
111,28,93
111,28,94
111,28,95
111,28,96
111,28,97
111,28,98
111,28,111
111,28,112
111,29,35
111,29,37
111,29,38
111,29,39
111,29,40
111,29,41
111,29,49
111,29,55
111,29,56
111,29,61
111,29,63
111,29,65
111,29,74
111,29,80
111,29,81
111,29,89
111,29,90
111,29,91
111,29,93
111,29,94
111,29,95
111,29,96
111,29,97
111,29,98
111,29,111
111,29,112
111,30,31
111,30,36
111,30,42
111,30,45
111,30,46
111,30,47
111,30,48
111,30,50
111,30,51
111,30,52
111,30,53
111,30,54
111,30,59
111,30,60
111,30,64
111,30,66
111,30,67
111,30,68
111,30,69
111,30,70
111,30,71
111,30,72
111,30,73
111,30,75
111,30,76
111,30,77
111,30,78
111,30,82
111,30,83
111,30,84
111,30,86
111,30,87
111,30,88
111,30,92
111,30,99
111,30,100
111,30,101
111,30,102
111,30,103
111,30,104
111,30,105
111,30,106
111,30,108
111,30,110
111,31,36
111,31,42
111,31,45
111,31,46
111,31,47
111,31,48
111,31,50
111,31,51
111,31,52
111,31,53
111,31,54
111,31,59
111,31,60
111,31,64
111,31,66
111,31,67
111,31,68
111,31,69
111,31,70
111,31,72
111,31,73
111,31,75
111,31,76
111,31,77
111,31,78
111,31,82
111,31,83
111,31,84
111,31,86
111,31,87
111,31,88
111,31,92
111,31,99
111,31,100
111,31,101
111,31,102
111,31,103
111,31,104
111,31,105
111,31,106
111,31,108
111,31,110
111,32,35
111,32,44
111,32,49
111,32,61
111,32,74
111,32,111
111,33,57
111,34,35
111,34,37
111,34,38
111,34,40
111,34,49
111,34,55
111,34,56
111,34,61
111,34,65
111,34,90
111,34,91
111,34,93
111,34,94
111,34,96
111,34,97
111,34,98
111,34,111
111,34,112
111,35,37
111,35,38
111,35,39
111,35,40
111,35,41
111,35,49
111,35,55
111,35,56
111,35,61
111,35,63
111,35,65
111,35,74
111,35,80
111,35,81
111,35,89
111,35,90
111,35,91
111,35,93
111,35,95
111,35,96
111,35,97
111,35,98
111,35,111
111,35,112
111,36,42
111,36,45
111,36,46
111,36,47
111,36,48
111,36,50
111,36,51
111,36,52
111,36,53
111,36,54
111,36,59
111,36,60
111,36,64
111,36,66
111,36,67
111,36,68
111,36,69
111,36,70
111,36,71
111,36,72
111,36,73
111,36,75
111,36,76
111,36,77
111,36,78
111,36,82
111,36,83
111,36,84
111,36,86
111,36,87
111,36,88
111,36,92
111,36,99
111,36,100
111,36,101
111,36,102
111,36,103
111,36,104
111,36,105
111,36,106
111,36,108
111,36,110
111,37,38
111,37,39
111,37,40
111,37,41
111,37,49
111,37,55
111,37,56
111,37,58
111,37,61
111,37,63
111,37,65
111,37,74
111,37,80
111,37,81
111,37,89
111,37,90
111,37,91
111,37,93
111,37,94
111,37,95
111,37,96
111,37,97
111,37,98
111,37,111
111,37,112
111,38,39
111,38,40
111,38,41
111,38,55
111,38,56
111,38,58
111,38,61
111,38,63
111,38,65
111,38,74
111,38,80
111,38,81
111,38,89
111,38,90
111,38,91
111,38,93
111,38,94
111,38,95
111,38,96
111,38,97
111,38,98
111,38,111
111,38,112
111,39,40
111,39,41
111,39,49
111,39,56
111,39,61
111,39,63
111,39,65
111,39,74
111,39,80
111,39,81
111,39,89
111,39,90
111,39,91
111,39,93
111,39,95
111,39,96
111,39,97
111,39,98
111,39,111
111,39,112
111,40,41
111,40,49
111,40,55
111,40,56
111,40,58
111,40,61
111,40,63
111,40,65
111,40,74
111,40,80
111,40,81
111,40,89
111,40,90
111,40,91
111,40,93
111,40,94
111,40,95
111,40,96
111,40,97
111,40,98
111,40,111
111,40,112
111,41,55
111,41,56
111,41,61
111,41,63
111,41,65
111,41,74
111,41,80
111,41,81
111,41,89
111,41,90
111,41,91
111,41,93
111,41,94
111,41,95
111,41,96
111,41,97
111,41,98
111,41,111
111,41,112
111,42,45
111,42,46
111,42,48
111,42,50
111,42,51
111,42,52
111,42,53
111,42,54
111,42,59
111,42,60
111,42,64
111,42,66
111,42,67
111,42,68
111,42,69
111,42,70
111,42,71
111,42,72
111,42,73
111,42,75
111,42,76
111,42,77
111,42,78
111,42,82
111,42,83
111,42,84
111,42,86
111,42,87
111,42,88
111,42,92
111,42,99
111,42,100
111,42,101
111,42,102
111,42,103
111,42,104
111,42,105
111,42,106
111,42,107
111,42,108
111,42,110
111,43,44
111,43,49
111,43,85
111,44,49
111,44,71
111,45,46
111,45,47
111,45,48
111,45,50
111,45,51
111,45,52
111,45,53
111,45,54
111,45,57
111,45,59
111,45,60
111,45,64
111,45,66
111,45,67
111,45,68
111,45,69
111,45,70
111,45,71
111,45,72
111,45,73
111,45,75
111,45,76
111,45,77
111,45,78
111,45,82
111,45,83
111,45,84
111,45,86
111,45,87
111,45,88
111,45,92
111,45,99
111,45,100
111,45,101
111,45,102
111,45,103
111,45,104
111,45,105
111,45,106
111,45,107
111,45,108
111,45,110
111,46,47
111,46,48
111,46,50
111,46,51
111,46,52
111,46,53
111,46,54
111,46,59
111,46,60
111,46,64
111,46,66
111,46,67
111,46,68
111,46,69
111,46,70
111,46,71
111,46,72
111,46,73
111,46,75
111,46,76
111,46,77
111,46,78
111,46,82
111,46,83
111,46,84
111,46,86
111,46,87
111,46,88
111,46,92
111,46,99
111,46,100
111,46,101
111,46,102
111,46,103
111,46,104
111,46,105
111,46,106
111,46,107
111,46,108
111,46,110
111,47,50
111,47,51
111,47,52
111,47,53
111,47,57
111,47,59
111,47,60
111,47,64
111,47,66
111,47,67
111,47,68
111,47,69
111,47,70
111,47,72
111,47,73
111,47,75
111,47,76
111,47,77
111,47,78
111,47,82
111,47,83
111,47,84
111,47,87
111,47,88
111,47,92
111,47,99
111,47,100
111,47,101
111,47,102
111,47,103
111,47,104
111,47,105
111,47,108
111,47,109
111,47,110
111,48,50
111,48,51
111,48,52
111,48,53
111,48,54
111,48,59
111,48,60
111,48,62
111,48,64
111,48,66
111,48,67
111,48,68
111,48,69
111,48,70
111,48,72
111,48,73
111,48,75
111,48,76
111,48,77
111,48,78
111,48,82
111,48,83
111,48,84
111,48,86
111,48,87
111,48,88
111,48,92
111,48,99
111,48,100
111,48,101
111,48,102
111,48,103
111,48,104
111,48,105
111,48,108
111,48,110
111,49,55
111,49,56
111,49,58
111,49,61
111,49,74
111,49,80
111,49,90
111,49,91
111,49,93
111,49,94
111,49,96
111,49,97
111,49,98
111,49,111
111,50,51
111,50,52
111,50,53
111,50,54
111,50,59
111,50,60
111,50,64
111,50,66
111,50,67
111,50,68
111,50,69
111,50,70
111,50,71
111,50,72
111,50,73
111,50,75
111,50,76
111,50,77
111,50,78
111,50,82
111,50,83
111,50,84
111,50,86
111,50,87
111,50,88
111,50,92
111,50,99
111,50,100
111,50,101
111,50,102
111,50,103
111,50,104
111,50,105
111,50,106
111,50,107
111,50,108
111,50,110
111,51,52
111,51,53
111,51,54
111,51,57
111,51,59
111,51,60
111,51,64
111,51,66
111,51,67
111,51,68
111,51,69
111,51,70
111,51,71
111,51,72
111,51,73
111,51,75
111,51,76
111,51,77
111,51,78
111,51,82
111,51,83
111,51,84
111,51,86
111,51,87
111,51,88
111,51,92
111,51,99
111,51,100
111,51,101
111,51,102
111,51,103
111,51,104
111,51,105
111,51,106
111,51,107
111,51,108
111,51,110
111,52,53
111,52,54
111,52,57
111,52,59
111,52,60
111,52,64
111,52,66
111,52,67
111,52,68
111,52,69
111,52,70
111,52,71
111,52,72
111,52,73
111,52,75
111,52,76
111,52,77
111,52,78
111,52,82
111,52,83
111,52,84
111,52,86
111,52,87
111,52,88
111,52,92
111,52,99
111,52,100
111,52,101
111,52,102
111,52,103
111,52,104
111,52,105
111,52,106
111,52,108
111,52,110
111,53,54
111,53,57
111,53,59
111,53,60
111,53,64
111,53,66
111,53,67
111,53,68
111,53,69
111,53,70
111,53,71
111,53,72
111,53,73
111,53,75
111,53,76
111,53,77
111,53,78
111,53,82
111,53,83
111,53,84
111,53,86
111,53,87
111,53,88
111,53,92
111,53,99
111,53,100
111,53,101
111,53,102
111,53,103
111,53,104
111,53,105
111,53,106
111,53,107
111,53,108
111,53,110
111,54,59
111,54,60
111,54,64
111,54,66
111,54,67
111,54,68
111,54,69
111,54,70
111,54,72
111,54,73
111,54,75
111,54,76
111,54,77
111,54,78
111,54,82
111,54,83
111,54,84
111,54,86
111,54,87
111,54,88
111,54,92
111,54,99
111,54,100
111,54,101
111,54,102
111,54,103
111,54,104
111,54,105
111,54,106
111,54,107
111,54,108
111,54,110
111,55,56
111,55,58
111,55,61
111,55,65
111,55,74
111,55,80
111,55,90
111,55,91
111,55,94
111,55,95
111,55,96
111,55,97
111,55,98
111,55,111
111,55,112
111,56,58
111,56,61
111,56,63
111,56,65
111,56,74
111,56,80
111,56,81
111,56,89
111,56,90
111,56,91
111,56,93
111,56,94
111,56,95
111,56,96
111,56,97
111,56,98
111,56,111
111,56,112
111,57,59
111,57,60
111,57,66
111,57,67
111,57,70
111,57,71
111,57,73
111,57,75
111,57,76
111,57,83
111,57,87
111,57,100
111,57,101
111,57,102
111,57,103
111,57,104
111,57,106
111,57,107
111,57,110
111,58,61
111,58,94
111,58,96
111,58,97
111,58,98
111,59,60
111,59,64
111,59,66
111,59,67
111,59,68
111,59,69
111,59,70
111,59,71
111,59,72
111,59,73
111,59,75
111,59,76
111,59,77
111,59,78
111,59,82
111,59,83
111,59,84
111,59,86
111,59,87
111,59,88
111,59,92
111,59,99
111,59,100
111,59,101
111,59,102
111,59,103
111,59,104
111,59,105
111,59,106
111,59,107
111,59,108
111,59,110
111,60,64
111,60,66
111,60,67
111,60,68
111,60,69
111,60,70
111,60,71
111,60,72
111,60,73
111,60,75
111,60,76
111,60,77
111,60,78
111,60,82
111,60,83
111,60,84
111,60,86
111,60,87
111,60,88
111,60,92
111,60,99
111,60,100
111,60,101
111,60,102
111,60,103
111,60,104
111,60,105
111,60,106
111,60,107
111,60,108
111,60,110
111,61,63
111,61,65
111,61,74
111,61,80
111,61,81
111,61,89
111,61,90
111,61,91
111,61,93
111,61,94
111,61,95
111,61,96
111,61,97
111,61,98
111,61,111
111,61,112
111,63,65
111,63,74
111,63,80
111,63,81
111,63,89
111,63,90
111,63,91
111,63,93
111,63,95
111,63,96
111,63,97
111,63,98
111,63,111
111,63,112
111,64,66
111,64,67
111,64,68
111,64,69
111,64,70
111,64,71
111,64,72
111,64,73
111,64,75
111,64,76
111,64,77
111,64,78
111,64,82
111,64,83
111,64,84
111,64,86
111,64,87
111,64,88
111,64,92
111,64,99
111,64,100
111,64,101
111,64,102
111,64,103
111,64,104
111,64,105
111,64,106
111,64,107
111,64,108
111,64,110
111,65,71
111,65,74
111,65,81
111,65,90
111,65,91
111,65,93
111,65,94
111,65,95
111,65,96
111,65,97
111,65,98
111,65,111
111,65,112
111,66,67
111,66,68
111,66,69
111,66,70
111,66,72
111,66,73
111,66,75
111,66,76
111,66,77
111,66,78
111,66,82
111,66,83
111,66,84
111,66,86
111,66,87
111,66,88
111,66,92
111,66,99
111,66,100
111,66,101
111,66,102
111,66,103
111,66,104
111,66,105
111,66,106
111,66,107
111,66,108
111,66,110
111,67,68
111,67,69
111,67,70
111,67,71
111,67,72
111,67,73
111,67,75
111,67,76
111,67,77
111,67,78
111,67,82
111,67,83
111,67,84
111,67,86
111,67,87
111,67,88
111,67,92
111,67,99
111,67,100
111,67,101
111,67,102
111,67,103
111,67,104
111,67,105
111,67,106
111,67,107
111,67,108
111,67,110
111,68,69
111,68,70
111,68,71
111,68,72
111,68,73
111,68,75
111,68,76
111,68,77
111,68,78
111,68,82
111,68,83
111,68,84
111,68,86
111,68,87
111,68,88
111,68,92
111,68,99
111,68,100
111,68,101
111,68,102
111,68,103
111,68,104
111,68,105
111,68,106
111,68,107
111,68,108
111,68,110
111,69,70
111,69,71
111,69,72
111,69,73
111,69,75
111,69,76
111,69,77
111,69,78
111,69,82
111,69,83
111,69,84
111,69,86
111,69,87
111,69,88
111,69,92
111,69,99
111,69,100
111,69,101
111,69,102
111,69,103
111,69,104
111,69,105
111,69,106
111,69,108
111,69,110
111,70,71
111,70,72
111,70,73
111,70,75
111,70,76
111,70,77
111,70,78
111,70,82
111,70,83
111,70,84
111,70,86
111,70,87
111,70,88
111,70,92
111,70,99
111,70,100
111,70,101
111,70,102
111,70,103
111,70,104
111,70,105
111,70,106
111,70,107
111,70,108
111,70,109
111,70,110
111,71,73
111,71,75
111,71,76
111,71,79
111,71,82
111,71,84
111,71,87
111,71,88
111,71,92
111,71,100
111,71,101
111,71,102
111,71,104
111,71,105
111,71,108
111,71,110
111,72,73
111,72,75
111,72,76
111,72,77
111,72,78
111,72,82
111,72,83
111,72,84
111,72,86
111,72,87
111,72,88
111,72,92
111,72,99
111,72,100
111,72,101
111,72,102
111,72,103
111,72,104
111,72,105
111,72,106
111,72,107
111,72,108
111,72,110
111,73,75
111,73,76
111,73,77
111,73,78
111,73,82
111,73,83
111,73,84
111,73,86
111,73,87
111,73,88
111,73,92
111,73,99
111,73,100
111,73,101
111,73,102
111,73,103
111,73,104
111,73,105
111,73,106
111,73,107
111,73,108
111,73,110
111,74,80
111,74,81
111,74,89
111,74,90
111,74,91
111,74,93
111,74,94
111,74,95
111,74,96
111,74,97
111,74,98
111,74,111
111,74,112
111,75,76
111,75,77
111,75,78
111,75,82
111,75,83
111,75,84
111,75,86
111,75,87
111,75,88
111,75,92
111,75,99
111,75,100
111,75,101
111,75,102
111,75,103
111,75,104
111,75,105
111,75,106
111,75,108
111,75,110
111,76,77
111,76,78
111,76,82
111,76,83
111,76,84
111,76,86
111,76,87
111,76,88
111,76,92
111,76,99
111,76,100
111,76,101
111,76,102
111,76,103
111,76,104
111,76,105
111,76,106
111,76,107
111,76,108
111,76,110
111,77,78
111,77,82
111,77,83
111,77,84
111,77,86
111,77,87
111,77,88
111,77,92
111,77,99
111,77,100
111,77,101
111,77,102
111,77,103
111,77,104
111,77,105
111,77,106
111,77,107
111,77,108
111,77,109
111,77,110
111,78,82
111,78,83
111,78,84
111,78,86
111,78,87
111,78,88
111,78,92
111,78,99
111,78,100
111,78,101
111,78,102
111,78,103
111,78,104
111,78,105
111,78,106
111,78,107
111,78,108
111,78,109
111,78,110
111,80,81
111,80,89
111,80,90
111,80,91
111,80,93
111,80,94
111,80,95
111,80,96
111,80,97
111,80,98
111,80,111
111,80,112
111,81,89
111,81,90
111,81,91
111,81,93
111,81,95
111,81,96
111,81,98
111,81,111
111,81,112
111,82,83
111,82,84
111,82,86
111,82,87
111,82,88
111,82,92
111,82,99
111,82,100
111,82,101
111,82,102
111,82,103
111,82,104
111,82,105
111,82,106
111,82,108
111,82,109
111,82,110
111,83,84
111,83,86
111,83,87
111,83,88
111,83,92
111,83,99
111,83,100
111,83,101
111,83,102
111,83,103
111,83,104
111,83,105
111,83,106
111,83,108
111,83,109
111,83,110
111,84,86
111,84,87
111,84,88
111,84,92
111,84,99
111,84,100
111,84,101
111,84,102
111,84,103
111,84,104
111,84,105
111,84,106
111,84,107
111,84,108
111,84,110
111,86,87
111,86,88
111,86,92
111,86,99
111,86,100
111,86,101
111,86,102
111,86,103
111,86,104
111,86,105
111,86,106
111,86,107
111,86,108
111,86,109
111,86,110
111,87,88
111,87,92
111,87,99
111,87,100
111,87,101
111,87,102
111,87,103
111,87,104
111,87,105
111,87,106
111,87,107
111,87,108
111,87,110
111,88,92
111,88,99
111,88,100
111,88,101
111,88,102
111,88,103
111,88,104
111,88,105
111,88,106
111,88,107
111,88,108
111,88,110
111,89,90
111,89,91
111,89,93
111,89,95
111,89,96
111,89,98
111,89,111
111,89,112
111,90,91
111,90,93
111,90,94
111,90,95
111,90,96
111,90,97
111,90,98
111,90,111
111,90,112
111,91,93
111,91,94
111,91,95
111,91,96
111,91,97
111,91,98
111,91,111
111,91,112
111,92,99
111,92,100
111,92,101
111,92,102
111,92,103
111,92,104
111,92,105
111,92,106
111,92,107
111,92,108
111,92,110
111,93,94
111,93,95
111,93,96
111,93,97
111,93,98
111,93,111
111,93,112
111,94,95
111,94,96
111,94,97
111,94,98
111,94,111
111,94,112
111,95,96
111,95,97
111,95,98
111,95,111
111,95,112
111,96,97
111,96,98
111,96,111
111,96,112
111,97,98
111,97,111
111,97,112
111,98,111
111,98,112
111,99,100
111,99,101
111,99,102
111,99,103
111,99,104
111,99,105
111,99,106
111,99,108
111,99,109
111,99,110
111,100,101
111,100,102
111,100,103
111,100,104
111,100,105
111,100,106
111,100,107
111,100,108
111,100,110
111,101,102
111,101,103
111,101,104
111,101,105
111,101,106
111,101,107
111,101,108
111,101,110
111,102,103
111,102,104
111,102,105
111,102,106
111,102,107
111,102,108
111,102,110
111,103,104
111,103,105
111,103,106
111,103,107
111,103,108
111,103,109
111,103,110
111,104,105
111,104,106
111,104,107
111,104,108
111,104,110
111,105,108
111,105,110
111,106,108
111,106,109
111,106,110
111,107,108
111,107,110
111,108,110
111,109,110
111,111,112
112,1,5
112,1,8
112,1,10
112,1,11
112,1,12
112,1,13
112,1,14
112,1,15
112,1,16
112,1,17
112,1,19
112,1,22
112,1,23
112,1,27
112,1,32
112,1,38
112,1,41
112,1,42
112,1,44
112,1,45
112,1,46
112,1,47
112,1,48
112,1,51
112,1,53
112,1,54
112,1,56
112,1,59
112,1,61
112,1,62
112,1,63
112,1,64
112,1,65
112,1,66
112,1,67
112,1,69
112,1,70
112,1,72
112,1,76
112,1,77
112,1,78
112,1,80
112,1,81
112,1,85
112,1,92
112,1,93
112,1,94
112,1,95
112,1,96
112,1,97
112,1,98
112,1,99
112,1,101
112,2,3
112,2,6
112,2,7
112,2,9
112,2,18
112,2,20
112,2,21
112,2,25
112,2,26
112,2,29
112,2,31
112,2,33
112,2,34
112,2,36
112,2,37
112,2,50
112,2,55
112,2,57
112,2,60
112,2,68
112,2,73
112,2,74
112,2,75
112,2,79
112,2,83
112,2,84
112,2,86
112,2,87
112,2,88
112,2,89
112,2,91
112,2,100
112,2,102
112,2,103
112,3,6
112,3,7
112,3,9
112,3,18
112,3,20
112,3,21
112,3,25
112,3,26
112,3,29
112,3,31
112,3,33
112,3,34
112,3,36
112,3,37
112,3,49
112,3,50
112,3,52
112,3,55
112,3,57
112,3,60
112,3,68
112,3,71
112,3,73
112,3,74
112,3,75
112,3,79
112,3,83
112,3,84
112,3,86
112,3,87
112,3,88
112,3,89
112,3,91
112,3,100
112,3,102
112,3,103
112,4,28
112,5,8
112,5,10
112,5,11
112,5,12
112,5,13
112,5,14
112,5,15
112,5,16
112,5,17
112,5,19
112,5,22
112,5,23
112,5,24
112,5,27
112,5,32
112,5,38
112,5,41
112,5,42
112,5,44
112,5,45
112,5,46
112,5,47
112,5,48
112,5,51
112,5,53
112,5,54
112,5,56
112,5,59
112,5,61
112,5,62
112,5,63
112,5,64
112,5,65
112,5,66
112,5,67
112,5,69
112,5,70
112,5,72
112,5,76
112,5,77
112,5,78
112,5,80
112,5,81
112,5,85
112,5,92
112,5,93
112,5,94
112,5,95
112,5,96
112,5,97
112,5,98
112,5,99
112,5,101
112,6,7
112,6,9
112,6,18
112,6,20
112,6,21
112,6,25
112,6,26
112,6,28
112,6,29
112,6,30
112,6,31
112,6,34
112,6,36
112,6,50
112,6,55
112,6,57
112,6,60
112,6,68
112,6,73
112,6,74
112,6,75
112,6,79
112,6,83
112,6,84
112,6,86
112,6,87
112,6,88
112,6,89
112,6,91
112,6,100
112,6,102
112,6,103
112,7,9
112,7,18
112,7,20
112,7,21
112,7,25
112,7,26
112,7,28
112,7,29
112,7,31
112,7,36
112,7,37
112,7,57
112,7,60
112,7,68
112,7,73
112,7,74
112,7,75
112,7,79
112,7,83
112,7,84
112,7,86
112,7,87
112,7,88
112,7,89
112,7,91
112,7,100
112,7,102
112,7,103
112,8,10
112,8,11
112,8,12
112,8,13
112,8,14
112,8,15
112,8,16
112,8,17
112,8,19
112,8,22
112,8,23
112,8,24
112,8,27
112,8,32
112,8,38
112,8,41
112,8,42
112,8,44
112,8,45
112,8,46
112,8,47
112,8,48
112,8,51
112,8,53
112,8,54
112,8,56
112,8,59
112,8,61
112,8,62
112,8,63
112,8,64
112,8,65
112,8,66
112,8,67
112,8,69
112,8,70
112,8,72
112,8,76
112,8,77
112,8,78
112,8,80
112,8,81
112,8,85
112,8,92
112,8,93
112,8,94
112,8,95
112,8,96
112,8,97
112,8,98
112,8,99
112,8,101
112,9,18
112,9,20
112,9,21
112,9,25
112,9,26
112,9,28
112,9,29
112,9,30
112,9,31
112,9,33
112,9,34
112,9,36
112,9,37
112,9,49
112,9,50
112,9,52
112,9,55
112,9,57
112,9,60
112,9,68
112,9,71
112,9,73
112,9,74
112,9,75
112,9,79
112,9,83
112,9,84
112,9,86
112,9,87
112,9,88
112,9,89
112,9,91
112,9,100
112,9,102
112,9,103
112,10,11
112,10,12
112,10,13
112,10,14
112,10,15
112,10,16
112,10,17
112,10,19
112,10,22
112,10,23
112,10,27
112,10,32
112,10,38
112,10,41
112,10,42
112,10,44
112,10,45
112,10,46
112,10,47
112,10,48
112,10,51
112,10,53
112,10,54
112,10,56
112,10,59
112,10,61
112,10,62
112,10,63
112,10,64
112,10,65
112,10,66
112,10,67
112,10,69
112,10,70
112,10,72
112,10,76
112,10,77
112,10,78
112,10,80
112,10,81
112,10,85
112,10,92
112,10,93
112,10,94
112,10,95
112,10,96
112,10,97
112,10,98
112,10,99
112,10,101
112,11,12
112,11,13
112,11,14
112,11,15
112,11,16
112,11,17
112,11,19
112,11,22
112,11,23
112,11,27
112,11,32
112,11,38
112,11,41
112,11,42
112,11,44
112,11,45
112,11,46
112,11,47
112,11,48
112,11,51
112,11,53
112,11,54
112,11,56
112,11,59
112,11,61
112,11,62
112,11,63
112,11,64
112,11,65
112,11,66
112,11,67
112,11,69
112,11,70
112,11,72
112,11,76
112,11,77
112,11,78
112,11,80
112,11,81
112,11,85
112,11,92
112,11,93
112,11,94
112,11,95
112,11,96
112,11,97
112,11,98
112,11,99
112,11,101
112,12,13
112,12,14
112,12,15
112,12,16
112,12,17
112,12,19
112,12,22
112,12,23
112,12,24
112,12,27
112,12,32
112,12,38
112,12,41
112,12,42
112,12,44
112,12,45
112,12,46
112,12,47
112,12,48
112,12,51
112,12,53
112,12,54
112,12,56
112,12,59
112,12,61
112,12,62
112,12,63
112,12,64
112,12,65
112,12,66
112,12,67
112,12,69
112,12,70
112,12,72
112,12,76
112,12,77
112,12,78
112,12,80
112,12,81
112,12,85
112,12,92
112,12,93
112,12,94
112,12,95
112,12,96
112,12,97
112,12,98
112,12,99
112,12,101
112,13,14
112,13,15
112,13,16
112,13,17
112,13,19
112,13,22
112,13,23
112,13,24
112,13,27
112,13,32
112,13,38
112,13,41
112,13,42
112,13,44
112,13,45
112,13,46
112,13,47
112,13,48
112,13,51
112,13,53
112,13,54
112,13,56
112,13,59
112,13,61
112,13,62
112,13,63
112,13,64
112,13,65
112,13,66
112,13,67
112,13,69
112,13,70
112,13,72
112,13,76
112,13,77
112,13,78
112,13,80
112,13,81
112,13,85
112,13,92
112,13,93
112,13,94
112,13,95
112,13,96
112,13,97
112,13,98
112,13,99
112,13,101
112,14,15
112,14,16
112,14,17
112,14,19
112,14,22
112,14,23
112,14,24
112,14,27
112,14,32
112,14,38
112,14,41
112,14,42
112,14,44
112,14,45
112,14,46
112,14,47
112,14,48
112,14,51
112,14,53
112,14,54
112,14,56
112,14,59
112,14,61
112,14,62
112,14,63
112,14,64
112,14,65
112,14,66
112,14,67
112,14,69
112,14,70
112,14,72
112,14,76
112,14,77
112,14,78
112,14,80
112,14,81
112,14,85
112,14,92
112,14,93
112,14,94
112,14,95
112,14,96
112,14,97
112,14,98
112,14,99
112,14,101
112,15,16
112,15,17
112,15,19
112,15,22
112,15,23
112,15,27
112,15,32
112,15,38
112,15,41
112,15,42
112,15,44
112,15,45
112,15,46
112,15,47
112,15,48
112,15,51
112,15,53
112,15,54
112,15,56
112,15,59
112,15,61
112,15,62
112,15,63
112,15,64
112,15,65
112,15,66
112,15,67
112,15,69
112,15,70
112,15,72
112,15,76
112,15,77
112,15,78
112,15,80
112,15,81
112,15,85
112,15,92
112,15,93
112,15,94
112,15,95
112,15,96
112,15,97
112,15,98
112,15,99
112,15,101
112,16,17
112,16,19
112,16,22
112,16,23
112,16,24
112,16,27
112,16,32
112,16,38
112,16,41
112,16,42
112,16,44
112,16,45
112,16,46
112,16,47
112,16,48
112,16,51
112,16,53
112,16,54
112,16,56
112,16,59
112,16,61
112,16,62
112,16,63
112,16,64
112,16,65
112,16,66
112,16,67
112,16,69
112,16,70
112,16,72
112,16,76
112,16,77
112,16,78
112,16,80
112,16,81
112,16,85
112,16,92
112,16,93
112,16,94
112,16,95
112,16,96
112,16,97
112,16,98
112,16,99
112,16,101
112,17,19
112,17,22
112,17,23
112,17,27
112,17,32
112,17,38
112,17,41
112,17,42
112,17,44
112,17,45
112,17,46
112,17,47
112,17,48
112,17,51
112,17,53
112,17,54
112,17,56
112,17,59
112,17,61
112,17,62
112,17,63
112,17,64
112,17,65
112,17,66
112,17,67
112,17,69
112,17,70
112,17,72
112,17,76
112,17,77
112,17,78
112,17,80
112,17,81
112,17,85
112,17,92
112,17,93
112,17,94
112,17,95
112,17,96
112,17,97
112,17,98
112,17,99
112,17,101
112,18,20
112,18,21
112,18,25
112,18,26
112,18,29
112,18,31
112,18,33
112,18,34
112,18,35
112,18,36
112,18,37
112,18,57
112,18,60
112,18,68
112,18,73
112,18,74
112,18,75
112,18,79
112,18,82
112,18,83
112,18,84
112,18,86
112,18,88
112,18,90
112,18,91
112,18,100
112,18,102
112,18,103
112,19,22
112,19,23
112,19,27
112,19,32
112,19,38
112,19,41
112,19,42
112,19,44
112,19,45
112,19,46
112,19,47
112,19,48
112,19,51
112,19,53
112,19,54
112,19,56
112,19,59
112,19,61
112,19,62
112,19,63
112,19,64
112,19,65
112,19,66
112,19,67
112,19,69
112,19,70
112,19,72
112,19,76
112,19,77
112,19,78
112,19,80
112,19,81
112,19,85
112,19,92
112,19,93
112,19,94
112,19,95
112,19,96
112,19,97
112,19,98
112,19,99
112,19,101
112,20,21
112,20,25
112,20,26
112,20,28
112,20,29
112,20,30
112,20,31
112,20,33
112,20,34
112,20,36
112,20,37
112,20,49
112,20,50
112,20,52
112,20,55
112,20,57
112,20,60
112,20,68
112,20,71
112,20,73
112,20,74
112,20,75
112,20,79
112,20,83
112,20,84
112,20,86
112,20,87
112,20,88
112,20,89
112,20,91
112,20,100
112,20,102
112,20,103
112,21,25
112,21,26
112,21,28
112,21,29
112,21,30
112,21,31
112,21,33
112,21,34
112,21,36
112,21,37
112,21,49
112,21,50
112,21,52
112,21,55
112,21,57
112,21,60
112,21,68
112,21,71
112,21,73
112,21,74
112,21,75
112,21,79
112,21,83
112,21,84
112,21,86
112,21,87
112,21,88
112,21,89
112,21,91
112,21,100
112,21,102
112,21,103
112,22,23
112,22,24
112,22,27
112,22,32
112,22,38
112,22,41
112,22,42
112,22,44
112,22,45
112,22,46
112,22,47
112,22,48
112,22,51
112,22,53
112,22,54
112,22,56
112,22,59
112,22,61
112,22,62
112,22,63
112,22,64
112,22,65
112,22,66
112,22,67
112,22,69
112,22,70
112,22,72
112,22,76
112,22,77
112,22,78
112,22,80
112,22,81
112,22,85
112,22,92
112,22,93
112,22,94
112,22,95
112,22,96
112,22,97
112,22,98
112,22,99
112,22,101
112,23,27
112,23,32
112,23,38
112,23,41
112,23,42
112,23,44
112,23,45
112,23,46
112,23,47
112,23,48
112,23,51
112,23,53
112,23,54
112,23,56
112,23,59
112,23,61
112,23,62
112,23,63
112,23,64
112,23,65
112,23,66
112,23,67
112,23,69
112,23,70
112,23,72
112,23,76
112,23,77
112,23,78
112,23,80
112,23,81
112,23,85
112,23,92
112,23,93
112,23,94
112,23,95
112,23,96
112,23,97
112,23,98
112,23,99
112,23,101
112,24,27
112,24,32
112,24,38
112,24,42
112,24,45
112,24,46
112,24,47
112,24,48
112,24,53
112,24,54
112,24,56
112,24,59
112,24,61
112,24,62
112,24,64
112,24,65
112,24,66
112,24,67
112,24,70
112,24,72
112,24,76
112,24,77
112,24,78
112,24,80
112,24,81
112,24,85
112,24,92
112,24,93
112,24,96
112,24,97
112,25,26
112,25,29
112,25,31
112,25,34
112,25,35
112,25,36
112,25,37
112,25,50
112,25,55
112,25,57
112,25,60
112,25,68
112,25,73
112,25,74
112,25,75
112,25,79
112,25,82
112,25,84
112,25,86
112,25,88
112,25,91
112,25,100
112,25,102
112,25,103
112,26,29
112,26,31
112,26,34
112,26,36
112,26,37
112,26,50
112,26,55
112,26,57
112,26,60
112,26,68
112,26,73
112,26,74
112,26,75
112,26,79
112,26,84
112,26,86
112,26,88
112,26,89
112,26,91
112,26,100
112,26,102
112,26,103
112,27,32
112,27,38
112,27,41
112,27,42
112,27,44
112,27,45
112,27,46
112,27,47
112,27,48
112,27,51
112,27,53
112,27,54
112,27,56
112,27,59
112,27,61
112,27,62
112,27,63
112,27,64
112,27,65
112,27,66
112,27,67
112,27,69
112,27,70
112,27,72
112,27,76
112,27,77
112,27,78
112,27,80
112,27,81
112,27,85
112,27,92
112,27,93
112,27,94
112,27,95
112,27,96
112,27,97
112,27,98
112,27,99
112,27,101
112,28,29
112,28,30
112,28,31
112,28,33
112,28,34
112,28,36
112,28,49
112,28,50
112,28,52
112,28,55
112,28,60
112,28,68
112,28,71
112,28,73
112,28,79
112,28,84
112,28,86
112,28,87
112,28,88
112,28,89
112,28,91
112,28,102
112,28,103
112,29,30
112,29,31
112,29,33
112,29,34
112,29,36
112,29,50
112,29,52
112,29,55
112,29,57
112,29,60
112,29,68
112,29,71
112,29,73
112,29,74
112,29,75
112,29,79
112,29,83
112,29,84
112,29,86
112,29,87
112,29,88
112,29,89
112,29,91
112,29,100
112,29,102
112,29,103
112,30,31
112,30,34
112,30,36
112,30,49
112,30,50
112,30,52
112,30,55
112,30,57
112,30,60
112,30,68
112,30,71
112,30,73
112,30,84
112,30,86
112,30,87
112,30,89
112,30,102
112,30,103
112,31,33
112,31,34
112,31,36
112,31,49
112,31,50
112,31,55
112,31,57
112,31,60
112,31,68
112,31,71
112,31,73
112,31,79
112,31,84
112,31,86
112,31,88
112,31,89
112,31,91
112,31,100
112,31,102
112,31,103
112,32,38
112,32,41
112,32,42
112,32,44
112,32,45
112,32,46
112,32,47
112,32,48
112,32,51
112,32,53
112,32,54
112,32,56
112,32,59
112,32,61
112,32,62
112,32,63
112,32,64
112,32,65
112,32,66
112,32,67
112,32,69
112,32,70
112,32,72
112,32,76
112,32,77
112,32,78
112,32,80
112,32,81
112,32,85
112,32,92
112,32,93
112,32,94
112,32,95
112,32,96
112,32,97
112,32,98
112,32,99
112,32,101
112,33,34
112,33,36
112,33,49
112,33,50
112,33,52
112,33,55
112,33,57
112,33,60
112,33,71
112,33,73
112,33,79
112,33,84
112,33,86
112,33,88
112,33,89
112,33,91
112,33,100
112,33,102
112,33,103
112,34,36
112,34,49
112,34,50
112,34,52
112,34,55
112,34,57
112,34,60
112,34,68
112,34,71
112,34,73
112,34,74
112,34,83
112,34,84
112,34,86
112,34,87
112,34,88
112,34,89
112,34,91
112,34,100
112,34,102
112,34,103
112,35,57
112,35,75
112,35,79
112,35,82
112,35,90
112,35,100
112,36,37
112,36,49
112,36,50
112,36,52
112,36,55
112,36,57
112,36,60
112,36,68
112,36,71
112,36,73
112,36,74
112,36,75
112,36,79
112,36,83
112,36,84
112,36,86
112,36,87
112,36,88
112,36,89
112,36,91
112,36,100
112,36,102
112,36,103
112,37,50
112,37,57
112,37,60
112,37,74
112,37,75
112,37,79
112,37,82
112,37,84
112,37,88
112,37,91
112,37,100
112,37,102
112,37,103
112,38,41
112,38,42
112,38,44
112,38,45
112,38,46
112,38,47
112,38,48
112,38,51
112,38,53
112,38,54
112,38,56
112,38,59
112,38,61
112,38,62
112,38,63
112,38,64
112,38,65
112,38,66
112,38,67
112,38,69
112,38,70
112,38,72
112,38,76
112,38,77
112,38,78
112,38,80
112,38,81
112,38,85
112,38,92
112,38,93
112,38,94
112,38,95
112,38,96
112,38,97
112,38,98
112,38,99
112,38,101
112,39,40
112,39,43
112,40,43
112,41,42
112,41,44
112,41,45
112,41,46
112,41,47
112,41,48
112,41,51
112,41,53
112,41,54
112,41,56
112,41,59
112,41,61
112,41,62
112,41,63
112,41,64
112,41,65
112,41,66
112,41,67
112,41,69
112,41,70
112,41,72
112,41,76
112,41,77
112,41,78
112,41,80
112,41,81
112,41,85
112,41,92
112,41,93
112,41,94
112,41,95
112,41,96
112,41,97
112,41,98
112,41,99
112,41,101
112,42,44
112,42,45
112,42,46
112,42,47
112,42,48
112,42,51
112,42,53
112,42,54
112,42,56
112,42,59
112,42,61
112,42,62
112,42,63
112,42,64
112,42,65
112,42,66
112,42,67
112,42,69
112,42,70
112,42,72
112,42,76
112,42,77
112,42,78
112,42,80
112,42,81
112,42,85
112,42,92
112,42,93
112,42,94
112,42,95
112,42,96
112,42,97
112,42,98
112,42,99
112,42,101
112,44,45
112,44,46
112,44,47
112,44,48
112,44,51
112,44,53
112,44,54
112,44,56
112,44,59
112,44,61
112,44,62
112,44,63
112,44,64
112,44,65
112,44,66
112,44,67
112,44,69
112,44,70
112,44,72
112,44,76
112,44,77
112,44,78
112,44,80
112,44,81
112,44,85
112,44,92
112,44,93
112,44,94
112,44,95
112,44,96
112,44,97
112,44,98
112,44,99
112,44,101
112,45,46
112,45,47
112,45,48
112,45,51
112,45,53
112,45,54
112,45,56
112,45,59
112,45,61
112,45,62
112,45,63
112,45,64
112,45,65
112,45,66
112,45,67
112,45,69
112,45,70
112,45,72
112,45,76
112,45,77
112,45,78
112,45,80
112,45,81
112,45,85
112,45,92
112,45,93
112,45,94
112,45,95
112,45,96
112,45,97
112,45,98
112,45,99
112,45,101
112,46,47
112,46,48
112,46,51
112,46,53
112,46,54
112,46,56
112,46,59
112,46,61
112,46,62
112,46,63
112,46,64
112,46,65
112,46,66
112,46,67
112,46,69
112,46,70
112,46,72
112,46,76
112,46,77
112,46,78
112,46,80
112,46,81
112,46,85
112,46,92
112,46,93
112,46,94
112,46,95
112,46,96
112,46,97
112,46,98
112,46,99
112,46,101
112,47,48
112,47,51
112,47,53
112,47,54
112,47,56
112,47,59
112,47,61
112,47,62
112,47,63
112,47,64
112,47,65
112,47,66
112,47,67
112,47,69
112,47,70
112,47,72
112,47,76
112,47,77
112,47,78
112,47,80
112,47,81
112,47,85
112,47,92
112,47,93
112,47,94
112,47,95
112,47,96
112,47,97
112,47,98
112,47,99
112,47,101
112,48,51
112,48,53
112,48,54
112,48,56
112,48,59
112,48,61
112,48,62
112,48,63
112,48,64
112,48,65
112,48,66
112,48,67
112,48,69
112,48,70
112,48,72
112,48,76
112,48,77
112,48,78
112,48,80
112,48,81
112,48,85
112,48,92
112,48,93
112,48,94
112,48,95
112,48,96
112,48,97
112,48,98
112,48,99
112,48,101
112,49,50
112,49,52
112,49,55
112,49,71
112,49,73
112,49,84
112,49,87
112,49,89
112,49,102
112,50,52
112,50,55
112,50,57
112,50,60
112,50,68
112,50,71
112,50,73
112,50,74
112,50,84
112,50,87
112,50,88
112,50,89
112,50,102
112,50,103
112,51,53
112,51,54
112,51,56
112,51,59
112,51,61
112,51,62
112,51,63
112,51,64
112,51,65
112,51,66
112,51,67
112,51,69
112,51,70
112,51,72
112,51,76
112,51,77
112,51,78
112,51,80
112,51,81
112,51,85
112,51,93
112,51,94
112,51,95
112,51,96
112,51,97
112,51,98
112,51,99
112,51,101
112,52,55
112,52,57
112,52,71
112,52,73
112,52,74
112,52,84
112,52,87
112,52,89
112,52,102
112,52,103
112,53,54
112,53,56
112,53,59
112,53,61
112,53,62
112,53,63
112,53,64
112,53,65
112,53,66
112,53,67
112,53,69
112,53,70
112,53,72
112,53,76
112,53,77
112,53,78
112,53,80
112,53,81
112,53,85
112,53,92
112,53,93
112,53,94
112,53,95
112,53,96
112,53,97
112,53,98
112,53,99
112,53,101
112,54,56
112,54,59
112,54,61
112,54,62
112,54,63
112,54,64
112,54,65
112,54,66
112,54,67
112,54,69
112,54,70
112,54,72
112,54,76
112,54,77
112,54,78
112,54,80
112,54,81
112,54,85
112,54,92
112,54,93
112,54,94
112,54,95
112,54,96
112,54,97
112,54,98
112,54,99
112,54,101
112,55,57
112,55,60
112,55,68
112,55,71
112,55,73
112,55,74
112,55,83
112,55,84
112,55,86
112,55,87
112,55,88
112,55,89
112,55,100
112,55,102
112,55,103
112,56,59
112,56,61
112,56,62
112,56,63
112,56,64
112,56,65
112,56,66
112,56,67
112,56,69
112,56,70
112,56,72
112,56,76
112,56,77
112,56,78
112,56,80
112,56,81
112,56,85
112,56,93
112,56,94
112,56,95
112,56,96
112,56,97
112,56,98
112,56,99
112,56,101
112,57,60
112,57,68
112,57,71
112,57,73
112,57,74
112,57,75
112,57,79
112,57,82
112,57,83
112,57,84
112,57,86
112,57,87
112,57,88
112,57,89
112,57,90
112,57,91
112,57,100
112,57,102
112,57,103
112,59,61
112,59,62
112,59,63
112,59,64
112,59,65
112,59,66
112,59,67
112,59,69
112,59,70
112,59,72
112,59,76
112,59,77
112,59,78
112,59,80
112,59,81
112,59,85
112,59,92
112,59,93
112,59,94
112,59,95
112,59,96
112,59,97
112,59,98
112,59,99
112,59,101
112,60,68
112,60,73
112,60,74
112,60,75
112,60,79
112,60,83
112,60,84
112,60,86
112,60,87
112,60,88
112,60,89
112,60,91
112,60,100
112,60,102
112,60,103
112,61,62
112,61,63
112,61,64
112,61,65
112,61,66
112,61,67
112,61,69
112,61,70
112,61,72
112,61,76
112,61,77
112,61,78
112,61,80
112,61,81
112,61,85
112,61,92
112,61,93
112,61,94
112,61,95
112,61,96
112,61,97
112,61,98
112,61,99
112,61,101
112,62,63
112,62,64
112,62,65
112,62,66
112,62,67
112,62,69
112,62,70
112,62,72
112,62,76
112,62,77
112,62,78
112,62,80
112,62,81
112,62,85
112,62,92
112,62,93
112,62,94
112,62,95
112,62,96
112,62,97
112,62,98
112,62,99
112,62,101
112,63,64
112,63,65
112,63,66
112,63,67
112,63,69
112,63,70
112,63,72
112,63,76
112,63,77
112,63,78
112,63,80
112,63,81
112,63,85
112,63,92
112,63,93
112,63,94
112,63,95
112,63,96
112,63,97
112,63,98
112,63,99
112,63,101
112,64,65
112,64,66
112,64,67
112,64,69
112,64,70
112,64,72
112,64,76
112,64,77
112,64,78
112,64,80
112,64,81
112,64,85
112,64,92
112,64,93
112,64,94
112,64,95
112,64,96
112,64,97
112,64,98
112,64,99
112,64,101
112,65,66
112,65,67
112,65,69
112,65,70
112,65,72
112,65,76
112,65,77
112,65,78
112,65,80
112,65,81
112,65,85
112,65,92
112,65,93
112,65,94
112,65,95
112,65,96
112,65,97
112,65,98
112,65,99
112,65,101
112,66,67
112,66,69
112,66,70
112,66,72
112,66,76
112,66,77
112,66,78
112,66,80
112,66,81
112,66,85
112,66,92
112,66,93
112,66,94
112,66,95
112,66,96
112,66,97
112,66,98
112,66,99
112,66,101
112,67,69
112,67,70
112,67,72
112,67,76
112,67,77
112,67,78
112,67,80
112,67,81
112,67,85
112,67,92
112,67,93
112,67,94
112,67,95
112,67,96
112,67,97
112,67,98
112,67,99
112,67,101
112,68,73
112,68,74
112,68,75
112,68,79
112,68,83
112,68,84
112,68,86
112,68,87
112,68,88
112,68,89
112,68,91
112,68,100
112,68,102
112,68,103
112,69,70
112,69,72
112,69,76
112,69,77
112,69,78
112,69,80
112,69,81
112,69,85
112,69,92
112,69,93
112,69,94
112,69,95
112,69,96
112,69,97
112,69,98
112,69,99
112,69,101
112,70,72
112,70,76
112,70,77
112,70,78
112,70,80
112,70,81
112,70,85
112,70,92
112,70,93
112,70,94
112,70,95
112,70,96
112,70,97
112,70,98
112,70,99
112,70,101
112,71,73
112,71,84
112,71,87
112,71,89
112,71,102
112,71,103
112,72,76
112,72,77
112,72,78
112,72,80
112,72,81
112,72,85
112,72,92
112,72,93
112,72,94
112,72,95
112,72,96
112,72,97
112,72,98
112,72,99
112,72,101
112,73,74
112,73,75
112,73,79
112,73,83
112,73,84
112,73,86
112,73,87
112,73,88
112,73,89
112,73,91
112,73,100
112,73,102
112,73,103
112,74,75
112,74,79
112,74,83
112,74,84
112,74,86
112,74,87
112,74,88
112,74,89
112,74,91
112,74,100
112,74,102
112,74,103
112,75,79
112,75,82
112,75,83
112,75,84
112,75,86
112,75,88
112,75,90
112,75,91
112,75,100
112,75,102
112,75,103
112,76,77
112,76,78
112,76,80
112,76,81
112,76,85
112,76,92
112,76,93
112,76,94
112,76,95
112,76,96
112,76,97
112,76,98
112,76,99
112,76,101
112,77,78
112,77,80
112,77,81
112,77,85
112,77,92
112,77,93
112,77,94
112,77,95
112,77,96
112,77,97
112,77,98
112,77,99
112,77,101
112,78,80
112,78,81
112,78,85
112,78,92
112,78,93
112,78,94
112,78,95
112,78,96
112,78,97
112,78,98
112,78,99
112,78,101
112,79,82
112,79,83
112,79,84
112,79,86
112,79,88
112,79,90
112,79,91
112,79,100
112,79,102
112,79,103
112,80,81
112,80,85
112,80,92
112,80,93
112,80,94
112,80,95
112,80,96
112,80,97
112,80,98
112,80,99
112,80,101
112,81,85
112,81,92
112,81,93
112,81,94
112,81,95
112,81,96
112,81,97
112,81,98
112,81,99
112,81,101
112,82,90
112,82,91
112,82,100
112,83,84
112,83,86
112,83,87
112,83,88
112,83,91
112,83,100
112,83,102
112,83,103
112,84,86
112,84,87
112,84,88
112,84,89
112,84,91
112,84,100
112,84,102
112,84,103
112,85,92
112,85,93
112,85,94
112,85,95
112,85,96
112,85,97
112,85,98
112,85,99
112,85,101
112,86,87
112,86,88
112,86,89
112,86,91
112,86,100
112,86,102
112,86,103
112,87,88
112,87,89
112,87,102
112,87,103
112,88,89
112,88,91
112,88,100
112,88,102
112,88,103
112,89,102
112,89,103
112,90,91
112,90,100
112,91,100
112,91,102
112,91,103
112,92,93
112,92,94
112,92,95
112,92,96
112,92,97
112,92,99
112,92,101
112,93,94
112,93,95
112,93,96
112,93,97
112,93,98
112,93,99
112,93,101
112,94,95
112,94,96
112,94,97
112,94,98
112,94,99
112,94,101
112,95,96
112,95,97
112,95,98
112,95,99
112,95,101
112,96,97
112,96,98
112,96,99
112,96,101
112,97,98
112,97,99
112,97,101
112,98,99
112,98,101
112,99,101
112,100,102
112,100,103
112,102,103
113,1,5
113,1,8
113,1,10
113,1,11
113,1,12
113,1,13
113,1,14
113,1,15
113,1,16
113,1,17
113,1,19
113,1,22
113,1,23
113,1,26
113,1,29
113,1,31
113,1,37
113,1,39
113,1,40
113,1,41
113,1,42
113,1,44
113,1,45
113,1,46
113,1,47
113,1,48
113,1,49
113,1,52
113,1,54
113,1,55
113,1,56
113,1,60
113,1,62
113,1,63
113,1,64
113,1,66
113,1,67
113,1,68
113,1,69
113,1,70
113,1,72
113,1,73
113,1,75
113,1,79
113,1,80
113,1,81
113,1,83
113,1,84
113,1,88
113,1,95
113,1,96
113,1,97
113,1,98
113,1,99
113,1,100
113,1,101
113,1,102
113,1,104
113,2,3
113,2,6
113,2,7
113,2,9
113,2,18
113,2,20
113,2,21
113,2,24
113,2,25
113,2,28
113,2,30
113,2,32
113,2,33
113,2,34
113,2,35
113,2,36
113,2,50
113,2,51
113,2,53
113,2,57
113,2,58
113,2,59
113,2,71
113,2,74
113,2,76
113,2,77
113,2,78
113,2,82
113,2,85
113,2,86
113,2,87
113,2,89
113,2,90
113,2,91
113,2,92
113,2,93
113,2,94
113,2,103
113,2,105
113,2,106
113,3,7
113,3,9
113,3,18
113,3,20
113,3,21
113,3,24
113,3,25
113,3,28
113,3,30
113,3,32
113,3,33
113,3,34
113,3,35
113,3,36
113,3,50
113,3,51
113,3,53
113,3,57
113,3,58
113,3,59
113,3,71
113,3,74
113,3,76
113,3,77
113,3,78
113,3,82
113,3,85
113,3,86
113,3,87
113,3,89
113,3,90
113,3,91
113,3,92
113,3,93
113,3,94
113,3,103
113,3,105
113,3,106
113,4,38
113,4,43
113,5,8
113,5,10
113,5,11
113,5,12
113,5,13
113,5,14
113,5,15
113,5,16
113,5,17
113,5,19
113,5,22
113,5,23
113,5,26
113,5,29
113,5,31
113,5,37
113,5,39
113,5,40
113,5,41
113,5,42
113,5,43
113,5,44
113,5,45
113,5,46
113,5,47
113,5,48
113,5,49
113,5,52
113,5,54
113,5,55
113,5,56
113,5,60
113,5,62
113,5,63
113,5,66
113,5,67
113,5,68
113,5,69
113,5,70
113,5,72
113,5,73
113,5,75
113,5,79
113,5,80
113,5,81
113,5,83
113,5,84
113,5,88
113,5,95
113,5,96
113,5,97
113,5,98
113,5,99
113,5,100
113,5,101
113,5,102
113,5,104
113,6,7
113,6,18
113,6,20
113,6,21
113,6,28
113,6,30
113,6,35
113,6,51
113,6,57
113,6,58
113,6,61
113,6,71
113,6,74
113,6,76
113,6,78
113,6,82
113,6,86
113,6,87
113,6,89
113,6,90
113,6,91
113,6,94
113,6,103
113,6,106
113,7,9
113,7,18
113,7,20
113,7,21
113,7,25
113,7,27
113,7,28
113,7,30
113,7,35
113,7,50
113,7,51
113,7,53
113,7,57
113,7,58
113,7,61
113,7,71
113,7,74
113,7,76
113,7,77
113,7,82
113,7,85
113,7,86
113,7,87
113,7,89
113,7,90
113,7,91
113,7,94
113,7,103
113,7,105
113,7,106
113,8,10
113,8,11
113,8,12
113,8,13
113,8,14
113,8,15
113,8,16
113,8,17
113,8,19
113,8,22
113,8,23
113,8,26
113,8,29
113,8,31
113,8,37
113,8,39
113,8,40
113,8,41
113,8,42
113,8,43
113,8,45
113,8,46
113,8,47
113,8,48
113,8,49
113,8,52
113,8,54
113,8,55
113,8,56
113,8,60
113,8,62
113,8,63
113,8,66
113,8,67
113,8,68
113,8,69
113,8,70
113,8,72
113,8,73
113,8,75
113,8,79
113,8,80
113,8,81
113,8,83
113,8,84
113,8,88
113,8,95
113,8,96
113,8,97
113,8,98
113,8,99
113,8,100
113,8,101
113,8,102
113,8,104
113,9,18
113,9,20
113,9,21
113,9,24
113,9,25
113,9,27
113,9,28
113,9,30
113,9,32
113,9,33
113,9,34
113,9,35
113,9,36
113,9,50
113,9,51
113,9,53
113,9,57
113,9,58
113,9,61
113,9,65
113,9,71
113,9,74
113,9,76
113,9,77
113,9,78
113,9,82
113,9,85
113,9,86
113,9,87
113,9,89
113,9,90
113,9,91
113,9,92
113,9,93
113,9,94
113,9,103
113,9,105
113,9,106
113,10,11
113,10,12
113,10,13
113,10,14
113,10,15
113,10,16
113,10,17
113,10,19
113,10,22
113,10,23
113,10,26
113,10,29
113,10,31
113,10,37
113,10,39
113,10,40
113,10,41
113,10,42
113,10,43
113,10,44
113,10,45
113,10,46
113,10,47
113,10,48
113,10,49
113,10,52
113,10,54
113,10,55
113,10,56
113,10,60
113,10,62
113,10,63
113,10,64
113,10,66
113,10,67
113,10,68
113,10,69
113,10,70
113,10,72
113,10,73
113,10,75
113,10,79
113,10,80
113,10,81
113,10,83
113,10,84
113,10,88
113,10,95
113,10,96
113,10,97
113,10,98
113,10,99
113,10,100
113,10,101
113,10,102
113,10,104
113,11,12
113,11,13
113,11,14
113,11,15
113,11,16
113,11,17
113,11,19
113,11,22
113,11,23
113,11,26
113,11,29
113,11,31
113,11,37
113,11,39
113,11,40
113,11,41
113,11,42
113,11,43
113,11,44
113,11,45
113,11,46
113,11,47
113,11,48
113,11,49
113,11,52
113,11,54
113,11,55
113,11,56
113,11,60
113,11,62
113,11,63
113,11,64
113,11,66
113,11,67
113,11,68
113,11,69
113,11,70
113,11,72
113,11,73
113,11,75
113,11,79
113,11,80
113,11,81
113,11,83
113,11,84
113,11,88
113,11,95
113,11,96
113,11,97
113,11,98
113,11,99
113,11,100
113,11,101
113,11,102
113,11,104
113,12,13
113,12,14
113,12,15
113,12,16
113,12,17
113,12,19
113,12,22
113,12,23
113,12,26
113,12,29
113,12,31
113,12,37
113,12,39
113,12,40
113,12,41
113,12,42
113,12,43
113,12,44
113,12,45
113,12,46
113,12,47
113,12,48
113,12,49
113,12,52
113,12,54
113,12,55
113,12,56
113,12,60
113,12,62
113,12,63
113,12,64
113,12,66
113,12,67
113,12,68
113,12,69
113,12,70
113,12,72
113,12,73
113,12,75
113,12,79
113,12,80
113,12,81
113,12,83
113,12,84
113,12,88
113,12,95
113,12,96
113,12,97
113,12,98
113,12,99
113,12,100
113,12,101
113,12,102
113,12,104
113,13,14
113,13,15
113,13,16
113,13,17
113,13,19
113,13,22
113,13,23
113,13,26
113,13,29
113,13,31
113,13,37
113,13,39
113,13,40
113,13,41
113,13,42
113,13,43
113,13,44
113,13,45
113,13,46
113,13,47
113,13,48
113,13,49
113,13,52
113,13,54
113,13,55
113,13,56
113,13,60
113,13,62
113,13,63
113,13,64
113,13,66
113,13,67
113,13,68
113,13,69
113,13,70
113,13,72
113,13,73
113,13,75
113,13,79
113,13,80
113,13,81
113,13,83
113,13,84
113,13,88
113,13,95
113,13,96
113,13,97
113,13,98
113,13,99
113,13,100
113,13,101
113,13,102
113,13,104
113,14,15
113,14,16
113,14,17
113,14,19
113,14,22
113,14,23
113,14,26
113,14,29
113,14,31
113,14,37
113,14,39
113,14,40
113,14,41
113,14,42
113,14,43
113,14,44
113,14,45
113,14,46
113,14,47
113,14,48
113,14,49
113,14,52
113,14,54
113,14,55
113,14,56
113,14,60
113,14,62
113,14,63
113,14,64
113,14,66
113,14,67
113,14,68
113,14,69
113,14,70
113,14,72
113,14,73
113,14,75
113,14,79
113,14,80
113,14,81
113,14,83
113,14,84
113,14,88
113,14,95
113,14,96
113,14,97
113,14,98
113,14,99
113,14,100
113,14,101
113,14,102
113,14,104
113,15,16
113,15,17
113,15,19
113,15,22
113,15,23
113,15,26
113,15,29
113,15,31
113,15,37
113,15,39
113,15,40
113,15,41
113,15,42
113,15,43
113,15,44
113,15,45
113,15,46
113,15,47
113,15,48
113,15,49
113,15,52
113,15,54
113,15,55
113,15,56
113,15,60
113,15,62
113,15,63
113,15,64
113,15,66
113,15,67
113,15,68
113,15,69
113,15,70
113,15,72
113,15,73
113,15,75
113,15,79
113,15,80
113,15,81
113,15,83
113,15,84
113,15,88
113,15,95
113,15,96
113,15,97
113,15,98
113,15,99
113,15,100
113,15,101
113,15,102
113,15,104
113,16,17
113,16,19
113,16,22
113,16,23
113,16,26
113,16,29
113,16,31
113,16,37
113,16,39
113,16,40
113,16,41
113,16,42
113,16,43
113,16,44
113,16,45
113,16,46
113,16,47
113,16,48
113,16,49
113,16,52
113,16,54
113,16,55
113,16,56
113,16,60
113,16,62
113,16,63
113,16,64
113,16,66
113,16,67
113,16,68
113,16,69
113,16,70
113,16,72
113,16,73
113,16,75
113,16,79
113,16,80
113,16,81
113,16,83
113,16,84
113,16,88
113,16,95
113,16,96
113,16,97
113,16,98
113,16,99
113,16,100
113,16,101
113,16,102
113,16,104
113,17,19
113,17,22
113,17,23
113,17,26
113,17,29
113,17,31
113,17,37
113,17,39
113,17,40
113,17,41
113,17,42
113,17,43
113,17,44
113,17,45
113,17,46
113,17,47
113,17,48
113,17,49
113,17,52
113,17,54
113,17,55
113,17,56
113,17,60
113,17,62
113,17,63
113,17,64
113,17,66
113,17,67
113,17,68
113,17,69
113,17,70
113,17,72
113,17,73
113,17,75
113,17,79
113,17,80
113,17,81
113,17,83
113,17,84
113,17,88
113,17,95
113,17,96
113,17,97
113,17,98
113,17,99
113,17,100
113,17,101
113,17,102
113,17,104
113,18,24
113,18,25
113,18,28
113,18,30
113,18,32
113,18,33
113,18,34
113,18,35
113,18,36
113,18,51
113,18,53
113,18,57
113,18,58
113,18,59
113,18,71
113,18,74
113,18,77
113,18,78
113,18,82
113,18,85
113,18,86
113,18,87
113,18,91
113,18,92
113,18,93
113,18,94
113,18,103
113,18,105
113,18,106
113,19,22
113,19,23
113,19,26
113,19,29
113,19,31
113,19,37
113,19,39
113,19,40
113,19,41
113,19,42
113,19,43
113,19,44
113,19,45
113,19,46
113,19,47
113,19,48
113,19,49
113,19,52
113,19,54
113,19,55
113,19,56
113,19,60
113,19,62
113,19,63
113,19,64
113,19,66
113,19,67
113,19,68
113,19,69
113,19,70
113,19,72
113,19,73
113,19,75
113,19,79
113,19,80
113,19,81
113,19,83
113,19,84
113,19,88
113,19,95
113,19,96
113,19,97
113,19,98
113,19,99
113,19,100
113,19,101
113,19,102
113,19,104
113,20,21
113,20,25
113,20,28
113,20,30
113,20,32
113,20,33
113,20,35
113,20,36
113,20,50
113,20,51
113,20,53
113,20,57
113,20,58
113,20,61
113,20,65
113,20,71
113,20,74
113,20,76
113,20,77
113,20,82
113,20,85
113,20,86
113,20,87
113,20,89
113,20,90
113,20,91
113,20,94
113,20,103
113,20,105
113,20,106
113,21,25
113,21,28
113,21,30
113,21,32
113,21,33
113,21,35
113,21,36
113,21,50
113,21,51
113,21,53
113,21,57
113,21,58
113,21,61
113,21,65
113,21,71
113,21,74
113,21,76
113,21,77
113,21,82
113,21,85
113,21,86
113,21,87
113,21,89
113,21,90
113,21,91
113,21,94
113,21,103
113,21,105
113,21,106
113,22,23
113,22,26
113,22,29
113,22,31
113,22,37
113,22,39
113,22,40
113,22,41
113,22,42
113,22,43
113,22,44
113,22,45
113,22,46
113,22,47
113,22,48
113,22,49
113,22,52
113,22,54
113,22,55
113,22,56
113,22,60
113,22,62
113,22,63
113,22,64
113,22,66
113,22,67
113,22,68
113,22,69
113,22,70
113,22,72
113,22,73
113,22,75
113,22,79
113,22,80
113,22,81
113,22,83
113,22,84
113,22,88
113,22,95
113,22,96
113,22,97
113,22,98
113,22,99
113,22,100
113,22,101
113,22,102
113,22,104
113,23,26
113,23,29
113,23,31
113,23,37
113,23,39
113,23,40
113,23,41
113,23,42
113,23,43
113,23,44
113,23,45
113,23,46
113,23,47
113,23,48
113,23,49
113,23,52
113,23,54
113,23,55
113,23,56
113,23,60
113,23,62
113,23,63
113,23,64
113,23,66
113,23,67
113,23,68
113,23,69
113,23,70
113,23,72
113,23,73
113,23,75
113,23,79
113,23,80
113,23,81
113,23,83
113,23,84
113,23,88
113,23,95
113,23,96
113,23,97
113,23,98
113,23,99
113,23,100
113,23,101
113,23,102
113,23,104
113,24,25
113,24,28
113,24,30
113,24,32
113,24,33
113,24,34
113,24,35
113,24,36
113,24,50
113,24,51
113,24,53
113,24,57
113,24,58
113,24,59
113,24,71
113,24,74
113,24,76
113,24,77
113,24,78
113,24,82
113,24,85
113,24,87
113,24,90
113,24,91
113,24,92
113,24,93
113,24,103
113,24,105
113,24,106
113,25,28
113,25,30
113,25,32
113,25,33
113,25,34
113,25,35
113,25,36
113,25,50
113,25,51
113,25,53
113,25,57
113,25,58
113,25,59
113,25,71
113,25,74
113,25,76
113,25,77
113,25,78
113,25,82
113,25,85
113,25,87
113,25,89
113,25,90
113,25,91
113,25,92
113,25,93
113,25,94
113,25,103
113,25,105
113,25,106
113,26,29
113,26,31
113,26,37
113,26,39
113,26,40
113,26,41
113,26,42
113,26,43
113,26,44
113,26,45
113,26,46
113,26,47
113,26,48
113,26,49
113,26,52
113,26,54
113,26,55
113,26,56
113,26,60
113,26,62
113,26,63
113,26,64
113,26,66
113,26,67
113,26,68
113,26,69
113,26,70
113,26,72
113,26,73
113,26,75
113,26,79
113,26,80
113,26,81
113,26,83
113,26,84
113,26,88
113,26,95
113,26,96
113,26,97
113,26,98
113,26,99
113,26,100
113,26,101
113,26,102
113,26,104
113,27,28
113,27,30
113,27,35
113,27,51
113,27,53
113,27,57
113,27,58
113,27,59
113,27,61
113,27,65
113,27,71
113,27,74
113,27,76
113,27,82
113,27,86
113,27,87
113,27,89
113,27,90
113,27,91
113,27,94
113,28,30
113,28,32
113,28,33
113,28,34
113,28,35
113,28,36
113,28,50
113,28,51
113,28,53
113,28,57
113,28,58
113,28,61
113,28,65
113,28,71
113,28,74
113,28,76
113,28,77
113,28,78
113,28,82
113,28,85
113,28,86
113,28,87
113,28,89
113,28,90
113,28,91
113,28,92
113,28,93
113,28,94
113,28,103
113,28,105
113,28,106
113,29,31
113,29,37
113,29,39
113,29,40
113,29,41
113,29,42
113,29,43
113,29,44
113,29,45
113,29,46
113,29,47
113,29,48
113,29,49
113,29,52
113,29,54
113,29,55
113,29,56
113,29,60
113,29,62
113,29,63
113,29,66
113,29,67
113,29,68
113,29,69
113,29,70
113,29,72
113,29,73
113,29,75
113,29,79
113,29,80
113,29,81
113,29,83
113,29,84
113,29,88
113,29,95
113,29,96
113,29,97
113,29,98
113,29,99
113,29,100
113,29,101
113,29,102
113,29,104
113,30,32
113,30,33
113,30,34
113,30,35
113,30,36
113,30,50
113,30,51
113,30,53
113,30,57
113,30,58
113,30,59
113,30,61
113,30,71
113,30,74
113,30,76
113,30,77
113,30,78
113,30,82
113,30,85
113,30,86
113,30,87
113,30,89
113,30,90
113,30,91
113,30,92
113,30,93
113,30,94
113,30,103
113,30,105
113,30,106
113,31,37
113,31,39
113,31,40
113,31,41
113,31,42
113,31,43
113,31,44
113,31,45
113,31,46
113,31,47
113,31,48
113,31,49
113,31,52
113,31,54
113,31,55
113,31,56
113,31,60
113,31,62
113,31,63
113,31,64
113,31,66
113,31,67
113,31,68
113,31,69
113,31,70
113,31,72
113,31,73
113,31,75
113,31,79
113,31,80
113,31,81
113,31,83
113,31,84
113,31,88
113,31,95
113,31,96
113,31,97
113,31,98
113,31,99
113,31,100
113,31,101
113,31,102
113,31,104
113,32,33
113,32,34
113,32,35
113,32,36
113,32,50
113,32,51
113,32,53
113,32,57
113,32,58
113,32,59
113,32,71
113,32,74
113,32,76
113,32,77
113,32,78
113,32,82
113,32,85
113,32,87
113,32,89
113,32,90
113,32,91
113,32,92
113,32,93
113,32,94
113,32,103
113,32,105
113,32,106
113,33,34
113,33,35
113,33,36
113,33,50
113,33,51
113,33,53
113,33,57
113,33,58
113,33,59
113,33,71
113,33,74
113,33,76
113,33,77
113,33,78
113,33,82
113,33,85
113,33,87
113,33,89
113,33,90
113,33,91
113,33,92
113,33,93
113,33,94
113,33,103
113,33,105
113,33,106
113,34,35
113,34,36
113,34,53
113,34,57
113,34,58
113,34,59
113,34,71
113,34,74
113,34,76
113,34,77
113,34,78
113,34,82
113,34,85
113,34,87
113,34,91
113,34,92
113,34,93
113,34,103
113,34,105
113,34,106
113,35,36
113,35,50
113,35,51
113,35,53
113,35,57
113,35,58
113,35,59
113,35,61
113,35,71
113,35,74
113,35,76
113,35,77
113,35,78
113,35,82
113,35,85
113,35,86
113,35,87
113,35,89
113,35,90
113,35,91
113,35,92
113,35,93
113,35,94
113,35,103
113,35,105
113,35,106
113,36,50
113,36,51
113,36,53
113,36,57
113,36,58
113,36,59
113,36,71
113,36,74
113,36,76
113,36,77
113,36,78
113,36,82
113,36,85
113,36,86
113,36,87
113,36,90
113,36,91
113,36,92
113,36,93
113,36,94
113,36,103
113,36,105
113,36,106
113,37,39
113,37,40
113,37,41
113,37,42
113,37,44
113,37,45
113,37,46
113,37,47
113,37,48
113,37,49
113,37,52
113,37,54
113,37,55
113,37,56
113,37,60
113,37,62
113,37,63
113,37,66
113,37,67
113,37,68
113,37,69
113,37,70
113,37,72
113,37,73
113,37,75
113,37,79
113,37,80
113,37,81
113,37,83
113,37,84
113,37,88
113,37,95
113,37,96
113,37,97
113,37,98
113,37,99
113,37,100
113,37,101
113,37,102
113,37,104
113,38,43
113,39,40
113,39,41
113,39,42
113,39,44
113,39,45
113,39,46
113,39,47
113,39,48
113,39,49
113,39,52
113,39,54
113,39,55
113,39,56
113,39,60
113,39,62
113,39,63
113,39,64
113,39,66
113,39,67
113,39,68
113,39,69
113,39,70
113,39,72
113,39,73
113,39,75
113,39,79
113,39,80
113,39,81
113,39,83
113,39,84
113,39,88
113,39,95
113,39,96
113,39,97
113,39,98
113,39,99
113,39,100
113,39,101
113,39,102
113,39,104
113,40,41
113,40,42
113,40,43
113,40,44
113,40,45
113,40,46
113,40,47
113,40,48
113,40,49
113,40,52
113,40,54
113,40,55
113,40,56
113,40,60
113,40,62
113,40,63
113,40,64
113,40,66
113,40,67
113,40,68
113,40,69
113,40,70
113,40,72
113,40,73
113,40,75
113,40,79
113,40,80
113,40,81
113,40,83
113,40,84
113,40,88
113,40,95
113,40,96
113,40,97
113,40,98
113,40,99
113,40,100
113,40,101
113,40,102
113,40,104
113,41,42
113,41,43
113,41,44
113,41,45
113,41,46
113,41,47
113,41,48
113,41,49
113,41,52
113,41,54
113,41,55
113,41,56
113,41,60
113,41,62
113,41,63
113,41,64
113,41,66
113,41,67
113,41,68
113,41,69
113,41,70
113,41,72
113,41,73
113,41,75
113,41,79
113,41,80
113,41,81
113,41,83
113,41,84
113,41,88
113,41,95
113,41,96
113,41,97
113,41,98
113,41,99
113,41,100
113,41,101
113,41,102
113,41,104
113,42,43
113,42,44
113,42,45
113,42,46
113,42,47
113,42,48
113,42,49
113,42,52
113,42,54
113,42,55
113,42,56
113,42,60
113,42,62
113,42,63
113,42,64
113,42,66
113,42,67
113,42,68
113,42,69
113,42,70
113,42,72
113,42,73
113,42,75
113,42,79
113,42,80
113,42,81
113,42,83
113,42,84
113,42,88
113,42,95
113,42,96
113,42,97
113,42,98
113,42,99
113,42,100
113,42,101
113,42,102
113,42,104
113,43,46
113,43,47
113,43,48
113,43,49
113,43,50
113,43,51
113,43,52
113,43,54
113,43,56
113,43,60
113,43,62
113,43,63
113,43,64
113,43,67
113,43,68
113,43,69
113,43,70
113,43,72
113,43,73
113,43,75
113,43,79
113,43,80
113,43,81
113,43,83
113,43,84
113,43,88
113,43,96
113,43,97
113,43,98
113,43,99
113,43,101
113,43,102
113,43,104
113,44,46
113,44,47
113,44,48
113,44,49
113,44,52
113,44,54
113,44,56
113,44,60
113,44,62
113,44,63
113,44,64
113,44,67
113,44,68
113,44,69
113,44,70
113,44,72
113,44,73
113,44,75
113,44,79
113,44,80
113,44,81
113,44,83
113,44,84
113,44,88
113,44,95
113,44,96
113,44,97
113,44,98
113,44,99
113,44,100
113,44,102
113,44,104
113,45,46
113,45,47
113,45,48
113,45,49
113,45,52
113,45,54
113,45,55
113,45,56
113,45,60
113,45,62
113,45,63
113,45,66
113,45,67
113,45,68
113,45,69
113,45,70
113,45,72
113,45,73
113,45,75
113,45,79
113,45,80
113,45,81
113,45,83
113,45,84
113,45,88
113,45,95
113,45,96
113,45,97
113,45,98
113,45,99
113,45,100
113,45,101
113,45,102
113,45,104
113,46,47
113,46,48
113,46,49
113,46,52
113,46,54
113,46,55
113,46,56
113,46,60
113,46,62
113,46,63
113,46,64
113,46,66
113,46,67
113,46,68
113,46,69
113,46,70
113,46,72
113,46,73
113,46,75
113,46,79
113,46,80
113,46,81
113,46,83
113,46,84
113,46,88
113,46,95
113,46,96
113,46,97
113,46,98
113,46,99
113,46,100
113,46,101
113,46,102
113,46,104
113,47,48
113,47,49
113,47,52
113,47,54
113,47,55
113,47,56
113,47,60
113,47,62
113,47,63
113,47,64
113,47,66
113,47,67
113,47,68
113,47,69
113,47,70
113,47,72
113,47,73
113,47,75
113,47,79
113,47,80
113,47,81
113,47,83
113,47,84
113,47,88
113,47,95
113,47,96
113,47,97
113,47,98
113,47,99
113,47,100
113,47,101
113,47,102
113,47,104
113,48,49
113,48,52
113,48,54
113,48,55
113,48,56
113,48,60
113,48,62
113,48,63
113,48,64
113,48,66
113,48,67
113,48,68
113,48,69
113,48,70
113,48,72
113,48,73
113,48,75
113,48,79
113,48,80
113,48,81
113,48,83
113,48,84
113,48,88
113,48,95
113,48,96
113,48,97
113,48,98
113,48,99
113,48,100
113,48,101
113,48,102
113,48,104
113,49,52
113,49,54
113,49,55
113,49,56
113,49,60
113,49,62
113,49,63
113,49,64
113,49,66
113,49,67
113,49,68
113,49,69
113,49,70
113,49,72
113,49,73
113,49,75
113,49,79
113,49,80
113,49,81
113,49,83
113,49,84
113,49,88
113,49,95
113,49,96
113,49,97
113,49,98
113,49,99
113,49,100
113,49,101
113,49,102
113,49,104
113,50,51
113,50,53
113,50,57
113,50,58
113,50,61
113,50,71
113,50,74
113,50,76
113,50,77
113,50,82
113,50,85
113,50,86
113,50,87
113,50,89
113,50,90
113,50,91
113,50,94
113,50,103
113,50,105
113,50,106
113,51,53
113,51,57
113,51,58
113,51,59
113,51,61
113,51,65
113,51,71
113,51,74
113,51,76
113,51,77
113,51,78
113,51,82
113,51,85
113,51,86
113,51,87
113,51,89
113,51,90
113,51,91
113,51,94
113,51,103
113,51,105
113,51,106
113,52,54
113,52,55
113,52,56
113,52,60
113,52,62
113,52,63
113,52,64
113,52,66
113,52,67
113,52,68
113,52,69
113,52,70
113,52,72
113,52,73
113,52,75
113,52,79
113,52,80
113,52,81
113,52,83
113,52,84
113,52,88
113,52,95
113,52,96
113,52,97
113,52,98
113,52,99
113,52,100
113,52,101
113,52,102
113,52,104
113,53,57
113,53,58
113,53,59
113,53,65
113,53,71
113,53,74
113,53,76
113,53,77
113,53,82
113,53,85
113,53,86
113,53,87
113,53,89
113,53,90
113,53,91
113,53,92
113,53,94
113,53,103
113,53,105
113,53,106
113,54,56
113,54,60
113,54,62
113,54,63
113,54,66
113,54,67
113,54,68
113,54,69
113,54,70
113,54,72
113,54,73
113,54,75
113,54,79
113,54,80
113,54,81
113,54,83
113,54,84
113,54,88
113,54,95
113,54,96
113,54,97
113,54,98
113,54,99
113,54,100
113,54,101
113,54,102
113,54,104
113,55,56
113,55,60
113,55,62
113,55,63
113,55,66
113,55,67
113,55,68
113,55,69
113,55,70
113,55,72
113,55,73
113,55,75
113,55,79
113,55,80
113,55,81
113,55,83
113,55,84
113,55,88
113,55,95
113,55,96
113,55,97
113,55,98
113,55,99
113,55,100
113,55,101
113,55,102
113,55,104
113,56,60
113,56,62
113,56,63
113,56,66
113,56,67
113,56,68
113,56,69
113,56,70
113,56,72
113,56,73
113,56,75
113,56,79
113,56,80
113,56,81
113,56,83
113,56,84
113,56,88
113,56,95
113,56,96
113,56,97
113,56,98
113,56,99
113,56,100
113,56,101
113,56,102
113,56,104
113,57,58
113,57,65
113,57,71
113,57,74
113,57,76
113,57,77
113,57,78
113,57,82
113,57,85
113,57,86
113,57,87
113,57,89
113,57,90
113,57,91
113,57,92
113,57,93
113,57,94
113,57,103
113,57,105
113,57,106
113,58,59
113,58,65
113,58,71
113,58,74
113,58,76
113,58,77
113,58,78
113,58,82
113,58,85
113,58,86
113,58,87
113,58,89
113,58,90
113,58,91
113,58,92
113,58,93
113,58,94
113,58,103
113,58,105
113,58,106
113,59,61
113,59,71
113,59,74
113,59,76
113,59,77
113,59,78
113,59,82
113,59,85
113,59,87
113,59,91
113,59,92
113,59,93
113,59,94
113,59,103
113,59,105
113,59,106
113,60,62
113,60,63
113,60,64
113,60,66
113,60,67
113,60,68
113,60,69
113,60,70
113,60,72
113,60,73
113,60,75
113,60,79
113,60,80
113,60,81
113,60,83
113,60,84
113,60,88
113,60,95
113,60,96
113,60,97
113,60,98
113,60,99
113,60,100
113,60,101
113,60,102
113,60,104
113,61,71
113,61,74
113,61,76
113,61,82
113,61,86
113,61,87
113,61,89
113,61,90
113,61,91
113,61,94
113,62,63
113,62,64
113,62,66
113,62,67
113,62,68
113,62,69
113,62,70
113,62,72
113,62,73
113,62,75
113,62,79
113,62,80
113,62,81
113,62,83
113,62,84
113,62,88
113,62,95
113,62,96
113,62,97
113,62,98
113,62,99
113,62,100
113,62,101
113,62,102
113,62,104
113,63,64
113,63,66
113,63,67
113,63,68
113,63,69
113,63,70
113,63,72
113,63,73
113,63,75
113,63,79
113,63,80
113,63,81
113,63,83
113,63,84
113,63,88
113,63,95
113,63,96
113,63,97
113,63,98
113,63,99
113,63,100
113,63,101
113,63,102
113,63,104
113,64,67
113,64,68
113,64,69
113,64,70
113,64,75
113,64,79
113,64,80
113,64,81
113,64,83
113,64,84
113,64,88
113,64,95
113,64,96
113,64,97
113,64,98
113,64,99
113,64,100
113,64,102
113,64,104
113,65,71
113,65,74
113,65,76
113,65,87
113,65,89
113,65,90
113,65,94
113,66,67
113,66,68
113,66,69
113,66,70
113,66,72
113,66,73
113,66,75
113,66,79
113,66,80
113,66,81
113,66,83
113,66,84
113,66,88
113,66,95
113,66,96
113,66,97
113,66,98
113,66,99
113,66,100
113,66,101
113,66,102
113,66,104
113,67,68
113,67,69
113,67,70
113,67,72
113,67,73
113,67,75
113,67,79
113,67,80
113,67,81
113,67,83
113,67,84
113,67,88
113,67,95
113,67,96
113,67,97
113,67,98
113,67,99
113,67,100
113,67,101
113,67,102
113,67,104
113,68,69
113,68,70
113,68,72
113,68,73
113,68,75
113,68,79
113,68,80
113,68,81
113,68,83
113,68,84
113,68,88
113,68,95
113,68,96
113,68,97
113,68,98
113,68,99
113,68,100
113,68,101
113,68,102
113,68,104
113,69,70
113,69,72
113,69,73
113,69,75
113,69,79
113,69,80
113,69,81
113,69,83
113,69,84
113,69,88
113,69,95
113,69,96
113,69,97
113,69,98
113,69,99
113,69,100
113,69,101
113,69,102
113,69,104
113,70,72
113,70,73
113,70,75
113,70,79
113,70,80
113,70,81
113,70,83
113,70,84
113,70,88
113,70,95
113,70,96
113,70,97
113,70,98
113,70,99
113,70,100
113,70,101
113,70,102
113,70,104
113,71,74
113,71,76
113,71,77
113,71,78
113,71,82
113,71,85
113,71,86
113,71,87
113,71,89
113,71,90
113,71,91
113,71,92
113,71,93
113,71,94
113,71,103
113,71,105
113,71,106
113,72,73
113,72,75
113,72,79
113,72,80
113,72,81
113,72,83
113,72,84
113,72,88
113,72,95
113,72,96
113,72,97
113,72,98
113,72,99
113,72,100
113,72,101
113,72,102
113,72,104
113,73,75
113,73,79
113,73,80
113,73,81
113,73,83
113,73,84
113,73,88
113,73,95
113,73,96
113,73,97
113,73,98
113,73,99
113,73,100
113,73,101
113,73,102
113,73,104
113,74,76
113,74,77
113,74,82
113,74,85
113,74,86
113,74,87
113,74,89
113,74,90
113,74,91
113,74,92
113,74,93
113,74,94
113,74,103
113,74,105
113,74,106
113,75,79
113,75,80
113,75,81
113,75,83
113,75,84
113,75,88
113,75,95
113,75,96
113,75,97
113,75,98
113,75,99
113,75,100
113,75,101
113,75,102
113,75,104
113,76,77
113,76,78
113,76,82
113,76,85
113,76,86
113,76,87
113,76,89
113,76,90
113,76,91
113,76,92
113,76,94
113,76,103
113,76,105
113,76,106
113,77,78
113,77,82
113,77,85
113,77,86
113,77,87
113,77,90
113,77,91
113,77,92
113,77,93
113,77,94
113,77,103
113,77,105
113,77,106
113,78,82
113,78,85
113,78,87
113,78,89
113,78,91
113,78,92
113,78,93
113,78,94
113,78,103
113,78,105
113,78,106
113,79,80
113,79,81
113,79,83
113,79,84
113,79,88
113,79,95
113,79,96
113,79,97
113,79,98
113,79,99
113,79,100
113,79,101
113,79,102
113,79,104
113,80,81
113,80,83
113,80,84
113,80,88
113,80,95
113,80,96
113,80,97
113,80,98
113,80,99
113,80,100
113,80,101
113,80,102
113,80,104
113,81,83
113,81,84
113,81,88
113,81,95
113,81,96
113,81,97
113,81,98
113,81,99
113,81,100
113,81,101
113,81,102
113,81,104
113,82,85
113,82,86
113,82,87
113,82,89
113,82,90
113,82,91
113,82,92
113,82,93
113,82,94
113,82,103
113,82,105
113,82,106
113,83,84
113,83,88
113,83,95
113,83,96
113,83,97
113,83,98
113,83,99
113,83,100
113,83,101
113,83,102
113,83,104
113,84,88
113,84,95
113,84,96
113,84,97
113,84,98
113,84,99
113,84,100
113,84,101
113,84,102
113,84,104
113,85,86
113,85,87
113,85,89
113,85,90
113,85,91
113,85,92
113,85,93
113,85,94
113,85,103
113,85,105
113,85,106
113,86,87
113,86,89
113,86,90
113,86,91
113,86,94
113,86,103
113,86,105
113,86,106
113,87,89
113,87,90
113,87,91
113,87,92
113,87,93
113,87,94
113,87,103
113,87,105
113,87,106
113,88,95
113,88,96
113,88,97
113,88,98
113,88,99
113,88,100
113,88,101
113,88,102
113,88,104
113,89,90
113,89,91
113,89,94
113,89,103
113,89,105
113,89,106
113,90,91
113,90,94
113,90,103
113,90,105
113,90,106
113,91,92
113,91,93
113,91,94
113,91,103
113,91,105
113,91,106
113,92,93
113,92,103
113,92,105
113,92,106
113,93,103
113,93,105
113,93,106
113,94,103
113,94,105
113,94,106
113,95,96
113,95,97
113,95,98
113,95,99
113,95,100
113,95,101
113,95,102
113,95,104
113,96,97
113,96,98
113,96,99
113,96,100
113,96,101
113,96,102
113,96,104
113,97,98
113,97,99
113,97,100
113,97,101
113,97,102
113,97,104
113,98,99
113,98,100
113,98,101
113,98,102
113,98,104
113,99,100
113,99,101
113,99,102
113,99,104
113,100,101
113,100,102
113,100,104
113,101,102
113,101,104
113,102,104
113,103,105
113,103,106
113,105,106
