CountryCode,Year,Week,Sex,0-14,15-64,65-74,75-84,85+,Total,0-14,15-64,65-74,75-84,85+,Total,Split,SplitSex,Forecast
USA,2015,2,m,343.356860682436,8912.97595907589,6110.06774739128,7516.4749436356,8012.72554271542,30895.6010535006,0.000573819472646687,0.00437919217207648,0.0243208313974348,0.0645320456370811,0.208095629342931,0.0101634222726153,1,1,0
USA,2015,2,f,267.904990655233,5435.76218958641,4601.93225260872,7281.5250563644,13399.2744572846,30986.3989464994,0.000467500562709931,0.00263696511267578,0.0161728841514991,0.0480578250928756,0.180554396400407,0.00985352294194252,1,1,0
USA,2015,2,b,611.261851337669,14348.7381486623,10712,14798,21412,61882,0.000521808711001332,0.00350253531892593,0.0199935076917425,0.05521795596888,0.189962710544194,0.0100058464058335,1,0,0
USA,2015,3,m,353.549812441457,8825.92174227747,6018.8045995587,7413.36341413445,7961.83208699856,30573.4716554106,0.000590853977771907,0.00433642002206729,0.0239575628179361,0.0636467905171779,0.206773893606398,0.0100574545300379,1,1,0
USA,2015,3,f,275.858065017347,5382.67038026373,4533.1954004413,7181.63658586555,13314.1679130014,30687.5283445894,0.000481378866098267,0.00261120952512985,0.0159313175472945,0.0473985644837491,0.179407590968385,0.00975848355586616,1,1,0
USA,2015,3,b,629.407877458804,14208.5921225412,10552,14595,21276,61261,0.000537299215568802,0.00346832559252276,0.0196948742684155,0.0544604721831195,0.188756147465827,0.00990543545243798,1,0,0
USA,2015,4,m,349.763858930964,8487.22368786099,5743.87436671305,7214.75943366672,7550.94227540219,29346.5636225739,0.000584526875868254,0.00417000827862621,0.0228632162221964,0.0619416932172658,0.196102821262921,0.00965385065109765,1,1,0
USA,2015,4,f,272.904065968562,5176.10838723951,4326.12563328695,6989.24056633328,12627.0577245978,29391.4363774261,0.000476224067696885,0.00251100338103968,0.0152035981521281,0.046128757103609,0.170148823583384,0.00934633266491039,1,1,0
USA,2015,4,b,622.667924899526,13663.3320751005,10070,14204,20178,58738,0.000531545599586599,0.00333522729813801,0.0187952410806429,0.0530014763199061,0.179014924965475,0.00949748563695176,1,0,0
USA,2015,5,m,345.97790542047,8298.8482722542,5767.8309430191,6986.18707762968,7311.44366026405,28710.2878585875,0.000578199773964601,0.00407745421484049,0.0229585742243148,0.0599793050204361,0.18988288838512,0.0094445412655956,1,1,0
USA,2015,5,f,269.950066919777,5061.2237554056,4344.1690569809,6767.81292237032,12226.556339736,28669.7121414125,0.000471069269295503,0.00245527122139719,0.0152670093857318,0.0446673419602251,0.164752092138574,0.00911682789639583,1,1,0
USA,2015,5,b,615.927972340247,13360.0720276598,10112,13754,19538,57380,0.000525791983604396,0.00326120134435898,0.0188736323542662,0.0513223250706835,0.173336981067274,0.009277907416805,1,0,0
USA,2015,6,m,325.300774709314,8596.27000519954,5747.86712943073,6967.39335057775,7177.84833900731,28814.6795989246,0.000543644063567727,0.00422358575729051,0.0228791092225495,0.0598179531020301,0.186413332076722,0.00947888199057396,1,1,0
USA,2015,6,f,253.816687499487,5242.61253259166,4329.13287056927,6749.60664942225,12003.1516609927,28578.3204010754,0.00044291613956488,0.00254326548247559,0.015214166691062,0.0445471811595469,0.161741727879517,0.00908776577105268,1,1,0
USA,2015,6,b,579.117462208801,13838.8825377912,10077,13717,19181,57393,0.000494368388624672,0.00337807926807834,0.0188083062929135,0.0511842615235252,0.170169752986559,0.00928000941743969,1,0,0
USA,2015,7,m,347.434041386045,8338.85627642851,5901.30329672425,6892.72638093898,6951.44730438453,28431.7672998623,0.000580633274696775,0.00409711125638363,0.0234898545218316,0.0591769062910657,0.180533551778175,0.00935291909436718,1,1,0
USA,2015,7,f,271.086220400078,5085.62346178539,4444.69670327575,6677.27361906102,11624.5526956155,28103.2327001377,0.000473051884065265,0.00246710786403146,0.0156203005443811,0.0440697855460415,0.156640130185595,0.00893669021145936,1,1,0
USA,2015,7,b,618.520261786123,13424.4797382139,10346,13570,18576,56535,0.00052800491282832,0.00327692330392712,0.019310383735882,0.0506357387821125,0.16480232164529,0.0091412773755502,1,0,0
USA,2015,8,m,348.890177351619,8454.02560000768,5692.53884605722,6933.86940502565,6960.42850245221,28389.7525308944,0.00058306677542895,0.00415369713775445,0.0226588776462284,0.0595301361664951,0.180766799261093,0.00933909790869198,1,1,0
USA,2015,8,f,272.222373880381,5155.86184876032,4287.46115394278,6717.13059497435,11639.5714975478,28072.2474691056,0.000475034498835028,0.00250118149888958,0.015067716937263,0.0443328402718506,0.156842507614776,0.00892683705990849,1,1,0
USA,2015,8,b,621.112551232,13609.887448768,9980,13651,18600,56462,0.000530217842052244,0.00332218143379811,0.0186272597800215,0.0509379860069726,0.165015244541473,0.00912947383352464,1,0,0
USA,2015,9,m,343.648087875551,8289.62247691005,5745.01515606096,6820.0911655761,6949.95043803992,28148.3273244626,0.000574306172793122,0.00407292132583263,0.0228677570794402,0.0585533029307398,0.180494677197689,0.00925967863097762,1,1,0
USA,2015,9,f,268.132221351293,5055.59721386315,4326.98484393904,6606.9088344239,11622.0495619601,27879.6726755374,0.000467897085663883,0.00245254170652237,0.0152066177346807,0.0436053802893662,0.156606400614065,0.00886559921972769,1,1,0
USA,2015,9,b,611.780309226844,13345.2196907732,10072,13427,18572,56028,0.000522251296846117,0.00325757588029553,0.0187989739984345,0.0501021418295818,0.164766834495927,0.00905929935079733,1,0,0
USA,2015,10,m,331.125318571612,8599.7677037975,5797.49146606469,6692.59858476434,6903.17336477075,28324.1564379689,0.000553378066496424,0.00422530427357405,0.0230766365126519,0.0574587264031748,0.179279846557493,0.00931751940660422,1,1,0
USA,2015,10,f,258.361301420695,5244.7456762102,4366.50853393531,6483.40141523566,11543.8266352292,27896.8435620311,0.000450846598643929,0.00254430030061263,0.0153455185320983,0.0427902353982788,0.155552351503751,0.00887105947744564,1,1,0
USA,2015,10,b,589.486619992307,13844.5133800077,10164,13176,18447,56221,0.000503220105520369,0.00337945375993499,0.0189706882168475,0.0491655485772376,0.163657861078309,0.00909050597560463,1,0,0
USA,2015,11,m,332.872681730301,8502.1755462571,5661.16713898977,6587.4553009873,6810.74186799087,27894.4125359553,0.000556298267375033,0.00417735454114806,0.0225340040720258,0.0565560278326331,0.176879341212467,0.00917615077818097,1,1,0
USA,2015,11,f,259.724685597058,5185.2270864155,4263.83286101023,6381.5446990127,11389.2581320091,27479.5874640447,0.000453225736367644,0.00251542699096988,0.0149846784170677,0.0421179844323222,0.15346955046177,0.00873837408404857,1,1,0
USA,2015,11,b,592.597367327359,13687.4026326726,9925,12969,18200,55374,0.000505875620589078,0.00334110293522674,0.0185246045407528,0.0483931390025952,0.161466529605097,0.00895355254963681,1,0,0
USA,2015,12,m,357.044538758836,8384.13375939735,5668.58226975117,6508.2168842278,6549.91290744199,27467.8903595771,0.000596694379529125,0.00411935733893775,0.02256351964411,0.0558757332577321,0.170105445562737,0.00903584196918063,1,1,0
USA,2015,12,f,278.584833370072,5113.23686847375,4269.41773024883,6304.7831157722,10953.087092558,26919.1096404229,0.000486137141545696,0.00248050351813473,0.0150043057036593,0.0416113605159491,0.147592172622657,0.00856014488410046,1,1,0
USA,2015,12,b,635.629372128908,13497.3706278711,9938,12813,17503,54387,0.00054261024570622,0.00329471601244317,0.0185488685063981,0.0478110332361981,0.155282893828462,0.00879396219375695,1,0,0
USA,2015,13,m,359.08312911064,8116.64070783608,5467.23294984554,6484.34377148615,6466.08839214364,26893.3889504221,0.000600101280554169,0.00398793058732746,0.0217620583405911,0.0556707727127299,0.167928469055507,0.00884685388614108,1,1,0
USA,2015,13,f,280.175448242495,4950.10071481082,4117.76705015446,6281.65622851385,10812.9116078564,26442.6110495779,0.000488912802223363,0.00240136386286258,0.0144713493831328,0.0414587238231957,0.145703316616973,0.00840862066843409,1,1,0
USA,2015,13,b,639.258577353135,13066.7414226469,9585,12766,17279,53336,0.000545708346619714,0.00318959917324575,0.0178900085161829,0.0476356552168348,0.153295613464092,0.00862402352706015,1,0,0
USA,2015,14,m,349.472631737849,8209.8836730266,5529.97636398044,6350.24798927776,6393.4903744299,26833.0710324525,0.000584040175721819,0.00403374344098469,0.0220118054889965,0.0545195049705898,0.166043051901923,0.00882701169340084,1,1,0
USA,2015,14,f,272.676835272501,5006.9668599631,4165.02363601956,6151.75201072224,10691.5096255701,26287.9289675475,0.000475827544742932,0.00242895043409747,0.0146374264235235,0.0406013602724105,0.144067432397766,0.00835943252473832,1,1,0
USA,2015,14,b,622.14946701035,13216.8505329897,9695,12502,17085,53121,0.000531103013741814,0.00322624089429612,0.0180953189947202,0.0466505531506242,0.15157448671995,0.00858925967040952,1,0,0
USA,2015,15,m,334.62004488899,8244.94323097257,5588.72701539766,6241.04119694895,6298.43936154695,26707.7708497551,0.000559218468253641,0.0040509691737162,0.0222456596370487,0.0535819194987711,0.163574516041046,0.00878579292360301,1,1,0
USA,2015,15,f,261.08806977342,5028.34865436503,4209.27298460234,6045.95880305105,10532.5606384531,26077.2291502449,0.000455604874091358,0.00243932304495088,0.0147929349249802,0.0399031285927938,0.141925604605607,0.00829243101587507,1,1,0
USA,2015,15,b,595.70811466241,13273.2918853376,9798,12287,16831,52785,0.000508531135657787,0.00324001826119755,0.018287564260987,0.0458482919982179,0.149321052735351,0.00853493103862063,1,0,0
USA,2015,16,m,359.66558349687,8204.20245492263,5484.34479006415,6406.62917043356,6311.53694206231,26766.3789409795,0.000601074680847039,0.00403095210103684,0.0218301711992471,0.0550035607258078,0.163914668620301,0.00880507265144109,1,1,0
USA,2015,16,f,280.629909634616,5003.50205194587,4130.65520993585,6206.37082956644,10554.4630579377,26175.6210590205,0.000489705848131268,0.00242726960672774,0.0145166431214212,0.0409618426744452,0.142220738356495,0.00832371916046057,1,1,0
USA,2015,16,b,640.295493131486,13207.7045068685,9615,12613,16866,52942,0.000546593518309283,0.00322400834400597,0.0179460022830567,0.0470647437920991,0.149631565292284,0.00856031673859342,1,0,0
USA,2015,17,m,366.946263324741,8032.78405427276,5436.43163745204,6247.64439834558,6094.49132209337,26178.2976754885,0.00061324218450791,0.00394672948877776,0.0216394551950104,0.0536386107133462,0.158277854449793,0.00861161733650971,1,1,0
USA,2015,17,f,286.310677036127,4898.95900536634,4094.56836254796,6052.35560165442,10191.5086779066,25523.7023245115,0.000499618921980079,0.00237655429634658,0.0143898206542138,0.0399453472524916,0.137329950484636,0.00811641219917548,1,1,0
USA,2015,17,b,653.256940360868,12931.7430596391,9531,12300,16286,51702,0.000557658164428904,0.00315664599439944,0.0177892197358101,0.0458968008120843,0.144485928634539,0.00835981821651537,1,0,0
USA,2015,18,m,366.363808938511,8083.1215874166,5281.85468081061,6264.9143096906,6111.33106847027,26107.5854553266,0.00061226878421504,0.00397146171425635,0.0210241690384845,0.0537868800437733,0.158715193480264,0.00858835583232033,1,1,0
USA,2015,18,f,285.856215644006,4929.6583880009,3978.14531918939,6069.0856903094,10219.6689315297,25482.4145446734,0.000498825876072174,0.00239144700102434,0.0139806672183422,0.0400557652855472,0.137709408164349,0.00810328288761659,1,1,0
USA,2015,18,b,652.220024582517,13012.7799754175,9260,12334,16331,51590,0.000556772992739335,0.00317642715262462,0.01728340937505,0.0460236700175811,0.144885159064881,0.00834170867258574,1,0,0
USA,2015,19,m,355.879629986376,8278.58107326834,5370.26585527342,6127.77089606838,6106.46625285028,26238.9637074468,0.000594747578943386,0.00406749637813631,0.0213760854748738,0.0526094471256755,0.158588851093683,0.00863157404488799,1,1,0
USA,2015,19,f,277.675910585831,5048.86338615946,4044.73414472658,5936.22910393162,10211.5337471497,25519.0362925532,0.000484551049729887,0.00244927503147109,0.0142146848661654,0.0391789161995169,0.137599787056877,0.0081149284238898,1,1,0
USA,2015,19,b,633.555540572207,13327.4444594278,9415,12064,16318,51758,0.00054083990232708,0.00325323693599644,0.017572710503898,0.0450161792680476,0.144769825829449,0.00836887298848019,1,0,0
USA,2015,20,m,366.363808938511,8270.71430196424,5317.78954526969,6032.2784451018,5839.64982692295,25826.7959281972,0.00061226878421504,0.00406363121531386,0.0211672060416621,0.0517896049456666,0.151659457122008,0.00849598726085275,1,1,0
USA,2015,20,f,285.856215644006,5044.06567345325,4005.21045473031,5843.7215548982,9765.35017307705,24944.2040718028,0.000498825876072174,0.00244694759318633,0.0140757840687478,0.0385683694285032,0.131587490931644,0.0079321345960329,1,1,0
USA,2015,20,b,652.220024582517,13314.7799754175,9323,11876,15605,50771,0.000556772992739335,0.00325014552809127,0.017400996285485,0.0443146671905946,0.138444241455359,0.00820928263260033,1,0,0
USA,2015,21,m,361.995401041788,7917.7523160791,5151.80469514918,5842.81735887554,5801.10551854915,25075.4752896948,0.000604968282018518,0.00389021120692094,0.0205065113126989,0.0501630031736278,0.150658436674487,0.00824883269350809,1,1,0
USA,2015,21,f,282.4477552031,4828.804527676,3880.19530485082,5660.18264112446,9700.89448145085,24352.5247103052,0.000492878031762888,0.0023425213670691,0.0136364348073506,0.0373570186540984,0.130718954464745,0.00774398346001814,1,1,0
USA,2015,21,b,644.443156244888,12746.5568437551,9032,11503,15502,49428,0.000550134205067562,0.00311144193150611,0.016857856746809,0.0429228373773501,0.137530447359243,0.00799212979780128,1,0,0
USA,2015,22,m,356.170857179491,7993.76411238876,5252.19415776502,5885.48419866912,5807.0929839276,25294.70630993,0.000595234279089821,0.00392755790962867,0.0209061067501474,0.050529315637036,0.150813934996432,0.00832095096788795,1,1,0
USA,2015,22,f,277.903141281891,4875.16188914984,3955.80584223498,5701.51580133088,9710.9070160724,24521.29369007,0.000484947572683839,0.00236500997872257,0.0139021580719757,0.0376298161475301,0.130853872750865,0.00779765116812684,1,1,0
USA,2015,22,b,634.073998461382,12868.9260015386,9208,11587,15518,49816,0.000541282488171865,0.00314131231401942,0.0171863535124687,0.0432362789438716,0.137672395956698,0.00805486643212893,1,0,0
USA,2015,23,m,353.258585248342,8012.51380474568,5076.5125981873,5845.86499028937,5686.22102660007,24974.3710050708,0.000590367277625472,0.0039367701532581,0.0202068147346125,0.0501891683495855,0.147674812622167,0.00821557341053039,1,1,0
USA,2015,23,f,275.630834321287,4886.59677568472,3823.4874018127,5663.13500971063,9508.77897339993,24157.6289949292,0.000480982343144314,0.00237055720389692,0.0134371423588818,0.0373765041893435,0.128130209849813,0.0076820075780817,1,1,0
USA,2015,23,b,628.889419569629,12899.1105804304,8900,11509,15195,49132,0.000536856629724017,0.0031486803872646,0.0166114841725642,0.042945226060673,0.134806808645574,0.00794426886027298,1,0,0
USA,2015,24,m,380.342714208025,8153.38438977668,5222.53363471943,5920.53195992814,5699.31860711544,25376.1113057477,0.000635630391243913,0.00400598377686442,0.0207880444618104,0.0508302151605499,0.148014965201422,0.00834772996940869,1,1,0
USA,2015,24,f,296.763289054906,4972.50960696042,3933.46636528057,5735.46804007186,9530.68139288456,24468.8886942523,0.000517858977861891,0.00241223473335898,0.0138236489256092,0.0378538998028489,0.128425343600701,0.00778098663639297,1,1,0
USA,2015,24,b,677.106003262931,13125.8939967371,9156,11656,15230,49845,0.000578017113289007,0.00320403835094972,0.0170892976498874,0.0434937488020857,0.135117321202507,0.00805955551046785,1,0,0
USA,2015,25,m,394.321619477539,8165.87857474295,5117.58101471197,5730.05499656394,5658.52899922473,25066.3652047211,0.000658991998272786,0.00401212251629914,0.0203702855953869,0.0491948916631918,0.146955632883171,0.00824583583837761,1,1,0
USA,2015,25,f,307.670362465806,4980.12944331375,3854.41898528803,5550.94500343606,9462.47100077527,24155.6347952789,0.000536892079651609,0.00241593122373645,0.0135458473307739,0.036636053850029,0.127506212776506,0.00768137343237024,1,1,0
USA,2015,25,b,701.991981943345,13146.0080180567,8972,11281,15121,49222,0.00059926123383868,0.00320894819524039,0.0167458692130614,0.0420944560944002,0.134150296382345,0.00795882117235928,1,0,0
USA,2015,26,m,374.809397538843,8122.23325289094,5188.88034895617,5745.80109220205,5619.61047426478,25051.3345658528,0.000626383088461651,0.0039906783597481,0.0206540891731203,0.04933007840564,0.145944893790528,0.00824089135681269,1,1,0
USA,2015,26,f,292.445905829758,4953.51144374046,3908.11965104383,5566.19890779795,9397.38952573522,24117.6654341472,0.000510325041736795,0.00240301845570211,0.0137345712403088,0.0367367291154622,0.126629243916725,0.00766929936169014,1,1,0
USA,2015,26,b,667.255303368601,13075.7446966314,9097,11312,15017,49169,0.000569607982238095,0.00319179687765641,0.0169791765750356,0.0422101309582356,0.133227630498887,0.00795025147746401,1,0,0
USA,2015,27,m,384.419894911634,8123.40781290321,5131.84088156081,5836.21415747892,5645.05720212321,25120.9399489778,0.000642444193294001,0.003991255453643,0.0204270463109336,0.0501063119590527,0.146605761658795,0.00826378875569874,1,1,0
USA,2015,27,f,299.944518799752,4954.22777338539,3865.15911843919,5653.78584252108,9439.94279787679,24213.0600510222,0.000523410299217226,0.00240336595734346,0.0135835921126809,0.0373147999944007,0.127202646632736,0.00769963438214665,1,1,0
USA,2015,27,b,684.364413711385,13077.6355862886,8997,11490,15085,49334,0.000584213315115995,0.00319225844492037,0.0167925306854562,0.0428743285634836,0.133830912038071,0.00797693071628891,1,0,0
USA,2015,28,m,365.490127359167,8133.1600020447,5154.65666851895,5731.07087370188,5596.40904592327,24980.786717548,0.000610808683775735,0.00399604697451607,0.0205178634558083,0.049203613388511,0.145342337792992,0.00821768392441788,1,1,0
USA,2015,28,f,285.174523555824,4960.1753470403,3882.34333148105,5551.92912629812,9358.59095407673,24038.213282452,0.000497636307210317,0.00240625120943618,0.013643983763732,0.0366425490284441,0.126106435558009,0.00764403396699659,1,1,0
USA,2015,28,b,650.664650914991,13093.335349085,9037,11283,14955,49019,0.00055544523520498,0.00319609076614078,0.016867189041288,0.0421019189888412,0.132677579683749,0.00792599762398683,1,0,0
USA,2015,29,m,371.02344402835,8048.77390414281,5207.13297852269,5859.07139308262,5636.45022064168,25122.4519404181,0.000620055986557998,0.0039545857452857,0.02072674288902,0.0503025507787357,0.146382232820999,0.00826428614066479,1,1,0
USA,2015,29,f,289.491906780972,4908.71074504789,3921.86702147731,5675.92860691738,9425.54977935832,24221.5480595819,0.000505170243335414,0.00238128500317872,0.0137828845611497,0.037460941508739,0.127008701596438,0.0077023335272528,1,1,0
USA,2015,29,b,660.515350809322,12957.4846491907,9129,11535,15062,49344,0.000563854366255892,0.00316292953136523,0.017038903259701,0.0430422436884059,0.133626860929229,0.00797854763985406,1,0,0
USA,2015,30,m,366.655036131626,7924.40171611705,5079.36457155707,5734.62644368468,5631.95962160784,24737.0073890983,0.000612755484361475,0.00389347824149266,0.0202181668777219,0.0492341394271283,0.14626560907954,0.00813749023431687,1,1,0
USA,2015,30,f,286.083446340066,4832.85980141125,3825.63542844293,5555.37355631532,9418.04037839216,23917.9926109017,0.000499222399026126,0.00234448863770921,0.0134446913152632,0.0366652821528967,0.126907512881848,0.00760580438287286,1,1,0
USA,2015,30,b,652.738482471692,12757.2615175283,8905,11290,15050,48655,0.00055721557858412,0.00311405494859372,0.0166208164670432,0.0421280391193847,0.133520399481138,0.00786714160621553,1,0,0
USA,2015,31,m,363.451537007363,8059.01069267482,5076.5125981873,5756.46780215044,5545.51559020642,24800.9582202263,0.000607401782750692,0.00395961536327327,0.0202068147346125,0.0494216565214921,0.144020602056459,0.00815852751079884,1,1,0
USA,2015,31,f,283.583908683401,4914.95386163438,3823.4874018127,5576.53219784956,9273.48440979358,23872.0417797737,0.00049486064653265,0.00238431362732723,0.0134371423588818,0.0368049284888201,0.124959630125987,0.0075911922438662,1,1,0
USA,2015,31,b,647.035445690764,12973.9645543092,8900,11333,14819,48673,0.000552347134291486,0.00316695228577975,0.0166114841725642,0.042288491349866,0.131471016605381,0.00787005206863279,1,0,0
USA,2015,32,m,381.7988501736,8080.33983087923,5058.25996862079,5640.14986985604,5470.67227297575,24631.2207925054,0.000638063891976088,0.00397009496015435,0.0201341610187128,0.0484230189724387,0.142076873032146,0.00810269065718308,1,1,0
USA,2015,32,f,297.899442535208,4927.96187641197,3809.74003137921,5463.85013014396,9148.32772702425,23647.7792074946,0.000519841592631654,0.00239062399925987,0.0133888290380409,0.0360612305602981,0.123273151549484,0.00751987784541719,1,1,0
USA,2015,32,b,679.698292708808,13008.3017072912,8868,11104,14619,48279,0.000580230042512932,0.00317533400477305,0.0165517574878988,0.0414339899363727,0.129696659137193,0.00780634528016606,1,0,0
USA,2015,33,m,363.451537007363,7983.22820534101,5009.77642133473,5637.10223844221,5503.22911597109,24496.7875180964,0.000607401782750692,0.00392238132642222,0.0199411745858542,0.048396853796481,0.142922395157722,0.00805846746395427,1,1,0
USA,2015,33,f,283.583908683401,4868.73634896819,3773.22357866527,5460.89776155779,9202.77088402891,23589.2124819036,0.00049486064653265,0.00236189285830814,0.0132604967795572,0.036041745025053,0.124006769730263,0.00750125391382573,1,1,0
USA,2015,33,b,647.035445690764,12851.9645543092,8783,11098,14706,48086,0.000552347134291486,0.00313717201489587,0.0163931084817564,0.0414116012530497,0.130468504635855,0.00777513865535875,1,0,0
USA,2015,34,m,375.100624731958,8026.25134241693,5148.38232710546,5793.03937911637,5435.87013046349,24778.6438038342,0.000626869788608086,0.00394351978634472,0.0204928887409677,0.0497356386329848,0.141173039035841,0.00815118695651839,1,1,0
USA,2015,34,f,292.673136525818,4894.97489632527,3877.61767289454,5611.96062088363,9090.12986953651,23767.3561961658,0.000510721564690748,0.00237462154870605,0.013627376059693,0.0370387549117615,0.12248893901141,0.00755790274154128,1,1,0
USA,2015,34,b,667.773761257776,12921.2262387422,9026,11405,14526,48546,0.00057005056808288,0.00315407883230807,0.0168466579934342,0.0425571555497416,0.128871582914486,0.00784951713935545,1,0,0
USA,2015,35,m,359.08312911064,7994.27062582983,5114.7290413422,5708.72157666715,5575.82713368484,24752.6315066347,0.000600101280554169,0.00392780677372372,0.0203589334522776,0.0490117354314877,0.144807812311305,0.0081426299467272,1,1,0
USA,2015,35,f,280.175448242495,4875.47079681707,3852.2709586578,5530.27842333285,9324.17286631516,23862.3684933653,0.000488912802223363,0.00236515983420062,0.0135382983743925,0.0364996551033132,0.125642653949471,0.00758811618621546,1,1,0
USA,2015,35,b,639.258577353135,12869.7414226469,8967,11239,14900,48615,0.000545708346619714,0.00314151135878572,0.0167365369185824,0.0419377353111395,0.132189631379997,0.00786067391195495,1,0,0
USA,2015,36,m,351.802449282768,8181.83939263275,5134.69285493057,5674.68969254608,5555.2452214464,24898.2696108386,0.000587933776893298,0.00401996450859037,0.0204383984540429,0.048719557633293,0.144273286829619,0.00819053908270563,1,1,0
USA,2015,36,f,274.494680840985,4989.86347724345,3867.30714506943,5497.31030745392,9289.7547785536,23918.7303891614,0.000478999728374552,0.00242065334125796,0.0135911410690623,0.0362820666264094,0.125178872340932,0.00760603899274219,1,1,0
USA,2015,36,b,626.297130123753,13171.7028698762,9002,11172,14845,48817,0.000534643700500093,0.00321522032349865,0.0168018629799352,0.0416877283473663,0.131701683076245,0.00789333576797089,1,0,0
USA,2015,37,m,361.121719462444,8000.71263094238,5211.12574124036,5750.88047789176,5577.32400002945,24901.1645695664,0.000603508181579213,0.00393097190941923,0.0207426358893731,0.0493736870322362,0.144846686891792,0.00819149140883004,1,1,0
USA,2015,37,f,281.766063114918,4879.39958648022,3924.87425875964,5571.11952210824,9326.67599997055,23983.8354304336,0.00049168846290103,0.00236706574562857,0.0137934531000836,0.0367692050075374,0.125676383521001,0.0076267420766636,1,1,0
USA,2015,37,b,642.887782577362,12880.1122174226,9136,11322,14904,48885,0.000548806447533208,0.00314404287581608,0.0170519684719715,0.0422474454304405,0.132225118529361,0.00790433084821388,1,0,0
USA,2015,38,m,331.707772957841,7966.15348535485,5289.84020624596,5699.0707438567,5622.97842354016,24909.7506319555,0.000554351466789293,0.00391399204315173,0.0210559550391906,0.0489288790409548,0.146032361596623,0.00819431588140037,1,1,0
USA,2015,38,f,258.815762812816,4858.32297887445,3984.15979375404,5520.9292561433,9403.02157645984,24025.2493680445,0.000451639644551833,0.00235684118520604,0.0140018042962101,0.0364379509083704,0.126705135452668,0.00763991150577569,1,1,0
USA,2015,38,b,590.523535770657,12824.4764642293,9274,11220,15026,48935,0.000504105277209938,0.00313046215613636,0.0173095397995911,0.0418668378139501,0.133307476584955,0.00791241546603961,1,0,0
USA,2015,39,m,368.111172097201,8001.67979602931,5201.42903178315,5786.43617771974,5718.40365300926,25076.0598306387,0.00061518898509365,0.00393144710443796,0.0207040386028013,0.0496789474184098,0.148510616102621,0.00824902498419822,1,1,0
USA,2015,39,f,287.219599820368,4879.98943205309,3917.57096821685,5605.56382228026,9562.59634699074,24252.9401693613,0.000501205013795889,0.00236735188805779,0.0137677866483869,0.0369965362520637,0.128855395637709,0.00771231606425048,1,1,0
USA,2015,39,b,655.330771917569,12881.6692280824,9119,11392,15281,49329,0.000559428507808044,0.00314442294302278,0.0170202386707431,0.0425086467358751,0.135569782356895,0.00797612225450634,1,0,0
USA,2015,40,m,327.921819447348,7946.73574642674,5209.4145572185,5844.34117458246,5575.82713368484,24904.2404313599,0.000548024364885641,0.00390445156972245,0.0207358246035075,0.0501760857616066,0.144807812311305,0.00819250324485826,1,1,0
USA,2015,40,f,255.861763764031,4846.48067036186,3923.5854427815,5661.65882541754,9324.17286631516,24011.7595686401,0.000446484846150452,0.00235109631386839,0.0137889237262548,0.037366761421721,0.125642653949471,0.00763562181570416,1,1,0
USA,2015,40,b,583.783583211379,12793.2164167886,9133,11506,14900,48916,0.000498351661227735,0.00312283156039352,0.0170463690952842,0.0429340317190115,0.132189631379997,0.00790934331126583,1,0,0
USA,2015,41,m,357.626993145065,8267.33125785418,5443.84676821344,6117.10418611998,5805.97033416914,25991.8795395018,0.000597667779821995,0.00406196903195865,0.0216689707670946,0.0525178690098234,0.150784779061067,0.00855029319421432,1,1,0
USA,2015,41,f,279.039294762193,5042.00245423852,4100.15323178656,5925.89581388002,9709.02966583086,25056.1204604982,0.000486930187453601,0.00244594669636647,0.0144094479408054,0.039110716826159,0.130828575572217,0.00796772345892378,1,1,0
USA,2015,41,b,636.666287907258,13309.3337120927,9544,12043,15515,51048,0.000543495417395789,0.00324881609204934,0.0178134837014554,0.0449378188764172,0.137645780594675,0.00825407141535486,1,0,0
USA,2015,42,m,356.753311565721,8027.90541758432,5301.81849439899,5879.38893584147,5802.97660147992,25368.8427608704,0.000596207679382691,0.00394433247932833,0.0211036340402498,0.0504769852851205,0.150707029900095,0.00834533890762719,1,1,0
USA,2015,42,f,278.357602674012,4895.98366817598,3993.18150560101,5695.61106415853,9704.02339852008,24567.1572391296,0.000485740618591744,0.00237511091819725,0.014033509913012,0.0375908450770398,0.130761116429157,0.00781223555186364,1,1,0
USA,2015,42,b,635.110914239733,12923.8890857603,9295,11575,15507,49936,0.000542167659861435,0.00315472883481232,0.0173487354364028,0.0431915015772257,0.137574806295947,0.00807426951491068,1,0,0
USA,2015,43,m,342.191951909977,8071.96044505148,5330.90862277062,6025.1673051362,5968.3803325597,25738.608657428,0.000571872672060948,0.00396597793560585,0.021219425899965,0.0517285528684319,0.155002671043826,0.00846697716098951,1,1,0
USA,2015,43,f,266.996067870991,4922.85153516752,4015.09137722938,5836.8326948638,9980.6196674403,25022.391342572,0.000465914470894122,0.0023881449004499,0.0141105092681022,0.038522903179598,0.134488234083229,0.00795699776479357,1,1,0
USA,2015,43,b,609.188019780968,12994.811980219,9346,11862,15949,50761,0.000520038367622193,0.003172041154557,0.0174439248400882,0.0442624269295076,0.141496136300642,0.00820766570903518,1,0,0
USA,2015,44,m,339.862134365058,8074.53684035768,5340.03493755388,5941.86537982493,5915.24157732592,25611.5408694275,0.000567979070889469,0.003967243790042,0.0212557527579149,0.051013371392254,0.153622623436564,0.00842517691944509,1,1,0
USA,2015,44,f,265.178222302508,4924.42280297472,4021.96506244612,5756.13462017507,9891.75842267408,24859.4591305725,0.000462742287262502,0.00238890714468461,0.0141346659285227,0.0379902985495647,0.133290834293912,0.00790518612021717,1,1,0
USA,2015,44,b,605.040356667566,12998.9596433324,9362,11698,15807,50471,0.000516497680863914,0.00317305360153284,0.0174737881824209,0.0436504695853465,0.140236342498229,0.00816077492564596,1,0,0
USA,2015,45,m,361.412946655559,8130.21467868299,5455.82505636647,6156.21545593077,5936.94613932281,26040.6142769586,0.000603994881725648,0.00399459985549891,0.0217166497681538,0.0528536554346143,0.154186304853615,0.00856632498188729,1,1,0
USA,2015,45,f,281.993293810979,4958.37908085051,4109.17494363353,5963.78454406923,9928.05386067719,25241.3857230414,0.000492084985854983,0.00240537981530407,0.0144411535576073,0.039360781195138,0.133779913081098,0.00802663690407649,1,1,0
USA,2015,45,b,643.406240466537,13088.5937595335,9565,12120,15865,51282,0.000549249033377992,0.00319493334137631,0.0178526793382671,0.0452251403123953,0.140750906164004,0.00829190742677926,1,0,0
USA,2015,46,m,327.630592254233,8170.67825026769,5363.42111918598,6046.50072503299,5875.20040260751,25783.4310893484,0.000547537664739205,0.0040144807299399,0.0213488403314114,0.051911709100136,0.152582728408557,0.00848172195595575,1,1,0
USA,2015,46,f,255.63453306797,4983.05662441011,4039.57888081402,5857.49927496701,9824.79959739249,24960.5689106516,0.000446088323196499,0.00241735124068354,0.0141965673708501,0.0386593019263138,0.132388568255483,0.00793733853455173,1,1,0
USA,2015,46,b,583.265125322203,13153.7348746778,9403,11904,15700,50744,0.00049790907538295,0.00321083432543103,0.0175503129971485,0.0444191477127684,0.139287061252749,0.00820491693897443,1,0,0
USA,2015,47,m,333.455136116531,8044.35185171181,5466.66255517159,6191.26321718978,6051.83063127189,26087.5633914616,0.000557271667667902,0.00395241306833927,0.0217597879119693,0.0531545549581282,0.157169928905935,0.00858176937072417,1,1,0
USA,2015,47,f,260.179146989178,4906.01386518249,4117.33744482841,5997.73678281022,10120.1693687281,25401.4366085384,0.000454018782275548,0.00237997670861576,0.0144698395918566,0.0395848648504569,0.13636865769603,0.00807753230095193,1,1,0
USA,2015,47,b,593.634283105709,12950.3657168943,9584,12189,16172,51489,0.000506760792278647,0.00316119179585547,0.0178881420572871,0.0454826101706094,0.143474544877672,0.00832537774457777,1,0,0
USA,2015,48,m,346.851586999815,8028.29524284321,5434.15005875623,6073.42146918846,6087.00699037031,25969.725348158,0.000579659874403906,0.00394452401128466,0.0216303734805229,0.052142834821096,0.158083481547362,0.00854300534759353,1,1,0
USA,2015,48,f,270.631759007958,4896.22141114899,4092.84994124377,5883.57853081154,10178.9930096297,25322.274651842,0.000472258838157361,0.0023752262506757,0.0143837814891087,0.0388314241543123,0.137161302626986,0.00805235918684519,1,1,0
USA,2015,48,b,617.483346007773,12924.5166539922,9527,11957,16266,51292,0.00052711974113875,0.00315488202458237,0.0177817539002269,0.0446169144154546,0.14430849288772,0.00829352435034441,1,0,0
USA,2015,49,m,354.423494020802,8272.73730518714,5460.95860843205,6182.62826151727,6134.53249681178,26405.280165969,0.000592314078211211,0.00406462517287848,0.0217370836257506,0.0530804202929146,0.159317749477801,0.00868628553588376,1,1,0
USA,2015,49,f,276.539757105528,5045.29944368656,4113.04139156795,5989.37173848273,10258.4675031882,25682.719834031,0.000482568434960124,0.00244754611257492,0.0144547416790938,0.0395296558339291,0.138232216523065,0.00816697898755659,1,1,0
USA,2015,49,b,630.96325112633,13318.0367488737,9574,12172,16393,52088,0.000538626973103156,0.00325094050838416,0.0178694774683292,0.045419175567861,0.14543520988002,0.00842223146612999,1,0,0
USA,2015,50,m,356.753311565721,8388.18281638443,5715.92502768932,6361.42263779512,6353.07498312533,27175.3587765599,0.000596207679382691,0.00412134675288249,0.022751965219725,0.0546154439491015,0.164993438228794,0.00893961072897487,1,1,0
USA,2015,50,f,278.357602674012,5115.70626937587,4305.07497231068,6162.57736220488,10623.9250168747,26485.6412234401,0.000485740618591744,0.00248170145943551,0.0151296183795904,0.040672807234976,0.143156733966454,0.00842230405274984,1,1,0
USA,2015,50,b,635.110914239733,13503.8890857603,10021,12524,16977,53661,0.000542167659861435,0.00329630717180124,0.018703784594749,0.0467326449894751,0.150616333687128,0.00867657354292738,1,0,0
USA,2015,51,m,338.697225592598,8108.125770317,5495.18228886927,6254.75553831118,6116.19588409027,26312.9567071803,0.000566032270303729,0.00398374696247528,0.0218733093430626,0.0536996627905809,0.158841535866844,0.00865591479489336,1,1,0
USA,2015,51,f,264.269299518266,4944.9077045721,4138.81771113073,6059.24446168882,10227.8041159097,25635.0432928197,0.000461156195446692,0.00239884466015436,0.0145453291556705,0.0399908135013968,0.137819029271822,0.00815181808120446,1,1,0
USA,2015,51,b,602.966525110864,13053.0334748891,9634,12314,16344,51948,0.000514727337484775,0.00318625305523356,0.0179814650020768,0.0459490410731712,0.145000492300314,0.00839959453621795,1,0,0
USA,2015,52,m,357.044538758836,8309.59360792146,5565.34083376556,6386.81956624368,6182.80643642556,26801.6049831151,0.000596694379529125,0.00408273369613344,0.0221525720635522,0.0548334870820825,0.160571454698482,0.00881666061636196,1,1,0
USA,2015,52,f,278.584833370072,5067.77701994964,4191.65916623444,6187.18043375632,10339.1935635744,26064.3950168849,0.000486137141545696,0.00245845030270613,0.0147310334826528,0.0408351866953519,0.13931999520491,0.008288349824391,1,1,0
USA,2015,52,b,635.629372128908,13377.3706278711,9757,12574,16522,52866,0.00054261024570622,0.00326542394272132,0.0182110394462595,0.0469192173504998,0.146579670447001,0.00854802811949831,1,0,0
USA,2015,53,m,337.823544013254,8236.43134399484,5553.36254561254,6288.27948386327,6232.95145897011,26648.848376454,0.000564572169864426,0.00404678704767955,0.022104893062493,0.0539874797261159,0.161873753144772,0.00876640977658253,1,1,0
USA,2015,53,f,263.587607430085,5023.15750456186,4182.63745438746,6091.72051613673,10423.0485410299,25984.151623546,0.000459966626584835,0.00243680474476625,0.014699327865851,0.0402051543890931,0.140449935851167,0.00826283281873412,1,1,0
USA,2015,53,b,601.411151443339,13259.5888485567,9736,12380,16656,52633,0.00051339957995042,0.00323667334195765,0.0181718438094478,0.0461953165897239,0.147768489950687,0.00851035380043042,1,0,0
USA,2016,1,m,321.171854918172,8696.60912848912,5869.8939286757,6683.60415265451,6822.00904499346,28393.288109731,0.000537181354603793,0.00425476378890328,0.0224127609410938,0.0557780185372731,0.171845626131677,0.00926892747575574,1,1,0
USA,2016,1,f,254.003882209125,5265.21513438358,4398.1060713243,6421.39584734549,11204.9909550065,27543.711890269,0.000443695322929105,0.00254249793539802,0.0148322758915161,0.0414572249049201,0.149277662651774,0.00868932705804682,1,1,0
USA,2016,1,b,575.175737127297,13961.8242628727,10268,13105,18027,55937,0.000491453184313022,0.0033930313954055,0.0183875175929923,0.047703613136076,0.157084517451328,0.00897417308472332,1,0,0
USA,2016,2,m,329.844614066659,8443.38665176968,5822.44542886268,6708.59435513295,6875.74651015067,28180.0175599826,0.000551687122890132,0.00413087621288783,0.0222315903958941,0.055986574272361,0.173199266721387,0.00919930576619212,1,1,0
USA,2016,2,f,260.86287205972,5111.90586210392,4362.55457113732,6445.40564486705,11293.2534898493,27473.9824400174,0.000455676642624926,0.00246846705569038,0.0147123811798881,0.0416122347500435,0.150453533739396,0.00866732922415906,1,1,0
USA,2016,2,b,590.707486126379,13555.2925138736,10185,13154,18169,55654,0.000504724132669907,0.00329423520934756,0.0182388845621958,0.0478819784198354,0.158321883706283,0.00892877038198673,1,0,0
USA,2016,3,m,323.130219887185,8528.73718975749,5780.71361577412,6657.08393777942,6752.75583285424,28042.4207960524,0.00054045685066845,0.00417263345102842,0.0220722476272245,0.0555566940837105,0.170101145653389,0.00915438760029183,1,1,0
USA,2016,3,f,255.552686368937,5163.57990398641,4331.28638422588,6395.91606222058,11091.2441671458,27237.5792039476,0.000446400782215258,0.00249341971981647,0.0146069316142394,0.0412927246611158,0.147762279489558,0.00859275013169778,1,1,0
USA,2016,3,b,578.682906256122,13692.3170937439,10112,13053,17844,55280,0.000494449850071028,0.00332753520601621,0.0181081591254712,0.047514327528821,0.15548988347487,0.00886876822359986,1,0,0
USA,2016,4,m,333.201811156396,8544.90923080337,5792.71865789548,6798.35508240249,6785.67949108436,28254.8642733421,0.000557302259000973,0.00418054552498944,0.0221180859579377,0.0567356724228806,0.170930488831592,0.00922373931384065,1,1,0
USA,2016,4,f,263.517964905111,5173.37099313513,4340.28134210452,6531.64491759751,11145.3205089156,27454.1357266579,0.000460314572829759,0.00249814769831508,0.0146372664207959,0.0421690048059966,0.148482707550284,0.00866106810060045,1,1,0
USA,2016,4,b,596.719776061507,13718.2802239385,10133,13330,17931,55709,0.000509861273969346,0.00333384481958925,0.0181457650730221,0.0485226373982367,0.156247988152203,0.00893759422880833,1,0,0
USA,2016,5,m,335.160176125409,8611.86488907558,5731.55010994376,6629.5437146399,6639.22597688829,27947.3448666729,0.00056057775506563,0.00421330317869904,0.0218845287490657,0.0553268571511647,0.167241341590622,0.00912335026883861,1,1,0
USA,2016,5,f,265.066769064923,5213.90816573412,4294.44989005624,6369.4562853601,10904.7740231117,27047.6551333271,0.000463020032115912,0.00251772252574554,0.0144827033588177,0.0411218974848575,0.1452780447974,0.00853283401100962,1,1,0
USA,2016,5,b,600.226945190332,13825.7730548097,10026,12999,17544,54995,0.000512857939727352,0.00335996794956566,0.0179541538164531,0.0473177617059024,0.152875729415105,0.00882304465370612,1,0,0
USA,2016,6,m,352.505694422384,8751.35154861545,5903.05071167757,6647.39385926737,6501.8548511695,28156.1566651523,0.00058958929163831,0.00428154618919622,0.0225393620449684,0.0554758255333703,0.163780978674674,0.00919151642869677,1,1,0
USA,2016,6,f,278.784748766113,5298.35800819605,4422.94928832243,6386.60614073263,10679.1451488305,27065.8433348477,0.000486982671507554,0.00255850216050386,0.0149160577381959,0.0412326188028027,0.142272120819889,0.00853857191707836,1,1,0
USA,2016,6,b,631.290443188497,14049.7095568115,10326,13034,17181,55222,0.000539399836441122,0.00341438946122228,0.0184913816386091,0.0474451654800163,0.149712603002788,0.00885946307604253,1,0,0
USA,2016,7,m,361.737986419161,8741.67578124841,5924.20245255807,6727.46450802484,6689.17911351331,28444.2598417638,0.000605030915943122,0.0042768123781194,0.0226201248181297,0.0561440551335497,0.16849965537824,0.00928556708740269,1,1,0
USA,2016,7,f,286.086254090939,5292.49997824149,4438.79754744193,6463.53549197516,10986.8208864867,27467.7401582362,0.000499736979570847,0.00255567340067453,0.0149695047783192,0.0417292830004427,0.14637110806195,0.00866535994608205,1,1,0
USA,2016,7,b,647.8242405101,14034.1757594899,10363,13191,17676,55912,0.000553526975014579,0.00341061440568443,0.018557639736675,0.048016662409613,0.154025957201402,0.00897016224525896,1,0,0
USA,2016,8,m,340.755504608305,8554.54672209705,5835.59380832893,6622.40365678892,6599.11209444699,27952.4117862702,0.000569936315250366,0.00418526060972723,0.0222817942819133,0.0552672697982824,0.166230877488444,0.00912500435377907,1,1,0
USA,2016,8,f,269.491923807242,5179.20584948745,4372.40619167107,6362.59634321108,10838.887905553,27022.5882137298,0.000470749915790636,0.00250096526793958,0.0147456050156405,0.0410776089576794,0.144400281872838,0.00852492604771165,1,1,0
USA,2016,8,b,610.247428415547,13733.7525715845,10208,12985,17438,54975,0.000521419841893084,0.00333760494149989,0.0182800720285611,0.0472668001962569,0.151952061647321,0.00881983598213463,1,0,0
USA,2016,9,m,339.91620533587,8866.30251468164,5945.92586211102,6663.20398736598,6688.04381495365,28503.3923844482,0.000568532531222656,0.00433778525900972,0.022703070368944,0.0556077689576095,0.168471057337612,0.00930487077803127,1,1,0
USA,2016,9,f,268.828150595895,5367.95312938656,4455.07413788898,6401.79601263402,10984.9561850464,27478.6076155518,0.000469590433239427,0.00259210866041403,0.0150243963330404,0.0413306862558399,0.146346265715028,0.00866878834713711,1,1,0
USA,2016,9,b,608.744355931765,14234.2556440682,10401,13065,17673,55982,0.000520135556568224,0.0034592382328564,0.0186256885941481,0.0475580088228029,0.153999815660804,0.00898139259575917,1,0,0
USA,2016,10,m,354.184292967252,8949.42511052327,5960.21757892217,6679.5241195968,6698.26150199058,28641.6126040001,0.00059239685969373,0.00437845248983513,0.0227576398102692,0.0557439686213404,0.168728439703261,0.00934999246967045,1,1,0
USA,2016,10,f,280.112295188809,5418.27830132063,4465.78242107783,6417.4758804032,11001.7384980094,27583.3873959999,0.000489301636609971,0.00261640997431578,0.0150605091979886,0.0414319171751041,0.146569846837322,0.0087018436515569,1,1,0
USA,2016,10,b,634.296588156061,14367.7034118439,10426,13097,17700,56225,0.000541968407090841,0.00349166898525556,0.0186704575793278,0.0476744922734214,0.154235089526183,0.00902037795535278,1,0,0
USA,2016,11,m,355.583125087976,8875.61006343681,5745.84182675491,6400.04185514395,6463.6331329943,27840.7100034179,0.000594736499739913,0.004342338921342,0.0219390981903909,0.0534115493799497,0.162818177973542,0.00908853954842898,1,1,0
USA,2016,11,f,281.218583874388,5373.58822760079,4305.15817324509,6148.95814485605,10616.3668670057,26725.2899965821,0.000491234107528651,0.00259482976965833,0.0145188162237659,0.0396983376827045,0.141435761806862,0.00843113616736209,1,1,0
USA,2016,11,b,636.801708962364,14249.1982910376,10051,12549,17080,54566,0.000544108882632274,0.00346286962581358,0.0179989228016328,0.0456797131815809,0.148832504469334,0.00875421864849764,1,0,0
USA,2016,12,m,363.136818539884,8694.64478368759,5873.89560938282,6438.80216919215,6532.88634513353,27903.365725936,0.000607370555989306,0.00425380274500593,0.0224280403846649,0.0537350235813104,0.16456265845183,0.00910899337349201,1,1,0
USA,2016,12,f,287.192542776519,5264.02585499601,4401.10439061718,6186.19783080785,10730.1136548665,26868.634274064,0.000501669450489528,0.00254192364919882,0.0148423874937016,0.039938761115957,0.142951144969079,0.00847635757084985,1,1,0
USA,2016,12,b,650.329361316404,13958.6706386836,10275,12625,17263,54772,0.000555667450556012,0.00339226499513562,0.0184000529088426,0.0459563613767996,0.150427138445791,0.008787267965684,1,0,0
USA,2016,13,m,349.148497332647,8609.34145285696,5831.59212762181,6427.58207828346,6330.80320151415,27548.467357609,0.000583974155527468,0.0042120686026835,0.0222665148383423,0.0536413863124955,0.159472207220105,0.00899313756895914,1,1,0
USA,2016,13,f,276.129655920721,5212.38039388964,4369.40787237819,6175.41792171654,10398.1967984858,26431.532642391,0.00048234474130272,0.00251698478632536,0.014735493413455,0.0398691648589629,0.138529207217037,0.00833846333748201,1,1,0
USA,2016,13,b,625.278153253368,13821.7218467466,10201,12603,16729,53980,0.000534262695141682,0.00335898341660719,0.0182675367127108,0.0458762790044995,0.145773944219408,0.00866020457145297,1,0,0
USA,2016,14,m,356.422424360411,8715.21529491572,5753.27351949671,6458.69233034847,6362.21312833139,27645.8166974527,0.000596140283767624,0.00426386674408874,0.0219674742998801,0.0539010169214824,0.16026341967747,0.00902491705033997,1,1,0
USA,2016,14,f,281.882357085736,5276.47992363818,4310.72648050329,6205.30766965153,10449.7868716686,26524.1833025473,0.00049239359007986,0.00254793754283884,0.0145375949135389,0.0400621362988103,0.139216512148535,0.00836769221888513,1,1,0
USA,2016,14,b,638.304781446147,13991.6952185539,10064,12664,16812,54170,0.000545393167957134,0.00340029069680685,0.0180222026739262,0.0460983255822408,0.146497193509276,0.00869068695138213,1,0,0
USA,2016,15,m,339.076906063436,8593.16941181108,5812.15539275865,6268.97079316514,6335.34439575279,27348.7168995511,0.000567128747194945,0.00420415652872248,0.02219230039814,0.0523176958306113,0.159586599382615,0.00892792946407771,1,1,0
USA,2016,15,f,268.164377384546,5202.58930474092,4354.84460724135,6023.02920683486,10405.6556042472,26254.2831004489,0.000468430950688218,0.00251225680782675,0.0146863799171254,0.0388853268623639,0.138628576604724,0.00828254570201735,1,1,0
USA,2016,15,b,607.241283447982,13795.758716552,10167,12292,16741,53603,0.000518851271243365,0.00335267380303416,0.0182066508928664,0.0447442054688017,0.145878510381798,0.00859972111233038,1,0,0
USA,2016,16,m,336.559008246133,8459.56634803028,5617.21637545456,6353.63147911254,6352.37387414768,27119.3470849912,0.000562917395111814,0.00413879203211668,0.021447973218464,0.0530242315862151,0.16001556999203,0.00885305218434643,1,1,0
USA,2016,16,f,266.173057750503,5121.70158597312,4208.78362454544,6104.36852088746,10433.6261258523,26134.6529150088,0.000464952503034593,0.00247319727222997,0.0141938004392323,0.0394104622560469,0.139001211808547,0.00824480547980457,1,1,0
USA,2016,16,b,602.732065996636,13581.2679340034,9826,12458,16786,53254,0.000514998415268785,0.00330054780964603,0.0175960019350158,0.0453484633688847,0.146270633490763,0.00854372979340787,1,0,0
USA,2016,17,m,343.832935273897,8119.45462124347,5534.89608662233,6077.71924358518,6021.62356043357,26097.5264471584,0.000575083523351971,0.00397239441231641,0.0211336532364307,0.0507216060212654,0.151684007489169,0.00851948104779123,1,1,0
USA,2016,17,f,271.925758915518,4915.78668456713,4147.10391337767,5839.28075641482,9890.37643956643,25064.4735528416,0.000475001351811733,0.00237376387808933,0.0139857903371308,0.0376990270272364,0.131763808072061,0.00790719163437625,1,1,0
USA,2016,17,b,615.758694189415,13035.2413058106,9682,11917,15912,51162,0.000526128888084237,0.00316785128967105,0.0173381325803809,0.043379165031867,0.138654731329979,0.00820810274702995,1,0,0
USA,2016,18,m,348.868730908502,8280.77032044797,5541.18444201924,6093.01936755157,5984.53714081803,26248.3800017453,0.000583506227518231,0.0040513171493759,0.0211576637906138,0.0508492932060131,0.150749804828665,0.00856872686432089,1,1,0
USA,2016,18,f,275.908398183605,5013.45255045994,4151.81555798076,5853.98063244843,9829.46285918197,25124.6199982547,0.000481958247118984,0.00242092534368069,0.014001679997708,0.0377939310140466,0.130952291405956,0.00792616627866733,1,1,0
USA,2016,18,b,624.777129092107,13294.2228709079,9693,11947,15814,51373,0.000533834600033396,0.00323078952500919,0.01735783093386,0.0434883682668218,0.137800774337122,0.00824195423210918,1,0,0
USA,2016,19,m,354.464059391397,8322.49084822702,5414.84566540867,6014.47873119074,5997.02542497428,26103.3047291921,0.000592864787702967,0.0040717286670405,0.0206752699292989,0.0501938323243084,0.151064383275569,0.00852136735546005,1,1,0
USA,2016,19,f,280.333552925925,5038.71153945568,4057.15433459133,5778.52126880926,9849.97457502572,25004.6952708079,0.000489688130793707,0.00243312255229094,0.0136824422715661,0.0373067572150876,0.131225557222093,0.00788833313608714,1,1,0
USA,2016,19,b,634.797612317322,13361.2023876827,9472,11793,15847,51108,0.000542396502199128,0.00324706702564141,0.0169620731048717,0.0429277916607206,0.138088331283696,0.00819943933378693,1,0,0
USA,2016,20,m,345.79130024291,8162.74065435349,5413.13065939133,5949.70820639965,5939.50363128487,25810.8744516723,0.000578359019416628,0.00399357184406259,0.0206687215963399,0.0496532899088766,0.149615415883767,0.00842590412402411,1,1,0
USA,2016,20,f,273.47456307533,4941.99348232831,4055.86934060867,5716.29179360035,9755.49636871513,24743.1255483277,0.000477706811097887,0.00238641877014988,0.0136781087277723,0.0369049970042578,0.1299668783114,0.00780581466957952,1,1,0
USA,2016,20,b,619.26586331824,13104.7341366818,9469,11666,15695,50554,0.000529125553842243,0.00318473958109071,0.0169567008266502,0.0424654979660788,0.136763826560081,0.00811055913125664,1,0,0
USA,2016,21,m,363.136818539884,8186.99361244585,5385.69056311392,5995.60857829885,5909.22900302729,25840.6585754258,0.000607370555989306,0.00400543745815891,0.0205639482689954,0.0500363514631196,0.148852801467029,0.00843562708678677,1,1,0
USA,2016,21,f,287.192542776519,4956.67702623775,4035.30943688608,5760.39142170115,9705.77099697271,24745.3414245742,0.000501669450489528,0.00239350924587048,0.0136087720270718,0.0371897089646884,0.129304415726824,0.00780651372109089,1,1,0
USA,2016,21,b,650.329361316404,13143.6706386836,9421,11756,15615,50586,0.000555667450556012,0.00319420201029997,0.0168707443751052,0.0427931076709431,0.13606671881081,0.00811569300577103,1,0,0
USA,2016,22,m,365.654716357187,8318.72802160858,5350.81877409471,5766.10671880289,5732.12242772042,25533.4306585838,0.000611581908072437,0.00406988772671496,0.0204307988321619,0.0481210436919046,0.144391507129113,0.00833533319800817,1,1,0
USA,2016,22,f,289.183862410563,5036.43339962362,4009.18122590529,5539.89328119711,9414.87757227958,24289.5693414162,0.000505147898143153,0.00243202247078017,0.0135206566365982,0.0357661491625355,0.125429009607058,0.00766272944429244,1,1,0
USA,2016,22,b,654.83857876775,13355.1614212322,9360,11306,15147,49823,0.000559520306530592,0.00324559893748624,0.0167615080512668,0.0411550591466215,0.131988638477576,0.00799328218531866,1,0,0
USA,2016,23,m,367.6130813262,8282.90767588707,5422.84902682291,5843.11734276709,5724.55377065602,25641.0408974593,0.000614857404137094,0.00405236283768866,0.020705828816441,0.0487637358551345,0.144200853524928,0.00837046232767892,1,1,0
USA,2016,23,f,290.732666570375,5014.74657621633,4063.15097317709,5613.88265723291,9402.44622934398,24384.9591025407,0.000507853357429306,0.00242155021042022,0.013702665475937,0.0362438325628134,0.125263393960914,0.00769282244104255,1,1,0
USA,2016,23,b,658.345747896575,13297.6542521034,9486,11457,15127,50026,0.000562516972288598,0.00323162342636096,0.0169871437365724,0.0417047154292272,0.131814361540258,0.00802585020176929,1,0,0
USA,2016,24,m,380.202570412714,8217.16461476333,5438.8557496514,5787.01688822363,5775.26377298747,25598.5035960386,0.000635914164552748,0.00402019843985174,0.0207669465907252,0.0482955495110597,0.145478232672964,0.00835657611765776,1,1,0
USA,2016,24,f,300.689264740593,4974.94355008337,4075.1442503486,5559.98311177637,9485.73622701253,24396.4964039614,0.000525245595697433,0.00240232989193698,0.013743111884679,0.0358958512778427,0.126373018790078,0.00769646216054773,1,1,0
USA,2016,24,b,680.891835153307,13192.1081648467,9514,11347,15261,49995,0.000581781252161495,0.0032059733980422,0.0170372849999736,0.0413043035677264,0.132982017020287,0.00802087676083348,1,0,0
USA,2016,25,m,341.874570304884,8234.38134579652,5340.52873799068,5903.80783450046,5664.38294699407,25484.9754355866,0.000571808027287313,0.00402862162211519,0.0203915088344077,0.0492702283546336,0.142685157371662,0.00831951509529155,1,1,0
USA,2016,25,f,270.376954755706,4985.36712914288,4001.47126200932,5672.19216549954,9303.61705300593,24233.0245644134,0.00047229589252558,0.00240736329086976,0.0134946553738355,0.0366202850438272,0.12394674957407,0.00764489103301515,1,1,0
USA,2016,25,b,612.25152506059,13219.7484749394,9342,11576,14968,49718,0.00052313222232623,0.00321269060334127,0.0167292743819375,0.0421378882612145,0.130428859888582,0.00797643665956834,1,0,0
USA,2016,26,m,358.660555753568,8253.02961590383,5290.79356348788,5899.72780144276,5725.31063636246,25527.5221729505,0.000599883707841518,0.0040377451762736,0.020201607178596,0.0492361784387009,0.144219918885347,0.00833340438565594,1,1,0
USA,2016,26,f,283.652418982664,4996.65740935997,3964.20643651212,5668.27219855724,9403.68936363754,24316.4778270495,0.000495485543549749,0.00241281520753591,0.0133689826038159,0.0365949773140112,0.125279955525528,0.00767121837393402,1,1,0
USA,2016,26,b,642.312974736232,13249.6870252638,9255,11568,15129,49844,0.000548817928823427,0.00321996633173255,0.0165734783135122,0.0421087673985598,0.13183178923399,0.00799665129046873,1,0,0
USA,2016,27,m,340.195971760015,8444.92026037284,5352.53378011205,5758.9666609519,5664.00451414085,25560.6211873377,0.000569000459231892,0.00413162652168689,0.0204373471651209,0.0480614563390223,0.142675624691452,0.00834420948729433,1,1,0
USA,2016,27,f,269.04940833301,5112.83435953416,4010.46621988795,5533.0333390481,9302.99548585915,24228.3788126623,0.000469976927423163,0.00246891541396998,0.013524990180392,0.0357218606353574,0.123938468791763,0.00764342541877419,1,1,0
USA,2016,27,b,609.245380093025,13557.754619907,9363,11292,14967,49789,0.000520563651676511,0.00329483355544565,0.0167668803294884,0.0411040976369759,0.130420146041716,0.00798782744364713,1,0,0
USA,2016,28,m,353.624760118963,8289.16842134183,5310.80196702349,5826.28720640405,5704.87526228859,25484.7576171769,0.000591461003675256,0.00405542586980369,0.0202780043964513,0.0486232799519121,0.143705154154049,0.00831944398894295,1,1,0
USA,2016,28,f,279.669779714576,5018.53703882467,3979.19803297651,5597.71279359595,9370.12473771141,24245.2423828231,0.000488528648242498,0.0024233805712146,0.0134195406147433,0.0361394381773222,0.12483279328094,0.00764874543798862,1,1,0
USA,2016,28,b,633.294539833539,13307.7054601665,9290,11424,15075,49730,0.000541112216874268,0.00323406609172313,0.0166361548927638,0.0415845918707769,0.131361241503232,0.00797836186251123,1,0,0
USA,2016,29,m,373.208409809095,8310.30185159428,5257.63678048601,5800.27699566118,5598.53563053382,25339.9596680844,0.000624215964321829,0.00406576527363856,0.0200750060747215,0.0484062117378411,0.141026471015257,0.00827217501172587,1,1,0
USA,2016,29,f,295.157821312694,5031.33191728392,3939.36321951399,5572.72300433882,9195.46436946618,24034.0403319156,0.000515583241104029,0.00242955903709605,0.0132852007571361,0.0359781013997449,0.122505893452618,0.0075821166661304,1,1,0
USA,2016,29,b,668.366231121789,13341.6337688782,9197,11373,14794,49374,0.00057107887445433,0.00324231141944568,0.0164696142678954,0.0413989463713538,0.128912650533918,0.0079212475085387,1,0,0
USA,2016,30,m,366.773782053766,8328.69162783341,5422.84902682291,5830.87724359397,5624.26906455277,25573.4607448568,0.000613453620109384,0.00407476236122434,0.020705828816441,0.0486615861073364,0.141674693269484,0.00834840093306862,1,1,0
USA,2016,30,f,290.068893359027,5042.46569675379,4063.15097317709,5602.12275640603,9237.73093544723,24235.5392551432,0.000506693874878098,0.00243493538176438,0.013702665475937,0.0361679093733653,0.123068986649508,0.00764568435274954,1,1,0
USA,2016,30,b,656.842675412793,13371.1573245872,9486,11433,14862,49809,0.000561232686963738,0.00324948629498762,0.0169871437365724,0.0416173528412634,0.129505192120798,0.00799103611521862,1,0,0
USA,2016,31,m,353.904526543108,8394.74676932808,5414.27399673622,5760.49667334854,5589.83167490977,25513.2536408657,0.000591928931684493,0.00410707944250855,0.0206730871516459,0.0480742250574971,0.140807219370445,0.00832874645422622,1,1,0
USA,2016,31,f,279.891037451692,5082.45766667712,4056.72600326378,5534.50332665146,9181.16832509023,24134.7463591343,0.000488915142426235,0.00245424693853222,0.0136809977569681,0.0357313510340384,0.122315435459553,0.00761388680701431,1,1,0
USA,2016,31,b,633.7955639948,13477.2044360052,9471,11295,14771,49648,0.000541540311982555,0.00327525808323382,0.0169602823454646,0.0411150179604714,0.128712232056003,0.00796520630906812,1,0,0
USA,2016,32,m,368.732147022779,8365.74881221654,5365.68215957831,5869.12755350996,5617.45727319481,25586.7479455224,0.000616729116174041,0.00409289236613804,0.0204875510511401,0.0489808040692056,0.141503105025718,0.00835273851097961,1,1,0
USA,2016,32,f,291.617697518839,5064.90134324186,4020.31784042169,5638.87244649004,9226.54272680519,24242.2520544776,0.000509399334164251,0.00244576923820126,0.0135582140161443,0.0364051693403908,0.122919932567978,0.00764780206691691,1,1,0
USA,2016,32,b,660.349844541618,13430.6501554584,9386,11508,14844,49829,0.000564229352721745,0.00326394436573446,0.0168080677958537,0.0418903609286503,0.129348342877212,0.00799424478679011,1,0,0
USA,2016,33,m,357.261723632845,8153.68266838268,5439.42741832385,5902.27782210382,5715.09294932552,25567.7425817687,0.000597544067795335,0.00398914027882382,0.0207691293683783,0.0492574596361588,0.143962536519698,0.00834653425109951,1,1,0
USA,2016,33,f,282.546130297084,4936.50947768742,4075.57258167615,5670.72217789618,9386.90705067448,24352.2574182313,0.000493553072631069,0.00238377062185559,0.0137445563992769,0.0366107946451462,0.125056374403234,0.00768250590740156,1,1,0
USA,2016,33,b,639.807853929929,13090.1921460701,9515,11573,15102,49920,0.000546677453281994,0.00318120555646985,0.0170390757593808,0.042126967937719,0.131596515368611,0.00800884424244039,1,0,0
USA,2016,34,m,384.119300350741,8194.10894339001,5349.10376807738,5790.58691714912,5693.14384383878,25411.062772806,0.000642465156682063,0.00400891859109244,0.0204242504992029,0.0483253431875009,0.143409641067563,0.00829538646643371,1,1,0
USA,2016,34,f,303.786873060216,4960.98488319899,4007.89623192262,5563.41308285088,9350.85615616122,24186.937227194,0.000530656514269739,0.00239558944908163,0.0135163230928044,0.0359179955414318,0.124576089029417,0.0076303516728908,1,1,0
USA,2016,34,b,687.906173410957,13155.093826589,9357,11354,15044,49598,0.000587774583677508,0.00319697809703971,0.0167561357730453,0.0413297843225491,0.13109111225039,0.00795718463013939,1,0,0
USA,2016,35,m,335.719708973699,8235.64115010212,5372.54218364766,5898.19778904612,5638.2710801219,25480.3719118915,0.000561513611084104,0.00402923797380599,0.0205137443829762,0.0492234097202261,0.142027402437225,0.0083180122849408,1,1,0
USA,2016,35,f,265.509284539155,4986.12985638499,4025.45781635234,5666.80221095388,9260.7289198781,24204.6280881085,0.000463793020483385,0.0024077316010696,0.0135755481913195,0.0365854869153301,0.123375375594874,0.00763593268089136,1,1,0
USA,2016,35,b,601.228993512854,13221.7710064871,9398,11565,14899,49685,0.000513714129943925,0.00321318212313915,0.0168295569087399,0.0420978470750644,0.129827604454836,0.00797114235147538,1,0,0
USA,2016,36,m,352.785460846528,8470.74127553436,5319.37699711018,5919.61796259907,5695.03600810487,25757.557704195,0.000590057219647546,0.00414425929828738,0.0203107460612464,0.0494021717788729,0.143457304468609,0.00840849898715867,1,1,0
USA,2016,36,f,279.006006503229,5128.46725711584,3985.62300288982,5687.38203740093,9353.96399189513,24434.442295805,0.00048736916569129,0.00247646431915453,0.0134412083337122,0.0367183524968644,0.124617492940953,0.00770843310571486,1,1,0
USA,2016,36,b,631.791467349757,13599.2085326502,9305,11607,15049,50192,0.000539827931549408,0.00330490777101749,0.0166630162838716,0.042250731604001,0.131134681484719,0.00805248217581266,1,0,0
USA,2016,37,m,365.934482781332,8180.7583843734,5354.24878612939,5844.64735516373,5833.1639995301,25578.7530079779,0.000612049836081674,0.00400238691026992,0.02044389549808,0.0487765045736093,0.146936732744975,0.00835012858091493,1,1,0
USA,2016,37,f,289.405120147679,4952.9020126976,4011.75121387061,5615.35264483627,9580.8360004699,24450.2469920221,0.000505534392326889,0.00239168634521268,0.0135293237241858,0.0362533229614945,0.127639978483078,0.00771341907765032,1,1,0
USA,2016,37,b,655.339602929011,13133.660397071,9366,11460,15414,50029,0.000559948401638879,0.00319176930068927,0.01677225260771,0.0417156357527227,0.134315235590767,0.00802633150250501,1,0,0
USA,2016,38,m,350.267563029226,8100.44196013165,5384.54722576903,5804.86703285109,5884.630867568,25524.754649349,0.000585845867564415,0.00396309258204738,0.0205595827136894,0.0484445178932654,0.14823317725343,0.00833250093356365,1,1,0
USA,2016,38,f,277.014686869185,4904.27578996995,4034.45277423097,5577.13296714891,9665.369132432,24458.245350651,0.000483890718037665,0.00236820542985864,0.0136058829978759,0.0360065725957879,0.128766164876857,0.00771594235244826,1,1,0
USA,2016,38,b,627.282249898411,13004.7177501016,9419,11382,15550,49983,0.000535975075574829,0.00316043339206182,0.0168671628562908,0.0414317073418403,0.135500318764528,0.00801895155789059,1,0,0
USA,2016,39,m,336.279241821988,8262.42392375865,5306.22861764392,5873.20758656767,5938.36833272521,25716.5077025174,0.000562449467102577,0.00404234128497436,0.0202605421752272,0.0490148539851383,0.14958681784314,0.00839509830292095,1,1,0
USA,2016,39,f,265.951800013387,5002.34503440595,3975.77138235608,5642.79241343233,9753.63166727479,24640.4922974826,0.000464566008850857,0.00241556168124451,0.0134079844979599,0.0364304770702068,0.129942035964478,0.0077734365396028,1,1,0
USA,2016,39,b,602.231041835375,13264.7689581646,9282,11516,15692,50357,0.000514570320160498,0.00322363157424475,0.0166218288175063,0.0419194817913049,0.136737685019484,0.00807895371627746,1,0,0
USA,2016,40,m,355.303358663831,8613.06472753288,5460.57915920435,6028.24884276049,5932.31340707369,26389.5094952352,0.000594268571730677,0.00421389019245868,0.0208498921415396,0.0503087507905813,0.149434294959792,0.00861479828214305,1,1,0
USA,2016,40,f,280.997326137273,5214.63458766602,4091.42084079565,5791.75115723951,9743.68659292631,25122.4905047648,0.000490847613344916,0.00251807330462446,0.0137980034394002,0.0373921708032168,0.129809543447563,0.00792549447867625,1,1,0
USA,2016,40,b,636.300684801104,13827.6993151989,9552,11820,15676,51512,0.000543680787523987,0.00336043607334758,0.0171053338574467,0.0430260745721799,0.13659826346963,0.00826425449953104,1,0,0
USA,2016,41,m,341.874570304884,8395.70852782303,5534.32441794988,6196.55020639086,6174.13200028115,26642.5897227498,0.000571808027287313,0.0041075499770764,0.0211314704587777,0.0517133098228057,0.155525677613486,0.00869741577488692,1,1,0
USA,2016,41,f,270.376954755706,5083.03994711637,4146.67558205012,5953.44979360914,10140.8679997188,25594.4102772502,0.00047229589252558,0.00245452811352257,0.0139843458225328,0.0384361146581289,0.135100963341859,0.00807437293284472,1,1,0
USA,2016,41,b,612.25152506059,13478.7484749394,9681,12150,16315,52237,0.00052313222232623,0.00327563331876757,0.0173363418209737,0.0442273101566824,0.142166411616931,0.00838056884399757,1,0,0
USA,2016,42,m,350.827095877515,8257.40767218024,5477.72921937773,6106.27947498912,6099.95916105007,26292.2026234747,0.000586781723582889,0.00403988711401456,0.0209153754711298,0.0509599554327944,0.153657272292478,0.00858303266437607,1,1,0
USA,2016,42,f,277.457202343417,4999.30802959886,4104.27078062227,5866.72052501088,10019.0408389499,25266.7973765253,0.000484663706405137,0.00241409515456807,0.013841338877338,0.0378761811359488,0.13347793000965,0.00797101955570461,1,1,0
USA,2016,42,b,628.284298220932,13256.7157017791,9582,11973,16119,51559,0.000536831265791402,0.00322167445522957,0.0171590566396623,0.0435830110704493,0.140458497631217,0.00827179487772404,1,0,0
USA,2016,43,m,358.940322177713,8299.4339009846,5569.76787564154,6185.84011961438,6105.63565384837,26519.6178722666,0.000600351635850755,0.00406044819406991,0.0212668026732643,0.0516239287934823,0.153800262495617,0.00865727188034102,1,1,0
USA,2016,43,f,283.87367671978,5024.7521001179,4173.23212435846,5943.15988038562,10028.3643461516,25453.3821277334,0.000495872037733485,0.00242638173642876,0.0140739057276043,0.0383696818673618,0.133602141744257,0.00802988220768667,1,1,0
USA,2016,43,b,642.813998897493,13324.1860011025,9743,12129,16134,51973,0.000549246023931713,0.00323807122685135,0.0174473689042193,0.0441508678922141,0.140589205334205,0.0083382143792539,1,0,0
USA,2016,44,m,344.952000970475,8325.00407749266,5527.46439388053,6146.56980143397,6114.71804232564,26458.7083161033,0.000576955235388917,0.00407295824936559,0.0211052771269416,0.0512961983526299,0.154029046820638,0.00863738808750672,1,1,0
USA,2016,44,f,272.810789863982,5040.23313167284,4141.53560611947,5905.43019856603,10043.2819576744,25403.2916838967,0.000476547328546677,0.00243385730765647,0.0139670116473577,0.0381260949678823,0.13380088051963,0.00801407997120114,1,1,0
USA,2016,44,b,617.762790834457,13365.2372091655,9669,12052,16158,51862,0.000527841268517383,0.0032480475762993,0.0173148527080875,0.0438705795891635,0.140798337658987,0.00832040625203212,1,0,0
USA,2016,45,m,343.273402425607,8447.09334014711,5575.484562366,6211.34032622505,6255.87349657663,26833.0651277404,0.000574147667333496,0.00413268968791609,0.0212886304497943,0.0518367407680617,0.157584736538678,0.00875959605876069,1,1,0
USA,2016,45,f,271.483243441286,5114.15001398599,4177.515437634,5967.65967377495,10275.1265034234,25805.9348722596,0.000474228363444261,0.0024695507249007,0.0140883508735836,0.0385278551787121,0.136889612320213,0.00814110345900547,1,1,0
USA,2016,45,b,614.756645866893,13561.2433541331,9753,12179,16531,52639,0.000525272697867664,0.00329568139484949,0.0174652764982912,0.0443328732838054,0.144048602539962,0.00844506314258453,1,0,0
USA,2016,46,m,342.713869577318,8479.48462939605,5737.83846534067,6323.03123117975,6389.46029376322,27272.528489257,0.000573211811315023,0.00414853693165628,0.0219085393032488,0.0527688572167197,0.160949772652534,0.00890305792236758,1,1,0
USA,2016,46,f,271.040727967054,5133.76077305954,4299.16153465933,6074.96876882025,10494.5397062368,26273.471510743,0.000473455375076789,0.00247902048315056,0.0144985930193949,0.0392206542824265,0.139812728474652,0.00828859914802469,1,1,0
USA,2016,46,b,613.754597544372,13613.2454024556,10037,12398,16884,53546,0.00052441650765109,0.00330831904013578,0.0179738521699322,0.0451300568989752,0.14712459048362,0.00859057639835163,1,0,0
USA,2016,47,m,362.85705211574,8473.83273425383,5613.78636341988,6296.00101217244,6359.56409835886,27106.0412603208,0.000606902627980069,0.00414577177590022,0.0214348765525459,0.0525432765236655,0.160196690916006,0.00884870852666935,1,1,0
USA,2016,47,f,286.971285039403,5130.33892859107,4206.21363658012,6048.99898782756,10445.4359016411,26117.9587396792,0.000501282956305792,0.00247736812284347,0.0141851333516447,0.0390529905723952,0.139158546672384,0.00823953890026798,1,1,0
USA,2016,47,b,649.828337155143,13604.1716628449,9820,12345,16805,53224,0.000555239355447726,0.00330611392117758,0.0175852573785727,0.0449371311838884,0.146436196581215,0.00853891678605063,1,0,0
USA,2016,48,m,372.648876960806,8718.91560394753,5843.02550107073,6420.95202456469,6484.06850706817,27839.6105136119,0.000623280108303356,0.00426567709806047,0.0223101703914024,0.0535860551991048,0.16333294270484,0.00908818062236051,1,1,0
USA,2016,48,f,294.715305838462,5278.72021325317,4377.97449892927,6169.04797543531,10649.9314929318,26770.3894863881,0.000514810252736557,0.00254901934701501,0.0147643837054135,0.0398280397980118,0.141882924051451,0.00844536388723648,1,1,0
USA,2016,48,b,667.364182799268,13997.6358172007,10221,12590,17134,54610,0.000570222684237757,0.00340173439337091,0.0183033519008545,0.0458289576026857,0.149303052200091,0.00876127772595492,1,0,0
USA,2016,49,m,336.838774670278,8669.16646975563,5949.92754281814,6533.66293778381,6622.57493134662,28112.1706563745,0.000563385323121052,0.00424133763292393,0.0227183498125151,0.054526684126746,0.166821903661416,0.00917715729129312,1,1,0
USA,2016,49,f,266.394315487619,5248.60044008647,4458.07245718186,6277.33706221619,10877.4250686534,27127.8293436255,0.000465338997218329,0.00253447493446273,0.0150345079352259,0.0405271658341802,0.144913690375884,0.00855812689592214,1,1,0
USA,2016,49,b,603.233090157897,13917.7669098421,10408,12811,17500,55240,0.000515426510377072,0.00338232448639298,0.0186382239099984,0.0466334214335192,0.152492320153006,0.00886235088045688,1,0,0
USA,2016,50,m,349.148497332647,8758.21093742969,6095.70305429187,6598.4334625749,6741.02441440442,28542.5203660335,0.000583974155527468,0.00428490210397974,0.0232749581140323,0.0550672265421778,0.169805632566903,0.0093176440229681,1,1,0
USA,2016,50,f,276.129655920721,5302.51090931691,4567.29694570813,6339.5665374251,11071.9755855956,27557.4796339665,0.00048234474130272,0.00256050753773085,0.0154028591576973,0.0409289260450101,0.147505575238035,0.0086936704242683,1,1,0
USA,2016,50,b,625.278153253368,14060.7218467466,10663,12938,17813,56100,0.000534262695141682,0.00341706569068783,0.019094867558831,0.0470957151281611,0.155219754222028,0.00900032375803097,1,0,0
USA,2016,51,m,347.469898787778,8799.32516663454,6086.55635553274,6797.33507413806,6843.95815048021,28874.6446455733,0.000581166587472048,0.00430501699370802,0.0232400336715842,0.0567271599438974,0.172398521583812,0.00942606527548718,1,1,0
USA,2016,51,f,274.802109498026,5327.40282507966,4560.44364446726,6530.66492586194,11241.0418495198,27934.3553544267,0.000480025776200303,0.0025725274918675,0.0153797469241305,0.0421626778735426,0.149757948025592,0.00881256494394532,1,1,0
USA,2016,51,b,622.272008285804,14126.7279917142,10647,13328,18085,56809,0.000531694124491963,0.00343310664049123,0.019066215408316,0.0485153571825731,0.157589920569549,0.00911407116524031,1,0,0
USA,2016,52,m,333.201811156396,8891.23322001859,6092.84471092964,6910.04598735718,7078.20808662327,29305.5338160851,0.000557302259000973,0.00434998245687527,0.0232640442257673,0.0576677888715386,0.178299250633322,0.00956672811299042,1,1,0
USA,2016,52,f,263.517964905111,5383.04700391991,4565.15528907036,6638.95401264282,11625.7919133767,28476.4661839149,0.000460314572829759,0.00259939727899061,0.0153956365847077,0.042861803909711,0.154883752273744,0.00898358685696484,1,1,0
USA,2016,52,b,596.719776061507,14274.2802239385,10658,13549,18704,57782,0.000509861273969346,0.0034689650889986,0.0190859137617951,0.0493198210134066,0.162983791779532,0.00927017303719332,1,0,0
USA,2017,1,m,356.512799232761,9244.06201983118,6343.37181964043,7181.22007205962,7367.72119055705,30492.887901321,0.000596775406954171,0.00450893106016414,0.0233503574826374,0.0578933554953602,0.180402721744747,0.00988709830452872,1,1,0
USA,2017,1,f,274.123960559884,5572.30122037622,4751.62818035957,6848.77992794038,11950.2788094429,29397.112098679,0.000479379752497159,0.00268119119332363,0.0154454076086767,0.0429590097560552,0.157767976128211,0.00920692283062669,1,1,0
USA,2017,1,b,630.636759792645,14816.3632402074,11095,14030,19318,59890,0.00053936115445634,0.00358883518642508,0.0191523995484966,0.0494940980349698,0.165696970734714,0.00954111437858028,1,0,0
USA,2017,2,m,345.24857176885,9219.68298376417,6531.47180419759,7259.53273571074,7670.92744102257,31026.8635364639,0.000577919943859253,0.00449703981660654,0.0240427655594096,0.0585246942972697,0.187826894215348,0.0100602360412352,1,1,0
USA,2017,2,f,265.462855960836,5557.60558850613,4892.52819580241,6923.46726428926,12442.0725589774,30081.1364635361,0.000464233472797406,0.00267412018312656,0.0159034102317731,0.0434274864839723,0.164260653476897,0.00942115338226618,1,1,0
USA,2017,2,b,610.711427729686,14777.2885722703,11424,14183,20113,61108,0.000522319727775255,0.00357937047899878,0.0197203255918905,0.050033841228081,0.172515952603132,0.00973515474113014,1,0,0
USA,2017,3,m,344.403754709057,8946.09540376181,6242.17517141363,7193.50441145588,7446.28784162107,30172.4665829614,0.000576505784127134,0.00436359333663903,0.0229778461465016,0.0579923890329146,0.182326469579897,0.00978320401010373,1,1,0
USA,2017,3,f,264.813273115907,5392.68756841319,4675.82482858637,6860.49558854412,12077.7121583789,29271.5334170386,0.000463097501819925,0.00259476755562024,0.0151990049816613,0.0430324963016108,0.159450355416046,0.00916759266693054,1,1,0
USA,2017,3,b,609.217027824964,14338.782972175,10918,14054,19524,59444,0.000521041620774174,0.00347315518840738,0.0188468587895886,0.0495787636338892,0.167463901885524,0.00947006183203083,1,0,0
USA,2017,4,m,327.225807826594,8673.68809201739,6168.99341450386,7033.80799930459,7307.84272348399,29511.5580371364,0.000547751202907383,0.00423072255036507,0.0227084594175446,0.056704953044707,0.178936564414075,0.00956890919539081,1,1,0
USA,2017,4,f,251.605088602358,5228.48101155361,4621.00658549614,6708.19200069541,11853.157276516,28662.4419628636,0.000439999425277803,0.00251575725866645,0.0150208155112773,0.0420771712093878,0.156485774437967,0.00897683045884157,1,1,0
USA,2017,4,b,578.830896428952,13902.169103571,10790,13742,19161,58174,0.000495053445085519,0.0033673981150201,0.0186259027605478,0.0484781108479369,0.164350329032397,0.00926773731607162,1,0,0
USA,2017,5,m,332.576315871951,8795.68442520773,6172.99554183486,7055.81744072287,7346.36326599596,29703.4369896334,0.000556707547877469,0.00429022810698812,0.0227231915042845,0.0568823881328254,0.179879761168202,0.00963112455761058,1,1,0
USA,2017,5,f,255.719113286906,5302.02014563337,4624.00445816514,6729.18255927713,11915.636734004,28826.5630103666,0.000447193908135185,0.00255114164850135,0.0150305602479389,0.0422088346035083,0.157310630302391,0.00902823176024049,1,1,0
USA,2017,5,b,588.295429158857,14097.7045708411,10797,13785,19262,58530,0.000503148122759035,0.00341476092286681,0.018637986293386,0.0486298033793342,0.165216639936435,0.00932445190479719,1,0,0
USA,2017,6,m,341.306092156481,9043.10043840804,6335.36756497843,7079.36242456569,7301.74045932367,30100.8769794323,0.000571320531776031,0.00441090900942123,0.0233208933091577,0.057072202413138,0.17878714710649,0.00975999159906659,1,1,0
USA,2017,6,f,262.431469351169,5451.16200008426,4745.63243502157,6751.63757543431,11843.2595406763,29054.1230205677,0.000458932274902493,0.00262290335177171,0.0154259181353534,0.0423496838158232,0.156355104202019,0.00909950159947589,1,1,0
USA,2017,6,b,603.73756150765,14494.2624384923,11081,13831,19145,59155,0.000516355228436876,0.00351081558930602,0.0191282324828203,0.0487920791105964,0.164213091661461,0.00942402105635192,1,0,0
USA,2017,7,m,339.334852350298,8850.61636670885,6166.70648460042,7014.86964273536,7368.10258206707,29739.629928462,0.000568020825734421,0.0043170219922626,0.0227000410822647,0.0565522763409773,0.180412060326471,0.00964285985619189,1,1,0
USA,2017,7,f,260.915776046335,5335.13300489455,4619.29351539958,6690.13035726464,11950.8974179329,28856.370071538,0.000456281675955037,0.00256707436698257,0.0150152470903278,0.0419638794516562,0.157776143017957,0.00903756707559703,1,1,0
USA,2017,7,b,600.250628396633,14185.7493716034,10786,13705,19319,58596,0.000513372978767686,0.00343608722769847,0.0186189978846403,0.0483475847162695,0.165705548070398,0.00933496640720137,1,0,0
USA,2017,8,m,328.915441946181,8808.45941877059,6227.88185951719,7040.9738639524,7256.73626114137,29662.9668453277,0.000550579522371621,0.00429645930331128,0.0229252315510022,0.0567627226082804,0.177685194463055,0.00961800240609633,1,1,0
USA,2017,8,f,252.904254292215,5309.72088499101,4665.11814048281,6715.0261360476,11770.2637388586,28713.0331546723,0.000442271367232766,0.00255484696767403,0.0151642023507269,0.0421200383609619,0.155391411211899,0.00899267518526668,1,1,0
USA,2017,8,b,581.819696238396,14118.1803037616,10893,13756,19027,58376,0.000497609659087682,0.00341972057656735,0.0188037033151666,0.0485274991139732,0.163200966050803,0.00929991806585411,1,0,0
USA,2017,9,m,343.840543335861,8843.1480933932,6113.53536434566,6889.97885887346,7024.46883153948,29214.9716914877,0.000575563010972388,0.00431337922900047,0.0225043147870069,0.0555454353758406,0.171997998193123,0.00947274321843581,1,1,0
USA,2017,9,f,264.380217885955,5330.631145385,4579.46463565434,6571.02114112654,11393.5311684605,28139.0283085123,0.000462340187834937,0.00256490823389083,0.0148857813032519,0.0412167662385074,0.150417775356113,0.00881290180122609,1,1,0
USA,2017,9,b,608.220761221816,14173.7792387782,10693,13461,18418,57354,0.00052018954944012,0.00343318780945576,0.0184584595197904,0.0474868177939222,0.157977368619524,0.00913710258923182,1,0,0
USA,2017,10,m,348.627840008024,8825.38648662056,6100.9572498768,7015.89333768505,7036.67335986011,29327.5382740505,0.000583576582787728,0.00430471573666519,0.0224580139429674,0.0565605291357735,0.172296832808292,0.00950924211848114,1,1,0
USA,2017,10,f,268.06118734055,5319.92448603084,4570.0427501232,6691.10666231495,11413.3266401399,28262.4617259495,0.000468777356707332,0.00255975657398679,0.0148551549880296,0.0419700033304525,0.150679115828009,0.00885156008661308,1,1,0
USA,2017,10,b,616.689027348574,14145.3109726514,10671,13707,18450,57590,0.000527432155779581,0.0034262921959023,0.018420482702299,0.0483546401828461,0.158251843361397,0.00917469990085888,1,0,0
USA,2017,11,m,332.294710185353,8759.18458545162,6108.38977206295,6886.39592654955,6867.71692092146,28953.9819151709,0.000556236161300096,0.00427242475811246,0.0224853735326271,0.0555165505940539,0.168159841104548,0.0093881191715672,1,1,0
USA,2017,11,f,255.50258567193,5280.01811869108,4575.61022793705,6567.60407345045,11139.2830790785,27818.0180848291,0.000446815251142691,0.00254055506343713,0.0148732523561155,0.0411953326627204,0.147061183670188,0.00871236415836603,1,1,0
USA,2017,11,b,587.797295857283,14039.2027041427,10684,13454,18007,56772,0.000502722087092008,0.00340059053879381,0.0184429235489984,0.047462123660904,0.154452083653587,0.00904438379530405,1,0,0
USA,2017,12,m,368.621843756464,8689.14506546958,6059.79251161505,6776.34871945811,7147.27689776577,29041.185038065,0.000617045029781208,0.00423826192294232,0.0223064839079292,0.0546293751534621,0.17500502150826,0.0094163941533041,1,1,0
USA,2017,12,f,283.434648003861,5237.79844277012,4539.20748838495,6462.65128054189,11592.7231022342,28115.814961935,0.000495662003174392,0.00252024047189095,0.0147549234109386,0.0405370156921179,0.153047513854574,0.00880563158060508,1,1,0
USA,2017,12,b,652.056491760325,13926.9435082397,10599,13239,18740,57157,0.000557680688138507,0.00337339899754141,0.0182961949359635,0.0467036610039177,0.160739270709625,0.00910571839266176,1,0,0
USA,2017,13,m,344.403754709057,8633.51700669826,6005.47792640857,6699.57159823153,6785.71774626727,28468.6880323147,0.000576505784127134,0.00421112849594101,0.0221065484450314,0.0540104155437469,0.166152046033882,0.00923076614085678,1,1,0
USA,2017,13,f,264.813273115907,5204.26596547674,4498.52207359143,6389.42840176847,11006.2822537327,27363.3119676853,0.000463097501819925,0.00250410584828507,0.014622673413388,0.0400777247823953,0.145305302374631,0.00856995411083811,1,1,0
USA,2017,13,b,609.217027824964,13837.782972175,10504,13089,17792,55832,0.000521041620774174,0.00335180243812385,0.0181322041331598,0.0461745010106714,0.152607956481625,0.00889463179136574,1,0,0
USA,2017,14,m,349.191051381219,8766.11746318379,5943.15908654009,6642.24468104902,6568.32458555614,28269.0368677103,0.000584519355942475,0.00427580637408127,0.021877148808654,0.0535482590351596,0.160829054451187,0.00916603069508838,1,1,0
USA,2017,14,f,268.494242570503,5284.19724286451,4451.84091345991,6334.75531895098,10653.6754144439,26992.9631322897,0.00046953467069232,0.0025425659078776,0.0144709339425141,0.0397347875698024,0.140650175218969,0.00845396403887275,1,1,0
USA,2017,14,b,617.685293951722,14050.3147060483,10395,12977,17222,55262,0.000528284227113635,0.00340328209965687,0.0179440462646798,0.0457793948823808,0.147718875142005,0.00880382472514783,1,0,0
USA,2017,15,m,343.840543335861,8634.13858637466,5865.40346982345,6620.23523963073,6608.37069410819,28071.9885332729,0.000575563010972388,0.00421143168082914,0.0215909254091372,0.0533708239470412,0.16180960553221,0.00910213919817177,1,1,0
USA,2017,15,f,264.380217885955,5204.64065240354,4393.59653017655,6313.76476036927,10718.6293058918,26895.0114667271,0.000462340187834937,0.00250428613417571,0.0142816076302311,0.039603124175682,0.14150769864238,0.00842328641914809,1,1,0
USA,2017,15,b,608.220761221816,13838.7792387782,10259,12934,17327,54967,0.00052018954944012,0.00335204375487496,0.0177092804838239,0.0456277023509836,0.148619495388777,0.008756828085614,1,0,0
USA,2017,16,m,341.024486469884,8374.58080578689,5752.7721720795,6264.50124461424,6424.15859476876,27157.0373037193,0.000570849145198658,0.00408482844771703,0.0211763223966019,0.0505029777553609,0.157299070559505,0.00880547288110397,1,1,0
USA,2017,16,f,262.214941736192,5048.17976600701,4309.2278279205,5974.49875538576,10419.8414052312,26013.9626962807,0.000458553617909999,0.00242900277562861,0.0140073628984682,0.0374750762939672,0.137563090894688,0.00814734951717319,1,1,0
USA,2017,16,b,603.239428206076,13422.7605717939,10062,12239,16844,53171,0.000515929192769849,0.00325127527302301,0.0173692153453783,0.0431759277156091,0.144476642253625,0.00847070617170633,1,0,0
USA,2017,17,m,356.231193546163,8441.40195733239,5764.20682159665,6357.14563756098,6380.29857111652,27299.2841811527,0.000596304020376798,0.00411742147500667,0.0212184140730014,0.0512498556844172,0.156225133661242,0.00885159540204223,1,1,0
USA,2017,17,f,273.907432944908,5088.45941617651,4317.79317840335,6062.85436243902,10348.7014288835,26091.7158188473,0.000479001095504665,0.00244838389646783,0.0140352050032157,0.0380292873250325,0.136623898573809,0.00817170112684518,1,1,0
USA,2017,17,b,630.138626491071,13529.8613735089,10082,12420,16729,53391,0.000538935118789313,0.00327721734257528,0.017403739724916,0.0438144474407929,0.143490248650017,0.0085057545130536,1,0,0
USA,2017,18,m,357.639221979152,8481.64990954523,5753.91563703121,6346.39684058926,6124.76625940344,27064.3678685483,0.000598660953263663,0.00413705302242069,0.0211805315642418,0.0511632013390571,0.149968283906144,0.00877542548715671,1,1,0
USA,2017,18,f,274.990071019789,5112.72079745587,4310.08436296879,6052.60315941074,9934.23374059656,25684.6321314517,0.000480894380467134,0.00246005760168431,0.014010147108943,0.0379649865976713,0.131152082443469,0.00804420601498259,1,1,0
USA,2017,18,b,632.629292998941,13594.3707070011,10064,12399,16059,52749,0.000541065297124449,0.00329284286161365,0.0173726677833321,0.0437403650417384,0.137743433742042,0.00840347708057658,1,0,0
USA,2017,19,m,340.461275096689,8388.30447396296,5712.75089876946,6282.92775370862,6010.73019790761,26735.1745994453,0.000569906372043913,0.00409152237443082,0.0210290015292035,0.0506515280616925,0.14717604797066,0.00866868695116291,1,1,0
USA,2017,19,f,261.78188650624,5056.45236443414,4279.24910123054,5992.07224629138,9749.26980209239,25338.8254005547,0.000457796303925012,0.00243298325284467,0.013909915531852,0.0375853061123006,0.128710182409183,0.00793590231919801,1,1,0
USA,2017,19,b,602.243161602929,13444.7568383971,9992,12275,15760,52074,0.000515077121435794,0.00325660323200157,0.0172483800169967,0.0433029261139882,0.135178810372662,0.00829594239689747,1,0,0
USA,2017,20,m,370.874689249246,8617.4048504087,5595.54574121865,6289.06992340674,6113.70590561288,26986.6011098962,0.000620816122400192,0.00420326954802566,0.0205975618461084,0.0507010448304697,0.149697465036147,0.00875021017825892,1,1,0
USA,2017,20,f,285.166868923671,5194.5535914184,4191.45425878135,5997.93007659326,9916.29409438713,25585.3988901038,0.000498691259114342,0.0024994326027512,0.0136245339581901,0.0376220493850784,0.130915242640813,0.00801312701673757,1,1,0
USA,2017,20,b,656.041558172917,13811.9584418271,9787,12287,16030,52572,0.000561088973474724,0.00334554719304899,0.016894505126736,0.0433452589134479,0.137494691007219,0.00837527909685628,1,0,0
USA,2017,21,m,364.397758457498,8223.37954500655,5592.68707883936,6078.70061124591,5952.75868838464,26211.923681934,0.000609974231120614,0.0040110777459578,0.0205870389270085,0.0490050954998501,0.145756583548608,0.00849902662656159,1,1,0
USA,2017,21,f,280.186733779218,4957.03596275675,4189.31292116064,5797.29938875409,9655.24131161536,24879.076318066,0.000489982148286985,0.00238514765133866,0.0136175734320032,0.0363635922924385,0.127468815167673,0.00779191285827017,1,1,0
USA,2017,21,b,644.584492236716,13180.4155077633,9782,11876,15608,51091,0.0005512901531331,0.00319257419510333,0.0168858740318516,0.0418953605319531,0.133875055348764,0.0081393400353322,1,0,0
USA,2017,22,m,364.1161527709,8447.04974831532,5466.90593415068,6101.22190013904,5988.22809881645,26367.5218341924,0.000609502844543241,0.00412017627047749,0.0201240304866137,0.0491866569853666,0.146625071648943,0.00854947820177351,1,1,0
USA,2017,22,f,279.970206164242,5091.86389274958,4095.09406584932,5818.77809986096,9712.77190118355,24998.4781658076,0.000489603491294491,0.00245002200830791,0.0133113102797807,0.0364983176259571,0.128228335914123,0.00782930849068129,1,1,0
USA,2017,22,b,644.086358935142,13538.9136410649,9562,11920,15701,51366,0.000550864117466073,0.00327940999240405,0.0165061058569378,0.0420505807966386,0.134672747567333,0.00818315046201627,1,0,0
USA,2017,23,m,367.213815323476,8461.72442040431,5548.09194572247,6088.93756074279,5988.22809881645,26454.1958410095,0.000614688096894344,0.00412733406373308,0.0204228813890503,0.0490876234478122,0.146625071648943,0.0085775816214503,1,1,0
USA,2017,23,f,282.35200992898,5100.70975434319,4155.90805427753,5807.06243925721,9712.77190118355,25058.8041589905,0.000493768718211923,0.00245427831916839,0.0135089892234879,0.0364248310804015,0.128228335914123,0.00784820207322272,1,1,0
USA,2017,23,b,649.565825252456,13562.4341747475,9704,11896,15701,51513,0.000555550509803371,0.00328510716096798,0.0167512289516549,0.0419659151977192,0.134672747567333,0.00820656912646195,1,0,0
USA,2017,24,m,362.708124337911,8463.57751293439,5503.49681260557,6057.71486477731,5815.07635326759,26202.5736679228,0.000607145911656376,0.00412823793764135,0.0202587238510922,0.048835913206528,0.142385355546234,0.00849599495216012,1,1,0
USA,2017,24,f,278.887568089361,5101.82679463831,4122.50318739443,5777.28513522269,9431.92364673241,24712.4263320772,0.000487710206332022,0.00245481579883494,0.0134004050149727,0.0362380527771143,0.124520567969087,0.00773971951507463,1,1,0
USA,2017,24,b,641.595692427272,13565.4043075727,9626,11835,15247,50915,0.000548733939130937,0.00328582658968463,0.0166165838714582,0.0417507234671324,0.130778637167004,0.00811130136225438,1,0,0
USA,2017,25,m,386.926213385318,8585.96383215641,5634.99528205283,5987.5917607237,5840.24819292888,26435.7252812471,0.000647685157310451,0.00418793371584962,0.0207427781296867,0.0482705967629881,0.14300170194002,0.0085715926760706,1,1,0
USA,2017,25,f,297.508942977315,5175.60101148099,4221.00471794717,5710.4082392763,9472.75180707112,24877.2747187529,0.000520274707686489,0.00249031330205132,0.0137205892195689,0.0358185670795676,0.125059582692374,0.00779134861285067,1,1,0
USA,2017,25,b,684.435156362633,13761.5648436374,9856,11698,15313,51313,0.00058537300649527,0.00333334080235636,0.0170136142361408,0.0412674240066341,0.131344741322118,0.00817470699796443,1,0,0
USA,2017,26,m,348.627840008024,8475.37355098652,5561.24179266719,6055.66747487793,5715.91456066252,26156.8252192022,0.000583576582787728,0.00413399163360813,0.0204712868169098,0.0488194076169356,0.139957324297988,0.00848116134862464,1,1,0
USA,2017,26,f,268.06118734055,5108.93742166488,4165.75820733281,5775.33252512207,9271.08543933748,24589.1747807978,0.000468777356707332,0.00245823717715041,0.0135410076439476,0.0362258050195217,0.122397176634926,0.00770111818860503,1,1,0
USA,2017,26,b,616.689027348574,13584.3109726514,9727,11831,14987,50746,0.000527432155779581,0.00329040618211176,0.0167909319881232,0.0417366125339792,0.128548529889282,0.00808437786367398,1,0,0
USA,2017,27,m,340.179669410091,8701.19366086466,5587.54148655664,5894.94736777695,5815.07635326759,26338.9385378759,0.00056943498546654,0.00424413880757287,0.0205680976726287,0.0475237188339318,0.142385355546234,0.00854021027472564,1,1,0
USA,2017,27,f,261.565358891264,5245.06131083394,4185.45851344336,5622.05263222305,9431.92364673241,24746.0614621241,0.000457417646932518,0.00252373510312513,0.0136050444848668,0.0352643560485023,0.124520567969087,0.00775025374869934,1,1,0
USA,2017,27,b,601.745028301355,13946.2549716986,9773,11517,15247,51085,0.000514651085768767,0.00337807664066066,0.0168703380610597,0.0406289042814503,0.130778637167004,0.00813838417147727,1,0,0
USA,2017,28,m,360.455278845129,8349.39285309518,5457.1864820611,5945.10842031166,5699.51472573168,25811.6577600447,0.000603374819037392,0.00407254264284143,0.0200882525616741,0.0479281057789457,0.139555765283854,0.00836924329706921,1,1,0
USA,2017,28,f,277.155347169551,5032.99652089012,4087.8135179389,5669.89157968834,9244.48527426832,24312.3422399553,0.000484680950392071,0.00242169714345198,0.0132876444907453,0.0355644261095211,0.122046000375814,0.00761441661628772,1,1,0
USA,2017,28,b,637.61062601468,13382.3893739853,9545,11615,14944,50124,0.00054532565379472,0.00324149651875891,0.0164767601343308,0.0409746221437045,0.12817970445489,0.00798528664404672,1,0,0
USA,2017,29,m,342.150909216275,8303.45984110258,5555.52446790862,6007.55381224261,5665.18948982992,25873.8785203,0.00057273469150815,0.00405013812153727,0.02045024097871,0.0484315262615141,0.138715292928692,0.00838941792845267,1,1,0
USA,2017,29,f,263.081052196097,5005.30819748502,4161.47553209138,5729.44618775739,9188.81051017008,24348.1214797,0.000460068245879974,0.00240837451677842,0.0135270865915738,0.0359379827160955,0.121310980298605,0.00762562236664042,1,1,0
USA,2017,29,b,605.231961412372,13308.7680385876,9717,11737,14854,50222,0.000517633335437957,0.00322366388097436,0.0167736697983543,0.0414050056048781,0.127407744243371,0.0080008990870105,1,0,0
USA,2017,30,m,360.455278845129,8165.9636140998,5413.73481389592,5836.59675564475,5678.5381926806,25455.2886551662,0.000603374819037392,0.00398307225728211,0.0199283041913559,0.0470533095305483,0.139042143289033,0.0082536931929258,1,1,0
USA,2017,30,f,277.155347169551,4922.4257598855,4055.26518610408,5566.40324435525,9210.4618073194,24031.7113448338,0.000484680950392071,0.00236849446489601,0.0131818444927048,0.0349152949571131,0.121596821439742,0.00752652543205846,1,1,0
USA,2017,30,b,637.61062601468,13088.3893739853,9469,11403,14889,49487,0.00054532565379472,0.00317028352757456,0.0163455674920878,0.0402267426865831,0.127707950992295,0.00788380576478214,1,0,0
USA,2017,31,m,346.656600201839,8324.69138069097,5465.76246919897,5937.430708189,5754.43510317449,25828.9762614553,0.000580276876746118,0.00406049412608374,0.0201198213189737,0.0478662098179742,0.140900521052114,0.00837485869586276,1,1,0
USA,2017,31,f,266.545494035717,5018.10652507143,4094.23753080103,5662.569291811,9333.56489682551,24375.0237385447,0.000466126757759875,0.00241453261230429,0.0133085260693059,0.0355184970185489,0.12322203249935,0.00763404792287607,1,1,0
USA,2017,31,b,613.202094237556,13342.7979057624,9560,11600,15088,50204,0.000524449906110391,0.00323190663142037,0.016502653418984,0.0409217061443799,0.12941484079332,0.00799803149544572,1,0,0
USA,2017,32,m,350.035868441012,8426.40251960636,5514.93146212272,5871.91423140898,5765.49545696506,25928.7795385441,0.000585933515674593,0.00411010527239976,0.0203008155274917,0.0473380309510172,0.141171339922111,0.00840721918644289,1,1,0
USA,2017,32,f,269.143825415431,5079.41778653724,4131.06853787728,5600.08576859102,9351.50454303495,24431.2204614559,0.000470670641669801,0.00244403338905565,0.0134282471197202,0.0351265687755856,0.123458872302006,0.00765164825346093,1,1,0
USA,2017,32,b,619.179693856443,13505.8203061436,9646,11472,15117,50360,0.000529562334114717,0.00327139408979176,0.0166511082509958,0.0404701562834764,0.129663583528143,0.00802288395567378,1,0,0
USA,2017,33,m,336.800401170918,8318.09957369451,5528.08130906745,5951.25059000978,5746.04448995406,25880.2763638967,0.000563778346538064,0.00405727887252473,0.0203492209553512,0.0479776225477229,0.140695072254186,0.0083914923829544,1,1,0
USA,2017,33,f,258.967027511549,5014.13299762299,4140.91869093255,5675.74940999022,9319.95551004594,24409.7236361033,0.000452873763022592,0.00241262069362296,0.0134602655401798,0.0356011693822989,0.123042360924921,0.00764491563253339,1,1,0
USA,2017,33,b,595.767428682467,13332.2325713175,9669,11627,15066,50290,0.000509538657764442,0.00322934748492824,0.016690811287464,0.0410169549431642,0.129226139408282,0.00801173221069965,1,0,0
USA,2017,34,m,346.093388828644,8222.99188827471,5308.53603833812,5949.71504758525,5703.32864083187,25530.6650038586,0.000579334103591372,0.0040108886605238,0.0195410607684803,0.0479652433555286,0.139649151101095,0.00827813342868733,1,1,0
USA,2017,34,f,266.112438805764,4956.80228409089,3976.46396166188,5674.28495241475,9250.67135916813,24124.3349961414,0.000465369443774888,0.00238503521355826,0.0129256971290278,0.0355919835641045,0.122127669273282,0.00755553436351464,1,1,0
USA,2017,34,b,612.205827634408,13179.7941723656,9285,11624,14954,49655,0.000523597834776337,0.00319242369458565,0.0160279432003417,0.0410063717432993,0.128265477811725,0.00791056995272005,1,0,0
USA,2017,35,m,328.352230572985,8344.89272017296,5632.7083521494,6067.95181427419,5831.09479668841,26204.9999138579,0.000549636749216875,0.00407034763494725,0.0207343597944068,0.04891844115449,0.142777575978644,0.00849678164485219,1,1,0
USA,2017,35,f,252.471199062263,5030.28385019184,4219.2916478506,5787.04818572581,9457.90520331159,24747.0000861421,0.000441514053247778,0.00242039190374957,0.0137150207986194,0.0362992915650773,0.124863577338452,0.00775054771767397,1,1,0
USA,2017,35,b,580.823429635248,13375.1765703648,9852,11855,15289,50952,0.000496757587753628,0.00323974942583154,0.0170067093602333,0.0418212781328986,0.131138885265713,0.00811719585602642,1,0,0
USA,2017,36,m,342.150909216275,8492.50426088354,5576.10683703949,6016.25521931495,5864.27585806011,26291.2930845144,0.00057273469150815,0.00414234739645044,0.0205260059962292,0.0485016750172818,0.143590032588634,0.00852476158115899,1,1,0
USA,2017,36,f,263.081052196097,5119.26377770406,4176.89316296051,5737.74478068505,9511.72414193989,24808.7069154856,0.000460068245879974,0.00246320584875957,0.0135772023801193,0.0359900356858641,0.125574096746421,0.00776987376623214,1,1,0
USA,2017,36,b,605.231961412372,13611.7680385876,9753,11754,15376,51100,0.000517633335437957,0.00329705686168476,0.0168358136815221,0.0414649770707794,0.131885113470181,0.00814077383111458,1,0,0
USA,2017,37,m,340.742880783286,8360.54168917307,5683.59254250073,6115.04178195982,6073.27840555081,26573.1972999677,0.000570377758621286,0.00407798065625679,0.0209216677543847,0.0492980697151153,0.148707575373401,0.00861616698361442,1,1,0
USA,2017,37,f,261.998414121217,5039.71701592243,4257.40745749927,5831.95821804018,9850.72159444919,25241.8027000323,0.000458174960917506,0.00242493080426513,0.0138389181647458,0.0365809899897072,0.130049552327654,0.00790551564333917,1,1,0
USA,2017,37,b,602.741294904503,13400.2587050955,9941,11947,15924,51815,0.000515503157102821,0.00324582484705421,0.0171603428491757,0.042145829595423,0.136585493424764,0.00825468094049319,1,0,0
USA,2017,38,m,350.880685500805,8388.65952049745,5578.39376694292,6095.07973044091,5958.09816952491,26371.111872907,0.000587347675406711,0.00409169555374785,0.0205344243315091,0.0491371402165894,0.145887323692744,0.00855064224585498,1,1,0
USA,2017,38,f,269.79340826036,5056.66638574135,4178.60623305708,5812.92026955909,9663.90183047509,24981.888127093,0.000471806612647282,0.00243308623221018,0.0135827708010688,0.0364615743531793,0.127583151624128,0.00782411263315319,1,1,0
USA,2017,38,b,620.674093761165,13445.3259062388,9757,11908,15622,51353,0.000530840441115798,0.00325674107221654,0.0168427185574296,0.0420082479971789,0.133995138048333,0.00818107942366394,1,0,0
USA,2017,39,m,354.541559426576,8358.41507560176,5605.83692578409,6064.36888195028,6018.73941961801,26401.9018623807,0.00059347570091256,0.00407694336832384,0.0206354443548679,0.0488895563727033,0.147372158186865,0.00856062567719501,1,1,0
USA,2017,39,f,272.608267255051,5038.43509771664,4199.16307421591,5783.63111804972,9762.26058038199,25056.0981376193,0.000476729153549702,0.00242431399127028,0.0136495918524628,0.0362778579892902,0.128881687093865,0.00784735457058847,1,1,0
USA,2017,39,b,627.149826681627,13396.8501733184,9805,11848,15781,51458,0.000536378904787151,0.00324499922887939,0.0169255770683199,0.0417965839998804,0.135358934422017,0.00819780704112513,1,0,0
USA,2017,40,m,341.024486469884,8491.25178433157,5594.97400874279,6249.65766784376,6109.89199051268,26786.7999379007,0.000570849145198658,0.00414173648206939,0.0205954572622884,0.0503833122308159,0.149604079218907,0.00868542609367918,1,1,0
USA,2017,40,f,262.214941736192,5118.50878746233,4191.02599125721,5960.34233215624,9910.10800948732,25442.2000620993,0.000458553617909999,0.00246284257457407,0.0136231418529527,0.0373862800514208,0.130833573743345,0.00796827837465165,1,1,0
USA,2017,40,b,603.239428206076,13609.7605717939,9786,12210,16020,52229,0.000515929192769849,0.00329657061095319,0.0168927789077591,0.0430736234502481,0.137408917650384,0.00832063554648304,1,0,0
USA,2017,41,m,322.72011684103,8365.45842338861,5611.55425054266,6205.63878500719,6017.21385357794,26522.5854293574,0.000540209017669416,0.00408037886773259,0.0206564901930677,0.0500284420545792,0.147334803859969,0.00859975645071509,1,1,0
USA,2017,41,f,248.140646762739,5042.6808130076,4203.44574945734,5918.36121499281,9759.78614642206,25172.4145706426,0.000433940913397902,0.00242635687696459,0.0136635129048366,0.0371229532631798,0.128849019534878,0.00788378387763007,1,1,0
USA,2017,41,b,570.860763603769,13408.1392363962,9815,12124,15777,51695,0.000488236874413085,0.00324773367768702,0.0169428392580887,0.0427702383874536,0.135324625079283,0.00823556366339468,1,0,0
USA,2017,42,m,338.208429603907,8358.34752590735,5730.47460552105,6259.89461734064,6140.78470282426,26827.7098811972,0.000566135279424929,0.00407691041993875,0.0210942436276228,0.050465840178778,0.150360504338553,0.00869869084683454,1,1,0
USA,2017,42,f,260.04966558643,5038.39437890235,4292.52539447895,5970.10538265936,9960.21529717574,25521.2901188028,0.000454767047985061,0.00242429439883944,0.0139530707942106,0.0374475188393838,0.131495091812834,0.00799304870060389,1,1,0
USA,2017,42,b,598.258095190337,13396.7419048097,10023,12230,16101,52349,0.000511668836099577,0.00324497300396662,0.01730189280528,0.0431441781160143,0.138103681840751,0.00833975282358155,1,0,0
USA,2017,43,m,345.24857176885,8228.91552959865,5735.04846532791,6435.45830121209,6207.14682556766,26951.8176934752,0.000577919943859253,0.0040137780061705,0.0211110802981826,0.0518811944863267,0.151985417558534,0.00873893190712123,1,1,0
USA,2017,43,f,265.462855960836,4960.37304267165,4295.95153467209,6137.54169878791,10067.8531744323,25727.1823065248,0.000464233472797406,0.00238675333432769,0.0139642076361096,0.0384977640529495,0.132916130628773,0.00805753236408154,1,1,0
USA,2017,43,b,610.711427729686,13189.2885722703,10031,12573,16275,52679,0.000522319727775255,0.00319472343817992,0.017315702557095,0.0443541906339042,0.139596138249688,0.00839232533560245,1,0,0
USA,2017,44,m,356.231193546163,8518.76667037807,5884.27064152675,6445.69525070897,6348.26168427488,27553.2254404348,0.000596304020376798,0.00415515728388203,0.0216603766751964,0.0519637224342887,0.155440692796424,0.00893393401825409,1,1,0
USA,2017,44,f,273.907432944908,5135.09470313084,4407.72935847325,6147.30474929103,10296.7383157251,26260.7745595652,0.000479001095504665,0.00247082312143701,0.0143275471030645,0.0385590028409126,0.13593787983508,0.00822464887131775,1,1,0
USA,2017,44,b,630.138626491071,13653.8613735089,10292,12593,16645,53814,0.000538935118789313,0.0033072527538231,0.017766245710061,0.0444247452996703,0.142769752452599,0.00857314291482584,1,0,0
USA,2017,45,m,328.633836259583,8483.71363202174,5887.7010363819,6376.0839941302,6270.83920774092,27346.9717065343,0.000550108135794248,0.00413805963427097,0.0216730041781163,0.051402532388147,0.153544960706446,0.00886705773715702,1,1,0
USA,2017,45,f,252.687726677239,5113.96480504146,4410.2989636181,6080.9160058698,10171.1607922591,26029.0282934657,0.000441892710240272,0.00246065617345044,0.0143358997344887,0.0381425790827641,0.134280001216484,0.00815206793271732,1,1,0
USA,2017,45,b,581.321562936822,13597.6784370632,10298,12457,16442,53376,0.000497183623420655,0.00329364406349037,0.0177766030239223,0.0439449735724603,0.14102855330884,0.00850336485341628,1,0,0
USA,2017,46,m,351.162291187403,8446.37226544357,5842.53417078915,6459.00328505491,6450.47460896011,27549.5466214351,0.000587819061984084,0.00411984581796034,0.0215067420563381,0.0520710087666394,0.157943432698463,0.00893274118780746,1,1,0
USA,2017,46,f,270.009935875336,5091.45550749373,4376.46582921085,6159.99671494509,10462.5253910399,26360.4533785649,0.000472185269639776,0.00244982550799176,0.0142259234207361,0.0386386132652645,0.138126606287215,0.0082558674206534,1,1,0
USA,2017,46,b,621.172227062739,13537.8277729373,10219,12619,16913,53910,0.000531266476782825,0.00327914697227684,0.0176402317247487,0.0445164663651663,0.145068478415789,0.00858843673650464,1,0,0
USA,2017,47,m,341.306092156481,8483.45408677928,5931.15270454708,6608.97459518417,6382.20552866662,27747.0930073336,0.000571320531776031,0.00413793303715352,0.0218329525484345,0.053280043204283,0.156271826569862,0.00899679417430724,1,1,0
USA,2017,47,f,262.431469351169,5113.80835171302,4442.84729545292,6303.02540481583,10351.7944713334,26473.9069926664,0.000458932274902493,0.00246058089372851,0.0144416997325292,0.0395357615089226,0.136664733022543,0.00829140011741565,1,1,0
USA,2017,47,b,603.73756150765,13597.2624384923,10374,12912,16734,54221,0.000516355228436876,0.00329354329987623,0.0179077956661653,0.0455500922186408,0.143533135328435,0.00863798234631827,1,0,0
USA,2017,48,m,319.622454288455,8574.76707374629,6042.06880486346,6586.96515376588,6542.38996287481,28065.8134495389,0.000535023765318313,0.00418247232759193,0.0222412418095099,0.0531026081161647,0.160194030893953,0.00910013697194399,1,1,0
USA,2017,48,f,245.758842998,5168.85162896721,4525.93119513654,6282.03484623412,10611.6100371252,26834.1865504611,0.00042977568648047,0.00248706574161971,0.01471176814858,0.0394040981148022,0.140094826716188,0.00840423657818546,1,1,0
USA,2017,48,b,565.381297286455,13743.6187027135,10568,12869,17154,54900,0.000483550482075787,0.0033289938691067,0.0182426821476802,0.0453983996872435,0.147135616315524,0.00874615427256733,1,0,0
USA,2017,49,m,325.254568020409,8638.42908231424,6095.81165759408,6731.30614167185,6676.25838289166,28467.0598324922,0.000544451496865772,0.00421352443511443,0.0224390726885877,0.0542662521824292,0.163471873079087,0.00923023820884338,1,1,0
USA,2017,49,f,250.089395297525,5207.22695436786,4566.18834240592,6419.69385832815,10828.7416171083,27271.9401675078,0.000437348826330346,0.00250553056978243,0.0148426260408933,0.0402675650250807,0.142961405017307,0.00854133724839576,1,1,0
USA,2017,49,b,575.343963317934,13845.6560366821,10662,13151,17505,55739,0.00049207119541633,0.00335370946014199,0.018404946731507,0.0463932204745465,0.150146261140448,0.0088798159016144,1,0,0
USA,2017,50,m,341.869303529677,8864.04089154572,6174.71073926243,7035.34354172912,6932.55347762478,29348.5179536917,0.000572263304930777,0.00432357000728836,0.0227295052557444,0.0567173322369013,0.169747399997633,0.00951604462782959,1,1,0
USA,2017,50,f,262.864524581121,5343.22528034348,4625.28926073757,6709.65645827088,11244.4465223752,28185.4820463083,0.00045968958888748,0.00257096807925862,0.015034736563651,0.0420863570275822,0.14844955492714,0.00882745071261731,1,1,0
USA,2017,50,b,604.733828110798,14207.2661718892,10800,13745,18177,57534,0.00051720729977093,0.00344129904983816,0.0186431649503166,0.0484886940478018,0.15591023071979,0.00916577850487958,1,0,0
USA,2017,51,m,360.455278845129,9081.23808214817,6387.96695275733,7223.70341247166,7322.33560086473,30375.699327087,0.000603374819037392,0.00442951122196075,0.0235145150205956,0.0582358464794026,0.179291430519588,0.00984910075712131,1,1,0
USA,2017,51,f,277.155347169551,5474.15129183712,4785.03304724267,6889.29658752834,11876.6643991353,29302.300672913,0.000484680950392071,0.00263396497320077,0.0155539918171919,0.0432131507261017,0.156796116248344,0.00917722870701486,1,1,0
USA,2017,51,b,637.61062601468,14555.3893739853,11173,14113,19199,59678,0.00054532565379472,0.00352562182032094,0.0192870446286933,0.0497868998978994,0.164676267788372,0.00950734052237292,1,0,0
USA,2017,52,m,330.041864692572,9222.73963755024,6724.71738103747,7412.57513068906,7487.8595162132,31177.9335301825,0.000552465068681113,0.00449853074572045,0.0247541148905616,0.0597584871193019,0.183344374987815,0.0101092193937991,1,1,0
USA,2017,52,f,253.77036475212,5559.44813300506,5037.28261896253,7069.42486931094,12145.1404837868,30065.0664698175,0.000443785995202741,0.00267500674935629,0.0163739418020059,0.0443430063640193,0.160340546398445,0.00941612039836085,1,1,0
USA,2017,52,b,583.812229444692,14782.1877705553,11762,14482,19633,61243,0.000499313801755791,0.00358055716799293,0.0203037876060763,0.0510886334812853,0.168398831475031,0.00975666167786596,1,0,0
USA,2018,1,m,363.270953165372,9962.62104912206,7075.76796810108,8092.12552979982,8328.18745228205,33821.9729524704,0.000609485858824306,0.00485033676867223,0.0252564609489894,0.0623174995817954,0.198255311583911,0.010903097133576,1,1,0
USA,2018,1,f,278.918271190743,5963.18972652184,5220.23203189892,7644.87447020018,13404.812547718,32512.0270475296,0.000489009489095536,0.00286232309875813,0.0164463913928257,0.0460551334637813,0.17556515009832,0.0101174255791267,1,1,0
USA,2018,1,b,642.189224356115,15925.8107756439,12296,15737,21733,66334,0.000550572589664404,0.00384928259086351,0.020576816537487,0.053193008397636,0.183618178713778,0.0105033310670606,1,0,0
USA,2018,2,m,344,9649,7232,8088,8525,33838,0.000577153591853837,0.00469764926821568,0.0258141203056027,0.0622857288559671,0.202940500671574,0.0109082637291565,0,0,0
USA,2018,2,f,254,6069,5338,7904,14090,33655,0.000445321884794432,0.00291311188860922,0.0168174205128136,0.0476161873313527,0.18453916875596,0.010473107609308,0,0,0
USA,2018,2,b,598,15718,12570,15992,22615,67493,0.000512687532166902,0.00379905454205967,0.0210353435162827,0.0540549399691806,0.191070036884558,0.010686847223281,0,0,0
USA,2018,3,m,332,9176,6854,7992,8087,32441,0.000557020327021726,0.00446736757022977,0.0244648756325499,0.0615464323710298,0.19251376292446,0.0104579166510304,0,0,0
USA,2018,3,f,278,5594,5234,7521,13575,32202,0.000487399543200205,0.0026851125234602,0.0164897675091919,0.0453088746102105,0.177794124617612,0.0100209481870431,0,0,0
USA,2018,3,b,610,14770,12088,15513,21662,64643,0.000522975576290653,0.00356992210117198,0.0202287376630728,0.0524358606642007,0.183018312579849,0.0102355779866735,0,0,0
USA,2018,4,m,358,8958,6595,7743,7862,31516,0.000600642400824632,0.00436123351069292,0.0235403931713841,0.0596288821132237,0.18715756202697,0.0101597269249984,0,0,0
USA,2018,4,f,305,5621,4900,7289,13149,31264,0.0005347369089067,0.00269807248737393,0.0154374972860222,0.0439112334840878,0.172214728883756,0.00972905173963469,0,0,0
USA,2018,4,b,663,14579,11495,15032,21011,62780,0.000568414437837218,0.00352375723175263,0.0192363781797669,0.0508100211116009,0.177518131549036,0.00994059041200689,0,0,0
USA,2018,5,m,333,8813,6671,7442,7579,30838,0.000558698099091069,0.0042906397554964,0.0238116698781355,0.0573108795927433,0.180420651564793,0.00994116191499877,0,0,0
USA,2018,5,f,298,5554,4873,7060,12349,30134,0.00052246425853835,0.00266591257692134,0.0153524335254666,0.0425316653035615,0.161736990416419,0.00937740676567783,0,0,0
USA,2018,5,b,631,14367,11544,14502,19928,60972,0.000540979653507216,0.00347251664370602,0.0193183775299894,0.0490185554923122,0.168368060801922,0.00965431154190641,0,0,0
USA,2018,6,m,332,9017,6571,7627,7540,31087,0.000557020327021726,0.00438995786625565,0.0234547268429363,0.0587355655272578,0.179492243409228,0.0100214313655739,0,0,0
USA,2018,6,f,259,5534,4899,7153,12178,30023,0.000454088063628968,0.0026563126036519,0.015434346776372,0.0430919266170503,0.159497373819026,0.00934286464876703,0,0,0
USA,2018,6,b,591,14551,11470,14780,19718,61110,0.000506686173094714,0.00351698960691629,0.0191945417765921,0.0499582299114863,0.166593808856498,0.00967616247336319,0,0,0
USA,2018,7,m,353,8723,6392,7184,7369,30021,0.00059225354047792,0.00424682294192614,0.0228157988099298,0.0553240202894743,0.175421530727135,0.00967778785427648,0,0,0
USA,2018,7,f,275,5433,4937,7091,12021,29757,0.000482139835899484,0.00260783273864127,0.01555406614308,0.0427184190747244,0.157441117644812,0.00926008804427807,0,0,0
USA,2018,7,b,628,14156,11329,14275,19390,59778,0.000538407642476279,0.00342151775654642,0.0189585844626863,0.048251267387447,0.163822596294122,0.00946525348278031,0,0,0
USA,2018,8,m,349,8568,6241,6927,7046,29131,0.000585542452200549,0.00417136065188848,0.0222768148267791,0.0533448619912567,0.167732406772072,0.00939088098274302,0,0,0
USA,2018,8,f,256,5233,4730,6805,11636,28660,0.000448828356328247,0.00251183300594695,0.0149019106454868,0.0409954649278663,0.152398706007406,0.00891871234832172,0,0,0
USA,2018,8,b,605,13801,10971,13732,18682,57791,0.00051868889123909,0.00333571394165705,0.0183594871692233,0.0464158601586285,0.157840832592408,0.00915063173781921,0,0,0
USA,2018,9,m,346,8681,6254,6978,6718,28977,0.000580509135992522,0.00422637509559336,0.022323217421355,0.0537376132488797,0.159924256130397,0.00934123642294959,0,0,0
USA,2018,9,f,233,5322,4495,6564,11100,27714,0.000408503933689381,0.00255455288699592,0.0141615408776878,0.0395436049649543,0.145378621234291,0.00862432637897377,0,0,0
USA,2018,9,b,579,14003,10749,13542,17818,56691,0.000496398128970964,0.00338453752083353,0.0179879799090312,0.0457736366347326,0.150541053159808,0.00897645764649702,0,0,0
USA,2018,10,m,350,8795,6350,6923,6876,29294,0.000587220224269892,0.00428187639278235,0.0226658827351462,0.053314057971051,0.163685499427301,0.00944342684797892,0,0,0
USA,2018,10,f,270,5261,4537,6627,11103,27798,0.000473373657064948,0.00252527296852415,0.0142938622829965,0.039923136822479,0.145417912753543,0.0086504663593387,0,0,0
USA,2018,10,b,620,14056,10887,13550,17979,57092,0.000531548946393778,0.00339734766784519,0.018218916854556,0.0458006776252124,0.151901312984632,0.00903995201978811,0,0,0
USA,2018,11,m,329,8581,6115,6881,6752,28658,0.000551987010813699,0.00417768974718196,0.0218270666024282,0.0529906157588909,0.160733637599351,0.00923840126337748,0,0,0
USA,2018,11,f,255,5230,4593,6554,11028,27660,0.000447075120561339,0.00251039300995653,0.0144702908234082,0.0394833618129663,0.14443562477223,0.00860752210588202,0,0,0
USA,2018,11,b,584,13811,10708,13435,17780,56318,0.000500684814022527,0.00333813095052717,0.0179193682078246,0.0454119633870648,0.150219998045874,0.00891739679553049,0,0,0
USA,2018,12,m,339,8524,5940,6889,6915,28607,0.000568764731507124,0.00414993909858746,0.0212024162908297,0.0530522237993024,0.164613907582866,0.0092219605325368,0,0,0
USA,2018,12,f,274,5061,4415,6339,11066,27155,0.000480386600132577,0.00242927323582983,0.0139095001056711,0.0381881340452233,0.144933317349429,0.00845037103344998,0,0,0
USA,2018,12,b,613,13585,10355,13228,17981,55762,0.00052554758732159,0.00328350655006238,0.0173286381949966,0.0447122777583992,0.151918210622208,0.00882935970937127,0,0,0
USA,2018,13,m,322,8306,6019,6799,6616,28062,0.000540242606328301,0.00404380503905062,0.021484401288637,0.0523591333446737,0.157496111723535,0.00904627036963148,0,0,0
USA,2018,13,f,259,5022,4344,6270,10958,26853,0.000454088063628968,0.00241055328795444,0.0136858139205063,0.0377724562965058,0.143518822656339,0.00835639158023319,0,0,0
USA,2018,13,b,581,13328,10363,13069,17574,54915,0.000498112802991589,0.00322138942210022,0.0173420258440125,0.0441748380726126,0.148479541375601,0.00869524565905318,0,0,0
USA,2018,14,m,310,8605,6216,6726,6617,28474,0.00052010934149619,0.00418937423080069,0.0221875790679793,0.0517969599759193,0.157519917060857,0.00917908568544247,0,0,0
USA,2018,14,f,257,5167,4404,6337,10650,26815,0.000450581592095154,0.00248015309415782,0.0138748444995188,0.0381760854148257,0.139484893346414,0.00834456635102048,0,0,0
USA,2018,14,b,567,13772,10620,13063,17267,55289,0.000486110084847213,0.00332870461593369,0.0177721040686493,0.0441545573297527,0.145885754007767,0.00875446485010272,0,0,0
USA,2018,15,m,335,8369,6038,6835,6644,28221,0.000562053643229754,0.0040744768085498,0.0215522204653248,0.0526363695265252,0.158162661168556,0.00909752676578184,0,0,0
USA,2018,15,f,217,5247,4452,6382,10707,27005,0.000380452161418865,0.00251855298723555,0.0140260689627288,0.0384471795987719,0.140231432212212,0.00840369249708402,0,0,0
USA,2018,15,b,552,13616,10490,13217,17351,55226,0.000473250029692525,0.00329099927755977,0.0175545547721404,0.0446750963964895,0.146595454785937,0.00874448942487245,0,0,0
USA,2018,16,m,331,8333,5961,6595,6398,27618,0.000555342554952384,0.00405695008312169,0.0212773743282215,0.0507881283141819,0.1523065481873,0.00890313930113613,0,0,0
USA,2018,16,f,289,4938,4513,6147,10532,26419,0.000506685136636185,0.00237023340022282,0.0142182500513915,0.0370314655270528,0.137939426922482,0.00822133501501436,0,0,0
USA,2018,16,b,620,13271,10474,12742,16930,54037,0.000531548946393778,0.00320761247154051,0.0175277794741086,0.0430695375867495,0.143038502076302,0.00855622306616146,0,0,0
USA,2018,17,m,333,8089,5937,6517,6532,27408,0.000558698099091069,0.00393815783299789,0.0211917079997737,0.0501874499201704,0.155496463388472,0.00883544217414509,0,0,0
USA,2018,17,f,249,4903,4417,6384,10362,26315,0.000436555705959896,0.00235343344700132,0.0139158011249715,0.0384592282291695,0.135712907498173,0.00818897122980063,0,0,0
USA,2018,17,b,582,12992,10354,12901,16894,53723,0.000498970140001901,0.00314017792406408,0.0173269647388696,0.0436069772725362,0.142734344599943,0.00850650428009312,0,0,0
USA,2018,18,m,333,8565,5976,6622,6400,27896,0.000558698099091069,0.00416990009143613,0.0213309157835013,0.0509960554505705,0.152354158861944,0.00899275740258141,0,0,0
USA,2018,18,f,243,5020,4294,6077,10207,25841,0.000426036291358453,0.00240959329062749,0.0135282884379958,0.0366097634631364,0.133682845670127,0.00804146705488422,0,0,0
USA,2018,18,b,576,13585,10270,12699,16607,53737,0.000493826117940026,0.00328350655006238,0.0171863944242023,0.0429241922629205,0.140309533607864,0.0085087210412554,0,0,0
USA,2018,19,m,355,8456,5776,6280,6042,26909,0.000595609084616605,0.00411683306166771,0.020617029713103,0.0483623117229814,0.143831848100604,0.00867458090572352,0,0,0
USA,2018,19,f,289,5032,4201,5937,9735,25194,0.000506685136636185,0.00241535327458915,0.0132352910405264,0.0357663593353038,0.127500979974398,0.00784012696802573,0,0,0
USA,2018,19,b,644,13488,9977,12217,15777,52103,0.000552125034641279,0.00326006156402219,0.0166960717789938,0.0412949725865107,0.133297014014047,0.00824999334560043,0,0,0
USA,2018,20,m,321,8082,5672,6208,5964,26247,0.000538564834258958,0.00393474985860909,0.0202458089564959,0.0478078393592784,0.141975031789474,0.00846117377206605,0,0,0
USA,2018,20,f,241,4765,4137,5849,9379,24371,0.000422529819824639,0.00228719363144223,0.0130336584229131,0.035236219597809,0.122838386356434,0.00758401739849786,0,0,0
USA,2018,20,b,562,12847,9809,12057,15343,50618,0.000481823399795651,0.00310513129544729,0.0164149311496593,0.0407541527769141,0.129630226660171,0.00801485832231546,0,0,0
USA,2018,21,m,354,8290,5541,6173,6070,26428,0.000593931312547262,0.00403601538330479,0.019778213580385,0.0475383041824784,0.144498397545625,0.0085195222481869,0,0,0
USA,2018,21,f,223,4808,4123,5888,9457,24499,0.000390971576020309,0.00230783357397151,0.0129895512878101,0.0354711678905623,0.123859965856999,0.00762384974953014,0,0,0
USA,2018,21,b,577,13098,9664,12061,15527,50927,0.000494683454950339,0.00316579821808738,0.0161722800112455,0.040767673272154,0.131184809317114,0.0080637854079687,0,0,0
USA,2018,22,m,348,8439,5725,6197,5844,26553,0.000583864680131207,0.00410855655243777,0.0204349887651515,0.0477231283037127,0.139118391310813,0.00855981815711013,0,0,0
USA,2018,22,f,269,4808,4206,5863,9343,24489,0.00047162042129804,0.00230783357397151,0.0132510435887775,0.0353205600105922,0.122366888125403,0.00762073784710574,0,0,0
USA,2018,22,b,617,13247,9931,12060,15187,51042,0.00052897693536284,0.00320181165025222,0.0166190927971522,0.040764293148344,0.128312210929285,0.00808199451751602,0,0,0
USA,2018,23,m,342,8672,5668,6225,6068,26975,0.000573798047715152,0.00422199341423633,0.020231531235088,0.0479387564451528,0.144450786870981,0.00869585714563499,0,0,0
USA,2018,23,f,236,5096,4286,5860,9545,25023,0.000413763640990102,0.00244607318905134,0.0135030843607942,0.0353024870649958,0.125012517088406,0.00778691343656854,0,0,0
USA,2018,23,b,578,13768,9954,12085,15613,51998,0.000495540791960651,0.00332773781238564,0.016657582288073,0.0408487962435935,0.131911407732859,0.00823336763688331,0,0,0
USA,2018,24,m,310,8510,5691,6161,6078,26750,0.00052010934149619,0.00414312314980987,0.0203136281331838,0.0474458921218612,0.144688840244203,0.00862332450957316,0,0,0
USA,2018,24,f,262,4927,4237,5771,9437,24634,0.00045934777092969,0.00236495341492463,0.0133487093879339,0.0347663230123022,0.123598022395315,0.0076658604322595,0,0,0
USA,2018,24,b,572,13437,9928,11932,15515,51384,0.000490396769898776,0.00324773481878456,0.0166140724287712,0.0403316373006667,0.131083423491661,0.00813614682590892,0,0,0
USA,2018,25,m,339,8343,5630,6193,5872,26377,0.000568764731507124,0.00406181861796283,0.0200958928817123,0.047692324283507,0.139784940755834,0.00850308151734621,0,0,0
USA,2018,25,f,258,4933,4183,5781,9512,24667,0.000452334827862061,0.00236783340690546,0.0131785818668227,0.0348265661642902,0.124580310376628,0.00767612971026001,0,0,0
USA,2018,25,b,597,13276,9813,11974,15384,51044,0.00051183019515659,0.00320882097597558,0.0164216249741672,0.0404736025006859,0.129976628230468,0.00808231119768206,0,0,0
USA,2018,26,m,318,8320,5792,6072,5826,26328,0.00053353151805093,0.00405062098782821,0.0206741405987349,0.0467605026722839,0.138689895239014,0.0084872855210483,0,0,0
USA,2018,26,f,246,4958,4175,5810,9335,24524,0.000431295998659175,0.00237983337349225,0.013153377789621,0.0350012713050556,0.12226211074073,0.00763162950559113,0,0,0
USA,2018,26,b,564,13278,9967,11882,15161,50852,0.000483538073816276,0.0032093043777496,0.0166793372177239,0.0401626311101678,0.128092541640804,0.00805190990174219,0,0,0
USA,2018,27,m,366,8636,5726,6310,5884,26922,0.000614064577379373,0.00420446668880823,0.0204385581955035,0.0485933418745243,0.1400706048037,0.00867877168025154,0,0,0
USA,2018,27,f,302,5046,4243,5857,9311,24759,0.000529477201605979,0.00242207325587776,0.0133676124458352,0.0352844141193994,0.12194777858671,0.00770475921256446,0,0,0
USA,2018,27,b,668,13682,9969,12167,15195,51681,0.00057270112288878,0.00330695153610258,0.0166826841299779,0.0411259663960118,0.128379801479587,0.00818317383056591,0,0,0
USA,2018,28,m,331,8521,5693,6279,5795,26619,0.000555342554952384,0.00414847853813512,0.0203207669938877,0.04835461071793,0.137951929782026,0.0085810943970216,0,0,0
USA,2018,28,f,261,4989,4107,5774,9440,24571,0.000457594535162783,0.00239471333205987,0.0129391431334068,0.0347843959578986,0.123637313914568,0.0076462554469858,0,0,0
USA,2018,28,b,592,13510,9800,12053,15235,51190,0.000507543510105027,0.00326537898353646,0.0163998700445163,0.0407406322816742,0.128717754231096,0.00810542884980301,0,0,0
USA,2018,29,m,339,8349,5588,6196,5865,26337,0.000568764731507124,0.00406473973886752,0.0199459768069286,0.0477154272986613,0.139618303394579,0.00849018682649078,0,0,0
USA,2018,29,f,256,4916,4060,5634,9403,24269,0.000448828356328247,0.00235967342962645,0.012791069179847,0.0339409918300659,0.123152718510454,0.00755227599376901,0,0,0
USA,2018,29,b,595,13265,9648,11830,15268,50606,0.000510115521135964,0.00320616226621844,0.0161455047132136,0.0399868646720489,0.128996565251091,0.00801295824131922,0,0,0
USA,2018,30,m,360,8351,5660,6147,5715,26233,0.000603997944963318,0.00406571344583575,0.020202975792272,0.0473380780511412,0.136047502796252,0.00845666063026664,0,0,0
USA,2018,30,f,240,4850,4091,5640,9215,24036,0.000420776584057731,0.00232799351783732,0.0128887349790035,0.0339771377212588,0.12069044997063,0.00747976866728056,0,0,0
USA,2018,30,b,600,13201,9751,11787,14930,50269,0.000514402206187527,0.00319069340944965,0.0163178706942937,0.0398415193482198,0.126140864500838,0.00795959763334142,0,0,0
USA,2018,31,m,295,8425,5640,6234,5782,26376,0.000494942760456052,0.00410174060366018,0.0201315871852322,0.0480080654906156,0.137642460396838,0.00850275915007483,0,0,0
USA,2018,31,f,262,5009,4141,5760,9087,24259,0.00045934777092969,0.00240431330532931,0.0130462604615139,0.0347000555451153,0.119014011815856,0.00754916409134461,0,0,0
USA,2018,31,b,557,13434,9781,11994,14869,50635,0.000477536714744088,0.00324700971612352,0.0163680743781035,0.0405412049768854,0.125625486554786,0.00801755010372681,0,0,0
USA,2018,32,m,321,8638,5613,6135,5787,26494,0.000538564834258958,0.00420544039577645,0.0200352125657284,0.047245665990524,0.137761487083449,0.00854079848809837,0,0,0
USA,2018,32,f,253,5058,4089,5835,9236,24471,0.000443568649027525,0.00242783323983942,0.0128824339597031,0.0351518791850257,0.120965490605397,0.00761513642274183,0,0,0
USA,2018,32,b,574,13696,9702,11970,15023,50965,0.000492111443919401,0.00331033534852075,0.0162358713440712,0.0404600820054459,0.126926604648097,0.00806980233112346,0,0,0
USA,2018,33,m,316,8166,5606,6067,5744,25899,0.000530175973912245,0.00397564555127466,0.0200102265532645,0.0467219976470268,0.136737857578595,0.00834898996162375,0,0,0
USA,2018,33,f,248,4882,4178,5778,9313,24399,0.000434802470192989,0.00234335347506841,0.0131628293185716,0.0348084932186938,0.121973972932878,0.00759273072528617,0,0,0
USA,2018,33,b,564,13048,9784,11845,15057,50298,0.000483538073816276,0.00315371317373677,0.0163730947464845,0.0400375665291986,0.12721386448688,0.00796418949574901,0,0,0
USA,2018,34,m,349,8220,5705,6229,5868,26371,0.000585542452200549,0.00400193563941682,0.0203636001581116,0.0479695604653585,0.139689719406545,0.0085011473137179,0,0,0
USA,2018,34,f,258,4804,4143,5835,9045,24085,0.000452334827862061,0.00230591357931763,0.0130525614808143,0.0351518791850257,0.118463930546321,0.00749501698916011,0,0,0
USA,2018,34,b,607,13024,9848,12064,14913,50456,0.000520403565259715,0.00314791235244847,0.0164801959386119,0.0407778136435839,0.125997234581446,0.00798920722886619,0,0,0
USA,2018,35,m,351,8199,5711,6152,5831,26244,0.000588897996339235,0.00399171171625042,0.0203850167402236,0.0473765830763984,0.138808921925625,0.00846020667025189,0,0,0
USA,2018,35,f,238,4811,4159,5717,9439,24364,0.000417270112523917,0.00230927356996193,0.0131029696352177,0.0344410099915667,0.123624216741484,0.00758183906680078,0,0,0
USA,2018,35,b,589,13010,9870,11869,15270,50608,0.000504971499074089,0.0031445285400303,0.0165170119734057,0.0401186895006381,0.129013462888667,0.00801327492148526,0,0,0
USA,2018,36,m,321,8396,5550,6167,5673,26107,0.000538564834258958,0.00408762185262087,0.019810338453553,0.0474920981521698,0.13504767862872,0.00841604235407202,0,0,0
USA,2018,36,f,258,4906,4106,5720,9200,24190,0.000452334827862061,0.00235487344299173,0.0129359926237566,0.0344590829371631,0.120493992374367,0.00752769196461627,0,0,0
USA,2018,36,b,579,13302,9656,11887,14873,50297,0.000496398128970964,0.0032151051990379,0.0161588923622296,0.0401795317292177,0.125659281829937,0.00796403115566599,0,0,0
USA,2018,37,m,322,8392,5707,6147,5952,26520,0.000540242606328301,0.00408567443868442,0.0203707390188156,0.0473380780511412,0.141689367741608,0.0085491800371544,0,0,0
USA,2018,37,f,249,4924,4153,5851,9385,24562,0.000436555705959896,0.00236351341893422,0.0130840665773164,0.0352482682282066,0.122916969394939,0.00764345473480384,0,0,0
USA,2018,37,b,571,13316,9860,11998,15337,51082,0.000489539432888463,0.00321848901145607,0.0165002774121358,0.0405547254721253,0.129579533747445,0.00808832812083683,0,0,0
USA,2018,38,m,352,8282,5785,6377,5979,26775,0.000590575768408577,0.00403212055543188,0.020649154586271,0.0491093092129701,0.142332111849307,0.00863138369135781,0,0,0
USA,2018,38,f,277,4894,4255,5912,9467,24805,0.000485646307433298,0.00234911345903007,0.0134054185616377,0.0356157514553337,0.123990937587841,0.00771907396371669,0,0,0
USA,2018,38,b,629,13176,10040,12289,15446,51580,0.000539264979486591,0.00318465088727434,0.0168014995149943,0.0415383415008292,0.130500454995307,0.00816718148218088,0,0,0
USA,2018,39,m,344,7969,5715,6301,5965,26294,0.000577153591853837,0.00387973541490421,0.0203992944616316,0.0485240328290614,0.141998837126796,0.00847632503382118,0,0,0
USA,2018,39,f,254,4716,4351,5884,9452,24657,0.000445321884794432,0.00226367369693212,0.0137078674880577,0.0354470706297671,0.123794479991578,0.00767301780783561,0,0,0
USA,2018,39,b,598,12685,10066,12185,15417,50951,0.000512687532166902,0.00306597575175129,0.0168450093742961,0.0411868086245914,0.130255439250463,0.00806758556996118,0,0,0
USA,2018,40,m,321,8464,5874,6586,6066,27311,0.000538564834258958,0.00412072788954062,0.0209668338875982,0.050718819268719,0.144403176196337,0.00880417254882066,0,0,0
USA,2018,40,f,261,4821,4305,5967,9688,25042,0.000457594535162783,0.00231407355659664,0.0135629440441481,0.0359470887912679,0.126885412839442,0.0077928260511749,0,0,0
USA,2018,40,b,582,13285,10179,12553,15754,52353,0.000498970140001901,0.00321099628395869,0.0170341099166461,0.0424306941866636,0.133102691181929,0.00828957836635547,0,0,0
USA,2018,41,m,320,8375,5759,6215,6103,26772,0.000536887062189616,0.00407739792945448,0.0205563493971192,0.0478617463946385,0.145283973677257,0.00863041658954365,0,0,0
USA,2018,41,f,271,4831,4296,5964,9713,25075,0.000475126892831855,0.00231887354323136,0.0135345894572962,0.0359290158456715,0.127212842166546,0.00780309532917541,0,0,0
USA,2018,41,b,591,13206,10055,12179,15816,51847,0.000506686173094714,0.00319190191388471,0.0168266013568991,0.0411665278817315,0.133626517946768,0.00820945828434726,0,0,0
USA,2018,42,m,341,8126,5886,6572,6190,27115,0.000572120275645809,0.0039561714119101,0.0210096670518221,0.050611005197999,0.147355038024287,0.00874098856362902,0,0,0
USA,2018,42,f,260,5041,4370,6209,9979,25859,0.000455841299395876,0.0024196732625604,0.0137677271714117,0.0374049730693787,0.130696690206936,0.00804706847924813,0,0,0
USA,2018,42,b,601,13167,10256,12781,16169,52974,0.00051525954319784,0.00318247557929123,0.0171629660384244,0.0432013624153387,0.136608950978838,0.00838790755791101,0,0,0
USA,2018,43,m,332,8406,5926,6553,6372,27589,0.000557020327021726,0.00409249038746201,0.0211524442659018,0.0504646861020218,0.151687609416923,0.00889379065026594,0,0,0
USA,2018,43,f,239,4945,4397,6471,10117,26169,0.000419023348290824,0.00237359339086712,0.0138527909319673,0.0389833436514655,0.132504100092551,0.00814353745440444,0,0,0
USA,2018,43,b,571,13351,10323,13024,16489,53758,0.000489539432888463,0.0032269485425015,0.0172750875989329,0.0440227325011636,0.139312572990912,0.00851204618299883,0,0,0
USA,2018,44,m,321,8230,5932,6477,6464,27424,0.000538564834258958,0.00400680417425796,0.0211738608480137,0.0498794097181132,0.153877700450564,0.00884060005048726,0,0,0
USA,2018,44,f,263,5054,4318,6239,10335,26209,0.000461101006696597,0.00242591324518553,0.0136039006696008,0.0375857025253428,0.1353592838249,0.00815598506410202,0,0,0
USA,2018,44,b,584,13284,10250,12716,16799,53633,0.000500684814022527,0.00321075458307167,0.0171529253016625,0.0429816543676901,0.141931706815109,0.00849225367262131,0,0,0
USA,2018,45,m,326,8309,5854,6643,6264,27396,0.000546953694605671,0.00404526559950296,0.0208954452805584,0.0511577765566506,0.149116632986128,0.00883157376688846,0,0,0
USA,2018,45,f,250,5011,4423,6292,10187,26163,0.000438308941726803,0.00240527330265625,0.0139347041828727,0.0379049912308795,0.133420902208443,0.0081416703129498,0,0,0
USA,2018,45,b,576,13320,10277,12935,16451,53559,0.000493826117940026,0.00321945581500412,0.0171981086170913,0.0437219014820754,0.138991517876978,0.00848053650647781,0,0,0
USA,2018,46,m,326,8514,6111,6683,6556,28190,0.000546953694605671,0.00414507056374632,0.0218127888810202,0.0514658167587078,0.156067791484204,0.00908753338036887,0,0,0
USA,2018,46,f,263,5037,4438,6467,10301,26506,0.000461101006696597,0.00241775326790651,0.0139819618276259,0.0389592463906703,0.134913979940039,0.00824840856610661,0,0,0
USA,2018,46,b,589,13551,10549,13150,16857,54696,0.000504971499074089,0.00327528871990396,0.0176532886836329,0.0444486281012209,0.142421738304797,0.00866056918087176,0,0,0
USA,2018,47,m,319,8300,6079,6644,6577,27919,0.000535209290120273,0.00404088391814593,0.0216985671097565,0.051165477561702,0.15656770356797,0.00900017184982329,0,0,0
USA,2018,47,f,225,5155,4481,6463,10602,26926,0.000394478047554123,0.00247439311019616,0.0141174337425848,0.0389351491298751,0.138856229038374,0.00837910846793129,0,0,0
USA,2018,47,b,544,13455,10560,13107,17179,54845,0.000466391333610025,0.00325208543475078,0.0176716967010298,0.0443032827773918,0.145142257954447,0.00868416185324176,0,0,0
USA,2018,48,m,307,8195,6180,6908,6675,28265,0.000515076025288162,0.00398976430231397,0.0220590795753076,0.0531985428952796,0.158900626625543,0.00911171092572282,0,0,0
USA,2018,48,f,237,4977,4597,6428,10553,26792,0.00041551687675701,0.00238895334809821,0.014482892862009,0.0387242980979169,0.13821446755725,0.00833740897544437,0,0,0
USA,2018,48,b,544,13172,10777,13336,17228,55057,0.000466391333610025,0.00318368408372629,0.018034836680587,0.0450773311298769,0.145556250075046,0.00871772995084204,0,0,0
USA,2018,49,m,327,8547,6270,6917,6834,28895,0.000548631466675013,0.00416113672872208,0.0223803283069869,0.0532678519407424,0.16268567525977,0.00931480230669594,0,0,0
USA,2018,49,f,234,5128,4518,6557,10632,27069,0.000410257169456288,0.00246143314628243,0.0142340025996426,0.0395014347585627,0.139249144230899,0.00842360867260016,0,0,0
USA,2018,49,b,561,13675,10788,13474,17466,55964,0.000480966062785338,0.00330525962989349,0.0180532446979839,0.045543788215654,0.147567068946526,0.00886134440614134,0,0,0
USA,2018,50,m,312,8610,6164,6884,6751,28721,0.000523464885634875,0.00419180849822126,0.0220019686896758,0.0530137187740452,0.160709832262029,0.00925871040147479,0,0,0
USA,2018,50,f,248,5148,4553,6608,11105,27662,0.000434802470192989,0.00247103311955186,0.0143442704373999,0.0398086748337018,0.145444107099712,0.0086081444863669,0,0,0
USA,2018,50,b,560,13758,10717,13492,17856,56383,0.000480108725775025,0.00332532080351552,0.0179344293129675,0.0456046304442336,0.150862108273741,0.0089276889009268,0,0,0
USA,2018,51,m,319,8538,6241,7086,6857,29041,0.000535209290120273,0.00415675504736506,0.0222768148267791,0.0545693217944341,0.16323319801818,0.00936186792831828,0,0,0
USA,2018,51,f,231,5098,4616,6635,10904,27484,0.000404997462155566,0.00244703318637828,0.014542752545363,0.0399713313440695,0.142811575309793,0.00855275262321264,0,0,0
USA,2018,51,b,550,13636,10857,13721,17761,56525,0.0004715353556719,0.00329583329530001,0.0181687131707463,0.0463786787967188,0.150059470488907,0.00895017319271567,0,0,0
USA,2018,52,m,326,8491,6177,7120,6488,28602,0.000546953694605671,0.0041338729336117,0.0220483712842516,0.0548311559661827,0.154449028546296,0.00922034869617987,0,0,0
USA,2018,52,f,238,5171,4693,6687,10634,27423,0.000417270112523917,0.00248207308881171,0.0147853417884291,0.0402845957344073,0.139275338577067,0.00853377001842382,0,0,0
USA,2018,52,b,564,13662,10870,13807,17122,56025,0.000483538073816276,0.00330211751836233,0.0181904681003972,0.0466693694443769,0.144660675283546,0.00887100315120557,0,0,0
USA,2019,1,m,325,8945,6473,7151,6852,29746,0.000546114778963013,0.00435351474407408,0.0223450740452868,0.0531133131414129,0.158011453423957,0.00954174584687727,0,0,0
USA,2019,1,f,256,5459,4720,6772,11346,28553,0.000449673029250251,0.00261844718459433,0.0143692459624687,0.0394709829372087,0.147117897244992,0.0088363921324397,0,0,0
USA,2019,1,b,581,14404,11193,13923,18198,58299,0.000498962768515152,0.00347965981413169,0.0181068793135418,0.0454694267943834,0.151038589218937,0.00918274526361908,0,0,0
USA,2019,2,m,330,8732,6444,7205,6992,29703,0.000554516544793213,0.0042498480430693,0.0222449647996027,0.0535143925582268,0.161239941964435,0.00952795256134591,0,0,0
USA,2019,2,f,223,5407,4891,6966,11168,28655,0.00039170736532346,0.00259350502419886,0.014889826695431,0.0406017228500584,0.144809860429409,0.00886795841260321,0,0,0
USA,2019,2,b,553,14139,11335,14171,18160,58358,0.000474916370032494,0.00341564219050319,0.0183365922468504,0.0462793397330465,0.150723199264529,0.00919203842423167,0,0,0
USA,2019,3,m,313,8613,6549,7219,7260,29954,0.000525950540970532,0.00419193096598212,0.0226074293098383,0.0536183761107341,0.167420191456207,0.00960846685595917,0,0,0
USA,2019,3,f,242,5161,4732,6881,11248,28264,0.000425081535463127,0.00247550941925103,0.0144057779437292,0.0401062955686552,0.145847180346525,0.00874695433864307,0,0,0
USA,2019,3,b,555,13774,11281,14100,18508,58218,0.000476633969924113,0.00332746697305262,0.0182492366243246,0.0460474694965744,0.153611507268056,0.00916998685667636,0,0,0
USA,2019,4,m,314,8621,6374,7277,6900,29486,0.000527630894136572,0.00419582455099638,0.0220033217927789,0.0540491651139787,0.159118363780692,0.00945834458552488,0,0,0
USA,2019,4,f,237,5283,4815,6881,11204,28420,0.000416298859110584,0.00253402756479426,0.0146584574807811,0.0401062955686552,0.145276654392111,0.00879523217889316,0,0,0
USA,2019,4,b,551,13904,11189,14158,18104,57906,0.000473198770140876,0.00335887184502131,0.018100408526688,0.0462368846193263,0.150258414068559,0.0091208433632674,0,0,0
USA,2019,5,m,341,8655,6452,7282,7060,29790,0.000573000429619653,0.004212372287307,0.0222725811432397,0.054086302097017,0.16280806496981,0.00955585990649075,0,0,0
USA,2019,5,f,244,5310,4713,6891,11201,28359,0.000428594606004145,0.00254697830192268,0.0143479356400667,0.0401645811311732,0.145237754895219,0.00877635430546203,0,0,0
USA,2019,5,b,585,13965,11165,14173,18261,58149,0.000502397968298389,0.00337360797725278,0.0180615838055655,0.0462858712890035,0.151561472564403,0.00915911858409553,0,0,0
USA,2019,6,m,318,8791,6603,7362,7113,30187,0.000534352306800732,0.00427856323254949,0.022793839629388,0.0546804938256302,0.164030278488705,0.0096832072170942,0,0,0
USA,2019,6,f,278,5294,4837,6841,11084,28334,0.000488316805201444,0.00253930379103176,0.0147254327797587,0.0398731533185831,0.143720674516437,0.00876861747208862,0,0,0
USA,2019,6,b,596,14085,11440,14203,18197,58521,0.00051184476770229,0.00340259708983927,0.0185064504017617,0.0463838446283579,0.151030289483295,0.00921771274931391,0,0,0
USA,2019,7,m,317,8744,6469,7247,7007,29784,0.000532671953634692,0.00425568842059069,0.0223312658734683,0.0538263432157487,0.161585851450915,0.009553935261998,0,0,0
USA,2019,7,f,248,5195,4820,6888,11063,28214,0.00043562074708618,0.00249181775489422,0.0146736791396396,0.0401470954624178,0.143448378038194,0.00873148067189625,0,0,0
USA,2019,7,b,565,13939,11289,14135,18070,57998,0.000485221969382205,0.00336732700285904,0.0182621781980321,0.0461617717258213,0.14997622305672,0.00913533439337517,0,0,0
USA,2019,8,m,324,8735,6396,7254,7110,29819,0.000544434425796973,0.00425130813744964,0.0220792667377807,0.0538783349920024,0.163961096591409,0.00956516235487236,0,0,0
USA,2019,8,f,261,5189,4835,6832,11069,28186,0.000458455705602795,0.00248893981331013,0.0147193441162153,0.0398206963123168,0.143526177031978,0.00872281541851803,0,0,0
USA,2019,8,b,585,13924,11231,14086,18179,58005,0.000502397968298389,0.00336370336378573,0.0181683517886526,0.0460017486048757,0.150880894241733,0.00913643697175294,0,0,0
USA,2019,9,m,359,8786,6610,7286,6878,29919,0.000603246786608374,0.00427612974191558,0.0228180039300704,0.0541160116834477,0.158611029867189,0.00959723976308481,0,0,0
USA,2019,9,f,277,5348,4792,6685,10949,28051,0.000486560269930935,0.0025652052652886,0.0145884378500318,0.0389638985433018,0.141970197156304,0.00868103651830161,0,0,0
USA,2019,9,b,636,14134,11402,13971,17827,57970,0.000546196765534659,0.00341443431081209,0.0184449779266509,0.0456261841373505,0.147959387295636,0.00913092407986411,0,0,0
USA,2019,10,m,316,8802,6696,7194,7129,30137,0.000530991600468652,0.00428391691194411,0.0231148796241681,0.0534326911955425,0.164399248607617,0.00966716851298797,0,0,0
USA,2019,10,f,277,5371,4815,6824,11118,28405,0.000486560269930935,0.0025762373746943,0.0146584574807811,0.0397740678623024,0.144161535481211,0.00879059007886911,0,0,0
USA,2019,10,b,593,14173,11511,14018,18247,58542,0.000509268367864863,0.0034238557724027,0.0186213068684159,0.045779675702339,0.151445276265411,0.00922102048444721,0,0,0
USA,2019,11,m,302,8675,6532,7170,6990,29669,0.000507466656144092,0.00422210624984266,0.0225487445796096,0.0532544336769585,0.161193820699571,0.00951704624255367,0,0,0
USA,2019,11,f,261,5284,4782,6777,11143,28247,0.000458455705602795,0.00253450722172494,0.0145579945323147,0.0395001257184677,0.14448569795531,0.00874169329194915,0,0,0
USA,2019,11,b,563,13959,11314,13947,18133,57916,0.000483504369490586,0.00337215852162346,0.0183026206158681,0.0455478054658669,0.150499106402186,0.00912241847523564,0,0,0
USA,2019,12,m,326,8616,6269,7064,6955,29230,0.000547795132129053,0.00419339106036247,0.0216408572825433,0.052467129636546,0.160386698564452,0.00937622642050099,0,0,0
USA,2019,12,f,264,5114,4738,6668,11079,27863,0.000463725311414321,0.00245296554350896,0.0144240439343595,0.0388648130870212,0.143655842021617,0.00862285553133357,0,0,0
USA,2019,12,b,590,13730,11007,13732,18034,57093,0.000506691968027435,0.0033168376317709,0.0178059877248418,0.0448456632004936,0.149677432573597,0.00899278676024981,0,0,0
USA,2019,13,m,320,8468,6327,7069,6839,29023,0.000537713013132812,0.00412135973759858,0.0218410757739116,0.0525042666195843,0.157711665202341,0.00930982618550121,0,0,0
USA,2019,13,f,256,5119,4557,6729,10988,27649,0.000449673029250251,0.00245536382816237,0.01387301988368,0.0392203550183811,0.142475890615898,0.00855662823765717,0,0,0
USA,2019,13,b,576,13587,10884,13798,17827,56672,0.000494668768786106,0.00328229227260534,0.0176070110290886,0.0450612045470733,0.147959387295636,0.00892647454638708,0,0,0
USA,2019,14,m,294,8606,6167,7222,6755,29044,0.000494023830815771,0.00418852407909464,0.0212887489011716,0.0536406583005571,0.155774572078055,0.00931656244122582,0,0,0
USA,2019,14,f,256,5179,4719,6682,10717,27553,0.000449673029250251,0.00248414324400331,0.014366201630697,0.0389464128745464,0.138961969396667,0.00852691879750328,0,0,0
USA,2019,14,b,550,13785,10886,13904,17472,56597,0.000472339970195067,0.00333012430837304,0.0176102464225155,0.0454073770127923,0.145012981142613,0.00891466120662531,0,0,0
USA,2019,15,m,329,8382,6191,6980,6571,28453,0.000552836191627173,0.00407950369869524,0.0213715979320826,0.0518432283215021,0.15153141571057,0.0091269849586902,0,0,0
USA,2019,15,f,263,5158,4579,6553,10480,27033,0.000461968776143812,0.00247407044845898,0.0139399951826577,0.0381945291180639,0.13588890914221,0.00836599266333634,0,0,0
USA,2019,15,b,592,13540,10770,13533,17051,55486,0.000508409567919054,0.00327093820350896,0.0174225936037564,0.044195773382776,0.141518792437196,0.00873966626695429,0,0,0
USA,2019,16,m,306,8295,6054,6708,6411,27774,0.000514188068808252,0.00403716096166512,0.020898668047299,0.0498229764442173,0.147841714521452,0.00890917935692763,0,0,0
USA,2019,16,f,281,5169,4419,6408,10416,26693,0.00049358641101297,0.00247934667469648,0.0134529020991841,0.0373493884615524,0.135059053208518,0.00826077172945795,0,0,0
USA,2019,16,b,587,13464,10473,13116,16827,54467,0.000504115568190008,0.00325257843220418,0.0169421376798645,0.0428339439657497,0.139659651653316,0.00857916235739104,0,0,0
USA,2019,17,m,323,8354,5986,6786,6307,27756,0.000542754072630933,0.00406587615114532,0.0206639291263845,0.0504023133796151,0.145443408748526,0.00890340542344938,0,0,0
USA,2019,17,f,255,4946,4522,6263,9914,25900,0.000447916493979742,0.00237238317915435,0.0137664682716702,0.036504247805041,0.128549870728614,0.00801535937485337,0,0,0
USA,2019,17,b,578,13300,10508,13049,16221,53656,0.000496386368677725,0.00321295997833598,0.0169987570648349,0.0426151368411915,0.134630011854071,0.0084514207767671,0,0,0
USA,2019,18,m,346,8469,6067,6657,6455,27994,0.000581402195449854,0.00412184643572536,0.0209435446057091,0.0494441792172263,0.148856382348459,0.00897974965499503,0,0,0
USA,2019,18,f,250,4931,4550,6300,9962,25993,0.000439133817627198,0.00236518832519411,0.0138517095612781,0.0367199043863577,0.129172262678884,0.00804414039500246,0,0,0
USA,2019,18,b,596,13400,10617,12957,16417,53987,0.00051184476770229,0.00323711757215806,0.0171750860066,0.0423146852671713,0.136256760039965,0.00850355698291571,0,0,0
USA,2019,19,m,305,8470,6009,6836,6266,27886,0.000512507715642212,0.00412233313385215,0.0207433261143408,0.0507736832099984,0.144497922818814,0.00894510605412558,0,0,0
USA,2019,19,f,258,4953,4379,6267,9733,25590,0.000453186099791268,0.00237574077766912,0.0133311288283158,0.0365275620300482,0.126202934416139,0.00791942264102308,0,0,0
USA,2019,19,b,563,13423,10388,13103,15999,53476,0.000483504369490586,0.00324267381873713,0.016804633459222,0.0427914888520294,0.132787470541476,0.00842306876133885,0,0,0
USA,2019,20,m,354,8235,5913,6775,6397,27674,0.000594845020778174,0.00400795907405814,0.0204119299906969,0.0503206120169308,0.147518865667404,0.00887710194871517,0,0,0
USA,2019,20,f,233,4995,4466,6187,10018,25899,0.000409272718028548,0.00239588636875777,0.0135959856924545,0.036061277529904,0.129898386620865,0.00801504990151843,0,0,0
USA,2019,20,b,587,13230,10379,12962,16415,53573,0.000504115568190008,0.00319604966266053,0.0167900741888011,0.0423310141570637,0.136240160568681,0.00843834734743074,0,0,0
USA,2019,21,m,338,8224,6108,6740,6238,27648,0.000567959370121533,0.00400260539466352,0.0210850783668487,0.0500606531356625,0.143852225110719,0.00886876182257993,0,0,0
USA,2019,21,f,270,5025,4408,6308,10031,26042,0.000474264523037374,0.00241027607667824,0.0134194144496953,0.0367665328363722,0.130066951107396,0.00805930458841434,0,0,0
USA,2019,21,b,608,13249,10516,13048,16269,53690,0.000522150367052001,0.00320063960548672,0.0170116986385424,0.042611871063213,0.135028399164902,0.0084567761574591,0,0,0
USA,2019,22,m,336,8631,5842,6504,6261,27574,0.000564598663789453,0.00420069153226421,0.0201668349409185,0.0483077875362536,0.144382619656654,0.00884502454050271,0,0,0
USA,2019,22,f,272,4886,4339,5992,9663,25152,0.000477777593578391,0.00234360376331341,0.0132093555574474,0.0349247090608025,0.125295279488662,0.00778387332032092,0,0,0
USA,2019,22,b,608,13517,10181,12496,15924,52726,0.000522150367052001,0.00326538195692988,0.0164697702395398,0.0408091616190918,0.132164990368302,0.00830493536372115,0,0,0
USA,2019,23,m,360,8619,5980,6523,6088,27570,0.000604927139774414,0.00419485115474281,0.0206432168686567,0.0484489080717992,0.140393130245921,0.00884374144417422,0,0,0
USA,2019,23,f,264,4998,4340,6098,9868,25568,0.000463725311414321,0.00239732533954982,0.0132123998892191,0.0355425360234936,0.127953411776272,0.00791261422765448,0,0,0
USA,2019,23,b,624,13617,10320,12621,15956,53138,0.000535891166184948,0.00328953955075196,0.0166946300827081,0.0412173838664018,0.132430581908856,0.00836982997681247,0,0,0
USA,2019,24,m,386,8298,5956,6592,6261,27493,0.000648616322091455,0.00403862105604547,0.0205603678377457,0.0489613984377281,0.144382619656654,0.00881904183985062,0,0,0
USA,2019,24,f,250,4821,4403,5983,9695,25152,0.000439133817627198,0.00231242606281907,0.0134041927908368,0.0348722520545362,0.125710207455509,0.00778387332032092,0,0,0
USA,2019,24,b,636,13119,10359,12575,15956,52645,0.000546196765534659,0.00316923473351803,0.0167577202545323,0.0410671580793917,0.132430581908856,0.00829217695677844,0,0,0
USA,2019,25,m,334,8368,5936,6392,5965,26995,0.000561237957457373,0.00407268992492028,0.0204913269786532,0.0474759191161951,0.137556672456787,0.00865929634695259,0,0,0
USA,2019,25,f,245,4893,4344,6106,9705,25293,0.000430351141274654,0.00234696136182819,0.0132245772163059,0.035589164473508,0.125839872445148,0.00782750906054696,0,0,0
USA,2019,25,b,579,13261,10280,12498,15670,52288,0.000497245168623534,0.00320353851674537,0.0166299222141704,0.0408156931750487,0.130056857515152,0.00823594545951241,0,0,0
USA,2019,26,m,323,8343,5916,6460,6081,27123,0.000542754072630933,0.0040605224717507,0.0204222861195607,0.0479809820855163,0.140231705818897,0.00870035542946454,0,0,0
USA,2019,26,f,273,4911,4255,6015,9629,25083,0.0004795341288489,0.00235559518658047,0.0129536316886238,0.0350587658545939,0.124854418523888,0.00776251966021031,0,0,0
USA,2019,26,b,596,13254,10171,12475,15710,52206,0.00051184476770229,0.00320184748517783,0.0164535932724054,0.0407405802815437,0.130388846940845,0.00822302954137288,0,0,0
USA,2019,27,m,345,8778,5920,6345,6025,27413,0.000579721842283813,0.00427223615690131,0.0204360942913792,0.0471268314756348,0.138940310402706,0.00879337991328066,0,0,0
USA,2019,27,f,237,4936,4202,6033,9520,24928,0.000416298859110584,0.00236758660984752,0.0127922821047232,0.0351636798671264,0.123441070136817,0.00771455129329516,0,0,0
USA,2019,27,b,582,13714,10122,12378,15545,52341,0.000499821568460961,0.00331297241675937,0.0163743261334468,0.0404237998176311,0.129019390559862,0.00824429355294407,0,0,0
USA,2019,28,m,333,8431,5811,6438,5994,27007,0.000559557604291333,0.00410335190690761,0.0200598216093251,0.0478175793601477,0.138225430797315,0.00866314563593809,0,0,0
USA,2019,28,f,251,4973,4271,5907,9518,24920,0.000440890352897707,0.00238533391628277,0.0130023409969711,0.0344292817793992,0.123415137138889,0.00771207550661567,0,0,0
USA,2019,28,b,584,13404,10082,12345,15512,51927,0.00050153916835258,0.00323808387591094,0.0163096182649092,0.0403160291443412,0.128745499283666,0.00817908391745909,0,0,0
USA,2019,29,m,344,8481,5926,6269,5935,26955,0.000578041489117773,0.00412768681324676,0.020456806549107,0.0465623493334523,0.136864853483827,0.00864646538366761,0,0,0
USA,2019,29,f,258,4818,4240,5970,9406,24692,0.000453186099791268,0.00231098709202702,0.0129079667120481,0.0347964808232628,0.121962889254927,0.00764151558625017,0,0,0
USA,2019,29,b,602,13299,10166,12239,15341,51647,0.000516997567377146,0.00321271840239776,0.0164455047888382,0.0399698566786223,0.127326244488829,0.00813498078234849,0,0,0
USA,2019,30,m,337,8512,5826,6357,5976,27008,0.000566279016955493,0.00414277445517703,0.0201116022536445,0.0472159602349268,0.137810339413539,0.00866346641002021,0,0,0
USA,2019,30,f,267,4843,4198,5940,9403,24651,0.000468994917225847,0.00232297851529407,0.0127801047776363,0.0346216241357087,0.121923989758035,0.00762882717951778,0,0,0
USA,2019,30,b,604,13355,10024,12297,15379,51659,0.000518715167268764,0.00322624665493812,0.0162157918555296,0.0401592718013742,0.127641634443237,0.00813687091671037,0,0,0
USA,2019,31,m,314,8237,5875,6419,5995,26840,0.000527630894136572,0.0040089324703117,0.0202807523584211,0.0476764588246021,0.138248491429747,0.00860957636422328,0,0,0
USA,2019,31,f,236,4839,4195,5874,9422,24566,0.000414542323840075,0.00232105988757135,0.0127709717823212,0.0342369394230897,0.12217035323835,0.00760252194604818,0,0,0
USA,2019,31,b,550,13076,10070,12293,15417,51406,0.000472339970195067,0.00315884696817453,0.0162902059043479,0.0401462086894603,0.127957024397645,0.008097020583914,0,0,0
USA,2019,32,m,314,8314,5810,6340,6012,26790,0.000527630894136572,0.00404640822607399,0.0200563695663705,0.0470896944925965,0.13864052218109,0.00859353766011706,0,0,0
USA,2019,32,f,258,4989,4231,5953,9522,24953,0.000453186099791268,0.00239300842717368,0.0128805677261028,0.0346973953669822,0.123467003134745,0.00772228812666857,0,0,0
USA,2019,32,b,572,13303,10041,12293,15534,51743,0.000491233569002869,0.00321368470615064,0.0162432926996581,0.0401462086894603,0.128928093467797,0.00815010185724355,0,0,0
USA,2019,33,m,317,8123,5971,6209,5953,26573,0.000532671953634692,0.00395344888385844,0.0206121484820651,0.0461167055369924,0.137279944867603,0.00852392968429603,0,0,0
USA,2019,33,f,280,4797,4176,5901,9291,24445,0.000491829875742462,0.00230091429648269,0.0127131294786587,0.0343943104418884,0.120471741874072,0.00756507567252087,0,0,0
USA,2019,33,b,597,12920,10147,12110,15244,51018,0.0005127035676481,0.0031211611218121,0.0164147685512828,0.0395485713193983,0.126521170131524,0.00803590623954644,0,0,0
USA,2019,34,m,321,8262,5767,6348,5920,26618,0.000539393366298852,0.00402109992348128,0.0199079317193216,0.0471491136654578,0.136518943997348,0.00853836451799163,0,0,0
USA,2019,34,f,238,4813,4212,5864,9273,24400,0.000418055394381092,0.00230858880737361,0.0128227254224403,0.0341786538605717,0.120238344892721,0.00755114937244873,0,0,0
USA,2019,34,b,559,13075,9979,12212,15193,51018,0.00048006916970735,0.00315860539223631,0.0161429955034248,0.0398816806732033,0.126097883613766,0.00803590623954644,0,0,0
USA,2019,35,m,309,8251,5814,6358,5868,26600,0.000519229128306372,0.00401574624408666,0.020070177738189,0.0472233876315345,0.135319791110885,0.00853259058451339,0,0,0
USA,2019,35,f,252,4825,4321,5922,9235,24555,0.000442646888168215,0.00231434469054179,0.0131545575855566,0.0345167101231763,0.119745617932091,0.00759911773936388,0,0,0
USA,2019,35,b,561,13076,10135,12280,15103,51155,0.000481786769598968,0.00315884696817453,0.0163953561907215,0.04010375357574,0.125350907405957,0.00805748527351127,0,0,0
USA,2019,36,m,336,8585,5759,6394,5855,26929,0.000564598663789453,0.00417830341843219,0.0198803153756846,0.0474907739094104,0.135020002889269,0.00863812525753237,0,0,0
USA,2019,36,f,245,4867,4186,5949,9655,24902,0.000430351141274654,0.00233449028163045,0.0127435727963758,0.0346740811419749,0.125191547496951,0.00770650498658682,0,0,0
USA,2019,36,b,581,13452,9945,12343,15510,51831,0.000498962768515152,0.00324967952094554,0.0160879938151678,0.0403094975883843,0.128728899812381,0.00816396284256403,0,0,0
USA,2019,37,m,296,8149,5899,6454,6030,26828,0.000497384537147852,0.0039661030351548,0.0203636013893321,0.0479364177058703,0.139055613564866,0.00860572707523779,0,0,0
USA,2019,37,f,258,4781,4219,6019,9525,24802,0.000453186099791268,0.00229323978559178,0.0128440357448422,0.0350820800796011,0.123505902631637,0.00767555765309318,0,0,0
USA,2019,37,b,554,12930,10118,12473,15555,51630,0.000475775169978304,0.0031235768811943,0.016367855346593,0.0407340487255867,0.129102387916286,0.00813230309200248,0,0,0
USA,2019,38,m,349,8233,5716,6477,6177,26952,0.000586443254947974,0.00400698567780457,0.0197318775286358,0.0481072478278466,0.142445526532368,0.00864550306142123,0,0,0
USA,2019,38,f,247,4777,4224,5892,9662,24802,0.000433864211815671,0.00229132115786905,0.0128592574037008,0.0343418534356222,0.125282312989698,0.00767555765309318,0,0,0
USA,2019,38,b,596,13010,9940,12369,15839,51754,0.00051184476770229,0.00314290295625196,0.0160799053316006,0.0403944078158248,0.131459512838704,0.00815183448040861,0,0,0
USA,2019,39,m,294,8302,6006,6567,6119,27288,0.000494023830815771,0.0040405678485526,0.020732969985477,0.0487757135225365,0.141108009851313,0.00875328315301509,0,0,0
USA,2019,39,f,250,4938,4400,6104,9773,25465,0.000439133817627198,0.00236854592370889,0.0133950597955217,0.0355775073610044,0.126721594374697,0.00788073847415602,0,0,0
USA,2019,39,b,544,13240,10406,12671,15892,52753,0.000467187170520211,0.00319846542204274,0.016833752000064,0.0413806727653259,0.131899398827747,0.00830918816603539,0,0,0
USA,2019,40,m,322,8424,5874,6476,5998,27094,0.000541073719464892,0.00409994502002013,0.0202773003154665,0.048099820431239,0.138317673327043,0.00869105298108292,0,0,0
USA,2019,40,f,238,4872,4299,6113,9947,25469,0.000418055394381092,0.00233688856628386,0.013087582286579,0.0356299643672706,0.128977765194424,0.00788197636749577,0,0,0
USA,2019,40,b,560,13296,10173,12589,15945,52563,0.000480927969653159,0.0032119936745831,0.0164568286658323,0.0411128789710905,0.13233928481679,0.0082792610386389,0,0,0
USA,2019,41,m,316,8285,5942,6636,6351,27530,0.000530991600468652,0.00403229398039729,0.020512039236381,0.0492882038884654,0.146458076575533,0.00883091048088923,0,0,0
USA,2019,41,f,226,4843,4436,6163,9894,25562,0.000396976971134987,0.00232297851529407,0.0135046557393032,0.0359213921798608,0.128290540749335,0.00791075738764486,0,0,0
USA,2019,41,b,542,13128,10378,12799,16245,53092,0.000465469570628593,0.00317140891696201,0.0167884564920876,0.0417986923465714,0.134829205509486,0.00836258446175859,0,0,0
USA,2019,42,m,294,8395,6189,6767,6479,28124,0.000494023830815771,0.00408583077434342,0.0213646938461733,0.0502611928440695,0.149409837526827,0.00902145028567122,0,0,0
USA,2019,42,f,267,5036,4499,6192,10222,26216,0.000468994917225847,0.00241555230291575,0.0136964486409209,0.036090420311163,0.132543552409511,0.00811315294869328,0,0,0
USA,2019,42,b,561,13431,10688,12959,16701,54340,0.000481786769598968,0.0032446064262429,0.0172899424732542,0.0423212168231282,0.138613884962384,0.00855915843539444,0,0,0
USA,2019,43,m,287,8138,6103,6753,6476,27757,0.000482261358653491,0.00396074935576018,0.0210678181520756,0.0501572092915622,0.149340655629531,0.00890372619753151,0,0,0
USA,2019,43,f,242,5054,4501,6432,10061,26290,0.000425081535463127,0.00242418612766803,0.0137025373044643,0.0374892738115957,0.130455946076315,0.00813605397547857,0,0,0
USA,2019,43,b,529,13192,10604,13185,16537,54047,0.000454305171333073,0.00318686977700814,0.0171540559493252,0.0430592826462648,0.137252728317044,0.00851300765472513,0,0,0
USA,2019,44,m,297,8390,5966,6859,6391,27903,0.000499064890313892,0.0040833972837095,0.020594888267292,0.0509445133319747,0.147380501872812,0.0089505592135217,0,0,0
USA,2019,44,f,202,5033,4468,6358,10120,26181,0.000354820124642776,0.0024141133321237,0.0136020743559979,0.0370579606489623,0.131220969515188,0.0081023213819705,0,0,0
USA,2019,44,b,499,13423,10434,13217,16511,54084,0.000428541172958797,0.00324267381873713,0.0168790475080403,0.0431637875415762,0.137036935190343,0.0085188355690076,0,0,0
USA,2019,45,m,297,8664,6371,6904,6711,28947,0.000499064890313892,0.00421675257044805,0.021992965663915,0.0512787461793196,0.154759904251047,0.00928544735525974,0,0,0
USA,2019,45,f,252,5176,4635,6309,10379,26751,0.000442646888168215,0.00248270427321126,0.0141104777618734,0.036772361392624,0.134579292746851,0.00827872118288426,0,0,0
USA,2019,45,b,549,13840,11006,13213,17090,55698,0.000471481170249258,0.00334341098497519,0.0178043700281284,0.0431507244296623,0.141842482127247,0.00877305864068089,0,0,0
USA,2019,46,m,306,8522,6304,6886,6725,28743,0.000514188068808252,0.00414764143644486,0.0217616787859552,0.0511450530403816,0.155082753105095,0.00922000944250633,0,0,0
USA,2019,46,f,274,5176,4566,6610,10517,27143,0.000481290664119409,0.00248270427321126,0.0139004188696254,0.0385267568244166,0.136368669603877,0.00840003473017934,0,0,0
USA,2019,46,b,580,13698,10870,13496,17242,55886,0.000498103968569343,0.00330910720174784,0.0175843632751005,0.0440749395975722,0.143104041944879,0.00880267074568373,0,0,0
USA,2019,47,m,331,8448,6410,6998,6754,28941,0.000556196897959253,0.00411162577506292,0.0221275953391454,0.0519769214604401,0.155751511445623,0.00928352271076699,0,0,0
USA,2019,47,f,239,5135,4720,6633,10529,27256,0.000419811929651601,0.00246303833905329,0.0143692459624687,0.0386608136182081,0.136524267591444,0.00843500521702716,0,0,0
USA,2019,47,b,570,13583,11130,13631,17283,56197,0.000489515969111251,0.00328132596885245,0.018004964420595,0.0445158196246671,0.143444331106214,0.00885165672789587,0,0,0
USA,2019,48,m,322,8452,6241,6986,6614,28615,0.000541073719464892,0.00411357256757005,0.0215442000798138,0.0518877927011481,0.152523022905145,0.00917895035999438,0,0,0
USA,2019,48,f,239,5076,4490,6511,10531,26847,0.000419811929651601,0.00243473858014304,0.0136690496549755,0.0379497297554881,0.136550200589372,0.00830843062303816,0,0,0
USA,2019,48,b,561,13528,10731,13497,17145,55462,0.000481786769598968,0.00326803929225031,0.0173595034319322,0.0440782053755507,0.142298967587574,0.00873588599823052,0,0,0
USA,2019,49,m,341,8865,6407,7223,6741,29577,0.000573000429619653,0.00431457889393144,0.0221172392102815,0.0536480856971648,0.155451723224007,0.00948753502699821,0,0,0
USA,2019,49,f,209,5258,4664,6788,10805,27724,0.000367115871536337,0.0025220361415272,0.014198763383253,0.0395642398372375,0.140103021305495,0.0085798387377774,0,0,0
USA,2019,49,b,550,14123,11071,14011,17546,57301,0.000472339970195067,0.00341177697549166,0.017909520314502,0.0457568152564897,0.145627161580144,0.00902554908918912,0,0,0
USA,2019,50,m,309,8680,6284,7083,6881,29237,0.000519229128306372,0.00422453974047658,0.0216926379268627,0.0526082501720916,0.158680211764485,0.00937847183907586,0,0,0
USA,2019,50,f,270,5287,4707,6921,11236,28421,0.000474264523037374,0.00253594619251699,0.0143296696494365,0.0403394378187273,0.145691582358958,0.00879554165222809,0,0,0
USA,2019,50,b,579,13967,10991,14004,18117,57658,0.000497245168623534,0.00337409112912922,0.0177801045774268,0.0457339548106403,0.150366310631909,0.00908178058645515,0,0,0
USA,2019,51,m,346,8567,6273,7178,6830,29194,0.000581402195449854,0.0041695428521501,0.0216546654543618,0.0533138528498198,0.157504119510454,0.00936467855354451,0,0,0
USA,2019,51,f,246,5241,4892,6863,10986,28228,0.000432107676545163,0.0025138819737056,0.0148928710272027,0.0400013815561227,0.14244995761797,0.00873581329858536,0,0,0
USA,2019,51,b,592,13808,11165,14041,17816,57422,0.000508409567919054,0.00333568055495212,0.0180615838055655,0.0458547885958441,0.147868090203571,0.00904460794400478,0,0,0
USA,2019,52,m,339,8888,6458,7326,7086,30097,0.000569639723287573,0.00432577295084745,0.0222932934009674,0.0544131075477543,0.163407641413042,0.00965433754970299,0,0,0
USA,2019,52,f,263,5307,4797,6818,11180,28365,0.000461968776143812,0.00254553933113063,0.0146036595088903,0.0397390965247916,0.144965458416976,0.00877821114547165,0,0,0
USA,2019,52,b,602,14195,11255,14144,18266,58462,0.000516997567377146,0.00342917044304355,0.0182071765097751,0.0461911637276276,0.151602971242615,0.00920841958870132,0,0,0
USA,2020,1,m,306,9236,6716,7439,7143,30840,0.000514582958106105,0.00450091175924546,0.02245728778076,0.0536271167174016,0.160450821384488,0.00985625645922736,0,0,0
USA,2020,1,f,272,5559,5045,7079,11235,29190,0.000478357936685169,0.0026696690887568,0.0148571687847992,0.0401305702326874,0.144639306485314,0.00899666865732168,0,0,0
USA,2020,1,b,578,14795,11761,14518,18378,60030,0.00049687596878489,0.00357859057329271,0.0184161771541629,0.0460718754779319,0.150399820779256,0.00941867002320459,0,0,0
USA,2020,2,m,323,9121,6821,7499,7263,31027,0.000543170900223111,0.00444486965743588,0.0228083918928773,0.0540596516015318,0.16314634127335,0.00991602040079271,0,0,0
USA,2020,2,f,261,5442,5233,7202,11419,29557,0.000459012578951578,0.00261348069455199,0.0154108155105757,0.0408278523542612,0.147008121117562,0.00910978196315372,0,0,0
USA,2020,2,b,584,14563,12054,14701,18682,60584,0.000502033850813799,0.00352247479005486,0.0188749765680027,0.0466526134041244,0.15288766197617,0.00950559228195614,0,0,0
USA,2020,3,m,316,8868,6674,7369,7005,30232,0.00053139939464552,0.00432157703345482,0.0223168461359131,0.0531224926859165,0.157350973512297,0.00966194375082236,0,0,0
USA,2020,3,f,275,5473,5039,6867,11326,28980,0.000483633943339785,0.00262836821780284,0.0148394992084447,0.0389287506410319,0.145810839808871,0.00893194442237692,0,0,0
USA,2020,3,b,591,14341,11713,14236,18331,59212,0.000508051379847526,0.00346877779057727,0.0183410154754451,0.0451769678539633,0.150015187436312,0.00929032632706964,0,0,0
USA,2020,4,m,329,8893,6787,7485,7003,30497,0.00055326076214676,0.0043337600990656,0.022694701037525,0.0539587267952347,0.157306048180816,0.00974663596747914,0,0,0
USA,2020,4,f,259,5343,4972,6897,11050,28521,0.000455495241181834,0.00256593666868638,0.014642188939152,0.0390988194511718,0.142257617860501,0.00879047573742623,0,0,0
USA,2020,4,b,588,14236,11759,14382,18053,59018,0.000505472438833071,0.00344338056109463,0.0184130454175497,0.045640288822401,0.147740122131239,0.0092598878465682,0,0,0
USA,2020,5,m,301,8795,6697,7341,6979,30113,0.000506174739836397,0.00428600248187135,0.0223937546557102,0.0529206430733224,0.156766944203044,0.00962391215164441,0,0,0
USA,2020,5,f,269,5347,4944,6783,11240,28583,0.000473081930030553,0.00256785763942843,0.014559730916164,0.0384525579726401,0.144703676448147,0.00880958479726707,0,0,0
USA,2020,5,b,570,14142,11641,14124,18219,58696,0.000489998792746345,0.00342064399374826,0.0182282729573685,0.0448215435494084,0.149098614363765,0.00920936624491116,0,0,0
USA,2020,6,m,348,9018,6669,7323,7183,30541,0.000585211991571649,0.00439467542711948,0.0223001268924789,0.0527908826080834,0.161349328014109,0.00976069807137687,0,0,0
USA,2020,6,f,276,5480,4931,7102,11021,28810,0.000485392612224657,0.00263172991660142,0.0145214468340625,0.0402609563204614,0.14188427207607,0.00887954861313593,0,0,0
USA,2020,6,b,624,14498,11600,14425,18204,59351,0.000536419731006525,0.00350675269561323,0.018164072356797,0.0457767463678997,0.148975859041548,0.00931213534144954,0,0,0
USA,2020,7,m,303,8866,6602,7442,6930,30143,0.00050953802714428,0.00432060238820596,0.0220760890304612,0.0536487434616081,0.155666273581759,0.00963349994975649,0,0,0
USA,2020,7,f,285,5342,4999,6904,11023,28553,0.000501220632188504,0.00256545642600087,0.0147217020327476,0.0391385021735378,0.141910020061203,0.00880033847798924,0,0,0
USA,2020,7,b,588,14208,11601,14346,17953,58696,0.000505472438833071,0.00343660796656592,0.0181656382251036,0.0455260452959369,0.146921753316464,0.00920936624491116,0,0,0
USA,2020,8,m,317,8883,6617,7274,7112,30203,0.000533081038299462,0.00432888687282128,0.0221262467607637,0.0524376457860437,0.159754478746532,0.00965267554598067,0,0,0
USA,2020,8,f,221,5398,4939,7049,10960,28567,0.0003886658235567,0.0025923500163895,0.0145450062692019,0.0399605014225475,0.14109895852951,0.00880465342698556,0,0,0
USA,2020,8,b,538,14281,11556,14323,18072,58770,0.000462490088592164,0.00345426508801576,0.0180951741513057,0.0454530563762515,0.147895612206046,0.00922097679932924,0,0,0
USA,2020,9,m,338,9093,6699,7443,6963,30536,0.000568395555032233,0.00443122462395181,0.0224004423530838,0.0536559523763436,0.156407541551196,0.00975910010502486,0,0,0
USA,2020,9,f,278,5355,4985,6979,11065,28662,0.000488909949994401,0.00257169958091252,0.0146804730212536,0.0395636741988876,0.142450727748999,0.008833933438032,0,0,0
USA,2020,9,b,616,14448,11684,14422,18028,59198,0.000529542554967979,0.00349465877681197,0.0182956052945531,0.0457672260740277,0.147535529927545,0.00928812973569325,0,0,0
USA,2020,10,m,309,9202,6821,7540,7133,31005,0.000519627889067929,0.0044843427900148,0.0228083918928773,0.0543552171056874,0.160226194727083,0.00990898934884385,0,0,0
USA,2020,10,f,231,5409,4946,6999,10976,28561,0.000406252512405419,0.00259763268593012,0.0145656207749489,0.0396770534056476,0.141304942410575,0.00880280416313,0,0,0
USA,2020,10,b,540,14611,11767,14539,18109,59566,0.0004642093826018,0.00353408495210407,0.0184255723640026,0.046138517535036,0.148198408667513,0.00934586870901557,0,0,0
USA,2020,11,m,326,8901,6762,7341,7001,30331,0.000548215831184935,0.00433765868006104,0.0226111048203542,0.0529206430733224,0.157261122849335,0.00969358348459225,0,0,0
USA,2020,11,f,219,5365,4952,6818,10860,28214,0.000385148485786956,0.00257650200776763,0.0145832903513034,0.03865097158447,0.139811559272854,0.00869585507014984,0,0,0
USA,2020,11,b,545,14266,11714,14159,17861,58545,0.000468507617625891,0.00345063691237538,0.0183425813437518,0.0449326136445818,0.146168854006872,0.00918567443792292,0,0,0
USA,2020,12,m,334,9015,6742,7550,6877,30518,0.000561668980416467,0.00439321345924619,0.0225442278466176,0.0544273062530424,0.154475752297512,0.0097533474261576,0,0,0
USA,2020,12,f,241,5438,5037,7062,10795,28573,0.000423839201254139,0.00261155972380995,0.0148336093496598,0.0400341979069415,0.138974749756027,0.00880650269084113,0,0,0
USA,2020,12,b,575,14453,11779,14612,17672,59091,0.000494297027770435,0.00349586816869209,0.0184443627836821,0.0463701780192548,0.144622136946948,0.00927134150160224,0,0,0
USA,2020,13,m,280,9650,7140,8168,7461,32699,0.000470860223103625,0.00470266332575992,0.0238750796239765,0.0588824155595828,0.167593949089972,0.0104503803489065,0,0,0
USA,2020,13,f,246,5636,5058,7373,11858,30171,0.000432632545678499,0.00270664777554117,0.0148954528669008,0.0417972445720588,0.152659803854282,0.00929902329770649,0,0,0
USA,2020,13,b,526,15286,12198,15541,19319,62870,0.000452174324534346,0.00369735285592108,0.019100461604156,0.0493182956882863,0.158100671326284,0.00986426427384429,0,0,0
USA,2020,14,m,279,11288,8489,9388,8724,38168,0.000469178579449684,0.00550089778457803,0.0283859315025121,0.0676772915368956,0.19596429592024,0.0121982359447403,0,0,0
USA,2020,14,f,218,6309,5884,8348,13215,33974,0.000383389816902084,0.00302985110289021,0.0173279645450463,0.0473244809016068,0.170129811767105,0.0104711483714918,0,0,0
USA,2020,14,b,497,17597,14373,17736,21939,72142,0.00042724456139462,0.00425633378291529,0.0225062251710555,0.0562839773713046,0.179541934273376,0.0113190353625525,0,0,0
USA,2020,15,m,317,12080,9318,10237,9626,41578,0.000533081038299462,0.00588685730312745,0.0311579820638954,0.0737976601473371,0.216225620418183,0.0132880489968144,0,0,0
USA,2020,15,f,230,6639,6490,9201,14807,37367,0.000404493843520547,0.00318833118910891,0.0191125917568577,0.0521601040699191,0.190625207933071,0.0115169070818136,0,0,0
USA,2020,15,b,547,18719,15808,19438,24433,78945,0.000470226911635527,0.00452772132081556,0.0247532461910558,0.0616851574280232,0.199952052513851,0.0123864218720954,0,0,0
USA,2020,16,m,289,11307,8983,9940,9466,39985,0.000485995015989099,0.00551015691444222,0.0300377927538069,0.0716566124708929,0.212631593899701,0.0127789369170624,0,0,0
USA,2020,16,f,209,6338,6021,8961,15180,36709,0.000367561796938237,0.00304377814077004,0.017731419871809,0.0507995535887996,0.195427207160398,0.0113141044789867,0,0,0
USA,2020,16,b,498,17645,15004,18901,24646,76694,0.000428104208399438,0.0042679439449645,0.023494288072533,0.059981024824934,0.201695178089321,0.0120332413586482,0,0,0
USA,2020,17,m,325,11178,8370,9457,8830,38160,0.000546534187530994,0.00544729229589061,0.0279880135087792,0.0681747066536453,0.198345338488735,0.012195679198577,0,0,0
USA,2020,17,f,219,6248,5729,8676,14741,35613,0.000385148485786956,0.00300055629907403,0.01687150048922,0.0491838998924702,0.189775524423678,0.0109763056147036,0,0,0
USA,2020,17,b,544,17426,14099,18133,23571,73773,0.000467647970621073,0.00421497258061499,0.0220771772550415,0.0575438295937002,0.192897713330495,0.0115749382579023,0,0,0
USA,2020,18,m,282,10820,7985,8660,8120,35867,0.000474223510411508,0.00527283079634429,0.0267006317643491,0.0624292016094499,0.18239684581297,0.0114628518295431,0,0,0
USA,2020,18,f,220,5842,5661,7952,13638,33313,0.000386907154671828,0.00280557776875648,0.0166712452905349,0.0450795726077596,0.175575510622761,0.0102674211367371,0,0,0
USA,2020,18,b,502,16662,13646,16612,21758,69180,0.000431542796418711,0.00403017750133174,0.0213678389121424,0.0527170406005927,0.178060686718634,0.0108542993870614,0,0,0
USA,2020,19,m,336,10899,7707,8330,7625,34897,0.00056503226772435,0.00531132928367434,0.0257710418294099,0.0600502597467342,0.171277826271416,0.0111528463572522,0,0,0
USA,2020,19,f,215,5940,5346,7681,12629,31811,0.000378113810247468,0.00285264155193657,0.0157435925319201,0.0435432843561622,0.162585652123101,0.00980448875156081,0,0,0
USA,2020,19,b,551,16839,13053,16011,20254,66708,0.0004736654996548,0.0040729899738882,0.0204392790063165,0.0508098083949007,0.165752419744425,0.010466444109744,0,0,0
USA,2020,20,m,332,10405,7227,7900,7388,33252,0.000558305693108584,0.00507059190720539,0.0241659944597308,0.0569504264104682,0.165954174490914,0.0106271154274393,0,0,0
USA,2020,20,f,237,5795,5321,7390,12403,31146,0.000416804525714651,0.00278300636253745,0.0156699692971094,0.0418936168978048,0.159676129803058,0.00959952867423574,0,0,0
USA,2020,20,b,569,16200,12548,15290,19791,64398,0.000489139145741526,0.0039184296916081,0.0196485155114732,0.0485217644343284,0.16196337213202,0.0101040065326392,0,0,0
USA,2020,21,m,325,10346,6891,7392,6951,31905,0.000546534187530994,0.00504183987236395,0.0230424613009555,0.053288297724833,0.15613798956231,0.0101966232922065,0,0,0
USA,2020,21,f,239,5748,5082,7039,11506,29614,0.000420321863484395,0.00276043495631842,0.0149661311723191,0.0399038118191675,0.148128158470852,0.00912734996978158,0,0,0
USA,2020,21,b,564,16094,11973,14431,18457,61519,0.000484840910717436,0.00389279058374943,0.0187481412351664,0.0457957869556437,0.151046332142928,0.00965229320602238,0,0,0
USA,2020,22,m,343,10202,6791,7340,6622,31298,0.000576803773301941,0.00497166541444588,0.0227080764322723,0.0529134341585869,0.148747772533681,0.0100026301770719,0,0,0
USA,2020,22,f,220,5396,4970,6763,10946,28295,0.000386907154671828,0.00259138953101848,0.0146362990803671,0.0383391787658801,0.140918722633578,0.00872082013219997,0,0,0
USA,2020,22,b,563,15598,11761,14103,17568,59593,0.000483981263712618,0.00377281890924094,0.0184161771541629,0.0447549014923043,0.143771033379583,0.00935010499238433,0,0,0
USA,2020,23,m,347,10335,6784,7109,6458,31033,0.000583530347917707,0.00503647932349521,0.0226846694914645,0.0512481748546859,0.145063895352237,0.00991793796041513,0,0,0
USA,2020,23,f,269,5702,4750,6626,10424,27771,0.000473081930030553,0.00273834379278491,0.013988414614033,0.0375625311995744,0.134198498513833,0.00855931775548066,0,0,0
USA,2020,23,b,616,16037,11534,13735,16882,58804,0.000529542554967979,0.003879003516316,0.0180607250485601,0.0435870787773381,0.13815702331023,0.00922631137838619,0,0,0
USA,2020,24,m,329,10073,6586,7067,6395,30450,0.00055326076214676,0.00490880079589427,0.0220225874514719,0.0509454004357948,0.143648747410584,0.0097316150837702,0,0,0
USA,2020,24,f,254,5640,4891,6450,10234,27469,0.000446701896757474,0.00270856874628321,0.0144036496583653,0.0365647941800867,0.131752439926187,0.00846623814141724,0,0,0
USA,2020,24,b,583,15713,11477,13517,16629,57919,0.000501174203808981,0.00380063492248383,0.0179714705550827,0.0428952707559723,0.13608655020885,0.00908745542352135,0,0,0
USA,2020,25,m,335,10089,6739,7105,6296,30564,0.000563350624070409,0.00491659795788517,0.0225341963005571,0.0512193391957439,0.141424943502273,0.00976804871659614,0,0,0
USA,2020,25,f,260,5571,4777,6597,10133,27338,0.000457253910066706,0.00267543200098294,0.0140679277076285,0.0373981313497724,0.130452166676964,0.00842586254723742,0,0,0
USA,2020,25,b,595,15660,11516,13702,16429,57902,0.000511489967866798,0.0037878153685545,0.0180325394190409,0.0434823555447461,0.134449812579301,0.00908478813399288,0,0,0
USA,2020,26,m,297,10147,6593,7150,6540,30727,0.000499448165220631,0.00494486267010217,0.0220459943922797,0.0515437403588415,0.146905833942959,0.00982014241967182,0,0,0
USA,2020,26,f,230,5664,4895,6631,10245,27665,0.000404493843520547,0.00272009457073548,0.014415429375935,0.0375908760012644,0.131894053844419,0.00852664742736569,0,0,0
USA,2020,26,b,527,15811,11488,13781,16785,58392,0.000453033971539164,0.0038243390033343,0.0179886951064555,0.0437330566167089,0.137363205559898,0.00916166883216663,0,0,0
USA,2020,27,m,327,10547,6736,7238,6615,31463,0.000549897474838877,0.0051397917198746,0.0225241647544966,0.0521781248555657,0.148590533873497,0.0100553630666884,0,0,0
USA,2020,27,f,282,5884,5062,6660,10347,28235,0.000495944625533889,0.00282574796154795,0.0149072325844705,0.0377552758510663,0.133207201086208,0.00870232749364432,0,0,0
USA,2020,27,b,609,16431,11798,13898,16962,59698,0.000523525025934252,0.00397430359646992,0.0184741142815079,0.0441043480777172,0.138811718362049,0.00936657942770728,0,0,0
USA,2020,28,m,359,11035,7347,7432,6602,32775,0.000603710071765005,0.00537760516059697,0.0245672563021506,0.0535766543142531,0.14829851921887,0.0104746694374571,0,0,0
USA,2020,28,f,258,6057,5173,6912,10620,29020,0.000453736572296962,0.00290882994614139,0.01523411974703,0.0391838538562418,0.136721801056879,0.00894427284808069,0,0,0
USA,2020,28,b,617,17092,12520,14344,17222,61795,0.000530402201972798,0.00413418520302257,0.0196046711988878,0.0455196984333555,0.140939477280463,0.00969559743601412,0,0,0
USA,2020,29,m,308,10961,7320,7769,7045,33403,0.000517946245413988,0.00534154328638907,0.0244769723876062,0.0560060585801174,0.158249480141918,0.0106753740112702,0,0,0
USA,2020,29,f,232,6091,5290,7123,10856,29592,0.000408011181290291,0.00292515819744877,0.0155786764859441,0.0403800044875594,0.139760063302588,0.00912056933564451,0,0,0
USA,2020,29,b,540,17052,12610,14892,17901,62995,0.0004642093826018,0.00412451006798157,0.0197455993464837,0.0472587387806421,0.146496201532782,0.0098838766968478,0,0,0
USA,2020,30,m,347,10881,7652,8102,7034,34016,0.000583530347917707,0.00530255747643458,0.0255871301516342,0.0584066271870397,0.158002390818772,0.0108712846860272,0,0,0
USA,2020,30,f,236,6260,5358,7296,10951,30101,0.000415045856829779,0.00300631921130016,0.0157789316846292,0.041360734626033,0.140983092596411,0.00927744855272491,0,0,0
USA,2020,30,b,583,17141,13010,15398,17985,64117,0.000501174203808981,0.00414603724344781,0.0203719466691318,0.0488644950137206,0.147183631337192,0.0100599178057273,0,0,0
USA,2020,31,m,278,11020,7636,8129,6963,34026,0.000467496935795742,0.0053702953212305,0.0255336285726449,0.0586012678848982,0.156407541551196,0.0108744806187312,0,0,0
USA,2020,31,f,245,6095,5430,7322,11000,30092,0.000430873876793627,0.00292707916819081,0.015990966600884,0.0415081275948209,0.141613918232172,0.00927467465694156,0,0,0
USA,2020,31,b,523,17115,13066,15451,17963,64118,0.000449595383519892,0.00413974840567115,0.0204596352943026,0.0490326868721261,0.147003590197942,0.0100600747051113,0,0,0
USA,2020,32,m,317,10812,7558,8093,6889,33669,0.000533081038299462,0.00526893221534884,0.0252728083750721,0.0583417469544201,0.154745304286398,0.0107603858211973,0,0,0
USA,2020,32,f,247,6219,5262,7312,10866,29906,0.000434391214563371,0.0029866292611942,0.0154962184629561,0.041451437991441,0.139888803228253,0.00921734747741906,0,0,0
USA,2020,32,b,564,17031,12820,15405,17755,63575,0.000484840910717436,0.00411943062208504,0.020074431690874,0.0488867090327553,0.145301383063211,0.00997487833958408,0,0,0
USA,2020,33,m,296,10683,7593,7971,6852,33395,0.00049776652156669,0.00520606759679723,0.0253898430791112,0.0574622593566889,0.153914185653999,0.0106728172651069,0,0,0
USA,2020,33,f,233,6123,5317,7371,11071,30115,0.000409769850175163,0.00294052596338513,0.0156581895795397,0.0417859066513828,0.142527971704398,0.00928176350172122,0,0,0
USA,2020,33,b,529,16806,12910,15342,17923,63510,0.000454753265548801,0.00406500798747937,0.0202153598384698,0.0486867828614432,0.146676242672032,0.00996467987962225,0,0,0
USA,2020,34,m,285,10413,7401,7751,6901,32751,0.000479268441373333,0.00507449048820084,0.0247478241312395,0.0558762981148783,0.155014856275284,0.0104669991989674,0,0,0
USA,2020,34,f,226,5916,5328,7282,10934,29686,0.00039745916798106,0.00284111572748431,0.0156905838028564,0.041281369181301,0.140764234722779,0.00914954113604836,0,0,0
USA,2020,34,b,511,16329,12729,15033,17835,62437,0.000439279619462074,0.00394963200211535,0.0199319376749715,0.0477061925926264,0.145956078115031,0.00979632684056014,0,0,0
USA,2020,35,m,272,10203,6964,7531,6856,31826,0.000457407073872093,0.00497215273707031,0.0232865622550942,0.0542903368730678,0.154004036316961,0.0101713754238447,0,0,0
USA,2020,35,f,256,5869,5182,7072,10773,29152,0.000450219234527218,0.00281854432126528,0.0152606241115619,0.0400908875103215,0.138691521919563,0.00898495665290311,0,0,0
USA,2020,35,b,528,16072,12146,14603,17629,60978,0.000453893618543982,0.00388746925947688,0.0190190364522118,0.0463416171376388,0.144270238356595,0.0095674106392632,0,0,0
USA,2020,36,m,291,10224,6953,7421,6589,31478,0.000489358303296982,0.00498238651218336,0.023249779919539,0.0534973562521626,0.148006504564244,0.0100601569657444,0,0,0
USA,2020,36,f,245,5777,5133,6923,10565,28643,0.000430873876793627,0.00277436199419825,0.0151163225713329,0.0392462124199598,0.136013731465718,0.00882807743582271,0,0,0
USA,2020,36,b,536,16001,12086,14344,17154,60121,0.000460770794582528,0.00387029589477909,0.0189250843538146,0.0455196984333555,0.140382986486416,0.00943294786715115,0,0,0
USA,2020,37,m,339,10161,6896,7393,6551,31340,0.000570077198686175,0.0049516851868442,0.0230591805443896,0.0532955066395685,0.147152923266104,0.0100160530944288,0,0,0
USA,2020,37,f,234,5668,4956,6790,10558,28206,0.000411528519060035,0.00272201554147753,0.0145950700688732,0.038492240695006,0.135923613517752,0.00869338938500909,0,0,0
USA,2020,37,b,573,15829,11852,14183,17109,59546,0.000492577733760799,0.00382869281410276,0.0185586711700654,0.0450087759955578,0.140014720519768,0.00934273072133501,0,0,0
USA,2020,38,m,318,9797,6989,7450,6726,31280,0.000534762681953403,0.00477429975155129,0.023370158472265,0.0537064147794922,0.151083889770694,0.00999687749820466,0,0,0
USA,2020,38,f,236,5625,5111,6857,10526,28355,0.000415045856829779,0.00270136510600054,0.0150515341246995,0.0388720610376519,0.135511645755622,0.00873931277075561,0,0,0
USA,2020,38,b,554,15422,12100,14307,17252,59635,0.000476244440669254,0.0037302483150605,0.0189470065101072,0.0454022814756008,0.141184987924895,0.00935669476651351,0,0,0
USA,2020,39,m,324,9749,6985,7444,7040,31542,0.000544852543877052,0.0047509082655786,0.0233567830775176,0.0536631612910791,0.158137166813215,0.0100806109350502,0,0,0
USA,2020,39,f,193,5736,5115,7066,10854,28964,0.000339423094780286,0.00275467204409229,0.0150633138422692,0.0400568737482935,0.139734315317455,0.00892701305209542,0,0,0
USA,2020,39,b,517,15485,12100,14510,17894,60506,0.000444437501490983,0.00374548665275009,0.0189470065101072,0.0460464880276066,0.146438915715747,0.00949335413000195,0,0,0
USA,2020,40,m,306,9668,6928,7396,6738,31036,0.000514582958106105,0.00471143513299968,0.0231661837023682,0.053317133383775,0.15135344175958,0.00991889674022634,0,0,0
USA,2020,40,f,232,5668,5171,6975,10626,28672,0.000408011181290291,0.00272201554147753,0.0152282298882452,0.0395409983575357,0.136799045012279,0.00883701554445794,0,0,0
USA,2020,40,b,538,15336,12099,14371,17364,59708,0.000462490088592164,0.00370944677472234,0.0189454406418006,0.0456053810782036,0.142101560997443,0.00936814842154756,0,0,0
USA,2020,41,m,328,10203,7038,7698,7070,32337,0.000551579118492818,0.00497215273707031,0.0235340070579197,0.0554942256338967,0.158811046785431,0.0103346875850206,0,0,0
USA,2020,41,f,221,5761,5236,7182,10934,29334,0.0003886658235567,0.00276667811123007,0.015419650298753,0.0407144731475012,0.140764234722779,0.00904105098985523,0,0,0
USA,2020,41,b,549,15964,12274,14880,18004,61671,0.000471946205645164,0.00386134639486616,0.0192194675954592,0.0472206576051541,0.147339121411999,0.00967614191239465,0,0,0
USA,2020,42,m,280,9678,6980,7598,6966,31502,0.000470860223103625,0.00471630835924399,0.0233400638340835,0.0547733341603465,0.156474929548417,0.0100678272042341,0,0,0
USA,2020,42,f,250,5559,5205,7144,10846,29004,0.000439667221217986,0.0026696690887568,0.0153283574875877,0.0404990526546573,0.139631323376922,0.00893934147779918,0,0,0
USA,2020,42,b,530,15237,12185,14742,17812,60506,0.000455612912553619,0.00368550081549584,0.01908010531617,0.0467827240870418,0.145767853287632,0.00949335413000195,0,0,0
USA,2020,43,m,294,9861,7159,7931,7301,32546,0.000494403234258807,0.00480548839951488,0.0239386127490263,0.0571739027672688,0.163999922571489,0.0104014825785348,0,0,0
USA,2020,43,f,200,5624,5085,7305,11329,29543,0.000351733776974389,0.00270088486331503,0.0149749659604964,0.041411755269075,0.145849461786571,0.0091054670141574,0,0,0
USA,2020,43,b,494,15485,12244,15236,18630,62089,0.000424665620380165,0.00374548665275009,0.0191724915462606,0.0483503991446322,0.152462110192488,0.00974172585491838,0,0,0
USA,2020,44,m,307,9825,7424,8095,7360,33011,0.000516264601760046,0.00478794478503536,0.0248247326510366,0.0583561647838911,0.16532521985018,0.0105500934492722,0,0,0
USA,2020,44,f,244,5816,5462,7346,11443,30311,0.000429115207908755,0.00279309145893319,0.0160852043414417,0.0416441826429329,0.147317096939159,0.00934217278766967,0,0,0
USA,2020,44,b,551,15641,12886,15441,18803,63322,0.0004736654996548,0.00378321967941002,0.0201777789991109,0.0490009525592194,0.153877888242048,0.00993518279542498,0,0,0
USA,2020,45,m,318,10457,7764,8719,8132,35390,0.000534762681953403,0.0050959326836758,0.0259616412045593,0.0628545275788446,0.182666397801856,0.0113104058395608,0,0,0
USA,2020,45,f,238,6078,5664,7964,12136,32080,0.000418563194599523,0.00291891504253712,0.0166800800787122,0.0451476001318156,0.156238773787786,0.00988739741441862,0,0,0
USA,2020,45,b,556,16535,13428,16683,20268,67470,0.000477963734678891,0.00399945894757654,0.0210264796212992,0.0529423542222302,0.165866991378494,0.0105860014403734,0,0,0
USA,2020,46,m,310,10590,8163,8971,8236,36270,0.000521309532721871,0.00516074659272514,0.0272958368306051,0.0646711740921912,0.18500251503887,0.0115916479175154,0,0,0
USA,2020,46,f,234,6039,5598,8143,12441,32455,0.000411528519060035,0.00290018557780218,0.0164857147388119,0.0461623440323173,0.160165341520587,0.0100029764053914,0,0,0
USA,2020,46,b,544,16629,13761,17114,20677,68725,0.000467647970621073,0.00402219551492291,0.0215479137674038,0.0543101031085085,0.169214119830922,0.0107829101673286,0,0,0
USA,2020,47,m,295,10557,8360,9536,8793,37541,0.000496084877912748,0.00514466494611891,0.0279545750219109,0.06874421091775,0.197514219856336,0.0119978509641976,0,0,0
USA,2020,47,f,256,6229,6080,8405,13027,33997,0.000450219234527218,0.00299143168804931,0.0179051707059622,0.0476476116408727,0.167709501164592,0.0104782372162715,0,0,0
USA,2020,47,b,551,16786,14440,17941,21820,71538,0.0004736654996548,0.00406017041995886,0.0226111383475991,0.0569345307858918,0.178568075383794,0.0112242681345995,0,0,0
USA,2020,48,m,266,10830,8695,9696,9219,38706,0.000447317211948444,0.0052777040225886,0.0290747643319994,0.0698976372754303,0.207083315461794,0.0123701771242171,0,0,0
USA,2020,48,f,228,6184,6084,8526,13454,34476,0.000400976505750804,0.00296982076720131,0.0179169504235319,0.0483335558417705,0.173206695990513,0.0106258701140741,0,0,0
USA,2020,48,b,494,17014,14779,18222,22673,73182,0.000424665620380165,0.00411531868969261,0.0231419677035434,0.0578262649785698,0.18554876137382,0.0114822107219417,0,0,0
USA,2020,49,m,299,11213,9129,10406,9683,40730,0.000502811452528514,0.0054643485877457,0.0305259946620843,0.075015966737637,0.217505992365393,0.0130170339035127,0,0,0
USA,2020,49,f,193,6526,6556,9086,14180,36541,0.000339423094780286,0.00313406376564614,0.019306957096758,0.0515081736310493,0.182553214593837,0.0112623250910309,0,0,0
USA,2020,49,b,492,17739,15685,19492,23863,77271,0.000422946326370529,0.00429068051231087,0.0245606443893415,0.0618565227177193,0.195287350269637,0.0121237723032324,0,0,0
USA,2020,50,m,284,11860,9513,11078,10432,43167,0.000477586797719391,0.00577964632575261,0.0318100325578275,0.0798603574398945,0.234330529005037,0.0137958827034847,0,0,0
USA,2020,50,f,246,6838,6688,9632,15288,38692,0.000432632545678499,0.00328389948352564,0.0196956877765584,0.0546034259755962,0.196817598357587,0.0119252861832508,0,0,0
USA,2020,50,b,530,18698,16201,20710,25720,81859,0.000455612912553619,0.00452264187491903,0.0253686324355576,0.0657217620297541,0.210484459159999,0.0128436266771532,0,0,0
USA,2020,51,m,279,12116,9804,11142,10305,43646,0.000469178579449684,0.00590440091760697,0.0327830925256955,0.0803217279829666,0.231477770455992,0.0139489678800077,0,0,0
USA,2020,51,f,221,6817,7030,9773,15310,39151,0.0003886658235567,0.0032738143871299,0.0207028536287688,0.0554027493832539,0.197100826194051,0.0120667548682015,0,0,0
USA,2020,51,b,500,18933,16834,20915,25615,82797,0.000429823502409074,0.00457948329328495,0.0263598270736484,0.0663723154443413,0.209625171904486,0.0129907982993715,0,0,0
USA,2020,52,m,291,12500,10031,11339,10405,44566,0.000489358303296982,0.0060915328053885,0.0335421461776062,0.0817418841858606,0.233724037030043,0.0142429936887784,0,0,0
USA,2020,52,f,203,7074,6967,9924,15490,39658,0.000357009783629005,0.00339723675730628,0.0205173230770459,0.0562587623942916,0.199418144856032,0.0122230176639967,0,0,0
USA,2020,52,b,494,19574,16998,21263,25895,84224,0.000424665620380165,0.0047345273323171,0.0266166294759341,0.0674766695334941,0.211916604585855,0.0132146937203795,0,0,0
USA,2020,53,m,294,12914,10612,11663,10584,46067,0.000494403234258807,0.00629328437190297,0.0354849222646553,0.0840775725601633,0.237744854197595,0.0147227031876533,0,0,0
USA,2020,53,f,246,7262,7262,10256,15760,40786,0.000432632545678499,0.00348752238218239,0.0213860772478121,0.0581408572265069,0.202894122849003,0.0125706792688428,0,0,0
USA,2020,53,b,540,20176,17874,21919,26344,86853,0.0004642093826018,0.00488013811468426,0.0279883301125336,0.0695584404601729,0.215591080564192,0.0136271822009893,0,0,0
USA,2021,1,m,285,13027,10607,11764,10454,46137,0.000482203929923168,0.00635163038311572,0.0344667932486149,0.0823623441061522,0.232405882427874,0.0147047147537833,0,0,0
USA,2021,1,f,225,7444,7318,10284,15475,40746,0.000398150792115252,0.00357782281465581,0.0208848207355633,0.0566527604087571,0.19929384616479,0.0125168896925932,0,0,0
USA,2021,1,b,510,20471,17925,22048,25929,86883,0.000441119700767794,0.00495478178007131,0.0272357011058874,0.0679740315020353,0.21143952150589,0.0135906591654776,0,0,0
USA,2021,2,m,293,13107,10635,11831,10407,46273,0.000495739478833292,0.00639063632697457,0.0345577775241839,0.0828314258007384,0.231361011902323,0.0147480604677767,0,0,0
USA,2021,2,f,229,7403,7528,10284,15513,40957,0.000405229028419523,0.00355811691253318,0.0214841391770047,0.0566527604087571,0.199783226853272,0.0125817074348289,0,0,0
USA,2021,2,b,522,20510,18163,22115,25920,87230,0.000451498987844683,0.00496422130375959,0.027597324361854,0.0681805926463857,0.211366130488359,0.0136449385841259,0,0,0
USA,2021,3,m,291,12502,10361,11251,9922,44327,0.000492355591605761,0.00609565387654201,0.0336674313989722,0.0787707185938727,0.220578837330148,0.0141278342954885,0,0,0
USA,2021,3,f,242,7203,7183,9886,14691,39205,0.000428233296408404,0.00346199056071545,0.0204995445946367,0.0544602478997445,0.189197149855052,0.0120435051391085,0,0,0
USA,2021,3,b,533,19705,17544,21137,24613,83532,0.000461013334331831,0.00476937985327073,0.0266568000112518,0.0651654165393015,0.200708123831404,0.0130664795346693,0,0,0
USA,2021,4,m,307,12172,9803,10499,9358,42139,0.000519426689426009,0.00593475435812425,0.031854244764417,0.0735058016635916,0.208040391023536,0.0134304782497708,0,0,0
USA,2021,4,f,257,6848,6714,9260,13831,36910,0.000454776682549421,0.00329136628623898,0.0191610667420842,0.0510117231996393,0.17812169216835,0.0113384969948858,0,0,0
USA,2021,4,b,564,19020,16517,19759,23189,79049,0.000487826492613795,0.00460358309105351,0.0250963500789926,0.0609170395704243,0.18909603394655,0.0123652269876942,0,0,0
USA,2021,5,m,266,11846,9662,10189,8910,40873,0.000450057001261623,0.00577580513689943,0.0313960739481585,0.0713354236737151,0.198080774099135,0.0130269806474497,0,0,0
USA,2021,5,f,266,6900,6558,8708,13043,35475,0.000470702714234031,0.00331635913771159,0.0187158587570134,0.0479708515790992,0.167973482101929,0.0108976749090645,0,0,0
USA,2021,5,b,532,18746,16220,18897,21953,76348,0.000460148393742091,0.00453726438616662,0.024645080721757,0.0582594917132602,0.179017000872336,0.011942723501328,0,0,0
USA,2021,6,m,309,11488,8921,9380,8090,38188,0.00052281057665354,0.00560125353813107,0.0289882400839911,0.0656714372420697,0.179851118121437,0.0121712215145648,0,0,0
USA,2021,6,f,223,6624,6063,8371,11913,33194,0.000394611673963116,0.00318370477220313,0.0173031795736158,0.0461143774194579,0.153420845839169,0.0101969674681181,0,0,0
USA,2021,6,b,532,18112,14984,17751,20003,71382,0.000460148393742091,0.00438381161646483,0.0227670708714431,0.054726371244223,0.163115613740689,0.0111659177577906,0,0,0
USA,2021,7,m,290,11064,8653,8990,7870,36867,0.000490663647991995,0.00539452203567915,0.0281173905892584,0.0629409617064186,0.174960234810347,0.0117501943955552,0,0,0
USA,2021,7,f,253,6329,6100,8077,11745,32504,0.00044769844624515,0.00304191840327198,0.0174087737752031,0.0444947827519964,0.151257268058511,0.00998500423521448,0,0,0
USA,2021,7,b,543,17393,14753,17067,19615,69371,0.000469662740229239,0.00420978552590398,0.0224160835935932,0.0526175977705568,0.159951645429366,0.0108513474093706,0,0,0
USA,2021,8,m,320,10662,8239,8470,7475,35166,0.00054142195640496,0.00519851716778843,0.0267721230862014,0.0593003276588838,0.166178876138163,0.0112080542521522,0,0,0
USA,2021,8,f,259,6241,5940,7739,11273,31452,0.000458315800701557,0.00299962280847218,0.0169521502007715,0.0426327997669556,0.145178644769995,0.00966183710330931,0,0,0
USA,2021,8,b,579,16903,14179,16209,18748,66618,0.000500800601459907,0.00409118638212815,0.0215439333880267,0.0499723819220106,0.152881644073911,0.010420709831449,0,0,0
USA,2021,9,m,285,10626,7711,8076,7018,33716,0.000482203929923168,0.00518096449305194,0.0250564196040416,0.056541847245944,0.156019177623763,0.0107459124485458,0,0,0
USA,2021,9,f,240,6029,5605,7446,10534,29854,0.000424694178256269,0.00289772887554539,0.0159960945918055,0.0410187139248935,0.135661478222934,0.00917094254362826,0,0,0
USA,2021,9,b,525,16655,13316,15522,17552,63570,0.000454093809613905,0.00403116069303345,0.0202326692287865,0.047854359441881,0.143128793299834,0.00994392692643451,0,0,0
USA,2021,10,m,291,10251,7473,7830,6807,32652,0.000492355591605761,0.00499812413121358,0.0242830532617044,0.0548195472926871,0.151328375902672,0.0104067959802443,0,0,0
USA,2021,10,f,237,5876,5394,7129,10463,29099,0.000419385501028066,0.00282419221640483,0.0153939222530238,0.0392724162732428,0.134747109041822,0.00893901175979898,0,0,0
USA,2021,10,b,528,16127,12867,14959,17270,61751,0.000456688631383128,0.00390336406463827,0.0195504472038747,0.0461186292289072,0.140829208083872,0.00965939014683432,0,0,0
USA,2021,11,m,300,10206,7217,7547,6656,31926,0.00050758308412965,0.00497618328779297,0.02345119702793,0.0528382022245096,0.147971451448243,0.0101754063599559,0,0,0
USA,2021,11,f,228,5881,5206,6924,10076,28315,0.000403459469343455,0.00282659537520027,0.0148573895530668,0.0381431070663394,0.129763153082806,0.00869817237632593,0,0,0
USA,2021,11,b,528,16087,12423,14471,16732,60241,0.000456688631383128,0.00389368250188106,0.0188758223061891,0.0446141241775196,0.136442056147038,0.00942318864205351,0,0,0
USA,2021,12,m,329,10342,7105,7457,6620,31853,0.00055664944892885,0.00504249339235302,0.0230872599256537,0.0522080924855132,0.147171125088246,0.010152139910533,0,0,0
USA,2021,12,f,259,6022,5244,7168,10165,28858,0.000458315800701557,0.00289436445323177,0.0149658376519943,0.0394872604638244,0.130909334168988,0.00886497822482831,0,0,0
USA,2021,12,b,588,16364,12349,14625,16785,60711,0.000508585066767574,0.00396072732397474,0.0187633848232415,0.04508890650931,0.136874247694719,0.009496708315727,0,0,0
USA,2021,13,m,310,10066,7125,7238,6326,31065,0.000524502520267305,0.00490792288603998,0.0231522486939173,0.0506748254539552,0.140635126481608,0.00990098974415932,0,0,0
USA,2021,13,f,238,5671,5204,6797,9591,27501,0.000421155060104133,0.00272566270579166,0.0148516817583864,0.0374434862405992,0.123517110085073,0.00844811720011794,0,0,0
USA,2021,13,b,548,15737,12329,14035,15917,58566,0.000473987443177943,0.00380896882775547,0.0187329963143367,0.0432699352381652,0.12979609178176,0.00916117703906817,0,0,0
USA,2021,14,m,297,10776,7345,7558,6433,32409,0.000502507253288354,0.00525410063778729,0.0238671251448172,0.0529152156370536,0.14301387427382,0.0103293473883296,0,0,0
USA,2021,14,f,290,5927,5342,6882,10030,28471,0.000513172132059658,0.00284870443611835,0.0152455195913336,0.0379117363995591,0.129170744880959,0.00874609449854761,0,0,0
USA,2021,14,b,587,16703,12687,14440,16463,60880,0.000507720126177833,0.0040427785683421,0.0192769506237319,0.0445185511107307,0.134248480178621,0.00952314411328194,0,0,0
USA,2021,15,m,298,10488,7130,7199,6312,31427,0.000504199196902119,0.00511367923989542,0.0231684958859832,0.0504017779003901,0.14032388845272,0.0100163658358183,0,0,0
USA,2021,15,f,258,5850,5187,6652,9643,27590,0.000456546241625489,0.00281169579066852,0.014803165503603,0.0366447065576674,0.124186788921943,0.00847545738523159,0,0,0
USA,2021,15,b,556,16338,12317,13851,15955,59017,0.000480906967895869,0.00395443430818255,0.0187147632089939,0.0427026628417403,0.130105964966889,0.00923172464082721,0,0,0
USA,2021,16,m,319,10524,7203,7403,6402,31851,0.000539730012791195,0.00513123191463191,0.0234057048901455,0.0518300266421153,0.142324704352712,0.0101515024735625,0,0,0
USA,2021,16,f,238,6085,5305,6837,9825,28290,0.000421155060104133,0.00292464425405435,0.0151399253897463,0.0376638392565803,0.126530664850989,0.00869049254904681,0,0,0
USA,2021,16,b,557,16609,12508,14240,16227,60141,0.00048177190848561,0.00402002689586265,0.0190049734690343,0.0439019506798341,0.132324004607817,0.00940754615829319,0,0,0
USA,2021,17,m,302,10332,7181,7454,6353,31622,0.000510966971357181,0.00503761764937066,0.0233342172450555,0.0521870888275466,0.141235371251605,0.0100785159404412,0,0,0
USA,2021,17,f,277,5949,5338,6746,9750,28060,0.000490167864070777,0.0028592783348183,0.0152341040019728,0.0371625361452232,0.125564781913196,0.00861983813807895,0,0,0
USA,2021,17,b,579,16281,12519,14200,16103,59682,0.000500800601459907,0.00394063808125353,0.0190216871489319,0.0437786305936548,0.131312839477394,0.00933574715783333,0,0,0
USA,2021,18,m,333,10388,7113,7186,6226,31246,0.000563417223383912,0.00506492181007186,0.0231132554329591,0.0503107620492018,0.13841199770384,0.0099586777899888,0,0,0
USA,2021,18,f,245,6075,5111,6564,9648,27643,0.000433541973636608,0.00291983793646347,0.014586269305748,0.0361599299225089,0.124251181117796,0.00849173861906331,0,0,0
USA,2021,18,b,578,16463,12224,13750,15874,58889,0.000499935660870166,0.00398468919179884,0.0185734566425868,0.0423912796241376,0.129445445809113,0.009211702261614,0,0,0
USA,2021,19,m,337,10390,6936,7090,6090,30843,0.000570184997838974,0.00506589695866833,0.022538104833826,0.0496386449942723,0.135388542566075,0.00983023424043476,0,0,0
USA,2021,19,f,262,5831,5177,6689,9529,27488,0.00046362447792976,0.00280256378724584,0.014774626530201,0.03684853309745,0.122718646856496,0.0084441236899328,0,0,0
USA,2021,19,b,599,16221,12113,13779,15619,58331,0.000518099413254722,0.00392611573711771,0.0184048004181654,0.0424806866866176,0.127366033645744,0.00912441720223142,0,0,0
USA,2021,20,m,345,10166,7009,7134,6097,30751,0.000583720546749098,0.00495668031586355,0.0227753138379883,0.0499466986444483,0.135544161580519,0.00980091213979215,0,0,0
USA,2021,20,f,245,5963,5270,6730,9674,27882,0.000433541973636608,0.00286600717944554,0.0150400389828394,0.0370743949388307,0.124586020536231,0.00856515776785165,0,0,0
USA,2021,20,b,590,16129,12279,13864,15771,58633,0.000510314947947055,0.00390384814277613,0.0186570250420749,0.0427427418697486,0.128605526386262,0.00917165750318759,0,0,0
USA,2021,21,m,296,10108,6739,6972,6037,30152,0.000500815309674588,0.00492840100656588,0.0218979654664293,0.0488125011142548,0.134210284313858,0.00960999976712995,0,0,0
USA,2021,21,f,259,5737,5055,6536,9478,27065,0.000458315800701557,0.00275738440189151,0.014426451054697,0.0360056828113221,0.122061846458797,0.00831418101237017,0,0,0
USA,2021,21,b,555,15845,11794,13508,15515,57217,0.000480042027306128,0.00383510904719994,0.0179201037011345,0.0416451931027528,0.12651795966539,0.00895015993314147,0,0,0
USA,2021,22,m,348,10151,6882,6955,5987,30323,0.000588796377590395,0.00494936670139001,0.0223626351595142,0.0486934803857777,0.133098719924974,0.00966450062810697,0,0,0
USA,2021,22,f,295,5890,4940,6539,9358,27022,0.000522019927439997,0.00283092106103207,0.0140982528605743,0.0360222092875207,0.120516433758327,0.00830097170945009,0,0,0
USA,2021,22,b,643,16041,11822,13494,15345,57345,0.000556156799203316,0.00388254870471027,0.0179626476136012,0.04160203107259,0.12513168488981,0.00897018231235468,0,0,0
USA,2021,23,m,326,10353,6756,6789,5951,30175,0.000551573618087553,0.00504785670963361,0.0219532059194534,0.0475312779782954,0.132298393564978,0.0096173302922906,0,0,0
USA,2021,23,f,239,5775,4928,6599,9284,26825,0.000422924619180201,0.00277564840873688,0.0140640060924919,0.0363527388114924,0.119563429259703,0.00824045467049066,0,0,0
USA,2021,23,b,565,16128,11684,13388,15235,57000,0.000488691433203536,0.0039036061037072,0.0177529669021584,0.0412752328442148,0.124234683564435,0.00891621574338158,0,0,0
USA,2021,24,m,324,10342,6710,6882,6070,30328,0.000548189730860022,0.00504249339235302,0.021803731752447,0.0481823913752584,0.134943916810522,0.0096660942205332,0,0,0
USA,2021,24,f,244,5707,4982,6589,9250,26772,0.00043177241456054,0.00274296544911885,0.0142181165488626,0.0362976505574971,0.119125562327903,0.00822417343665893,0,0,0
USA,2021,24,b,568,16049,11692,13471,15320,57100,0.000491286254972758,0.00388448501726171,0.0177651223057203,0.0415311220230369,0.124927820952225,0.0089318582271419,0,0,0
USA,2021,25,m,330,9999,6866,6926,6172,30293,0.000558341392542615,0.0048752554080582,0.0223106441449033,0.0484904450254344,0.137211508163845,0.0096549390735496,0,0,0
USA,2021,25,f,262,5498,4876,6505,9325,26466,0.00046362447792976,0.00264251341146932,0.0139156034308017,0.0358349092239367,0.120091445265697,0.00813017235076256,0,0,0
USA,2021,25,b,592,15497,11742,13431,15497,56759,0.000512044829126537,0.00375087945121221,0.0178410935779822,0.0414078019368576,0.126371177630328,0.00887851735751922,0,0,0
USA,2021,26,m,329,10311,7019,6921,6001,30581,0.00055664944892885,0.00502737858910772,0.0228078082221201,0.0484554389288235,0.133409957953862,0.00974672999730037,0,0,0
USA,2021,26,f,249,5658,4882,6537,9490,26816,0.000440620209940879,0.00271941449292351,0.0139327268148429,0.0360111916367216,0.122216387728844,0.00823768993267018,0,0,0
USA,2021,26,b,578,15969,11901,13458,15491,57397,0.000499935660870166,0.00386512189174729,0.018082682223775,0.0414910429950286,0.126322250285308,0.00897831640391005,0,0,0
USA,2021,27,m,318,10043,6783,6983,6022,30149,0.000538038069177429,0.00489670867718056,0.0220409407566093,0.0488895145267988,0.133876814997193,0.00960904361167421,0,0,0
USA,2021,27,f,252,5881,4912,6438,9415,26898,0.000445928887169082,0.00282659537520027,0.0140183437350488,0.0354658179221682,0.12125050479105,0.00826287976614568,0,0,0
USA,2021,27,b,570,15924,11695,13421,15437,57047,0.00049301613615224,0.00385423013364543,0.017769680582056,0.0413769719153128,0.125881904180124,0.00892356771074893,0,0,0
USA,2021,28,m,319,10022,6707,6739,6007,29794,0.000539730012791195,0.00488646961691761,0.0217939834372075,0.0471812170121863,0.133543345680528,0.00949589854941196,0,0,0
USA,2021,28,f,233,5756,5160,6684,9432,27265,0.000412307264723794,0.00276651640531419,0.0147261102754177,0.0368209889704524,0.12146943825695,0.00837561963060309,0,0,0
USA,2021,28,b,552,15778,11867,13423,15439,57059,0.000477447205536906,0.00381889242958161,0.0180310217586369,0.0413831379196217,0.12589821329513,0.00892544480880017,0,0,0
USA,2021,29,m,333,10318,6866,7134,6238,30889,0.000563417223383912,0.00503079160919536,0.0223106441449033,0.0499466986444483,0.138678773157172,0.00984489529075606,0,0,0
USA,2021,29,f,266,5714,5190,6658,9599,27427,0.000470702714234031,0.00274632987143247,0.0148117271956236,0.0366777595100646,0.123620137598437,0.00842538491137176,0,0,0
USA,2021,29,b,599,16032,12056,13792,15837,58316,0.000518099413254722,0.0038803703530899,0.0183181931677868,0.0425207657146259,0.129143727181487,0.00912207082966738,0,0,0
USA,2021,30,m,339,10921,7075,7331,6266,31932,0.000573568885066505,0.00532479891103146,0.0229897767732582,0.0513259388509182,0.139301249214947,0.0101773186708674,0,0,0
USA,2021,30,f,266,6082,5214,6895,9791,28248,0.000470702714234031,0.00292320235877709,0.0148802207317883,0.037983351129753,0.12609279791919,0.0086775904392179,0,0,0
USA,2021,30,b,605,17003,12289,14226,16057,60180,0.000523289056793167,0.00411539028902118,0.0186722192965272,0.0438587886496714,0.130937729832237,0.00941364672695971,0,0,0
USA,2021,31,m,323,11683,7526,7717,6762,34011,0.000546497787246257,0.00569633052628702,0.024455273497603,0.0540284095092805,0.150327967952677,0.0108399344016933,0,0,0
USA,2021,31,f,252,6661,5499,7088,10088,29588,0.000445928887169082,0.00320148814728941,0.0156935814737445,0.0390465544318621,0.129917694352853,0.00908922918137848,0,0,0
USA,2021,31,b,575,18344,13025,14805,16850,63599,0.000497340839100944,0.00443996468045665,0.0197905164242223,0.0456438468971169,0.13740429393244,0.00994846324672501,0,0,0
USA,2021,32,m,320,12334,8078,8090,6846,35668,0.00054142195640496,0.00601374139443842,0.0262489635016792,0.0566398643164545,0.152195396126002,0.0113680509317455,0,0,0
USA,2021,32,f,259,7168,6076,7401,10307,31211,0.000458315800701557,0.00344516844914735,0.0173402802390383,0.0407708167819147,0.132738072531211,0.00958780356833864,0,0,0
USA,2021,32,b,579,19502,14154,15491,17153,66879,0.000500800601459907,0.00472024592227789,0.0215059477518957,0.047758786375092,0.139875124855973,0.0104615367140635,0,0,0
USA,2021,33,m,333,12945,8438,8484,7227,37427,0.000563417223383912,0.0063116492906604,0.0274187613304245,0.0593983447293943,0.160665516769298,0.0119286767472928,0,0,0
USA,2021,33,f,277,7650,6232,7617,10600,32376,0.000490167864070777,0.00367683295702807,0.0177854882241091,0.041960723068213,0.136511455208192,0.00994568351954541,0,0,0
USA,2021,33,b,610,20595,14670,16101,17827,69803,0.000527613759741871,0.00498479462461866,0.0222899712816384,0.0496394176893265,0.145371296613271,0.0109189229392152,0,0,0
USA,2021,34,m,329,13606,8693,8735,7264,38627,0.00055664944892885,0.00663393590179416,0.0282473681257857,0.0611556507792621,0.161488074417072,0.0123111389295877,0,0,0
USA,2021,34,f,258,7954,6563,7849,10725,33349,0.000456546241625489,0.00382294501179102,0.0187301282437144,0.0432387705609037,0.138121260104515,0.0102445823972486,0,0,0
USA,2021,34,b,587,21560,15256,16584,17989,71976,0.000507720126177833,0.00521836232613636,0.0231803545925478,0.0511285077299417,0.146692334928823,0.0112588341113269,0,0,0
USA,2021,35,m,287,13930,8965,8748,7170,39100,0.000485587817150699,0.00679190997442251,0.029131215374171,0.0612466666304505,0.15939833336597,0.0124618927731089,0,0,0
USA,2021,35,f,267,8312,6506,8161,11001,34247,0.000472472273310099,0.00399501118154475,0.0185674560953232,0.0449575240855568,0.141675709315596,0.0105204417931144,0,0,0
USA,2021,35,b,554,22242,15471,16909,18171,73347,0.000479177086716388,0.0053834329711468,0.0235070310632739,0.0521304834301485,0.148176464394444,0.0114732925636809,0,0,0
USA,2021,36,m,344,14128,9072,8672,7211,39427,0.000582028603135333,0.00688844968547316,0.0294789052843814,0.0607145739619646,0.160309816164855,0.0125661137177843,0,0,0
USA,2021,36,f,259,8303,6617,7990,10971,34140,0.000458315800701557,0.00399068549571295,0.018884238700085,0.0440155149422373,0.141289356140479,0.0104875721323598,0,0,0
USA,2021,36,b,603,22431,15689,16662,18182,73567,0.000521559175613685,0.00542917835517462,0.0238382658103357,0.0513689818979913,0.148266164526981,0.0115077060279536,0,0,0
USA,2021,37,m,321,13617,8886,8796,7349,38969,0.000543113900018726,0.00663929921907475,0.0288745097395297,0.0615827251579152,0.163377733878175,0.0124201406515417,0,0,0
USA,2021,37,f,284,8190,6689,8045,10964,34172,0.000502554777603252,0.00393637410693593,0.0190897193085792,0.0443185003392114,0.141199207066285,0.010497402311277,0,0,0
USA,2021,37,b,605,21807,15575,16841,18313,73141,0.000523289056793167,0.00527814597616214,0.0236650513095786,0.0519208392836437,0.149334411559928,0.0114410690471346,0,0,0
USA,2021,38,m,344,13448,8646,8690,7225,38353,0.000582028603135333,0.00655689916267293,0.0280946445203662,0.0608405959097639,0.160621054193743,0.0122238100646304,0,0,0
USA,2021,38,f,254,8017,6653,8035,10725,33684,0.000449468005321218,0.0038532248126136,0.0189869790043321,0.0442634120852162,0.138121260104515,0.0103474920827887,0,0,0
USA,2021,38,b,598,21465,15299,16725,17950,72037,0.000517234472664982,0.00519536861458799,0.023245689886693,0.0515632110337237,0.14637430718619,0.0112683760264207,0,0,0
USA,2021,39,m,325,13105,8725,8521,7172,37848,0.000549881674473788,0.0063896611783781,0.0283513501550075,0.0596573898443151,0.159442795941526,0.0120628572295813,0,0,0
USA,2021,39,f,275,7733,6437,7846,11062,33353,0.000486628745918641,0.00371672539303243,0.0183705371788495,0.0432222440847052,0.142461294105002,0.0102458111696132,0,0,0
USA,2021,39,b,600,20838,15162,16367,18234,71201,0.000518964353844463,0.00504361011836872,0.0230375286006954,0.0504594962624189,0.148690201517158,0.0111376048621844,0,0,0
USA,2021,40,m,327,12534,8412,8282,7047,36602,0.000553265561701319,0.00611125625408555,0.0273342759316817,0.0579840984263135,0.156663884969316,0.0116657339969651,0,0,0
USA,2021,40,f,267,7278,6259,7716,10847,32367,0.000472472273310099,0.0034980379426471,0.0178625434522944,0.0425060967827664,0.139692429683326,0.00994291878172493,0,0,0
USA,2021,40,b,594,19812,14671,15998,17894,68969,0.000513774710306018,0.00479527803364627,0.0222914907070837,0.0493218684674148,0.145917651965999,0.0107884646246541,0,0,0
USA,2021,41,m,297,12024,8067,8179,7120,35687,0.000502507253288354,0.00586259336198537,0.0262132196791342,0.0572629728361287,0.158286768977086,0.0113741065829652,0,0,0
USA,2021,41,f,242,7025,6093,7614,10755,31729,0.000428233296408404,0.00337643810759767,0.0173887964938217,0.0419441965920144,0.138507613279633,0.00974692958956191,0,0,0
USA,2021,41,b,539,19049,14160,15793,17875,67416,0.000466202977870276,0.00461060222405248,0.0215150643045671,0.0486898530257458,0.145762715373435,0.0105455368518564,0,0,0
USA,2021,42,m,307,11715,7959,8362,7187,35530,0.000519426689426009,0.00571193290383056,0.0258622803305106,0.0585441959720881,0.159776265258191,0.0113240677807816,0,0,0
USA,2021,42,f,257,6642,6060,7724,10710,31393,0.000454776682549421,0.00319235614386672,0.0172946178815952,0.0425501673859626,0.137928083516956,0.0096437127109306,0,0,0
USA,2021,42,b,564,18357,14019,16086,17897,66923,0.000487826492613795,0.00444311118835275,0.0213008253167886,0.0495931726570093,0.14594211563851,0.010468419406918,0,0,0
USA,2021,43,m,313,11256,7928,8322,7044,34863,0.000529578351108602,0.0054881363009404,0.025761547739702,0.0582641471992008,0.156597191105983,0.0111114825511227,0,0,0
USA,2021,43,f,246,6683,5920,7653,10956,31458,0.000435311532712676,0.00321206204598936,0.0168950722539676,0.0421590407825961,0.14109617955292,0.0096636802618563,0,0,0
USA,2021,43,b,559,17939,13848,15975,18000,66321,0.000483501789665092,0.0043419388575399,0.021041003565653,0.0492509594178617,0.146782035061361,0.0103742516546809,0,0,0
USA,2021,44,m,291,11436,7997,8247,7162,35133,0.000492355591605761,0.00557589967462281,0.0259857589902115,0.0577390557500371,0.159220483063749,0.011197536542139,0,0,0
USA,2021,44,f,244,6493,5795,7847,10984,31363,0.00043177241456054,0.00312074201176252,0.0165383350864429,0.0432277529101047,0.141456775849696,0.00963449691819566,0,0,0
USA,2021,44,b,535,17929,13792,16094,18146,66496,0.000462743215511313,0.0043395184668506,0.0209559157407196,0.0496178366742451,0.147972600456858,0.0104016260012614,0,0,0
USA,2021,45,m,297,11102,8001,8637,7473,35510,0.000502507253288354,0.00541304985901211,0.0259987567438642,0.0604695312856882,0.166134413562608,0.0113176934110767,0,0,0
USA,2021,45,f,245,6571,5831,7880,11279,31806,0.000433541973636608,0.00315823128897143,0.01664107539069,0.0434095441482892,0.145255915405019,0.00977058345758158,0,0,0
USA,2021,45,b,542,17673,13832,16517,18752,67316,0.000468797799639498,0.00427755646520445,0.0210166927585292,0.0509219465855913,0.152914262303924,0.010529894368096,0,0,0
USA,2021,46,m,298,11142,8059,8552,7425,35476,0.000504199196902119,0.00543255283094153,0.0261872241718287,0.0598744276433027,0.165067311749279,0.0113068569825783,0,0,0
USA,2021,46,f,247,6407,5806,7855,11023,31338,0.000437081091788743,0.00307940768048089,0.0165697279571851,0.0432718235133009,0.141959034977349,0.00962681709091654,0,0,0
USA,2021,46,b,545,17549,13865,16407,18448,66814,0.000471392621408721,0.0042475436206571,0.021066833798222,0.0505828163485982,0.150435276822888,0.0104513690996192,0,0,0
USA,2021,47,m,377,11239,8177,8651,7592,36036,0.000637862742389594,0.00547984753787039,0.0265706579045841,0.0605675483561988,0.168779936808152,0.011485339334316,0,0,0
USA,2021,47,f,253,6544,5938,7871,11180,31786,0.00044769844624515,0.00314525423147604,0.0169464424060911,0.0433599647196934,0.143980949927131,0.00976443959575829,0,0,0
USA,2021,47,b,630,17783,14115,16522,18772,67822,0.000544912571536686,0.00430418076278678,0.0214466901595314,0.0509373615963637,0.153077353453992,0.0106090453359233,0,0,0
USA,2021,48,m,314,11475,8515,8744,7828,36876,0.000531270294722367,0.005594915072254,0.0276689680882394,0.0612186617531617,0.174026520723684,0.0117530628619224,0,0,0
USA,2021,48,f,251,6819,6212,8241,11627,33150,0.000444159328093015,0.00327742796522541,0.0177284102773052,0.0453982301175192,0.149737612236382,0.0101834509721068,0,0,0
USA,2021,48,b,565,18294,14727,16985,19455,70026,0.000488691433203536,0.00442786272701014,0.022376578532017,0.0523647915938892,0.158646916228821,0.0109538056780007,0,0,0
USA,2021,49,m,357,12005,8814,9029,7836,38041,0.000604023870114284,0.0058533294503189,0.0286405501737807,0.0632140092599837,0.174204371025906,0.0121243698972337,0,0,0
USA,2021,49,f,250,7046,6364,8336,11951,33947,0.000442389769016947,0.00338653137453853,0.0181622026730151,0.0459215685304744,0.153910226527651,0.010428283865765,0,0,0
USA,2021,49,b,607,19051,15178,17365,19787,71988,0.000525018937972649,0.00461108630219035,0.0230618394078192,0.0535363324125927,0.161354229319952,0.0112607112093781,0,0,0
USA,2021,50,m,332,11911,8624,9028,7774,37669,0.000561725279770147,0.00580749746628474,0.0280231568752762,0.0632070080406615,0.17282603118369,0.0120058066207223,0,0,0
USA,2021,50,f,241,6914,6318,8432,11599,33504,0.000426463737332337,0.00332308798233883,0.0180309233953661,0.0464504157688292,0.149377015939606,0.0102921973263791,0,0,0
USA,2021,50,b,573,18825,14942,17460,19373,71173,0.000495610957921462,0.00455638547261211,0.0227032550027431,0.0538292176172685,0.157978242513541,0.0111332249667315,0,0,0
USA,2021,51,m,342,11970,8680,9260,7790,38042,0.000578644715907801,0.00583626434988065,0.0282051254264143,0.0648312909234078,0.173181731788132,0.0121246886157189,0,0,0
USA,2021,51,f,242,6885,6587,8653,11729,34096,0.000428233296408404,0.00330914966132526,0.0187986217798791,0.0476678661821251,0.151051213031782,0.0104740556363485,0,0,0
USA,2021,51,b,584,18855,15267,17913,19519,72138,0.000505125304408611,0.00456364664468001,0.0231970682724454,0.0552258175932492,0.159168807909039,0.0112841749350186,0,0,0
USA,2021,52,m,316,12270,8987,9448,8096,39117,0.000534654181949898,0.00598253663935134,0.029202703019261,0.066147520155978,0.179984505848103,0.0124673109873581,0,0,0
USA,2021,52,f,258,7377,6807,8600,12088,35130,0.000456546241625489,0.00354562048679687,0.0194264791947225,0.0473758984359501,0.155674572694021,0.0107916932926127,0,0,0
USA,2021,52,b,574,19647,15794,18048,20184,74247,0.000496475898511203,0.00475534158727278,0.0239978054820857,0.0556420228841044,0.164591588648806,0.0116140749175237,0,0,0
USA,2022,1,m,330,13037,9758,10326,8792,42243,0.000562393312153035,0.00633895386751208,0.031297713531298,0.067752420334298,0.191777869317678,0.0133957664721024,0,0,0
USA,2022,1,f,250,7789,6945,9269,13182,37435,0.000445477613121573,0.00373592443028999,0.019521106571324,0.0479960300355501,0.168301207078903,0.0114364691909273,0,0,0
USA,2022,1,b,580,20826,16703,19595,21974,79678,0.000505238192950027,0.0050285633008642,0.0250213943079753,0.056710313529161,0.176969106849369,0.0123978500620172,0,0,0
USA,2022,2,m,331,13323,10178,11149,9965,44946,0.000564097534311074,0.00647801506304084,0.0326448174135634,0.073152405026834,0.217364247924324,0.0142529204804374,0,0,0
USA,2022,2,f,248,7909,7510,10003,14338,40008,0.0004419137922166,0.00379348136078618,0.0211092167531524,0.0517967729469853,0.18306043901512,0.0122225259620842,0,0,0
USA,2022,2,b,579,21232,17688,21152,24303,84954,0.000504367092617354,0.00512659444943574,0.0264969420175697,0.0612164609221134,0.19572586710477,0.0132187925671905,0,0,0
USA,2022,3,m,279,12933,10342,11386,10295,45235,0.00047547798209302,0.00628838616004708,0.033170829405686,0.0747074431460698,0.224562461854583,0.014344565877555,0,0,0
USA,2022,3,f,266,7849,7501,10156,14526,40298,0.000473988180361354,0.00376470289553809,0.0210839194228224,0.0525890258971892,0.185460729330006,0.0123111215561905,0,0,0
USA,2022,3,b,545,20782,17843,21542,24821,85533,0.000474749681306491,0.00501793923550177,0.0267291348043586,0.0623451683615813,0.199897615414043,0.0133088846275573,0,0,0
USA,2022,4,m,305,12778,10449,11589,10038,45159,0.000519787758202047,0.00621302082680597,0.0335140201566441,0.0760393956279468,0.218956580096776,0.0143204653578977,0,0,0
USA,2022,4,f,237,7498,7427,10243,14376,39781,0.000422312777239251,0.00359634887383674,0.0208759191512201,0.0530395226727952,0.183545604078767,0.0121531769970423,0,0,0
USA,2022,4,b,542,20276,17876,21832,24414,84940,0.000472136380308473,0.00489576248383379,0.026778569397675,0.063184463637083,0.196619813171043,0.0132166141754027,0,0,0
USA,2022,5,m,293,12310,9878,11105,9679,43265,0.000499337092305573,0.00598546614321345,0.0316826003548024,0.0728637059667227,0.211125795851434,0.0137198550390718,0,0,0
USA,2022,5,f,214,7320,7106,9576,13723,37939,0.000381328836832066,0.0035109727602674,0.0199736477027831,0.0495857140598152,0.175208425485039,0.0115904422234431,0,0,0
USA,2022,5,b,507,19630,16984,20681,23402,81204,0.000441647868664937,0.0047397818878308,0.025442337360154,0.059853329629833,0.188469602188447,0.0126352947668872,0,0,0
USA,2022,6,m,318,11931,9483,10472,8863,41067,0.000541942646256561,0.00580118574774002,0.0304156812274338,0.0687103763064854,0.193326575951158,0.0130228426416171,0,0,0
USA,2022,6,f,233,7008,6676,9311,12840,36068,0.000415185135429306,0.00336132474097731,0.0187649974759048,0.0482135112375668,0.163934721506077,0.0110188478904332,0,0,0
USA,2022,6,b,551,18939,16159,19783,21703,77135,0.000479976283302525,0.00457293577043441,0.0242064725272449,0.0572544083974173,0.174786589876757,0.0120021607537048,0,0,0
USA,2022,7,m,293,10920,8730,9462,8070,37475,0.000499337092305573,0.00530960928382542,0.0280005164099438,0.0620834206084764,0.176029049749051,0.0118837759757129,0,0,0
USA,2022,7,f,258,6442,6249,8516,11968,33433,0.000459732896741463,0.0030898478854703,0.0175647796924699,0.0440969027708215,0.15280146004554,0.0102138499922605,0,0,0
USA,2022,7,b,551,17362,14979,17978,20038,70908,0.000479976283302525,0.00419215960960358,0.0224388113116902,0.0520305188378288,0.161377398882664,0.0110332432063746,0,0,0
USA,2022,8,m,355,10215,7926,8733,7332,34561,0.000604998866104022,0.00496681857456746,0.0254217746924645,0.0573002020898144,0.159931225868655,0.0109597113141191,0,0,0
USA,2022,8,f,277,6029,5857,8064,11278,31505,0.000493589195338703,0.00289175611634592,0.016462940415874,0.0417563907872128,0.14399188388984,0.00962484204247805,0,0,0
USA,2022,8,b,632,16244,13783,16797,18610,66066,0.000550535410248995,0.00392221176698541,0.0206471818084669,0.048612561181389,0.149876903543586,0.010279830846623,0,0,0
USA,2022,9,m,303,10131,7669,8446,7428,33977,0.000516379313885968,0.00492597542623034,0.0245974754121259,0.0554170968568159,0.162025251739276,0.0107745178472794,0,0,0
USA,2022,9,f,234,6042,5634,7642,10885,30437,0.000416967045881792,0.00289799145048301,0.015836128786586,0.0395712225193304,0.138974255731593,0.00929856585452799,0,0,0
USA,2022,9,b,537,16173,13303,16088,18313,64414,0.000467780878645111,0.00390506838878693,0.0199281331784108,0.0465606289388692,0.147484993798694,0.0100227806156627,0,0,0
USA,2022,10,m,320,10078,7314,7948,6826,32486,0.00054535109057264,0.00490020534454144,0.0234588518925921,0.0521495484037382,0.148893964508925,0.0103017037050569,0,0,0
USA,2022,10,f,223,5771,5390,7397,10538,29319,0.000397366030904443,0.00276800871577912,0.0151502900531946,0.0383025821742328,0.134543932650393,0.00895701456414581,0,0,0
USA,2022,10,b,543,15849,12704,15345,17364,61805,0.000473007480641146,0.00382683663475448,0.0190308204088198,0.0444102965606009,0.139842157610469,0.00961682174606505,0,0,0
USA,2022,11,m,361,9698,7246,7822,6643,31770,0.000615224199052259,0.00471543872111162,0.023240749359273,0.0513228192770558,0.144902227693054,0.0100746514409179,0,0,0
USA,2022,11,f,252,5652,5218,7310,10323,28755,0.000449041434026546,0.0027109314263704,0.0146668299624433,0.0378520853986267,0.131798919790283,0.00878471140871151,0,0,0
USA,2022,11,b,613,15350,12464,15132,16966,60525,0.000533984503928218,0.00370635007530325,0.0186712960937917,0.0437938486513531,0.13663683748095,0.00941765449689486,0,0,0
USA,2022,12,m,317,9208,6981,7615,6478,30599,0.000540238424098521,0.00447718702247843,0.0223907909573675,0.0499646214260778,0.141303120727925,0.00970331317093631,0,0,0
USA,2022,12,f,240,5476,5118,7047,10034,27915,0.00042765850859671,0.00262651459497599,0.0143857485143321,0.0364902388240933,0.128109111806229,0.00852808968785192,0,0,0
USA,2022,12,b,557,14684,12099,14662,16512,58514,0.00048520288529856,0.00354554035868097,0.0181245195313532,0.0424336114807123,0.132980517534212,0.0091047440765189,0,0,0
USA,2022,13,m,313,9312,6611,7408,6434,30078,0.000533421535466363,0.00452775472994343,0.0212040565848956,0.0486064235750997,0.140343358870557,0.00953809776644408,0,0,0
USA,2022,13,f,237,5425,5058,7122,10071,27913,0.000422312777239251,0.00260205289951511,0.0142170996454654,0.0368785981134089,0.128581509368201,0.00852747868375463,0,0,0
USA,2022,13,b,550,14737,11669,14530,16505,57991,0.000479105182969853,0.00355833752832208,0.0174803718002612,0.0420515874242771,0.13292414255706,0.00902336558330327,0,0,0
USA,2022,14,m,306,9358,6725,7429,6393,30211,0.000521491980360087,0.00455012121593757,0.0215696990672248,0.0487442117628801,0.139449035321646,0.00958027367584421,0,0,0
USA,2022,14,f,214,5437,4994,6967,9955,27567,0.000381328836832066,0.00260780859256473,0.0140372075186742,0.03607598891549,0.12710047917391,0.00842177497492437,0,0,0
USA,2022,14,b,520,14795,11719,14396,16348,57778,0.000452972172989679,0.00357234197811802,0.0175552726992254,0.0416637751245625,0.131659732355215,0.00899022290824604,0,0,0
USA,2022,15,m,340,9381,6696,7394,6318,30129,0.00057943553373343,0.00456130445893464,0.0214766847515446,0.0485145647832461,0.137813077610224,0.00955427048358247,0,0,0
USA,2022,15,f,236,5290,5037,7081,10000,27644,0.000420530866786765,0.0025373013527069,0.014158072541362,0.0366662950352497,0.127675016749281,0.00844529863266984,0,0,0
USA,2022,15,b,576,14671,11733,14475,16318,57773,0.000501753791619337,0.00354240143027843,0.0175762449509354,0.0418924107340957,0.131418125310276,0.00898944491117897,0,0,0
USA,2022,16,m,364,9194,6549,7327,6221,29655,0.000620336865526378,0.00447037983108891,0.0210051983927517,0.0480749548508039,0.135697238970118,0.00940395934782563,0,0,0
USA,2022,16,f,247,5323,4835,6929,9666,27000,0.000440131881764114,0.00255312950859335,0.0135902880161773,0.0358792202089035,0.123410671189855,0.00824855531334415,0,0,0
USA,2022,16,b,611,14517,11384,14256,15887,56655,0.000532242303262873,0.00350521720150992,0.0170534366761654,0.0412585980950099,0.127947037431325,0.00881548476698188,0,0,0
USA,2022,17,m,332,9336,6839,7364,6332,30203,0.000565801756469114,0.00453942420089689,0.0219353415495539,0.0483177245149884,0.138118456383023,0.00957773677903818,0,0,0
USA,2022,17,f,245,5238,4890,6908,9789,27070,0.000436568060859141,0.00251236001615855,0.0137448828126385,0.0357704796078951,0.124981073895872,0.00826994045674911,0,0,0
USA,2022,17,b,577,14574,11729,14272,16121,57273,0.000502624891952009,0.00351898019527489,0.0175702528790182,0.0413049040412445,0.129831572381846,0.00891164520447186,0,0,0
USA,2022,18,m,344,9282,6627,7274,6415,29942,0.000586252422365588,0.0045131678912516,0.0212553748280295,0.0477272037102153,0.13992891625033,0.00949497052074169,0,0,0
USA,2022,18,f,256,5281,5047,7023,9895,27502,0.000456169075836491,0.00253298458291969,0.0141861806861731,0.0363659638515124,0.126334429073414,0.00840191734176262,0,0,0
USA,2022,18,b,600,14563,11674,14297,16310,57444,0.000522660199603476,0.00351632417893428,0.0174878618901576,0.041377257082236,0.131353696764959,0.00893825270416569,0,0,0
USA,2022,19,m,299,9416,6658,7511,6352,30236,0.00050956242525381,0.00457832243740844,0.0213548039241015,0.0492822418294511,0.138554711772735,0.00958820147836303,0,0,0
USA,2022,19,f,287,5468,4990,6906,9965,27616,0.000511408299863566,0.00262267746627625,0.0140259642607497,0.03576012336018,0.127228154190659,0.00843674457530785,0,0,0
USA,2022,19,b,586,14884,11648,14417,16317,57852,0.000510464794946062,0.00359383156487385,0.0174489134226963,0.0417245516789953,0.131410071742111,0.00900173726483869,0,0,0
USA,2022,20,m,353,9288,6807,7512,6410,30370,0.000601590421787943,0.00451608525898997,0.0218327050632861,0.0492888031717263,0.139819852402902,0.00963069449986391,0,0,0
USA,2022,20,f,247,5390,4896,6909,9779,27221,0.000440131881764114,0.00258526546145372,0.0137617476995252,0.0357756577317526,0.124853398879122,0.00831607126609411,0,0,0
USA,2022,20,b,600,14678,11703,14421,16189,57591,0.000522660199603476,0.00354409162249519,0.0175313044115569,0.041736128165554,0.13037921501704,0.00896112581793758,0,0,0
USA,2022,21,m,311,9402,6563,7328,6377,29981,0.000530013091150284,0.00457151524601892,0.0210501018554939,0.0480815161930792,0.139100031009876,0.00950733789267105,0,0,0
USA,2022,21,f,293,5223,4972,6814,9748,27050,0.000522099762578483,0.00250516539984653,0.0139753696000897,0.0352837359652862,0.124457606327199,0.00826383041577626,0,0,0
USA,2022,21,b,604,14625,11535,14142,16125,57031,0.000526144600934166,0.00353129445285407,0.0172796373910372,0.0409286682280885,0.129863786654504,0.00887399014642563,0,0,0
USA,2022,22,m,360,9523,6521,7391,6458,30253,0.00061351997689422,0.00463034882874262,0.0209153914672673,0.0484948807564203,0.140866865338212,0.00959359238407583,0,0,0
USA,2022,22,f,266,5381,4840,6844,9936,27267,0.000473988180361354,0.00258094869166651,0.0136043420885829,0.0354390796810125,0.126857896642086,0.00833012436033166,0,0,0
USA,2022,22,b,626,14904,11361,14235,16394,57520,0.00054530880825296,0.00359866068549314,0.0170189822626419,0.041197821540577,0.132030196490787,0.00895007825958517,0,0,0
USA,2022,23,m,356,9591,6800,7369,6338,30454,0.000606703088262062,0.00466341232977743,0.021810253331915,0.0483505312263647,0.138249332999937,0.00965733191632715,0,0,0
USA,2022,23,f,256,5513,4950,6972,9858,27549,0.000456169075836491,0.00264426131521232,0.0139135316815052,0.0361018795347777,0.125862031511442,0.00841627593804881,0,0,0
USA,2022,23,b,612,15104,11750,14341,16196,58003,0.000533113403595546,0.00364695189168601,0.0176017112565832,0.0415045984343811,0.130435589994192,0.00902523277626424,0,0,0
USA,2022,24,m,348,9664,6759,7331,6215,30317,0.000593069310997746,0.00469890697059421,0.0216787503338844,0.0481012002199049,0.135566362353204,0.00961388755852401,0,0,0
USA,2022,24,f,270,5444,4841,6987,9841,27383,0.000481115822171299,0.00261116608017701,0.013607152903064,0.0361795513926409,0.125644983982968,0.00836556259797418,0,0,0
USA,2022,24,b,618,15108,11600,14318,16056,57700,0.00053834000559158,0.00364791771580987,0.0173770085596907,0.0414380336366689,0.129308090451145,0.00897808615399973,0,0,0
USA,2022,25,m,355,9682,6749,7517,6299,30602,0.000604998866104022,0.00470765907380931,0.0216466764319257,0.0493216098831026,0.137398634989997,0.00970426450723857,0,0,0
USA,2022,25,f,269,5361,4977,7061,9969,27637,0.000479333911718813,0.00257135586991715,0.0139894236724953,0.0365627325580989,0.127279224197359,0.00844316011832934,0,0,0
USA,2022,25,b,624,15043,11726,14578,16268,58239,0.000543566607587615,0.00363222307379718,0.0175657588250804,0.0421905052629808,0.131015446902045,0.00906195423782999,0,0,0
USA,2022,26,m,357,9586,6696,7471,6424,30534,0.000608407310420101,0.00466098118999546,0.0214766847515446,0.0490197881384408,0.140125231175701,0.00968270088438738,0,0,0
USA,2022,26,f,274,5347,5089,6751,10013,27474,0.000488243463981244,0.00256464089469259,0.0143042348943798,0.0349575141622611,0.127840994271055,0.00839336328440063,0,0,0
USA,2022,26,b,631,14933,11785,14222,16437,58008,0.000549664309916322,0.0036056629103911,0.0176541418858581,0.0411601979592614,0.132376499921866,0.00902601077333131,0,0,0
USA,2022,27,m,349,9738,6728,7460,6382,30657,0.000594773533155785,0.00473488783936739,0.0215793212378124,0.048947613373413,0.139209094857304,0.00972170567277998,0,0,0
USA,2022,27,f,257,5545,4907,6962,9783,27454,0.000457950986288977,0.0026596098300113,0.0137926666588174,0.0360500982962023,0.124904468885822,0.00838725324342778,0,0,0
USA,2022,27,b,606,15283,11635,14422,16165,58111,0.000527886801599511,0.00369017252122864,0.0174294391889656,0.0417390222871936,0.130185929381089,0.00904203751291297,0,0,0
USA,2022,28,m,358,9692,6745,7505,6361,30661,0.000610111532578141,0.00471252135337325,0.0216338468711422,0.0492428737757995,0.138751026698106,0.00972297412118299,0,0,0
USA,2022,28,f,265,5457,4987,7057,9966,27732,0.000472206269908867,0.0026174014143141,0.0140175318173064,0.0365420200626688,0.127240921692334,0.00847218281295036,0,0,0
USA,2022,28,b,623,15149,11732,14562,16327,58393,0.000542695507254943,0.00365781741307941,0.0175747469329561,0.0421441993167462,0.131490607423758,0.00908591654749578,0,0,0
USA,2022,29,m,357,9779,6900,7619,6686,31341,0.000608407310420101,0.00475482318557956,0.022130992351502,0.0499908667951788,0.145840176780937,0.00993861034969492,0,0,0
USA,2022,29,f,274,5552,5126,7111,10318,28381,0.000488243463981244,0.00266296731762358,0.014408235030181,0.036821638750976,0.131735082281909,0.00867045364251927,0,0,0
USA,2022,29,b,631,15331,12026,14730,17004,59722,0.000549664309916322,0.00370176241071493,0.0180151642188655,0.0426304117522093,0.136942873071206,0.00929270816792326,0,0,0
USA,2022,30,m,337,9743,6731,7637,6404,30852,0.000574322867259311,0.00473731897914936,0.0215889434084,0.0501089709561334,0.139688975785988,0.00978354253242678,0,0,0
USA,2022,30,f,297,5326,5163,6948,10151,27885,0.000529227404388429,0.00255456843185576,0.0145122351659821,0.0359776045621968,0.129602909502196,0.00851892462639265,0,0,0
USA,2022,30,b,634,15069,11894,14585,16555,58737,0.00055227761091434,0.00363850093060226,0.0178174258456001,0.0422107641144584,0.133326820965291,0.00913944274571026,0,0,0
USA,2022,31,m,357,9663,6740,7654,6598,31012,0.000608407310420101,0.00469842074263782,0.0216178099201628,0.0502205137748128,0.143920653066201,0.00983428046854724,0,0,0
USA,2022,31,f,317,5407,5123,7205,10090,28142,0.000564865613438154,0.00259341935994068,0.0143998025867376,0.0373083823935849,0.128824091900025,0.00859743865289374,0,0,0
USA,2022,31,b,674,15070,11863,14859,16688,59154,0.000587121624221238,0.00363874238663322,0.0177709872882423,0.0430037534437256,0.134397945531186,0.00920432770110399,0,0,0
USA,2022,32,m,325,9596,6885,7515,6579,30900,0.000553872201362837,0.0046658434695594,0.022082881498564,0.0493084871985521,0.143506210445974,0.00979876391326292,0,0,0
USA,2022,32,f,262,5377,5122,7049,9852,27662,0.000466860538551408,0.00257903012731664,0.0143969917722565,0.0365005950718084,0.125785426501392,0.0084507976695454,0,0,0
USA,2022,32,b,587,14973,12007,14564,16431,58562,0.000511335895278734,0.00361532115162968,0.0179867018772591,0.0421499875600255,0.132328178512878,0.00911221284836278,0,0,0
USA,2022,33,m,336,9141,6964,7498,6607,30546,0.000572618645101272,0.00444460974940001,0.0223362653240377,0.0491969443798728,0.144116967991572,0.00968650622959641,0,0,0
USA,2022,33,f,234,5300,5040,7202,10080,27856,0.000416967045881792,0.00254209776358158,0.0141665049848053,0.0372928480220122,0.128696416883276,0.00851006506698202,0,0,0
USA,2022,33,b,570,14441,12004,14700,16687,58402,0.000496527189623302,0.00348686654315663,0.0179822078233213,0.0425435881030195,0.134389891963021,0.0090873169422165,0,0,0
USA,2022,34,m,330,9330,6687,7579,6459,30385,0.000562393312153035,0.00453650683315853,0.0214478182397817,0.0497284131041685,0.140888678107698,0.0096354511813752,0,0,0
USA,2022,34,f,273,5393,5026,7211,9963,27866,0.000486461553528758,0.00258670438471613,0.0141271535820698,0.0373394511367301,0.127202619187309,0.00851312008746844,0,0,0
USA,2022,34,b,603,14723,11713,14790,16422,58251,0.000525273500601493,0.00355495714388858,0.0175462845913497,0.042804059050589,0.132255696399396,0.00906382143079096,0,0,0
USA,2022,35,m,325,9525,6913,7427,6317,30507,0.000553872201362837,0.00463132128465541,0.0221726884240483,0.0487310890783295,0.137791264840738,0.00967413885766705,0,0,0
USA,2022,35,f,270,5300,4978,7080,9910,27538,0.000481115822171299,0.00254209776358158,0.0139922344869764,0.0366611169113922,0.126525941598538,0.00841291541551374,0,0,0
USA,2022,35,b,595,14825,11891,14507,16227,58045,0.000518304697940114,0.00357958565904695,0.0178129317916622,0.0419850226265648,0.130685250607295,0.00903176795162763,0,0,0
USA,2022,36,m,332,9511,6884,7598,6488,30813,0.000565801756469114,0.00462451409326589,0.0220796741083681,0.0498530786073984,0.141521248422781,0.00977117516049742,0,0,0
USA,2022,36,f,272,5507,4939,7077,10049,27844,0.000484679643076271,0.00264138346868751,0.013882612722213,0.0366455825398196,0.128300624331353,0.00850639904239831,0,0,0
USA,2022,36,b,604,15018,11823,14675,16537,58657,0.000526144600934166,0.00362618667302307,0.0177110665690709,0.0424712350620279,0.133181856738328,0.00912699479263713,0,0,0
USA,2022,37,m,353,9250,6856,7493,6532,30484,0.000601590421787943,0.00449760859664699,0.0219898671828837,0.0491641376684965,0.142481010280149,0.00966684527934973,0,0,0
USA,2022,37,f,240,5421,5017,7114,9945,27737,0.00042765850859671,0.00260013433516524,0.0141018562517398,0.0368371731225486,0.12697280415716,0.00847371032319358,0,0,0
USA,2022,37,b,593,14671,11873,14607,16477,58221,0.000516562497274769,0.00354240143027843,0.0177859674680351,0.042274434790531,0.132698642648451,0.00905915344838853,0,0,0
USA,2022,38,m,311,9557,6731,7625,6466,30690,0.000530013091150284,0.00464688057926003,0.0215889434084,0.0500302348488303,0.141041367494098,0.00973217037210482,0,0,0
USA,2022,38,f,265,5505,5099,7049,10106,28024,0.000472206269908867,0.00264042418651257,0.014332343039191,0.0365005950718084,0.129028371926824,0.00856138941115394,0,0,0
USA,2022,38,b,576,15062,11830,14674,16572,58714,0.000501753791619337,0.00363681073838551,0.0177215526949259,0.0424683409403883,0.13346373162409,0.00913586395920174,0,0,0
USA,2022,39,m,343,9157,6818,7602,6544,30464,0.000584548200207548,0.00445238939670232,0.0218679863554407,0.0498793239764994,0.142742763513977,0.00966050303733468,0,0,0
USA,2022,39,f,231,5401,5048,7232,10144,28056,0.000411621314524333,0.00259054151341587,0.0141889915006542,0.0374481917377385,0.129513536990471,0.00857116547671049,0,0,0
USA,2022,39,b,574,14558,11866,14834,16688,58520,0.000500011590953992,0.00351511689877946,0.0177754813421801,0.0429314004027341,0.134397945531186,0.00910567767299938,0,0,0
USA,2022,40,m,334,9411,6905,7817,6627,31094,0.000569210200785193,0.00457589129762646,0.0221470293024814,0.0512900125656796,0.144553223381284,0.00986028366080897,0,0,0
USA,2022,40,f,247,5455,5091,7266,10392,28451,0.000440131881764114,0.00261644213213916,0.0143098565233421,0.0376242479488949,0.132679877405853,0.00869183878592423,0,0,0
USA,2022,40,b,581,14866,11996,15083,17019,59545,0.000506109293282699,0.00358948535631649,0.017970223679487,0.0436520366910097,0.137063676593675,0.00926516707174894,0,0,0
USA,2022,41,m,347,9320,6963,7702,6756,31088,0.000591365088839706,0.00453164455359459,0.0223330579338418,0.0505354582040251,0.147367070644931,0.00985838098820445,0,0,0
USA,2022,41,f,283,5379,5214,7249,10500,28625,0.000504280658053621,0.00257998940949157,0.0146555867045189,0.0375362198433167,0.134058767586745,0.00874499614238801,0,0,0
USA,2022,41,b,630,14699,12177,14951,17256,59713,0.00054879320958365,0.00354916219914544,0.0182413649337373,0.0432700126345744,0.13897237224869,0.00929130777320253,0,0,0
USA,2022,42,m,327,9413,6815,7899,6925,31379,0.000557280645678916,0.00457686375353925,0.0218583641848531,0.0518280426322506,0.151053428688003,0.00995066060952353,0,0,0
USA,2022,42,f,284,5343,5194,7357,10515,28693,0.000506062568506107,0.00256272233034272,0.0145993704148966,0.0380954572199311,0.134250280111869,0.00876577028169569,0,0,0
USA,2022,42,b,611,14756,12009,15256,17440,60072,0.000532242303262873,0.00356292519291041,0.0179896979132177,0.0441527197346711,0.14045422879098,0.00934716796261823,0,0,0
USA,2022,43,m,310,9314,7041,7724,6880,31269,0.000528308868992245,0.00452872718585622,0.0225832343691197,0.0506798077340807,0.150071854061149,0.00991577827844072,0,0,0
USA,2022,43,f,283,5225,5169,7362,10701,28740,0.000504280658053621,0.00250612468202147,0.0145291000528688,0.0381213478392188,0.136625035423406,0.00878012887798188,0,0,0
USA,2022,43,b,593,14539,12210,15086,17581,60009,0.000516562497274769,0.00351052923419114,0.0182907995270537,0.0436607190559287,0.141589781902192,0.00933736519957313,0,0,0
USA,2022,44,m,339,9635,6916,7971,6812,31673,0.00057773131157539,0.00468480635985878,0.0221823105946359,0.0523004592760691,0.148588585736126,0.0100438915671449,0,0,0
USA,2022,44,f,281,5561,5240,7635,10616,29333,0.000500716837148648,0.00266728408741079,0.0147286678810278,0.0395349756523276,0.135539797781037,0.00896129159282681,0,0,0
USA,2022,44,b,620,15196,12156,15606,17428,61006,0.000540082206256925,0.00366916584653473,0.0182099065561724,0.0451656623085525,0.140357585973005,0.0094924978147471,0,0,0
USA,2022,45,m,351,9538,7013,7938,6861,31701,0.000598181977471864,0.00463764224808854,0.0224934274436353,0.0520839349809856,0.149657411440922,0.0100527707059659,0,0,0
USA,2022,45,f,279,5654,5326,7480,10591,29330,0.000497153016243675,0.00271189070854534,0.0149703979264034,0.0387323664544087,0.135220610239164,0.00896037508668088,0,0,0
USA,2022,45,b,630,15192,12339,15418,17452,61031,0.00054879320958365,0.00366820002241088,0.0184840438463813,0.0446215674402962,0.140550871608956,0.00949638780008245,0,0,0
USA,2022,46,m,304,9686,7265,8070,6855,32180,0.000518083536044008,0.00470960398563489,0.0233016897729945,0.0529500321613194,0.149526534824008,0.0102046674022266,0,0,0
USA,2022,46,f,303,5708,5205,7596,10613,29425,0.000539918867103346,0.00273779132726862,0.0146302893741888,0.0393330288218835,0.135501495276012,0.00898939778130191,0,0,0
USA,2022,46,b,607,15394,12470,15666,17468,61605,0.000528757901932183,0.00371697414066568,0.0186802842016674,0.0453393096069322,0.140679728699589,0.00958570186338221,0,0,0
USA,2022,47,m,353,9841,7631,8415,7232,33472,0.000601590421787943,0.004784969318876,0.0244755945846829,0.0552136952462829,0.157749948920092,0.0106143762363992,0,0,0
USA,2022,47,f,266,5700,5544,8035,11588,31133,0.000473988180361354,0.00273395419856887,0.0155831554832859,0.0416062251953441,0.147949809409067,0.00951119528038308,0,0,0
USA,2022,47,b,619,15541,13175,16450,18820,64605,0.000539211105924253,0.00375246817721745,0.0197363868770624,0.0476083009724265,0.151568152858156,0.0100525001036248,0,0,0
USA,2022,48,m,320,9964,7652,8701,7380,34017,0.00054535109057264,0.0048447753575125,0.0245429497787961,0.0570902391370062,0.160978238803965,0.0107872023313095,0,0,0
USA,2022,48,f,296,5747,5742,8411,11539,31735,0.000527445493935942,0.00275649732967988,0.0161396967505461,0.0435531997657796,0.147324201826996,0.0096951075136658,0,0,0
USA,2022,48,b,616,15711,13394,17112,18919,65752,0.000536597804926235,0.00379351570248139,0.0200644528145256,0.0495242094978822,0.152365456106454,0.0102309726308109,0,0,0
USA,2022,49,m,322,10162,7748,8837,7482,34551,0.000548759534888719,0.00494104849287856,0.0248508592375996,0.0579825816864411,0.1632031412915,0.0109565401931116,0,0,0
USA,2022,49,f,227,6064,5711,8349,12094,32445,0.000404493672714388,0.00290854355440731,0.0160525615016316,0.0432321560866121,0.154410165256581,0.00991201396820188,0,0,0
USA,2022,49,b,549,16226,13459,17186,19576,66996,0.000478234082637181,0.00391786555842805,0.020161823983179,0.0497383744992172,0.157656650390609,0.0104245383010982,0,0,0
USA,2022,50,m,344,9968,7607,8787,7647,34353,0.000586252422365588,0.00484672026933807,0.024398617219982,0.0576545145726783,0.166802248256629,0.0108937519971625,0,0,0
USA,2022,50,f,279,5924,5679,8170,11978,32030,0.000497153016243675,0.00284139380216176,0.015962615438236,0.0423052719161122,0.152929135062289,0.0097852306180153,0,0,0
USA,2022,50,b,623,15892,13286,16957,19625,66383,0.000542695507254943,0.00383721924408594,0.0199026668727629,0.0490756206437348,0.158051275230676,0.0103291558606753,0,0,0
USA,2022,51,m,327,10101,7891,8963,8019,35301,0.000557280645678916,0.00491138858753851,0.025309516035609,0.0588093108131234,0.174916598505284,0.0111943742686762,0,0,0
USA,2022,51,f,305,5870,5816,8534,12118,32643,0.000543482688008319,0.00281549318343847,0.0163476970221484,0.0441901090002572,0.154716585296779,0.00997250337383307,0,0,0
USA,2022,51,b,632,15971,13707,17497,20137,67944,0.000550535410248995,0.00385629427053213,0.0205333324420414,0.0506384463291518,0.162174702130961,0.0105720465450149,0,0,0
USA,2022,52,m,331,10369,8135,9414,8133,36382,0.000564097534311074,0.00504169767985217,0.0260921192434013,0.0617684761792641,0.177403254226646,0.01153717244959,0,0,0
USA,2022,52,f,280,6102,6043,8615,12740,33780,0.000498934926696162,0.0029267699157311,0.0169857519093608,0.0446095370327181,0.162657971338584,0.0103198592031395,0,0,0
USA,2022,52,b,611,16471,14178,18029,20873,70162,0.000532242303262873,0.00397702228601432,0.021238898910284,0.0521781190414515,0.168102128300122,0.0109171660439676,0,0,0
USA,2023,1,m,329,10216,7893,9018,8080,35536,0.000563401648401557,0.0049377713050267,0.0248651127153985,0.0559802197273675,0.170614491150433,0.0111791104850788,0,0,0
USA,2023,1,f,238,5985,6058,8636,12510,33427,0.000426013239069044,0.00285715038376948,0.0167052907598054,0.0424253078531566,0.156783436063706,0.0101312313596086,0,0,0
USA,2023,1,b,567,16201,13951,17654,20590,68963,0.000496227560380211,0.00389101592368681,0.0205139951124957,0.0484134993956046,0.161934951500205,0.0106454158433999,0,0,0
USA,2023,2,m,330,9851,7649,8826,7861,34517,0.000565114115417975,0.00476135328169715,0.024096445858366,0.0547883587617815,0.165990162739301,0.0108585478560746,0,0,0
USA,2023,2,f,260,5577,5648,8320,12016,31821,0.000465392614109039,0.00266237722477567,0.0155746916823013,0.040872922804338,0.150592307573261,0.00964447641409952,0,0,0
USA,2023,2,b,590,15428,13297,17146,19877,66338,0.000516356720677821,0.00370536347575088,0.0195523326651032,0.0470203840850253,0.156327393441941,0.010240209912844,0,0,0
USA,2023,3,m,330,9619,7391,8395,7575,33310,0.000565114115417975,0.00464921908604658,0.0232836751652743,0.0521128791984088,0.159951085453531,0.0104788431522393,0,0,0
USA,2023,3,f,268,5566,5514,8072,11432,30852,0.000479712386850856,0.00265712598764594,0.0152051788130682,0.0396545952976702,0.143273240693868,0.00935078678632973,0,0,0
USA,2023,3,b,598,15185,12905,16467,19007,64162,0.000523358167737859,0.00364700183946572,0.0189759233694184,0.0451583264159636,0.149485071547566,0.00990431349193371,0,0,0
USA,2023,4,m,311,9291,7318,8259,7275,32454,0.000532577242106031,0.00449068453357509,0.0230537051629654,0.0512686443477853,0.153616388999926,0.0102095579604556,0,0,0
USA,2023,4,f,253,5572,5241,7832,11093,29991,0.00045286281295995,0.00265999029880761,0.014452365280974,0.0384755686783143,0.139024672762165,0.00908983036784698,0,0,0
USA,2023,4,b,564,14863,12559,16091,18368,62445,0.000493602017732697,0.00356966666710431,0.018467153940064,0.044127201697897,0.144459504087215,0.00963927022230917,0,0,0
USA,2023,5,m,339,9453,7182,8497,7225,32696,0.000580526318565738,0.0045689851357104,0.02262526789839,0.0527460553363763,0.152560606257658,0.0102856876525253,0,0,0
USA,2023,5,f,235,5511,5374,7756,11159,30035,0.000420643324290863,0.00263086980199726,0.0148191205914814,0.0381022102488516,0.139851827580727,0.00910316611977873,0,0,0
USA,2023,5,b,574,14964,12556,16253,18384,62731,0.000502353826557744,0.00359392397272078,0.0184627426444338,0.0445714628796172,0.144585339892169,0.00968341837321926,0,0,0
USA,2023,6,m,304,9459,7273,8516,7260,32812,0.000520589972991104,0.00457188515801171,0.022911942832775,0.0528639999110958,0.153299654177246,0.010322179571038,0,0,0
USA,2023,6,f,257,5503,5328,7824,11125,30037,0.000460022699330858,0.00262705072044836,0.0146922728901029,0.0384362677910025,0.13942571752268,0.00910377229032108,0,0,0
USA,2023,6,b,561,14962,12601,16340,18385,62849,0.000490976475085182,0.00359344363003531,0.0185289120788874,0.0448100475883188,0.144593204629979,0.00970163334457377,0,0,0
USA,2023,7,m,300,9360,7124,8292,7118,32194,0.000513740104925432,0.00452403479004013,0.0224425520061446,0.0514734954512454,0.150301231189206,0.0101277657293063,0,0,0
USA,2023,7,f,282,5442,5325,7757,10736,29542,0.000504771989149035,0.00259793022363802,0.014684000213926,0.0381071228597656,0.134550517152674,0.00895374508108884,0,0,0
USA,2023,7,b,582,14802,12449,16049,17854,61736,0.000509355273617783,0.00355501621519734,0.0183054064336219,0.0440120228730066,0.140417028853067,0.00952982603001808,0,0,0
USA,2023,8,m,306,9457,7168,8275,7153,32359,0.00052401490702394,0.00457091848391127,0.0225811640623307,0.0513679660949175,0.151040279108793,0.0101796723375356,0,0,0
USA,2023,8,f,276,5439,5386,7656,10918,29675,0.000494032159592673,0.00259649806805718,0.0148522112961888,0.0376109491574533,0.136831459228101,0.00899405542215528,0,0,0
USA,2023,8,b,582,14896,12554,15931,18071,62034,0.000509355273617783,0.00357759232141465,0.0184598017806803,0.043688425222124,0.142123676957756,0.00957582655089642,0,0,0
USA,2023,9,m,340,9331,7217,8123,7011,32022,0.000582238785582156,0.00451001801558381,0.0227355274885381,0.0504244094971619,0.148041856120753,0.010073657022546,0,0,0
USA,2023,9,f,263,5524,5106,7616,10779,29288,0.000470762528887221,0.00263707580951422,0.0140800948530153,0.037414444720894,0.135089421049615,0.00887676142221007,0,0,0
USA,2023,9,b,603,14855,12323,15739,17790,61310,0.000527734072150383,0.00356774529636242,0.0181201320171518,0.0431618934511964,0.139913685633251,0.00946406689614501,0,0,0
USA,2023,10,m,335,9363,7175,7943,6888,31704,0.000573676450500065,0.00452548480119078,0.0226032159803604,0.049307039841925,0.145444630574775,0.00997361883214035,0,0,0
USA,2023,10,f,260,5364,5212,7488,10676,29000,0.000465392614109039,0.00256069417853626,0.014372396077931,0.0367856305239042,0.133798558226708,0.00878947286411131,0,0,0
USA,2023,10,b,595,14727,12387,15431,17564,60704,0.000520732625090345,0.00353700336449204,0.0182142396572636,0.0423172487353333,0.138136254888276,0.00937052221274811,0,0,0
USA,2023,11,m,360,9213,7172,8220,7089,32054,0.000616488125910518,0.00445298424365809,0.0225937651583477,0.0510265475891507,0.149688877198691,0.0100837237586874,0,0,0
USA,2023,11,f,241,5260,5148,7564,10729,28942,0.000431383153847225,0.00251104611840058,0.0141959123194913,0.0371589889533669,0.134462788611311,0.00877189391838309,0,0,0
USA,2023,11,b,601,14473,12320,15784,17818,60996,0.000525983710385374,0.00347599984343677,0.0181157207215215,0.0432852993350075,0.140133898291921,0.00941559654864232,0,0,0
USA,2023,12,m,344,9077,7066,8108,6996,31591,0.000589088653647828,0.00438725040482844,0.0222598361138991,0.0503312953592255,0.147725121298073,0.00993807067014086,0,0,0
USA,2023,12,f,269,5266,5290,7607,10707,29139,0.000481502358443583,0.00251391042956225,0.0145874856585293,0.0373702312226682,0.134187070338457,0.00883160171680481,0,0,0
USA,2023,12,b,613,14343,12356,15715,17703,60730,0.000536485880975431,0.00344477756888093,0.0181686562690844,0.0430960769798304,0.139229453443814,0.00937453568101266,0,0,0
USA,2023,13,m,318,9309,6903,7762,6978,31270,0.000544564511220957,0.00449938460047901,0.0217463414512094,0.0481834625774924,0.147345039510857,0.00983708872322195,0,0,0
USA,2023,13,f,280,5267,5174,7381,10725,28827,0.000501192045963581,0.00251438781475587,0.0142676088463574,0.036259981156108,0.134412658016247,0.00873703911219782,0,0,0
USA,2023,13,b,598,14576,12077,15143,17703,60097,0.000523358167737859,0.00350073749173871,0.017758405775472,0.0415274510789419,0.139229453443814,0.00927682316518719,0,0,0
USA,2023,14,m,343,9284,6913,7583,6860,30983,0.00058737618663141,0.00448730117422356,0.0217778441912517,0.0470723005314513,0.144853392239105,0.00974680268345333,0,0,0
USA,2023,14,f,246,5296,5074,7302,10109,28027,0.00044033301181086,0.00252823198537062,0.0139918529737954,0.0358718848939034,0.126692546376339,0.00849457089525682,0,0,0
USA,2023,14,b,589,14580,11987,14885,16969,59010,0.000515481539795316,0.00350169817710966,0.0176260669065648,0.0408199240117579,0.133456735891548,0.00910902931889605,0,0,0
USA,2023,15,m,316,9440,7019,7700,6668,31143,0.000541139577188121,0.00456270175405756,0.0221117732357003,0.0477985908073553,0.140799186508798,0.00979713636416058,0,0,0
USA,2023,15,f,233,5427,5157,7375,10273,28465,0.000417063381105408,0.00259076944573383,0.0142207303480219,0.0362305054906241,0.128747900773977,0.00862732224403201,0,0,0
USA,2023,15,b,549,14867,12176,15075,16941,59608,0.000480474304495125,0.00357062735247526,0.01790397853127,0.0413409710767384,0.133236523232879,0.00920133908898078,0,0,0
USA,2023,16,m,337,9066,6720,7786,6481,30390,0.000577101384532902,0.00438193369727605,0.0211698413084351,0.0483324451981907,0.136850559052718,0.00956025347933211,0,0,0
USA,2023,16,f,270,5272,5043,7273,10147,28005,0.00048329233003631,0.00251677474072393,0.0139063686533012,0.0357294191773979,0.12716878702945,0.00848790301929094,0,0,0
USA,2023,16,b,607,14338,11763,15059,16628,58395,0.000531234795680402,0.00344357671216724,0.0172966901661735,0.0412970934291611,0.130774860298466,0.00901409535802296,0,0,0
USA,2023,17,m,316,8981,6663,7593,6385,29938,0.000541139577188121,0.00434085004800752,0.0209902756901939,0.0471343766234089,0.134823456187564,0.00941806083133415,0,0,0
USA,2023,17,f,281,5153,4939,7303,10125,27801,0.000502982017556308,0.00245996590268407,0.0136195825458367,0.0358767975048174,0.126893068756596,0.00842607362397098,0,0,0
USA,2023,17,b,597,14134,11602,14896,16510,57739,0.000522482986855354,0.00339458175824883,0.0170599506340173,0.0408500898944673,0.12984682123693,0.008912832466425,0,0,0
USA,2023,18,m,333,9295,6799,7775,6485,30687,0.000570251516467229,0.00449261788177596,0.0214187129547693,0.0482641614970373,0.136935021672099,0.00965368537414493,0,0,0
USA,2023,18,f,247,5417,4978,7068,9615,27325,0.000442122983403587,0.00258599559379771,0.0137271273361359,0.0347223339400314,0.120501417885894,0.00828180503489109,0,0,0
USA,2023,18,b,580,14712,11777,14843,16100,58012,0.000507604911852773,0.00353340079435098,0.017317276212448,0.0407047451868675,0.126622278734983,0.00895497388320281,0,0,0
USA,2023,19,m,344,9198,6804,7529,6354,30229,0.000589088653647828,0.00444573418790482,0.0214344643247905,0.0467370896348802,0.134168870887358,0.00950960521312045,0,0,0
USA,2023,19,f,248,5199,4960,7225,9926,27558,0.000443912954996314,0.00248192562159023,0.0136774912790748,0.0354936138535267,0.124399071652146,0.00835242390307516,0,0,0
USA,2023,19,b,592,14397,11764,14754,16280,57787,0.000518107082442831,0.00345774682138874,0.0172981605980503,0.0404606757722188,0.128037931540716,0.00892024194629802,0,0,0
USA,2023,20,m,304,9077,6600,7493,6241,29715,0.000520589972991104,0.00438725040482844,0.0207918084279273,0.0465136157038329,0.131782801889833,0.00934790826384843,0,0,0
USA,2023,20,f,265,5075,4870,6945,9747,26902,0.000474342472072675,0.00242272985758231,0.013429310993769,0.0341180827976115,0.122155727523017,0.00815359996518353,0,0,0
USA,2023,20,b,569,14152,11470,14438,15988,56617,0.000497977922145221,0.0033989048424181,0.0168658536262867,0.0395940922325671,0.125741428100305,0.00873963587439312,0,0,0
USA,2023,21,m,292,8848,6611,7344,6177,29272,0.000500040368794087,0.00427656622032853,0.0208264614419738,0.0455886819336646,0.130431399979731,0.00920854688539025,0,0,0
USA,2023,21,f,280,5057,4779,7035,9315,26466,0.000501192045963581,0.00241413692409729,0.0131783731497376,0.0345602177798699,0.116741623256069,0.00802145478695069,0,0,0
USA,2023,21,b,572,13905,11390,14379,15492,55738,0.000500603464792735,0.00333958252076199,0.0167482190761469,0.0394322934071258,0.12184051814673,0.00860394977421841,0,0,0
USA,2023,22,m,356,9210,6666,7403,6237,29872,0.000609638257844845,0.00445153423250743,0.0209997265122066,0.0459549308762144,0.131698339270452,0.00939729818804241,0,0,0
USA,2023,22,f,261,5136,4820,7036,9672,26925,0.000467182585701766,0.00245185035439266,0.013291433057488,0.0345651303907839,0.121215778865561,0.00816057092642059,0,0,0
USA,2023,22,b,617,14346,11486,14439,15909,56797,0.00053998660450545,0.00344549808290914,0.0168893805363146,0.0395968345855407,0.125120113813344,0.00876742142391695,0,0,0
USA,2023,23,m,346,9246,6726,7385,6182,29885,0.000592513587680664,0.00446893436631528,0.0211887429524605,0.0458431939106907,0.130536978253958,0.00940138779959987,0,0,0
USA,2023,23,f,226,5110,4857,6845,9351,26389,0.000404533579956319,0.00243943833935874,0.0133934627303359,0.0336268217062132,0.117192798611648,0.00799811722107012,0,0,0
USA,2023,23,b,572,14356,11583,14230,15533,56274,0.000500603464792735,0.00344789979633651,0.0170320124283591,0.0390236828140622,0.122162972396925,0.00868668896613382,0,0,0
USA,2023,24,m,316,9093,6466,7352,6312,29539,0.000541139577188121,0.00439498379763193,0.0203696717113603,0.0456383428072306,0.133282013383853,0.00929254121507046,0,0,0
USA,2023,24,f,268,5077,4921,6999,9494,26759,0.000479712386850856,0.00242368462796953,0.0135699464887756,0.0343833637869665,0.118984967385198,0.00811025877140533,0,0,0
USA,2023,24,b,584,14170,11387,14351,15806,56298,0.000511105635382792,0.00340322792658737,0.0167438077805167,0.0393555075238655,0.124310045818953,0.00869039370607033,0,0,0
USA,2023,25,m,334,9021,6471,7381,6145,29352,0.000571963983483647,0.00436018353001624,0.0203854230813814,0.0458183634739077,0.12975569902468,0.00923371372574387,0,0,0
USA,2023,25,f,248,4961,4911,6925,9398,26443,0.000443912954996314,0.00236830794551051,0.0135423709015194,0.0340198305793318,0.117781833103654,0.00801448382571363,0,0,0
USA,2023,25,b,582,13982,11382,14306,15543,55795,0.000509355273617783,0.00335807571415276,0.0167364556211329,0.0392321016400544,0.122241619775021,0.00861274853156762,0,0,0
USA,2023,26,m,314,9174,6501,7341,6144,29474,0.000537714643155285,0.00443413409869959,0.0204799313015084,0.0455700591060773,0.129734583369834,0.00927209315728314,0,0,0
USA,2023,26,f,251,5043,4833,6888,9224,26239,0.000449282869774496,0.00240745353138672,0.013327281320921,0.0338380639755144,0.115601152218355,0.00795265443039368,0,0,0
USA,2023,26,b,565,14217,11334,14229,15368,55713,0.000494477198615201,0.00341451597969603,0.0166658748910491,0.0390209404610886,0.120865290658336,0.00860009067011787,0,0,0
USA,2023,27,m,338,9439,6779,7220,5933,29709,0.00057881385154932,0.00456221841700735,0.0213557074746847,0.0448189383933903,0.125279180197465,0.00934602075082191,0,0,0
USA,2023,27,f,250,5222,4763,6785,9238,26258,0.000447492898181769,0.00249290548104331,0.0131342522101276,0.0333320650513742,0.11577660930108,0.00795841305054603,0,0,0
USA,2023,27,b,588,14661,11542,14005,15171,55967,0.000514606358912811,0.00352115205587138,0.0169717247214124,0.0384066533950064,0.11931593730984,0.00863929916777928,0,0,0
USA,2023,28,m,345,9169,6658,7164,6092,29428,0.000590801120664246,0.0044317174134485,0.0209745243201727,0.0444713122784277,0.128636569317876,0.00925762222407981,0,0,0
USA,2023,28,f,263,5085,4831,6690,9305,26174,0.000470762528887221,0.00242750370951843,0.0133217662034698,0.0328653670145458,0.116616296768408,0.00793295388776722,0,0,0
USA,2023,28,b,608,14254,11489,13854,15397,55602,0.000532109976562907,0.00342340231937731,0.0168937918319449,0.0379925580959956,0.121093368054816,0.00858295624791151,0,0,0
USA,2023,29,m,346,9178,6532,7283,6136,29475,0.000592513587680664,0.00443606744690046,0.0205775897956396,0.0452100177727232,0.129565658131072,0.00927240774278756,0,0,0
USA,2023,29,f,258,5100,4825,6797,9270,26250,0.000461812670923585,0.00243466448742262,0.0133052208511161,0.033391016382342,0.116177654061595,0.00795598836837662,0,0,0
USA,2023,29,b,604,14278,11357,14080,15406,55725,0.000528609253032888,0.003429166431603,0.0166996948242143,0.038612329868025,0.121164150695102,0.00860194304008613,0,0,0
USA,2023,30,m,289,9271,6588,7408,5892,29448,0.000494902967744832,0.00448101779257073,0.0207540051398765,0.0459859689221932,0.124413438348806,0.00926391393416822,0,0,0
USA,2023,30,f,245,5013,4789,6835,9352,26234,0.000438543040218133,0.00239313197557835,0.0132059487369938,0.0335776955970733,0.117205331260414,0.0079511390040378,0,0,0
USA,2023,30,b,534,14284,11377,14243,15244,55682,0.000467346591257553,0.00343060745965943,0.0167291034617492,0.0390593334027187,0.119890063169943,0.00859530538103321,0,0,0
USA,2023,31,m,343,9120,6589,7549,6016,29617,0.00058737618663141,0.00440803389798782,0.0207571554138808,0.0468612418187954,0.127031779549629,0.00931707888441524,0,0,0
USA,2023,31,f,252,5254,4840,6782,9348,26476,0.000451072841367223,0.00250818180723891,0.0133465842320004,0.0333173272186323,0.117155200665349,0.00802448563966245,0,0,0
USA,2023,31,b,595,14374,11429,14331,15364,56093,0.000520732625090345,0.00345222288050578,0.0168055659193401,0.0393006604643939,0.120833831707098,0.00865874905244596,0,0,0
USA,2023,32,m,355,9201,6658,7519,6121,29854,0.000607925790828427,0.00444718419905547,0.0209745243201727,0.0466750135429226,0.129248923308391,0.00939163564896285,0,0,0
USA,2023,32,f,259,5099,4935,7109,9387,26789,0.000463602642516312,0.002434187102229,0.0136085523109343,0.0349237509875047,0.117643973967227,0.00811935132954062,0,0,0
USA,2023,32,b,614,14300,11593,14628,15508,56643,0.000537361061857936,0.00343445020114322,0.0170467167471265,0.0401151392975475,0.121966353951684,0.00874364934265767,0,0,0
USA,2023,33,m,327,9219,6606,7456,6113,29721,0.00055997671436872,0.00445588426595939,0.0208107100719527,0.0462839341635897,0.129079998069628,0.00934979577687495,0,0,0
USA,2023,33,f,221,5082,5026,7078,9493,26900,0.000395583721992683,0.0024260715539376,0.0138594901549657,0.0347714600491712,0.118972434736432,0.00815299379464118,0,0,0
USA,2023,33,b,548,14301,11632,14534,15606,56621,0.00047959912361262,0.00343469037248596,0.0171040635903197,0.0398573581180309,0.122737098257027,0.0087402533310492,0,0,0
USA,2023,34,m,324,8959,6640,7541,6325,29789,0.000554839313319466,0.00433021663290272,0.0209178193880966,0.0468115809452294,0.133556516896843,0.00937118759117553,0,0,0
USA,2023,34,f,271,4974,4816,6957,9639,26657,0.000485082301629037,0.00237451395302747,0.0132804028225855,0.0341770341285793,0.12080220145628,0.00807934407374535,0,0,0
USA,2023,34,b,595,13933,11456,14498,15964,56446,0.000520732625090345,0.00334630731835864,0.0168452675800122,0.039758633410982,0.125552674392874,0.00871323960234548,0,0,0
USA,2023,35,m,303,8946,6680,7485,6291,29705,0.000518877505974686,0.00432393325124989,0.0210438303482658,0.0464639548302668,0.132838584632101,0.00934476240880423,0,0,0
USA,2023,35,f,256,4962,4767,7083,9428,26496,0.000458232727738131,0.00236878533070412,0.0131452824450301,0.0347960231037411,0.118157812566636,0.00803054734508598,0,0,0
USA,2023,35,b,559,13908,11447,14568,15719,56201,0.000489226113320173,0.0033403030347902,0.0168320336931215,0.0399505981191327,0.123625813629515,0.00867542038216026,0,0,0
USA,2023,36,m,309,9001,6754,7851,6372,30287,0.000529152308073195,0.00435051678901188,0.0212769506245789,0.0487359397959151,0.134548952674574,0.00952785117237682,0,0,0
USA,2023,36,f,242,5130,4786,7173,9608,26939,0.000433173125439952,0.00244898604323098,0.0131976760608169,0.0352381580859996,0.120413689344531,0.00816481412021705,0,0,0
USA,2023,36,b,551,14131,11540,15024,15980,57226,0.000482224666260134,0.00339386124422062,0.016968783857659,0.0412011110750857,0.125678510197828,0.00883364365028208,0,0,0
USA,2023,37,m,293,8750,6646,7520,6506,29715,0.000501752835810505,0.00422919918940717,0.0209367210321219,0.0466812211521184,0.137378450423851,0.00934790826384843,0,0,0
USA,2023,37,f,237,5112,4912,7059,9640,26960,0.000424223267476317,0.00244039310974596,0.013545128460245,0.0346781204418055,0.120814734105046,0.00817117891091176,0,0,0
USA,2023,37,b,530,13862,11558,14579,16146,56675,0.000463845867727534,0.00332925515302429,0.0169952516314404,0.039980764001842,0.126984056674226,0.00874858899590635,0,0,0
USA,2023,38,m,333,8809,6823,7457,6389,29811,0.000570251516467229,0.00425771607537003,0.0214943195308709,0.0462901417727855,0.134907918806945,0.00937810847227277,0,0,0
USA,2023,38,f,269,5049,4941,7156,9701,27116,0.000481502358443583,0.00241031784254839,0.013625097663288,0.0351546437004619,0.121579225679777,0.00821846021321525,0,0,0
USA,2023,38,b,602,13858,11764,14613,16090,56927,0.000526858891267878,0.00332829446765334,0.0172981605980503,0.0400740040029438,0.126543631356887,0.00878748876523971,0,0,0
USA,2023,39,m,340,8664,6664,7736,6484,29888,0.000582238785582156,0.00418763220308843,0.0209934259641981,0.0480220647384026,0.136913906017254,0.00940233155611314,0,0,0
USA,2023,39,f,235,4959,5013,7160,9983,27350,0.000420643324290863,0.00236735317512329,0.0138236418915326,0.0351742941441178,0.125113432631813,0.00828938216667049,0,0,0
USA,2023,39,b,575,13623,11677,14896,16467,57238,0.000503229007440249,0.00327185420211008,0.0171702330247733,0.0408500898944673,0.129508637511116,0.00883549602025033,0,0,0
USA,2023,40,m,287,8808,6774,7838,6581,30288,0.000491478033711996,0.00425723273831981,0.0213399561046636,0.0486552408763702,0.138962124537253,0.00952816575788125,0,0,0
USA,2023,40,f,273,5100,5105,7439,9848,27765,0.000488662244814491,0.00243466448742262,0.0140773372942896,0.036544912589119,0.123421525048391,0.00841516255420864,0,0,0
USA,2023,40,b,560,13908,11879,15277,16429,58053,0.000490101294202677,0.0033403030347902,0.0174672602638761,0.0418949263774018,0.12920977747435,0.00896130281392768,0,0,0
USA,2023,41,m,306,8729,6704,7968,6760,30467,0.00052401490702394,0.00421904911135259,0.0211194369243674,0.0494622300718191,0.14274182675457,0.00958447656317247,0,0,0
USA,2023,41,f,245,5128,5021,7393,10144,27931,0.000438543040218133,0.00244803127284376,0.0138457023613376,0.0363189324870758,0.127131189083152,0.0084654747092239,0,0,0
USA,2023,41,b,551,13857,11725,15361,16904,58398,0.000482224666260134,0.0033280542963106,0.0172408137548571,0.0421252840271826,0.132945527933922,0.00901455845051503,0,0,0
USA,2023,42,m,302,8559,6900,7982,6839,30582,0.000517165038958268,0.00413688181281554,0.0217368906291967,0.0495491366005597,0.144409963487353,0.0096206538961808,0,0,0
USA,2023,42,f,227,5075,5077,7285,10256,27920,0.000406323551549046,0.00242272985758231,0.0140001256499723,0.0357883705083657,0.128534845744953,0.00846214077124096,0,0,0
USA,2023,42,b,529,13634,11977,15267,17095,58502,0.000462970686845029,0.00327449608688019,0.0176113625877973,0.041867502847666,0.134447692855561,0.00903061232357324,0,0,0
USA,2023,43,m,345,8704,6795,8026,6665,30535,0.000590801120664246,0.00420696568509714,0.0214061118587524,0.0498222714051732,0.140735839544262,0.00960586837747305,0,0,0
USA,2023,43,f,235,4955,5080,7398,10285,27953,0.000420643324290863,0.00236544363434884,0.0140083983261491,0.0363434955416457,0.12889829255917,0.00847214258518978,0,0,0
USA,2023,43,b,580,13659,11875,15424,16950,58488,0.000507604911852773,0.00328050037044862,0.0174613785363692,0.0422980522645183,0.133307305873165,0.00902845122527694,0,0,0
USA,2023,44,m,338,9026,6858,8045,6656,30923,0.00057881385154932,0.00436260021526733,0.021604579121019,0.0499402159798926,0.140545798650654,0.00972792755318812,0,0,0
USA,2023,44,f,246,5132,5135,7543,10000,28056,0.00044033301181086,0.00244994081361821,0.0141600640560582,0.0370558241241733,0.125326487660836,0.00850336036812093,0,0,0
USA,2023,44,b,584,14158,11993,15588,16656,58979,0.000511105635382792,0.00340034587047453,0.0176348894978253,0.0427477981521856,0.130995072957135,0.00910424402981139,0,0,0
USA,2023,45,m,314,8758,7242,8147,6914,31375,0.000537714643155285,0.00423306588580891,0.0228142843386439,0.0505733921178602,0.145993637600754,0.00987012020118608,0,0,0
USA,2023,45,f,264,5086,5126,7699,10751,28926,0.000472552500479948,0.00242798109471205,0.0141352460275277,0.0378221914267546,0.134738506884165,0.00876704455404427,0,0,0
USA,2023,45,b,578,13844,12368,15846,17665,60301,0.000505854550087764,0.00332493206885502,0.0181863014516054,0.0434553252193696,0.138930593407048,0.00930831345464753,0,0,0
USA,2023,46,m,315,8910,7039,8050,6955,31269,0.000539427110171703,0.00430653311744204,0.0221747787157849,0.0499712540258714,0.146859379449414,0.00983677413771753,0,0,0
USA,2023,46,f,236,5040,5148,7647,10426,28497,0.00042243329588359,0.00240602137580588,0.0141959123194913,0.0375667356592275,0.130665396035188,0.00863702097270966,0,0,0
USA,2023,46,b,551,13950,12187,15697,17381,59766,0.000482224666260134,0.00335039023118517,0.0179201532819142,0.043046714626306,0.136697007869114,0.00922572862689614,0,0,0
USA,2023,47,m,301,8773,6928,8017,6846,30865,0.00051545257194185,0.00424031594156218,0.0218250983013152,0.0497664029224113,0.14455777307127,0.00970968159393174,0,0,0
USA,2023,47,f,247,5041,5062,7596,10559,28505,0.000442122983403587,0.00240649876099949,0.013958762269088,0.0373161925026144,0.132332238321077,0.00863944565487906,0,0,0
USA,2023,47,b,548,13814,11990,15613,17405,59370,0.00047959912361262,0.0033177269285729,0.017630478202195,0.0428163569765251,0.136885761576545,0.00916460041794371,0,0,0
USA,2023,48,m,307,8949,7073,8476,7319,32124,0.000525727374040358,0.00432538326240054,0.0222818880319288,0.0526156955432654,0.154545477813121,0.0101057447439969,0,0,0
USA,2023,48,f,226,5236,5329,7984,11106,29881,0.000404533579956319,0.00249958887375389,0.0146950304488285,0.0392222855372397,0.139187597196124,0.00905649098801759,0,0,0
USA,2023,48,b,533,14185,12402,16460,18425,62005,0.000466471410375048,0.00340683049672843,0.0182362961354148,0.0451391299451485,0.144907794142364,0.0095713499901398,0,0,0
USA,2023,49,m,342,9202,7411,8615,7329,32899,0.000585663719614992,0.00444766753610569,0.023346680645359,0.0534785532214761,0.154756634361575,0.0103495485099226,0,0,0
USA,2023,49,f,254,5392,5424,8123,11266,30459,0.000454652784552677,0.0025740609639574,0.0149569985277624,0.0399051384542834,0.141192820998698,0.00923167427475746,0,0,0
USA,2023,49,b,596,14594,12835,16738,18595,63358,0.00052160780597285,0.00350506057590798,0.0188729931380462,0.0459015040718041,0.14624479957,0.0097802047040606,0,0,0
USA,2023,50,m,328,8919,7337,8464,7377,32425,0.000561689181385139,0.00431088315089401,0.0231135603690458,0.0525412042329162,0.155770185794152,0.0102004349808274,0,0,0
USA,2023,50,f,270,5438,5474,8110,11077,30369,0.00048329233003631,0.00259602068286357,0.0150948764640434,0.0398412745124016,0.138824150381908,0.0092043966003516,0,0,0
USA,2023,50,b,598,14357,12811,16574,18454,62794,0.000523358167737859,0.00344813996767925,0.0188377027730042,0.0454517581841368,0.145135871538843,0.0096931433155526,0,0,0
USA,2023,51,m,323,9207,7509,8939,7479,33457,0.000553126846303048,0.00445008422135678,0.0236554074977736,0.0554898186009024,0.157923982588377,0.0105250872213891,0,0,0
USA,2023,51,f,281,5439,5613,8217,11412,30962,0.000502982017556308,0.00259649806805718,0.0154781771269046,0.0403669238801978,0.143022587718546,0.00938412616615912,0,0,0
USA,2023,51,b,604,14646,13122,17156,18891,64419,0.000528609253032888,0.00351754948573032,0.0192950070866725,0.0470478076147611,0.14857276196165,0.00994398508208718,0,0,0
USA,2023,52,m,369,9279,7608,8773,7572,33601,0.000631900329058281,0.00448488448897247,0.0239672846241926,0.0544593554744062,0.159887738488995,0.0105703875340256,0,0,0
USA,2023,52,f,249,5594,5749,8439,11639,31670,0.000445702926589042,0.00267049277306708,0.0158532051135889,0.041457523503102,0.145867498988447,0.0095987105381519,0,0,0
USA,2023,52,b,618,14873,13357,17212,19211,65271,0.000540861785387955,0.00357206838053169,0.019640558577708,0.0472013793812817,0.15108947806073,0.0100755033498333,0,0,0
USA,2024,1,m,318,9615,7778,9117,7793,34621,0.000546773492068341,0.00461945789615555,0.0240526596568685,0.0537899905506182,0.158175277068802,0.0108017083428318,0,0,0
USA,2024,1,f,253,5717,5754,8698,12002,32424,0.00045453805933714,0.00271698552188209,0.0155707336363838,0.0406831007191694,0.146648026912011,0.00974876496752574,0,0,0
USA,2024,1,b,571,15332,13532,17815,19795,67045,0.000501668102567577,0.00366304980738803,0.0195291407599458,0.0464790038865233,0.150979691471701,0.0102654974743186,0,0,0
USA,2024,2,m,313,9446,8016,9436,8192,35403,0.00053817642458299,0.00453826305637913,0.0247886500140728,0.0556720797231143,0.16627381877937,0.0110456913567278,0,0,0
USA,2024,2,f,274,5615,5796,8777,12307,32769,0.000492266514855243,0.00266851035602028,0.0156843886264304,0.0410526069225282,0.15037470981554,0.00985249442452661,0,0,0
USA,2024,2,b,587,15061,13812,18213,20499,68172,0.000515725352376826,0.00359830375352668,0.0199332317600038,0.0475173784892085,0.156349214219671,0.0104380564370087,0,0,0
USA,2024,3,m,291,9279,7750,9230,7811,34361,0.000500349327647444,0.00445802910228054,0.023966072556021,0.0544566867151701,0.158540624815144,0.0107205886706924,0,0,0
USA,2024,3,f,243,5591,5862,8685,12007,32388,0.000436572128138044,0.00265710443464103,0.0158629893250751,0.0406222959008952,0.146709120074364,0.00973794102418652,0,0,0
USA,2024,3,b,534,14870,13612,17915,19818,66749,0.000469160712383688,0.00355267092589747,0.019644595331391,0.0467399020279015,0.151155116220569,0.0102201758656617,0,0,0
USA,2024,4,m,337,9208,7604,9029,7741,33919,0.000579442348512676,0.00442391766071766,0.0235145826730301,0.0532707935375158,0.157119828023816,0.0105826852280555,0,0,0
USA,2024,4,f,273,5358,5675,8707,12157,32170,0.000490469921735333,0.00254637194791748,0.0153569540122485,0.0407251963625901,0.148541914944952,0.00967239603396567,0,0,0
USA,2024,4,b,610,14566,13279,17736,19898,66089,0.000535932648977622,0.00348004066621537,0.0191640156777506,0.0462728943548345,0.151765289260111,0.0101191209274404,0,0,0
USA,2024,5,m,356,8972,7355,8686,7313,32682,0.000612111204957011,0.00431053315073402,0.0227445759547786,0.0512471051796281,0.148432670499699,0.0101967427879157,0,0,0
USA,2024,5,f,274,5321,5373,7887,11171,30026,0.000492266514855243,0.00252878781912447,0.0145397205123897,0.0368898155176005,0.136494343328951,0.00902777007509646,0,0,0
USA,2024,5,b,630,14293,12728,16573,18484,62708,0.000553504211239183,0.00341481678169822,0.0183688223169221,0.0432386489706063,0.140980480786204,0.00960144403937012,0,0,0
USA,2024,6,m,309,8810,7341,8534,7109,32103,0.000531298770594709,0.00423270141083,0.0227012824043548,0.0503503103388149,0.14429206270783,0.0100160955180361,0,0,0
USA,2024,6,f,302,5330,5311,8075,11121,30139,0.000542571122212713,0.00253306503964169,0.0143719440985114,0.0377691467357201,0.135883411705422,0.00906174523057791,0,0,0
USA,2024,6,b,611,14140,12652,16609,18230,62242,0.0005368112270907,0.00337826273652926,0.0182591404740493,0.0433325723015024,0.139043181385658,0.00953009312844414,0,0,0
USA,2024,7,m,315,8650,7124,8413,7026,31528,0.00054161525157713,0.0041558305566038,0.0220302323727863,0.0496364144457991,0.142607403655255,0.00983669624311256,0,0,0
USA,2024,7,f,257,5203,5361,7943,10766,29530,0.000461724431816779,0.00247270870567649,0.0145072476580907,0.037151743965551,0.131545797178362,0.00887864018908941,0,0,0
USA,2024,7,b,572,13853,12485,16356,17792,61058,0.000502546680680655,0.00330969403742149,0.0180181290561575,0.0426725000038156,0.135702483994165,0.00934880669381676,0,0,0
USA,2024,8,m,323,8723,7236,8463,7116,31861,0.000555370559553692,0.0041909028838445,0.0223765807761765,0.0499314127486982,0.144434142386962,0.00994059182319872,0,0,0
USA,2024,8,f,241,5224,5390,7929,11020,29804,0.000432978941898224,0.00248268888688334,0.0145857237226466,0.0370862618535634,0.134649329825892,0.0089610224245046,0,0,0
USA,2024,8,b,564,13947,12626,16392,18136,61665,0.000495518055776031,0.00333215207824425,0.0182216177383296,0.0427664233347117,0.138326228064196,0.00944174661427184,0,0,0
USA,2024,9,m,305,8657,7068,8468,7092,31590,0.000524421116606428,0.00415919365647619,0.0218570581710911,0.0499609125789881,0.143947012058507,0.0098560401649304,0,0,0
USA,2024,9,f,261,5230,5251,7883,10522,29147,0.000468910804296417,0.00248554036722815,0.0142095798270162,0.0368711063427469,0.128564450855539,0.0087634854585638,0,0,0
USA,2024,9,b,566,13887,12319,16351,17614,60737,0.000497275212002187,0.00331781715857015,0.0177785608204089,0.0426594550967467,0.134344848981184,0.00929965724659092,0,0,0
USA,2024,10,m,317,8711,7094,8111,6858,31091,0.000545054078571271,0.00418513756977754,0.021937460479021,0.0478546246962887,0.139197491356069,0.00970035279417066,0,0,0
USA,2024,10,f,251,5250,5195,7752,10785,29233,0.000450944873097321,0.00249504530171086,0.0140580398402874,0.0362583808662913,0.131777951195304,0.00878934265654083,0,0,0
USA,2024,10,b,568,13961,12289,15863,17643,60324,0.000499032368228343,0.00333549689283487,0.0177352653561169,0.0413862721668212,0.134566036708018,0.0092364213534312,0,0,0
USA,2024,11,m,342,8660,6976,8198,6997,31173,0.000588039415998027,0.00416063498499294,0.0215725576968777,0.0483679217433331,0.142018787841705,0.00972593669076846,0,0,0
USA,2024,11,f,249,5010,5289,7689,10431,28668,0.000447351686857501,0.00238098608791836,0.0143124105322965,0.035963711362347,0.127452555300715,0.0086194668791336,0,0,0
USA,2024,11,b,591,13670,12265,15887,17428,59841,0.000519239664829138,0.00326597253241549,0.0177006289846834,0.0414488877207519,0.132926196664249,0.0091624675122783,0,0,0
USA,2024,12,m,349,8364,6884,7937,6808,30342,0.000600075310477519,0.00401842390467447,0.0212880572226643,0.0468280306021999,0.138182636505121,0.00946666573866155,0,0,0
USA,2024,12,f,250,5021,5078,7545,10225,28119,0.000449148279977411,0.00238621380188385,0.0137414295108719,0.0352901810676171,0.124935517011774,0.00845440174321047,0,0,0
USA,2024,12,b,599,13385,11962,15482,17033,58461,0.000526268289733763,0.00319788166396352,0.0172633447953349,0.0403922502481703,0.129913467281509,0.00895117082327003,0,0,0
USA,2024,13,m,356,8364,6921,8068,6899,30608,0.000612111204957011,0.00401842390467447,0.0214024758916414,0.0476009261557955,0.140029672333847,0.00954965740323488,0,0,0
USA,2024,13,f,244,4832,5062,7548,10438,28124,0.000438368721257953,0.00229639217102226,0.0136981323718065,0.0353042129487573,0.127538085728009,0.00845590506867425,0,0,0
USA,2024,13,b,600,13196,11983,15616,17337,58732,0.000527146867846841,0.00315272666699011,0.0172936516203393,0.0407418537576171,0.132232124831769,0.00899266459335788,0,0,0
USA,2024,14,m,309,8475,6862,8077,6708,30431,0.000531298770594709,0.00407175305979389,0.0212200245005698,0.0476540258503173,0.136152926803224,0.00949443362643232,0,0,0
USA,2024,14,f,233,5075,5202,7522,10283,28315,0.000418606196938947,0.00241187712498716,0.0140769823386285,0.0351826033122088,0.125644197695068,0.00851333210139068,0,0,0
USA,2024,14,b,542,13550,12064,15599,16991,58746,0.000476189337288313,0.00323730269306729,0.0174105493739275,0.0406975010735828,0.12959312643575,0.00899480818295652,0,0,0
USA,2024,15,m,328,8664,6784,8103,6817,30696,0.000563967627039044,0.00416255675634859,0.0209788175767802,0.0478074249678248,0.138365310378292,0.00957711329226666,0,0,0
USA,2024,15,f,251,5041,5050,7624,10345,28311,0.000450944873097321,0.00239571873636656,0.0136656595175075,0.0356596872709758,0.126401752908244,0.00851212944101965,0,0,0
USA,2024,15,b,579,13705,11834,15727,17162,59007,0.000508696727472202,0.00327433456889205,0.0170786174810227,0.0410314506945468,0.130897371307771,0.00903477081761678,0,0,0
USA,2024,16,m,325,8512,6613,8020,6573,30043,0.000558809386547833,0.0040895294448337,0.0204500177823183,0.0473177277850124,0.133412818705664,0.0093733781157013,0,0,0
USA,2024,16,f,246,4820,5090,7341,10214,27711,0.000441961907497773,0.00229068921033263,0.0137739023651709,0.0343360131500831,0.124801112054597,0.00833173038536595,0,0,0
USA,2024,16,b,571,13332,11703,15361,16787,57754,0.000501668102567577,0.00318521915158474,0.0168895606202813,0.0400765634971027,0.128037185184917,0.00884291954853898,0,0,0
USA,2024,17,m,321,8447,6621,8011,6536,29936,0.000551931732559552,0.00405830066030431,0.020474756953989,0.0472646280904905,0.132661826115962,0.00933999425062857,0,0,0
USA,2024,17,f,224,4749,5016,7291,10077,27357,0.00040243685885976,0.00225694669291902,0.0135736530969936,0.034102148464413,0.123127159406127,0.00822529494253027,0,0,0
USA,2024,17,b,545,13196,11637,15302,16613,57293,0.000478825071627547,0.00315272666699011,0.016794310598839,0.0399226335936896,0.126710058823913,0.00877233420532679,0,0,0
USA,2024,18,m,262,8497,6696,7670,6332,29457,0.000450486336232407,0.00408232280225,0.0207066866884021,0.0452527396647188,0.128521218324093,0.00919054685464878,0,0,0
USA,2024,18,f,268,4842,5086,7373,9995,27564,0.000481486956135785,0.00230114463826361,0.0137630780804046,0.034485686548912,0.122125231543538,0.0082875326167308,0,0,0
USA,2024,18,b,530,13339,11782,15043,16327,57021,0.000465646399931376,0.00318689155888005,0.0170035720095833,0.0392469074075201,0.12452869020755,0.00873068732169618,0,0,0
USA,2024,19,m,318,8608,6648,7775,6394,29743,0.000546773492068341,0.00413565195736942,0.0205582516583777,0.0458722361008069,0.129779638339269,0.00927977849400206,0,0,0
USA,2024,19,f,241,4856,4955,7355,9671,27078,0.000432978941898224,0.00230779809240151,0.0134085827543069,0.0344014952620707,0.118166394623067,0.0081414093816513,0,0,0
USA,2024,19,b,559,13464,11603,15130,16065,56821,0.00049112516521064,0.00321675597486775,0.0167452424059748,0.0394738887905191,0.12253037350305,0.00870006461314425,0,0,0
USA,2024,20,m,337,8326,6738,7768,6404,29573,0.000579442348512676,0.00400016707679575,0.0208365673396735,0.045830936338401,0.129982609309459,0.00922673870837249,0,0,0
USA,2024,20,f,265,4802,4976,7220,9674,26937,0.000476097176776056,0.0022821347692982,0.0134654102493302,0.0337700606107615,0.118203050520479,0.00809901560357269,0,0,0
USA,2024,20,b,602,13128,11714,14988,16078,56510,0.000528904024072997,0.0031364804246928,0.016905435623855,0.0391034134297621,0.122629526621976,0.00865244630134601,0,0,0
USA,2024,21,m,341,8340,6603,7765,6303,29352,0.000586320002500957,0.00400689327654054,0.0204190938177299,0.0458132364402271,0.127932602510543,0.00915778698705404,0,0,0
USA,2024,21,f,296,4852,4840,7286,9761,27035,0.000531791563493255,0.00230589710550497,0.0130973845672745,0.034078761995846,0.11926607154542,0.00812848078266279,0,0,0
USA,2024,21,b,637,13192,11443,15051,16064,56387,0.000559654258030729,0.0031517710056785,0.0165143332630845,0.0392677792588303,0.122522746340056,0.00863361333558658,0,0,0
USA,2024,22,m,336,8415,6501,7552,6377,29181,0.000577722935015606,0.00404292648945907,0.0201036693789281,0.044556543669877,0.129434587689946,0.00910443520268548,0,0,0
USA,2024,22,f,256,4855,4678,7168,9612,26569,0.000459927838696869,0.00230732284567737,0.0126590010342377,0.0335268413376646,0.117445495307303,0.00798837084943842,0,0,0
USA,2024,22,b,592,13270,11179,14720,15989,55750,0.000520118242942216,0.00317040640125483,0.0161333331773156,0.0384042064108685,0.121950709115485,0.0085360800088487,0,0,0
USA,2024,23,m,308,8691,6592,7578,6637,29806,0.000529579357097639,0.00417552871299926,0.0203850774566826,0.0447099427873845,0.134711832914878,0.0092994344145589,0,0,0
USA,2024,23,f,253,4878,4960,7162,9820,27073,0.00045453805933714,0.00231825352033249,0.0134221131102648,0.0334987775753842,0.119986970861185,0.00813990605618752,0,0,0
USA,2024,23,b,561,13569,11552,14740,16457,56879,0.000492882321436796,0.00324184208429742,0.0166716401166786,0.0384563860391442,0.125520221396806,0.00870894519862431,0,0,0
USA,2024,24,m,329,8412,6731,7752,6360,29584,0.000565687040536114,0.00404148516094233,0.0208149205644616,0.0457365368814733,0.129089537040624,0.00923017069450146,0,0,0
USA,2024,24,f,269,4793,4952,7227,9611,26852,0.000483283549255694,0.00227785754878098,0.0134004645407321,0.0338028016667553,0.117433276674832,0.00807345907068841,0,0,0
USA,2024,24,b,598,13205,11683,14979,15971,56436,0.000525389711620685,0.00315487690494123,0.01686069697742,0.039079932597038,0.121813420181588,0.0086411158991818,0,0,0
USA,2024,25,m,319,8346,6697,7836,6353,29551,0.000548492905565411,0.00400977593357402,0.020709779084861,0.0462321340303437,0.128947457361491,0.00921987473611454,0,0,0
USA,2024,25,f,241,4867,4884,7208,9358,26558,0.000432978941898224,0.002313025806367,0.0132164516997043,0.0337139330862007,0.114341962659773,0.0079850635334181,0,0,0
USA,2024,25,b,560,13213,11581,15044,15711,56109,0.000492003743323718,0.00315678822756444,0.0167134923988274,0.0392495163889338,0.119830357803076,0.00859104777069941,0,0,0
USA,2024,26,m,307,8786,6694,7585,6464,29836,0.000527859943600568,0.00422117078269607,0.0207005018954844,0.0447512425497904,0.131200435130596,0.00930879437672882,0,0,0
USA,2024,26,f,282,4754,4790,7209,9814,26849,0.00050663925981452,0.0022593229265397,0.0129620810076952,0.0337186103799141,0.119913659066362,0.00807255707541014,0,0,0
USA,2024,26,b,589,13540,11484,14794,16278,56685,0.000517482508602982,0.00323491353978828,0.0165735037309502,0.0385972710354884,0.124154959220831,0.00867924117132894,0,0,0
USA,2024,27,m,332,8754,6746,7593,6268,29693,0.000570845281027325,0.00420579661185083,0.0208613065113442,0.0447984422782542,0.127222204114879,0.00926417855705219,0,0,0
USA,2024,27,f,272,4864,4830,7243,9482,26691,0.000488673328615423,0.00231160006619459,0.0130703238553587,0.0338776383661697,0.115857073086126,0.00802505199075467,0,0,0
USA,2024,27,b,604,13618,11576,14836,15750,56384,0.000530661180299153,0.00325354893536461,0.0167062764881121,0.0387068482548672,0.120127817159853,0.0086331539949583,0,0,0
USA,2024,28,m,326,8540,7004,7682,6247,29799,0.000560528800044903,0.00410298184432329,0.0216591447977253,0.0453235392574146,0.126795965077481,0.00929725042338592,0,0,0
USA,2024,28,f,254,4891,4917,7086,9360,26508,0.00045633465245705,0.00232443172774625,0.0133057520490266,0.0331433032531656,0.114366399924714,0.00797003027878029,0,0,0
USA,2024,28,b,580,13431,11921,14768,15607,56307,0.00050957530558528,0.003208871769047,0.0172041743274693,0.0385294375187301,0.119037132851671,0.00862136425216581,0,0,0
USA,2024,29,m,319,8345,6569,7677,6391,29301,0.000548492905565411,0.00400929549073511,0.0203139523381293,0.0452940394271247,0.129718747048212,0.00914187505136517,0,0,0
USA,2024,29,f,249,4757,4903,7099,9436,26444,0.000447351686857501,0.0022607486667121,0.0132678670523444,0.0332041080714399,0.115295015992479,0.0079507877128439,0,0,0
USA,2024,29,b,568,13102,11472,14776,15827,55745,0.000499032368228343,0.00313026862616736,0.0165561855452334,0.0385503093700403,0.120715108710412,0.00853531444113491,0,0,0
USA,2024,30,m,338,8217,6528,7708,6360,29151,0.000581161762009746,0.00394779880735415,0.0201871640833168,0.0454769383749221,0.129089537040624,0.00909507524051555,0,0,0
USA,2024,30,f,261,4610,4956,7369,9608,26804,0.000468910804296417,0.0021908873982642,0.0134112888254985,0.0344669773740584,0.11739662077742,0.00805902714623612,0,0,0
USA,2024,30,b,599,12827,11484,15077,15968,55955,0.000526268289733763,0.0030645669109944,0.0165735037309502,0.0393356127755886,0.121790538692605,0.00856746828511443,0,0,0
USA,2024,31,m,323,8323,6858,7781,6404,29689,0.000555370559553692,0.00399872574827901,0.0212076549147344,0.0459076358971548,0.129982609309459,0.0092629305620962,0,0,0
USA,2024,31,f,263,4796,4900,7266,9707,26932,0.000472503990536236,0.00227928328895338,0.0132597488387697,0.033985216121578,0.118606265392009,0.00809751227810891,0,0,0
USA,2024,31,b,586,13119,11758,15047,16111,56621,0.000514846774263748,0.00313433018674168,0.0169689356381498,0.0392573433331752,0.122881223000787,0.00866944190459233,0,0,0
USA,2024,32,m,312,8435,6472,7771,6480,29470,0.00053645701108592,0.00405253534623735,0.0200139898816217,0.0458486362365749,0.1315251886829,0.00919460283825575,0,0,0
USA,2024,32,f,235,4793,4923,7300,9562,26813,0.000422199383178766,0.00227785754878098,0.0133219884761761,0.0341442441078336,0.116834563683773,0.00806173313207092,0,0,0
USA,2024,32,b,547,13228,11395,15071,16042,56283,0.000480582227853703,0.00316037195748296,0.0164450605202175,0.039319958887106,0.122354948754182,0.00861768952713958,0,0,0
USA,2024,33,m,311,8234,6661,7747,6496,29449,0.000534737597588849,0.00395596633561568,0.0205984528123427,0.0457070370511834,0.131849942235203,0.0091880508647368,0,0,0
USA,2024,33,f,256,4733,4852,7355,9858,27054,0.000459927838696869,0.00224934274533285,0.0131298574215736,0.0344014952620707,0.120451278895068,0.00813419341942516,0,0,0
USA,2024,33,b,567,12967,11513,15102,16354,56503,0.000498153790115265,0.00309801505690063,0.016615356013099,0.0394008373109332,0.124734623608396,0.0086513745065467,0,0,0
USA,2024,34,m,304,8226,6691,7883,6401,29505,0.000522701703109358,0.00395212279290437,0.0206912247061079,0.0465094324350689,0.129921718018402,0.00920552279412066,0,0,0
USA,2024,34,f,251,4732,4865,7309,9759,26916,0.000450944873097321,0.00224886749860872,0.0131650363470642,0.0341863397512542,0.119241634280479,0.00809270163662481,0,0,0
USA,2024,34,b,555,12958,11556,15192,16160,56421,0.000487610852758328,0.00309586481894952,0.0166774128452508,0.0396356456381736,0.123254953987506,0.00863881919604041,0,0,0
USA,2024,35,m,278,8180,6810,7949,6480,29697,0.000477996952185531,0.00393002242231434,0.0210592198847101,0.0468988301948957,0.1315251886829,0.00926542655200817,0,0,0
USA,2024,35,f,238,4838,4883,7255,9566,26780,0.000427589162538495,0.00229924365136707,0.0132137456285127,0.0339337658907305,0.116883438213655,0.00805181118400997,0,0,0
USA,2024,35,b,516,13018,11693,15204,16046,56477,0.000453346306348283,0.00311019973862362,0.0168751287988506,0.0396669534151389,0.122385457406159,0.00864739355443495,0,0,0
USA,2024,36,m,312,8163,6718,7616,6592,29401,0.00053645701108592,0.00392185489405281,0.0207747194104966,0.0449341414975878,0.133798463549024,0.00917307492526492,0,0,0
USA,2024,36,f,260,4830,4915,7437,9460,26902,0.000467114211176508,0.00229544167757399,0.0133003399066435,0.0347850333465697,0.115588263171773,0.00808849232532622,0,0,0
USA,2024,36,b,572,12993,11633,15053,16052,56303,0.000502546680680655,0.00310422685542608,0.0167885378702668,0.0392729972216579,0.122431220384124,0.00862075179799477,0,0,0
USA,2024,37,m,327,8002,6603,7915,6636,29483,0.000562248213541973,0.0038445035969877,0.0204190938177299,0.0466982313489243,0.134691535817859,0.00919865882186271,0,0,0
USA,2024,37,f,266,4880,4886,7342,10061,27435,0.000477893769895965,0.00231920401378076,0.0132218638420875,0.0343406904437965,0.122931661286597,0.00824874681976525,0,0,0
USA,2024,37,b,593,12882,11489,15257,16697,56918,0.000520996821055294,0.00307770725402899,0.0165807196416655,0.0398052294300694,0.127350740515433,0.00871491662679194,0,0,0
USA,2024,38,m,302,8069,6641,7880,6491,29383,0.000519262876115217,0.00387669326719492,0.0205366048831659,0.0464917325368949,0.131748456750109,0.00916745894796296,0,0,0
USA,2024,38,f,234,4761,4914,7347,9759,27015,0.000420402790058857,0.00226264965360864,0.0132976338354519,0.0343640769123635,0.119241634280479,0.00812246748080767,0,0,0
USA,2024,38,b,536,12830,11555,15227,16250,56398,0.000470917868609845,0.00306528365697811,0.0166759696631077,0.0397269599876559,0.123941398656991,0.00863529758455694,0,0,0
USA,2024,39,m,308,7973,6619,7937,6538,29375,0.000529579357097639,0.0038305707546592,0.0204685721610713,0.0468280306021999,0.13270242031,0.00916496295805099,0,0,0
USA,2024,39,f,253,4740,5001,7365,9763,27122,0.00045453805933714,0.0022526694724018,0.0135330620291198,0.0344482681992047,0.119290508810362,0.00815463864573258,0,0,0
USA,2024,39,b,561,12713,11620,15302,16301,56497,0.000492882321436796,0.00303733056361362,0.0167697765024069,0.0399226335936896,0.124330383969699,0.00865045582529014,0,0,0
USA,2024,40,m,313,8111,6611,7811,6563,29409,0.00053817642458299,0.0038968718664293,0.0204438329894006,0.0460846348788942,0.133209847735474,0.0091755709151769,0,0,0
USA,2024,40,f,249,4760,5010,7416,9664,27099,0.000447351686857501,0.00226217440688451,0.0135574166698441,0.0346868101785882,0.118080864195773,0.00814772334859918,0,0,0
USA,2024,40,b,562,12871,11621,15227,16227,56508,0.000493760899549874,0.00307507918542208,0.01677121968455,0.0397269599876559,0.123765973908123,0.00865214007426049,0,0,0
USA,2024,41,m,292,8073,6723,7928,6679,29695,0.000502068741144515,0.00387861503855057,0.0207901813927908,0.0467749309076781,0.135564310989674,0.00926480255453018,0,0,0
USA,2024,41,f,236,4846,5023,7611,9846,27562,0.000423995976298676,0.00230304562516015,0.0135925955953347,0.0355988824527016,0.12030465530542,0.00828693128654529,0,0,0
USA,2024,41,b,528,12919,11746,15539,16525,57257,0.00046388924370522,0.00308654712116136,0.016951617452433,0.0405409621887559,0.126038868480417,0.00876682211778745,0,0,0
USA,2024,42,m,291,8078,6896,8096,6679,30040,0.000500349327647444,0.00388101725274514,0.0213251659801704,0.047766125205419,0.135564310989674,0.00937244211948431,0,0,0
USA,2024,42,f,263,4867,5009,7457,9953,27549,0.000472503990536236,0.002313025806367,0.0135547105986525,0.0348785792208377,0.121612048979773,0.00828302264033946,0,0,0
USA,2024,42,b,554,12945,11905,15553,16632,57589,0.00048673227464525,0.0030927589196868,0.0171810834131802,0.0405774879285488,0.126854974920805,0.00881765581398364,0,0,0
USA,2024,43,m,320,7927,6652,8224,6719,29842,0.000550212319062482,0.00380847038406917,0.0205706212442131,0.0485213208608406,0.136376194870433,0.00931066636916281,0,0,0
USA,2024,43,f,242,4674,5035,7721,10336,28008,0.000434775535018134,0.00222130318860886,0.0136250684496337,0.0361133847611758,0.126291785216009,0.00842102791791453,0,0,0
USA,2024,43,b,562,12601,11687,15945,17055,57850,0.000493760899549874,0.00301057204688863,0.0168664697059922,0.0416002086427513,0.130081264867384,0.0088576184486439,0,0,0
USA,2024,44,m,302,8162,6834,8158,6583,30039,0.000519262876115217,0.0039213744512139,0.0211334373997222,0.0481319231010138,0.133615789675853,0.00937213012074531,0,0,0
USA,2024,44,f,241,4811,4988,7608,10006,27654,0.000432978941898224,0.00228641198981541,0.0134978831036292,0.0355848505715614,0.122259636500715,0.00831459247507885,0,0,0
USA,2024,44,b,543,12973,11822,15766,16589,57693,0.000477067915401391,0.00309944854886804,0.0170612992953059,0.0411332009696843,0.126527006912051,0.00883357962243064,0,0,0
USA,2024,45,m,320,8326,6847,8102,6495,30090,0.000550212319062482,0.00400016707679575,0.0211736385536872,0.0478015250017669,0.131829645138184,0.00938804205643418,0,0,0
USA,2024,45,f,258,4841,5041,7487,10123,27750,0.000463521024936688,0.00230066939153948,0.0136413048767832,0.0350188980322398,0.123689216499774,0.00834345632398345,0,0,0
USA,2024,45,b,578,13167,11888,15589,16618,57840,0.000507818149359123,0.00314579812248096,0.0171565493167482,0.0406714112594449,0.126748194638885,0.0088560873132163,0,0,0
USA,2024,46,m,303,8100,6729,8013,6656,29801,0.000520982289612287,0.00389158699520124,0.0208087357715439,0.0472764280226065,0.135097477758238,0.00929787442086391,0,0,0
USA,2024,46,f,276,4671,5049,7560,9943,27499,0.000495859701095062,0.00221987744843646,0.0136629534463159,0.0353603404733181,0.121489862655068,0.00826798938570165,0,0,0
USA,2024,46,b,579,12771,11778,15573,16599,57300,0.000508696727472202,0.00305118765263191,0.0169977992810111,0.0406296675568244,0.126603278541993,0.00877340600012611,0,0,0
USA,2024,47,m,291,7973,6881,8121,6886,30152,0.000500349327647444,0.0038305707546592,0.0212787800332878,0.0479136243568685,0.1397658100726,0.00940738597825203,0,0,0
USA,2024,47,f,262,4822,5079,7689,10301,28153,0.000470707397416327,0.0022916397037809,0.0137441355820635,0.035963711362347,0.125864133079538,0.00846462435636418,0,0,0
USA,2024,47,b,553,12795,11960,15810,17187,58305,0.000485853696532172,0.00305692162050155,0.0172604584310488,0.0412479961518907,0.131088050382628,0.00892728511059953,0,0,0
USA,2024,48,m,303,8156,6747,8151,6811,30168,0.000520982289612287,0.00391849179418041,0.020864398907803,0.048090623338608,0.138243527796178,0.00941237795807599,0,0,0
USA,2024,48,f,256,4635,5146,7711,10077,27825,0.000459927838696869,0.00220276856636758,0.0139254423518997,0.0360666118240418,0.123127159406127,0.00836600620594016,0,0,0
USA,2024,48,b,559,12791,11893,15862,16888,57993,0.00049112516521064,0.00305596595918994,0.0171637652274635,0.0413836631854074,0.128807528647339,0.00887951368525853,0,0,0
USA,2024,49,m,291,8348,7265,8559,6987,31450,0.000500349327647444,0.00401073681925185,0.0224662602734829,0.0504978094902644,0.141815816871516,0.00981236034147076,0,0,0
USA,2024,49,f,227,4919,5289,7883,10516,28834,0.000407826638219489,0.00233773863602204,0.0143124105322965,0.0368711063427469,0.128491139060715,0.00866937728453112,0,0,0
USA,2024,49,b,518,13267,12554,16442,17503,60284,0.000455103462574439,0.00316968965527113,0.018117708624029,0.0428968724054008,0.133498233888819,0.00923029681172081,0,0,0
USA,2024,50,m,287,8583,7263,8947,7467,32547,0.000493471673659163,0.00412364088639658,0.0224600754805652,0.0527869963207613,0.151558423440619,0.010154622958151,0,0,0
USA,2024,50,f,239,5122,5299,8079,11123,29862,0.000429385755658405,0.00243421372102152,0.0143394712442123,0.0377878559105737,0.135907848970363,0.00897846099988446,0,0,0
USA,2024,50,b,526,13705,12562,17026,18590,62409,0.000462132087479064,0.00327433456889205,0.0181292540811735,0.0444205175510494,0.141788960063598,0.009555663090085,0,0,0
USA,2024,51,m,298,8249,7234,8683,7264,31728,0.000512385222126936,0.00396317297819939,0.0223703959832588,0.0512294052814542,0.147438112745769,0.00989909599091206,0,0,0
USA,2024,51,f,276,4888,5450,8338,11050,30002,0.000495859701095062,0.00232300598757384,0.0147480879941418,0.0389992749823448,0.13501588880001,0.00902055411287032,0,0,0
USA,2024,51,b,574,13137,12684,17021,18314,61730,0.000504303836906811,0.00313863066264391,0.0183053223026273,0.0444074726439805,0.139683863077177,0.00945169899455122,0,0,0
USA,2024,52,m,319,8625,7567,9006,7534,33051,0.000548492905565411,0.00414381948563095,0.023400164004053,0.0531350943181822,0.15291832894089,0.0103118703226057,0,0,0
USA,2024,52,f,253,5004,5482,8504,11170,30413,0.00045453805933714,0.00237813460757355,0.0148346822722725,0.0397757057387695,0.13648212469648,0.0091441274659931,0,0,0
USA,2024,52,b,572,13629,13049,17510,18704,63464,0.000502546680680655,0.00325617700397152,0.0188320837848458,0.0456832645553198,0.142658456644945,0.0097171978776964,0,0,0
USA,2025,1,m,308,8941,7550,8897,7640,33336,0.000533797974150957,0.00428970476068887,0.022947349358811,0.0501981498112447,0.151509219729216,0.0103593337591176,0,0,1
USA,2025,1,f,253,5292,5564,8584,11649,31342,0.000458023452029379,0.00251470951754845,0.0148028566084949,0.0384005344261944,0.139793767662825,0.00938514366852844,0,0,1
USA,2025,1,b,561,14233,13114,17481,19289,64678,0.000496736775270522,0.00339794300331461,0.018604389023278,0.0436178635017104,0.144210494093801,0.00986320873734183,0,0,1
USA,2025,2,m,290,8950,7959,9537,8040,34776,0.000502601988648628,0.00429402277241532,0.0241904574234141,0.05380912158591,0.159441639610327,0.010806821178518,0,0,1
USA,2025,2,f,264,5429,5802,9011,12219,32725,0.000477937515161091,0.00257981065207304,0.0154360485338762,0.040310719444832,0.146634049881712,0.00979927338882628,0,0,1
USA,2025,2,b,554,14379,13761,18548,20259,67501,0.000490538633689607,0.0034327985979527,0.0195222660781858,0.046280197484682,0.151462512304749,0.0102937081075375,0,0,1
USA,2025,3,m,305,8920,7934,9678,8030,34867,0.000528598643233902,0.00427962939999382,0.0241144728228883,0.0546046638050159,0.159243329113299,0.0108350998973829,0,0,1
USA,2025,3,f,269,5383,5850,9170,12225,32897,0.000486989362039142,0.0025579518769772,0.0155637511070624,0.0410220061379547,0.146706052852437,0.00985077759120605,0,0,1
USA,2025,3,b,574,14303,13784,18848,20255,67764,0.00050824760963508,0.00341465458978493,0.0195548954016214,0.0470287449962953,0.151432607075014,0.0103338148501381,0,0,1
USA,2025,4,m,305,9129,7983,9476,8330,35223,0.000528598643233902,0.00437990322786363,0.024263402639919,0.0534649508386372,0.165192644024132,0.0109457287316235,0,0,1
USA,2025,4,f,246,5529,5702,9102,12165,32744,0.000445350866400107,0.00262732972836837,0.015170001506405,0.0407178080553614,0.145986023145185,0.00980496280653102,0,0,1
USA,2025,4,b,551,14658,13685,18578,20495,67967,0.000487882287297786,0.0034994062068844,0.0194144474442244,0.0463550522358433,0.153226920859166,0.0103647717655294,0,0,1
USA,2025,5,m,292,9091,8217,9776,8275,35651,0.000506068209259998,0.00436167162279639,0.024974618500841,0.0551575938580115,0.16410193629048,0.0110787319368341,0,0,1
USA,2025,5,f,282,5697,6103,9220,12401,33703,0.000510524163922074,0.00270716177654451,0.0162368500865644,0.0412456811986851,0.148818139993707,0.010092128679102,0,0,1
USA,2025,5,b,574,14788,14320,18996,20676,69354,0.00050824760963508,0.00353044201032927,0.0203153005042962,0.0473980284353579,0.154580132504714,0.0105762852711835,0,0,1
USA,2025,6,m,346,9149,8033,9714,8047,35289,0.000599656165766984,0.00438949880947797,0.0244153718409707,0.0548077809673408,0.159580456958247,0.0109662385716793,0,0,1
USA,2025,6,f,268,5476,5917,9080,12186,32927,0.000485178992663531,0.00260214461793185,0.015742002615468,0.04061939102864,0.146238033542723,0.0098597608823188,0,0,1
USA,2025,6,b,614,14625,13950,18794,20233,68216,0.000543665561526026,0.00349152788754839,0.0197903939968528,0.0468940064442049,0.151268128311466,0.0104027435484479,0,0,1
USA,2025,7,m,315,8965,7999,9476,7906,34661,0.000545929746290752,0.00430121945862607,0.0243120327842555,0.0534649508386372,0.156784278950155,0.0107710843359964,0,0,1
USA,2025,7,f,273,5286,5787,8988,12012,32346,0.000494230839541582,0.00251185837297073,0.0153961414797555,0.040207828916896,0.144149947391695,0.00968578447776852,0,0,1
USA,2025,7,b,588,14251,13786,18464,19918,67007,0.000520643892796911,0.00340224026840698,0.0195577327340941,0.0460706041814302,0.148913091469767,0.0102183745301813,0,0,1
USA,2025,8,m,303,9031,7936,9356,8011,34637,0.000525132422622533,0.00433288487795338,0.0241205515909303,0.0527878936308875,0.158866539168947,0.0107636262123397,0,0,1
USA,2025,8,f,282,5346,5790,9063,11939,32420,0.000510524163922074,0.00254036981874793,0.0154041228905797,0.0405433415079916,0.143273911247873,0.00970794326251331,0,0,1
USA,2025,8,b,585,14377,13726,18419,19950,67057,0.00051798754640509,0.00343232112405355,0.0194726127599141,0.0459583220546882,0.149152333307653,0.010225999386189,0,0,1
USA,2025,9,m,302,8731,7761,9281,7902,33977,0.000523399312316848,0.00418895115373834,0.0235886593872493,0.0523647328760439,0.156704954751344,0.0105585278117813,0,0,1
USA,2025,9,f,240,5233,5783,9076,11985,32317,0.000434488650146446,0.00248667326253421,0.0153854995986567,0.0406014970237815,0.143825934023432,0.00967710062969286,0,0,1
USA,2025,9,b,542,13964,13544,18357,19887,66294,0.000479913248122323,0.00333372276387868,0.0192144155049014,0.0458036222356214,0.148681325939314,0.0101096440835112,0,0,1
USA,2025,10,m,309,8827,7832,9150,7600,33718,0.000535531084456642,0.00423500994548716,0.0238044556527427,0.0516256120909171,0.150715977741105,0.0104780422273197,0,0,1
USA,2025,10,f,245,5196,5750,8771,11399,31361,0.000443540497024497,0.00246909120430494,0.0152977040795912,0.0392370791533261,0.136793643882612,0.00939083308623318,0,0,1
USA,2025,10,b,554,14023,13582,17921,18999,65079,0.000490538633689607,0.00334780824390366,0.0192683248218821,0.04471573318541,0.14204236493795,0.00992436008252372,0,0,1
USA,2025,11,m,279,8669,7475,8825,7434,32682,0.000483537775286094,0.0041592048507339,0.0227193955572334,0.0497919154865949,0.147424023490444,0.0101560998894733,0,0,1
USA,2025,11,f,252,5244,5552,8417,11339,30804,0.000456213082653768,0.0024919003609267,0.0147709309651983,0.0376534597233549,0.13607361417536,0.0092240433145731,0,0,1
USA,2025,11,b,531,13913,13027,17242,18773,63486,0.000470173311352312,0.00332154717945031,0.018480965060717,0.0430215206507918,0.140352719457874,0.00968143217011787,0,0,1
USA,2025,12,m,336,8323,7335,8693,7034,31721,0.000582325062710135,0.00399320128880589,0.0222938817942886,0.0490471525580702,0.139491603609333,0.00985746418805408,0,0,1
USA,2025,12,f,257,4859,5299,8216,10750,29381,0.000465264929531819,0.00230895191718971,0.0140978319856963,0.0367542859792187,0.129005322549177,0.00879793587279159,0,0,1
USA,2025,12,b,593,13182,12634,16909,17784,61102,0.000525071136783279,0.00314703046931028,0.0179234292298379,0.042190632912901,0.13295865140568,0.00931787903566994,0,0,1
USA,2025,13,m,325,8034,7177,8542,7034,31112,0.000563260849347601,0.00385454513447874,0.0218136591189651,0.0481951889049851,0.139491603609333,0.00966821430026602,0,0,1
USA,2025,13,f,231,4791,5385,8261,10639,29307,0.000418195325765954,0.00227663894530889,0.0143266324293215,0.0369555935338761,0.127673267590763,0.00877577708804681,0,0,1
USA,2025,13,b,556,12825,12562,16803,17673,60419,0.000492309531284154,0.00306180137831166,0.0178212852608219,0.0419261461254642,0.132128781280509,0.00921372350260453,0,0,1
USA,2025,14,m,320,8052,7027,8388,6758,30545,0.000554595297819176,0.00386318115793164,0.0213577515158099,0.0473262988217063,0.134018233891367,0.00949201612887714,0,0,1
USA,2025,14,f,233,4846,5329,7764,10158,28330,0.000421816064517175,0.00230277443727132,0.0141776460939377,0.0347322634302159,0.121901029437632,0.0084832212408082,0,0,1
USA,2025,14,b,553,12898,12356,16152,16916,58875,0.000489653184892333,0.00307922917563071,0.0175290400161371,0.0403017980252633,0.126469216552996,0.00897826794908625,0,0,1
USA,2025,15,m,308,8196,6982,8238,6830,30554,0.000533797974150957,0.00393226934555486,0.0212209792348634,0.0464799773120191,0.135446069469967,0.00949481292524839,0,0,1
USA,2025,15,f,278,4837,5130,7790,10229,28264,0.000503282686419633,0.00229849772040474,0.0136482125092701,0.0348485744617958,0.122753064591213,0.00846345800036015,0,0,1
USA,2025,15,b,586,13033,12112,16028,17059,58818,0.000518872995202364,0.00311145866382346,0.0171828854544718,0.0399923983871297,0.127538328516053,0.00896957561323745,0,0,1
USA,2025,16,m,309,8039,6982,8253,6800,30383,0.000535531084456642,0.00385694402988232,0.0212209792348634,0.0465646094629878,0.134851137978884,0.0094416737941946,0,0,1
USA,2025,16,f,268,4599,5225,7575,10083,27750,0.000485178992663531,0.00218540231882187,0.0139009571853677,0.0338867717006551,0.121000992303568,0.00830954427929501,0,0,1
USA,2025,16,b,577,12638,12207,15828,16883,58133,0.000510903956026901,0.00301715756874096,0.0173176587469235,0.0394933667127208,0.126222498407675,0.00886511508593173,0,0,1
USA,2025,17,m,317,8115,6882,8131,6668,30113,0.000549395966902121,0.0038934072400168,0.0209170408327599,0.0458762679684423,0.132233439418117,0.00935776990305704,0,0,1
USA,2025,17,f,237,4709,4953,7783,10056,27738,0.000429057542019615,0.00223767330274672,0.0131773092706461,0.0348172599532935,0.120676978935305,0.00830595096284991,0,0,1
USA,2025,17,b,554,12824,11835,15914,16724,57851,0.000490538633689607,0.00306156264136209,0.0167899149070074,0.0397079503327167,0.125033765525674,0.00882211089804821,0,0,1
USA,2025,18,m,308,8014,6712,8033,6679,29746,0.000533797974150957,0.0038449495528644,0.020400345549184,0.0453233379154467,0.132451580964848,0.00924372276214043,0,0,1
USA,2025,18,f,230,4716,5056,7609,10018,27629,0.000416384956390344,0.0022409996380874,0.0134513377089414,0.0340388707419517,0.120220960120713,0.00827331167180691,0,0,1
USA,2025,18,b,538,12730,11768,15642,16697,57375,0.000476371452933228,0.00303912136810195,0.016694864269173,0.0390292672555205,0.124831905224957,0.00874952226885475,0,0,1
USA,2025,19,m,336,7920,6745,7989,6510,29500,0.000582325062710135,0.00379985031927702,0.0205006452218782,0.0450750836059384,0.129100133565078,0.00916727699465954,0,0,1
USA,2025,19,f,224,4722,4972,7617,9799,27334,0.000405522740136683,0.00224385078266512,0.0132278582058656,0.0340746587516686,0.117592851689246,0.00818497597586486,0,0,1
USA,2025,19,b,560,12642,11717,15606,16309,56834,0.000495851326473249,0.00301811251653926,0.01662251229112,0.0389394415541269,0.121931097940577,0.00866702132685126,0,0,1
USA,2025,20,m,310,8174,6799,8096,6445,29824,0.000537264194762327,0.00392171420577909,0.020664771959014,0.0456787929495153,0.127811115334398,0.00926796166402461,0,0,1
USA,2025,20,f,257,4781,4954,7551,9889,27432,0.000465264929531819,0.00227188703767936,0.0131799697409208,0.0337794076715045,0.118672896250122,0.00821432139349985,0,0,1
USA,2025,20,b,567,12955,11753,15647,16334,57256,0.000502049468054164,0.00309283718175654,0.016673584275628,0.0390417430473808,0.122118005626427,0.00873137511155639,0,0,1
USA,2025,21,m,295,7895,6726,7791,6515,29222,0.000511267540177053,0.0037878558422591,0.0204428969254785,0.0439579392131514,0.129199288813592,0.00908088706230309,0,0,1
USA,2025,21,f,247,4673,4880,7596,9747,27143,0.000447161235775717,0.00222056643528041,0.0129830949405922,0.0339807152261618,0.116968825942961,0.00812778235578034,0,0,1
USA,2025,21,b,542,12568,11606,15387,16262,56365,0.000479913248122323,0.00300044598227064,0.016465040338887,0.0383930018706492,0.121579711491181,0.00859550017749888,0,0,1
USA,2025,22,m,351,7796,6585,7840,6442,29014,0.000608321717295409,0.00374035771326814,0.0200143437785126,0.0442344042396492,0.127751622185289,0.00901624999061193,0,0,1
USA,2025,22,f,233,4563,4991,7427,9653,26867,0.000421816064517175,0.00216829545135555,0.0132784071410852,0.0332246935208931,0.115840779401601,0.00804513607754303,0,0,1
USA,2025,22,b,584,12359,11576,15267,16095,55881,0.000517102097607816,0.00295054995980927,0.016422480351797,0.0380935828660039,0.120331168149708,0.00852169157134418,0,0,1
USA,2025,23,m,321,8031,6697,7967,6421,29437,0.000556328408124861,0.00385310579723659,0.0203547547888685,0.0449509564511843,0.127335170141531,0.00914769942006077,0,0,1
USA,2025,23,f,259,4649,4932,7628,9719,27187,0.00046888566828304,0.00220916185696953,0.0131214393948772,0.0341238672650293,0.116632812079577,0.00814095784941238,0,0,1
USA,2025,23,b,580,12680,11629,15595,16140,56624,0.000513560302418722,0.00302718452062315,0.0164976696623227,0.0389119948120345,0.120667601984237,0.00863499693161885,0,0,1
USA,2025,24,m,303,8135,6826,7886,6566,29716,0.000525132422622533,0.00390300282163113,0.020746835327582,0.0444939428359532,0.130210672348434,0.00923440010756959,0,0,1
USA,2025,24,f,226,4700,4914,7269,9600,26709,0.000409143478887903,0.00223339658588014,0.0130735509299324,0.032517880328985,0.115204753160196,0.00799782407768254,0,0,1
USA,2025,24,b,529,12835,11740,15155,16166,56425,0.000468402413757765,0.00306418874780742,0.0166551416145557,0.0378141251283349,0.12086198597752,0.00860465000470814,0,0,1
USA,2025,25,m,305,7969,6819,7916,6484,29493,0.000528598643233902,0.00382335949423215,0.0207255596394347,0.0446632071378907,0.128584526272806,0.00916510170859301,0,0,1
USA,2025,25,f,232,4638,4886,7323,9504,26583,0.000420005695141565,0.00220393475857704,0.0129990577622405,0.0327594493945738,0.114052705628594,0.00796009425500898,0,0,1
USA,2025,25,b,537,12607,11705,15239,15988,56076,0.000475486004135954,0.00300975672330411,0.016605488296284,0.0380237184315866,0.119531203254274,0.00855142850977427,0,0,1
USA,2025,26,m,333,8323,6795,7954,6322,29727,0.00057712573179308,0.00399320128880589,0.0206526144229299,0.0448776085870114,0.125371896220956,0.00923781841424556,0,0,1
USA,2025,26,f,247,4563,4970,7544,9418,26742,0.000447161235775717,0.00216829545135555,0.0132225372653162,0.0337480931630022,0.1130206630482,0.00800770569790656,0,0,1
USA,2025,26,b,580,12886,11765,15498,15740,56469,0.000513560302418722,0.0030763643322358,0.016690608270464,0.0386699644499461,0.11767707901065,0.00861135987799493,0,0,1
USA,2025,27,m,324,8175,6780,7965,6261,29505,0.000561527739041916,0.00392219398485981,0.0206070236626144,0.0449396721643885,0.124162202189087,0.00916883077042135,0,0,1
USA,2025,27,f,297,4764,4970,7285,9394,26710,0.000537679704556227,0.00226380879470915,0.0132225372653162,0.0325894563484187,0.1127326511653,0.00799812352071963,0,0,1
USA,2025,27,b,621,12939,11750,15250,15655,56215,0.000549863703106942,0.00308901739056332,0.016669328276919,0.0380511651736791,0.117041592878763,0.00857262560947573,0,0,1
USA,2025,28,m,311,8258,6846,7974,6339,29728,0.000538997305068012,0.0039620156485593,0.0208076230080027,0.0449904514549697,0.125709024065903,0.00923812916939792,0,0,1
USA,2025,28,f,262,4619,4898,7336,9426,26541,0.00047431677640987,0.00219490613408093,0.013030983405537,0.0328176049103638,0.113116667009167,0.00794751764745113,0,0,1
USA,2025,28,b,573,12877,11744,15310,15765,56269,0.000507362160837806,0.00307421569968961,0.016660816279501,0.0382008746760018,0.117863986696499,0.00858086045396406,0,0,1
USA,2025,29,m,341,7819,6887,7863,6296,29206,0.00059099061423856,0.00375139263212463,0.0209322377528651,0.0443641735378012,0.124856288928684,0.0090759149798653,0,0,1
USA,2025,29,f,247,4627,4949,7295,9443,26561,0.000447161235775717,0.00219870766018456,0.0131666673895473,0.0326341913605648,0.113320675426222,0.00795350650819296,0,0,1
USA,2025,29,b,588,12446,11836,15158,15739,55767,0.000520643892796911,0.00297132007442238,0.0167913335732437,0.037821610603451,0.117669602703216,0.00850430689964659,0,0,1
USA,2025,30,m,288,7917,6590,7912,6195,28902,0.000499135768037259,0.00379841098203487,0.0200295406986178,0.044640638564299,0.122853352908704,0.00898144541354746,0,0,1
USA,2025,30,f,254,4616,4838,7460,9345,26513,0.000459833821404989,0.00219348056179207,0.0128713551890543,0.0333723190609751,0.112144626904378,0.00793913324241256,0,0,1
USA,2025,30,b,542,12533,11428,15372,15540,55415,0.000479913248122323,0.00299209018903548,0.0162125177488196,0.0383555744950685,0.116181817523856,0.00845062791335226,0,0,1
USA,2025,31,m,335,7958,6587,7837,6342,29059,0.00058059195240445,0.00381808192434426,0.0200204225465547,0.0442174778094554,0.125768517215012,0.00903023397246819,0,0,1
USA,2025,31,f,252,4430,4884,7339,9318,26223,0.000456213082653768,0.00210509507988277,0.012993736821691,0.0328310254140076,0.111820613536115,0.00785229476165597,0,0,1
USA,2025,31,b,587,12388,11471,15176,15660,55282,0.000519758443999637,0.00295747333134697,0.016273520396982,0.0378665234541478,0.117078974415933,0.00843034579637173,0,0,1
USA,2025,32,m,301,8091,6673,7738,6369,29172,0.000521666202011163,0.00388189254207959,0.0202818095723637,0.0436589056130619,0.126303955556987,0.00906534930468502,0,0,1
USA,2025,32,f,267,4520,4951,7532,9380,26650,0.000483368623287921,0.00214786224854856,0.0131719883300967,0.0336944111484269,0.112564644233608,0.00798015693849413,0,0,1
USA,2025,32,b,568,12611,11624,15270,15749,55822,0.000502934916851438,0.00301071167110241,0.016490576331141,0.03810106834112,0.117744365777556,0.00851269424125507,0,0,1
USA,2025,33,m,292,7936,6612,7930,6261,29031,0.000506068209259998,0.00380752678456849,0.0200964071470806,0.0447421971454615,0.124162202189087,0.00902153282820207,0,0,1
USA,2025,33,f,228,4556,4966,7477,9521,26748,0.000412764217639124,0.00216496911601488,0.0132118953842174,0.0334483685816235,0.114256714045648,0.00800950235612911,0,0,1
USA,2025,33,b,520,12492,11578,15407,15782,55779,0.000460433374582302,0.00298230197410287,0.0164253176842697,0.0384429050380901,0.117991083922877,0.00850613686508844,0,0,1
USA,2025,34,m,274,7763,6752,8093,6394,29276,0.00047487222375767,0.00372452500360449,0.0205219209100254,0.0456618665193215,0.126799731799556,0.0090976678405306,0,0,1
USA,2025,34,f,247,4457,4904,7355,9445,26408,0.000447161235775717,0.00211792523048251,0.0130469462271853,0.0329026014334413,0.113344676416463,0.00790769172351793,0,0,1
USA,2025,34,b,521,12220,11656,15448,15839,55684,0.000461318823379576,0.00291736552381821,0.0165359736507037,0.0385452065313439,0.118417233446613,0.00849164963867378,0,0,1
USA,2025,35,m,310,7741,6640,7780,6418,28889,0.000537264194762327,0.00371396986382872,0.0201815098996695,0.0438958756357743,0.127275676992423,0.00897740559656676,0,0,1
USA,2025,35,f,273,4473,4858,7443,9509,26556,0.000494230839541582,0.00212552828268976,0.0129245645945485,0.0332962695403268,0.114112708104198,0.00795200929300751,0,0,1
USA,2025,35,b,583,12214,11498,15223,15927,55445,0.000516216648810543,0.00291593310212075,0.016311824385363,0.0379837958976339,0.119075148500802,0.00845520282695689,0,0,1
USA,2025,36,m,303,7795,6784,7964,6357,29203,0.000525132422622533,0.00373987793418742,0.0206191811986985,0.0449340300209906,0.126065982960553,0.00907498271440822,0,0,1
USA,2025,36,f,215,4602,4928,7584,9577,26906,0.000389229415756191,0.00218682789111073,0.0131107975137783,0.0339270332115865,0.114928741772416,0.0080568143559896,0,0,1
USA,2025,36,b,518,12397,11712,15548,15934,56109,0.000458662476987755,0.00295962196389315,0.0166154189599384,0.0387947223685484,0.11912748265284,0.00855646091473937,0,0,1
USA,2025,37,m,286,7676,6757,7969,6429,29117,0.000495669547425889,0.00368278422358212,0.0205371178301306,0.0449622407379801,0.127493818539153,0.00904825777130515,0,0,1
USA,2025,37,f,241,4516,4916,7528,9720,26921,0.000436299019522056,0.00214596148549675,0.0130788718704818,0.0336765171435685,0.116644812574698,0.00806130600154598,0,0,1
USA,2025,37,b,527,12192,11673,15497,16149,56038,0.000466631516163218,0.00291068088923008,0.0165600909767213,0.0386674692915741,0.120734888751143,0.00854563361920841,0,0,1
USA,2025,38,m,285,7607,6755,7940,6466,29053,0.000493936437120204,0.00364967946701267,0.0205310390620885,0.0447986185794406,0.128227567378156,0.00902836944155402,0,0,1
USA,2025,38,f,251,4564,4928,7671,9727,27141,0.000454402713278158,0.00216877064211851,0.0131107975137783,0.0343162278172574,0.116728816040544,0.00812718346970616,0,0,1
USA,2025,38,b,536,12171,11683,15611,16193,56194,0.000474600555338681,0.00290566741328899,0.0165742776390847,0.0389519173459872,0.121063846278237,0.00856942316995249,0,0,1
USA,2025,39,m,304,7559,6692,8098,6553,29206,0.000526865532928217,0.00362665007113826,0.0203395578687633,0.0456900772363111,0.129952868702298,0.0090759149798653,0,0,1
USA,2025,39,f,224,4590,4984,7519,9779,27096,0.000405522740136683,0.00218112560195529,0.0132597838491622,0.033636255632637,0.117352841786829,0.00811370853303703,0,0,1
USA,2025,39,b,528,12149,11676,15617,16332,56302,0.000467516964960492,0.00290041520039832,0.0165643469754303,0.0389668882962194,0.122103053011559,0.00858589285892915,0,0,1
USA,2025,40,m,296,7670,6521,7982,6415,28884,0.000513000650482738,0.00367990554909782,0.0198198232011664,0.045035588602153,0.127216183843314,0.00897585182080495,0,0,1
USA,2025,40,f,255,4436,4897,7383,9617,26588,0.000461644190780599,0.00210794622446049,0.0130283229352623,0.0330278594674503,0.11540876157725,0.00796159147019444,0,0,1
USA,2025,40,b,551,12106,11418,15365,16032,55472,0.000487882287297786,0.00289014951156655,0.0161983310864563,0.0383381083864642,0.119860160781368,0.00845932024920106,0,0,1
USA,2025,41,m,270,7706,6605,8181,6512,29274,0.00046793978253493,0.00369717759600363,0.0200751314589333,0.046158375138338,0.129139795664484,0.00909704633022588,0,0,1
USA,2025,41,f,212,4617,4879,7523,9544,26775,0.000383798307629361,0.00219395575255503,0.0129804344703175,0.0336541496374954,0.114532725433428,0.00801758731813059,0,0,1
USA,2025,41,b,482,12323,11484,15704,16056,56049,0.000426786320285903,0.00294195542962453,0.0162919630580543,0.0391839670745873,0.120039592159784,0.00854731108753011,0,0,1
USA,2025,42,m,275,7583,6701,8160,6730,29449,0.000476605334063355,0.00363816476907546,0.0203669123249526,0.0460398901269818,0.133462964499689,0.00915142848188911,0,0,1
USA,2025,42,f,250,4587,4979,7707,9765,27288,0.000452592343902548,0.00217970002966643,0.0132464814977886,0.0344772738609833,0.117184834855137,0.00817120159615864,0,0,1
USA,2025,42,b,525,12170,11680,15867,16495,56737,0.000464860618568671,0.00290542867633941,0.0165700216403757,0.0395906778892306,0.123321691123295,0.00865222910619629,0,0,1
USA,2025,43,m,267,7485,6766,8083,6643,29244,0.000462740451617875,0.00359114641916522,0.0205644722863199,0.0456054450853424,0.131737663175548,0.00908772367565504,0,0,1
USA,2025,43,f,240,4524,5015,7699,9822,27300,0.000434488650146446,0.00214976301160038,0.0133422584276782,0.0344414858512664,0.117868863077025,0.00817479491260374,0,0,1
USA,2025,43,b,507,12009,11781,15782,16465,56544,0.000448922540217745,0.00286699202745768,0.0167133069302454,0.0393785894276068,0.123097401900276,0.0086227971620065,0,0,1
USA,2025,44,m,275,7659,6900,8361,6844,30039,0.000476605334063355,0.00367462797920994,0.0209717497451385,0.0471739609499626,0.135723704165806,0.0093347740217823,0,0,1
USA,2025,44,f,241,4523,5204,7492,10210,27670,0.000436299019522056,0.00214928782083742,0.0138450873095987,0.0335154710998426,0.122525055183916,0.00828558883632767,0,0,1
USA,2025,44,b,516,12182,12104,15853,17054,57709,0.000456891579393208,0.00290829351973432,0.0171715361245811,0.0395557456720219,0.127500946978883,0.0088004563069863,0,0,1
USA,2025,45,m,285,8023,7056,8388,6972,30724,0.000493936437120204,0.00384926756459085,0.0214458936524199,0.0473262988217063,0.138262078527761,0.00954764130114982,0,0,1
USA,2025,45,f,189,4716,5018,7918,10274,28115,0.000342159811990326,0.0022409996380874,0.0133502398385024,0.0354211826172656,0.123293086871651,0.00841884098783349,0,0,1
USA,2025,45,b,474,12739,12074,16306,17246,58839,0.000419702729907714,0.00304127000064813,0.0171289761374911,0.0406860524145581,0.128936398006205,0.00897277805276069,0,0,1
USA,2025,46,m,275,7757,6920,8517,6991,30460,0.000476605334063355,0.00372164632912018,0.0210325374255592,0.0480541353200372,0.138638868472114,0.00946560194092643,0,0,1
USA,2025,46,f,217,4714,5169,7954,10347,28401,0.000392850154507412,0.00224004925656149,0.0137519708499838,0.0355822286609914,0.124169123015473,0.00850448169644171,0,0,1
USA,2025,46,b,492,12471,12089,16471,17338,58861,0.00043564080825864,0.00297728849816178,0.0171502561310361,0.0410977535459455,0.12962421829013,0.00897613298940409,0,0,1
USA,2025,47,m,294,7680,6863,8513,6887,30237,0.000509534429871368,0.00368470333990499,0.0208592925363602,0.0480315667464456,0.136576439303025,0.00939630354194985,0,0,1
USA,2025,47,f,220,4568,5205,7864,10360,28217,0.000398281262634242,0.00217067140517032,0.0138477477798734,0.0351796135516767,0.124325129452045,0.00844938417761684,0,0,1
USA,2025,47,b,514,12248,12068,16377,17247,58454,0.00045512068179866,0.00292405015840634,0.0171204641400731,0.0408632086589733,0.128943874313639,0.00891406666150127,0,0,1
USA,2025,48,m,278,7586,6889,8344,6800,29897,0.000481804664980409,0.00363960410631761,0.0209383165209071,0.047078044512198,0.134851137978884,0.00929064679014699,0,0,1
USA,2025,48,f,241,4462,4870,7602,9941,27116,0.000436299019522056,0.00212030118429728,0.0129564902378451,0.0340075562334495,0.119296921996407,0.00811969739377886,0,0,1
USA,2025,48,b,519,12048,11759,15946,16741,57013,0.000459547925785029,0.00287630276849114,0.016682096273046,0.0397877954006221,0.125160862752051,0.00869431831135888,0,0,1
USA,2025,49,m,299,7851,7174,8771,7171,31266,0.000518199981399793,0.00376674556270756,0.021804540966902,0.0494872397431075,0.142208457418614,0.00971607059372967,0,0,1
USA,2025,49,f,237,4693,5345,8085,10579,28939,0.000429057542019615,0.00223007025053947,0.014220213618333,0.0361682573201051,0.126953237883512,0.00866558205039706,0,0,1
USA,2025,49,b,536,12544,12519,16856,17750,60205,0.000474600555338681,0.00299471629548082,0.0177602826126595,0.0420583895191826,0.132704456952925,0.00918108911889151,0,0,1
USA,2025,50,m,280,7898,7372,8932,7508,31990,0.000485270885591779,0.00378929517950125,0.0224063390030668,0.0503956248301717,0.14889152116845,0.00994105732403928,0,0,1
USA,2025,50,f,236,4706,5388,8417,10965,29712,0.000427247172644005,0.00223624773045786,0.0143346138401456,0.0376534597233549,0.131585429000161,0.00889705151806895,0,0,1
USA,2025,50,b,516,12604,12760,17349,18473,61702,0.000456891579393208,0.00300904051245538,0.0181021811756159,0.0432885025966006,0.138109827227683,0.00940937730776254,0,0,1
USA,2025,51,m,310,7869,7423,9052,7453,32107,0.000537264194762327,0.00377538158616047,0.0225613475881396,0.0510726820379215,0.147800813434797,0.00997741567686555,0,0,1
USA,2025,51,f,217,4830,5507,8481,11273,30308,0.000392850154507412,0.00229517138506406,0.0146512098028363,0.0379397638010898,0.135281581497384,0.00907551956817561,0,0,1
USA,2025,51,b,527,12699,12930,17533,18726,62415,0.000466631516163218,0.00303172052266509,0.0183433544357926,0.0437476117370568,0.140001333008477,0.00951810775443258,0,0,1
USA,2025,52,m,311,7974,7397,9004,7577,32263,0.000538997305068012,0.00382575838963573,0.0224823236035927,0.0508018591548216,0.150259863597941,0.0100258934806339,0,0,1
USA,2025,52,f,269,4806,5335,8660,10915,29985,0.000486989362039142,0.00228376680675319,0.0141936089155859,0.0387405205185046,0.130985404244118,0.00897879946719499,0,0,1
USA,2025,52,b,580,12780,12732,17664,18492,62248,0.000513560302418722,0.00305105821558075,0.0180624585209986,0.0440744774837946,0.138251877068929,0.00949264073536681,0,0,1
USA,2025,53,m,290,8404,7611,9272,7811,33388,0.000502601988648628,0.00403206339434395,0.0231327517840941,0.0523139535854626,0.154900329228391,0.0103754930270404,0,0,1
USA,2025,53,f,210,4974,5596,8861,11719,31360,0.00038017756887814,0.00236359885492933,0.0148879916572856,0.0396396942626408,0.140633802321285,0.00939053364319609,0,0,1
USA,2025,53,b,500,13378,13207,18133,19530,64748,0.000442724398636829,0.00319382291142717,0.018736324983257,0.0452447067602835,0.146012284185387,0.00987388353575263,0,0,1
USA,2026,1,m,275,8367,7548,9499,7993,33682,0.000482224881821508,0.0040233810652241,0.0226134902864474,0.0516083349858801,0.156742982180706,0.0104644590734523,0,0,1
USA,2026,1,f,231,5021,5878,8942,12252,32324,0.000423047869281617,0.00239371499762242,0.0154234771258284,0.0384691618434076,0.145186545897677,0.00967334044113057,0,0,1
USA,2026,1,b,506,13388,13426,18441,20245,66006,0.000453278761798259,0.00320504028714823,0.0187805017423772,0.0442755424194294,0.14953949681903,0.0100614923135295,0,0,1
USA,2026,2,m,275,7940,7664,9541,7850,33270,0.000482224881821508,0.00381805254665703,0.0229610214037272,0.0518365221707845,0.153938747669028,0.010336457258291,0,0,1
USA,2026,2,f,231,4880,5563,8817,11831,31322,0.000423047869281617,0.00232649456052527,0.0145969382869996,0.0379314023678512,0.140197684012032,0.00937348005497747,0,0,1
USA,2026,2,b,506,12820,13227,18358,19681,64592,0.000453278761798259,0.00306906307747537,0.018502137386148,0.0440762652641335,0.145373516270454,0.00984595205762354,0,0,1
USA,2026,3,m,321,8045,7404,9189,7826,32785,0.00056288795296256,0.0038685431659768,0.0221820723477553,0.0499240962401571,0.153468106911824,0.0101857755098609,0,0,1
USA,2026,3,f,227,4824,5530,8718,11591,30890,0.000415722365051632,0.00229979708196187,0.0145103485038842,0.0375054968632104,0.137353677236367,0.00924419893040847,0,0,1
USA,2026,3,b,548,12869,12934,17907,19417,63675,0.000490902690643174,0.00308079350577461,0.0180922843390367,0.0429934460227061,0.143423482822184,0.0097061710005756,0,0,1
USA,2026,4,m,272,8159,7733,9323,7697,33184,0.000476964246747091,0.00392336155266684,0.0231677424993506,0.0506521220205664,0.150938412841849,0.0103097384327962,0,0,1
USA,2026,4,f,212,4816,5604,8722,11442,30796,0.00038825172418919,0.00229598315645281,0.0147045195326884,0.0375227051664282,0.135588023029809,0.00921606831534022,0,0,1
USA,2026,4,b,484,12975,13337,18045,19139,63980,0.000433570989546161,0.00310616953434032,0.0186560071307973,0.0433247743050054,0.141370038509233,0.00975266306426112,0,0,1
USA,2026,5,m,282,8167,7597,9579,7957,33582,0.000494499696995146,0.00392720845699596,0.0227602922239191,0.0520429772428409,0.156037021044899,0.0104333906717141,0,0,1
USA,2026,5,f,241,4954,5586,8755,11662,31198,0.000441361629856579,0.00236177337148406,0.0146572887418982,0.0376646736679752,0.138195029240835,0.00933637158403637,0,0,1
USA,2026,5,b,523,13121,13183,18334,19619,64780,0.000468507494902153,0.00314112142274215,0.0184405894882883,0.0440186429541684,0.144915553869724,0.00987460946081331,0,0,1
USA,2026,6,m,286,7989,7612,9162,7754,32803,0.000501513877094368,0.00384161483567292,0.0228052315925328,0.0497774044784329,0.15205618464021,0.0101913678221737,0,0,1
USA,2026,6,f,262,4842,5527,8693,11270,30594,0.000479820527063998,0.00230837841435725,0.0145024767054192,0.0373979449680992,0.133549818173916,0.00915561741912971,0,0,1
USA,2026,6,b,548,12831,13139,17855,19024,63397,0.000490902690643174,0.0030716964389303,0.0183790415904286,0.0428685976844484,0.140520592120782,0.00966379462777371,0,0,1
USA,2026,7,m,283,8053,7385,8899,7486,32106,0.000496253242019951,0.00387239007030593,0.0221251491475112,0.0483485180586743,0.146800696184757,0.00997482106205864,0,0,1
USA,2026,7,f,251,4716,5398,8551,11236,30152,0.00045967539043154,0.00224830908758959,0.0141639893714226,0.036787050203867,0.13314691721403,0.00902334367593643,0,0,1
USA,2026,7,b,534,12769,12783,17450,18722,62258,0.000478361381028202,0.00305685385618432,0.0178810631441091,0.0418962212037874,0.138289872039807,0.00949017344568254,0,0,1
USA,2026,8,m,259,7833,7467,8978,7453,31990,0.00045416816142462,0.00376660020125498,0.0223708176959331,0.0487777272874231,0.146153565143601,0.00993878171604236,0,0,1
USA,2026,8,f,235,4667,5282,8573,10852,29609,0.000430373373511602,0.00222494879384661,0.0138596131641078,0.0368816958715649,0.128596506372967,0.00886084448463789,0,0,1
USA,2026,8,b,494,12500,12749,17551,18305,61599,0.000442529067842569,0.00299245619878644,0.0178335034048538,0.0421387150915572,0.13520970557038,0.00938972010152268,0,0,1
USA,2026,9,m,294,7871,7204,8881,7305,31555,0.000515542237292812,0.00378487299681832,0.0215828807662384,0.0482507235508581,0.143251280474172,0.0098036341684813,0,0,1
USA,2026,9,f,230,4673,5268,8261,10727,29159,0.000421216493224121,0.0022278092379784,0.0138228781046043,0.035539448220576,0.127115252843975,0.00872617664654518,0,0,1
USA,2026,9,b,524,12544,12472,17142,18032,60714,0.000469403302731794,0.00300298964460616,0.0174460314115097,0.0411567348925687,0.133193193709101,0.00925481690033682,0,0,1
USA,2026,10,m,307,7775,7045,8617,7022,30766,0.000538338322615283,0.00373871014486882,0.0211065234589325,0.0468164041028876,0.137701641545467,0.00955850447876709,0,0,1
USA,2026,10,f,261,4453,5154,8062,10331,28261,0.000477989151006502,0.00212292628647931,0.0135237497629329,0.0346833351354901,0.122422641664128,0.00845743949408462,0,0,1
USA,2026,10,b,568,12228,12199,16679,17353,59027,0.000508818847235991,0.00292734035190084,0.0170641546816073,0.0400451044961587,0.128177766772074,0.0089976624366074,0,0,1
USA,2026,11,m,280,7730,7133,8444,7089,30676,0.000490992606945535,0.00371707130801748,0.0213701677547999,0.0458764902222099,0.13901551365933,0.00953054291720273,0,0,1
USA,2026,11,f,255,4573,5279,8142,10418,28667,0.000467000894661525,0.00218013516911518,0.0138517413656428,0.0350275011998462,0.123453594120306,0.00857893981023048,0,0,1
USA,2026,11,b,535,12303,12412,16586,17507,59343,0.000479257188857843,0.00294529508909356,0.0173621024598828,0.039821818045044,0.129315286283564,0.00904583126324551,0,0,1
USA,2026,12,m,294,7701,6845,8533,6821,30194,0.000515542237292812,0.00370312627982441,0.0205073318774156,0.0463600297330788,0.133760025203878,0.00938079322082473,0,0,1
USA,2026,12,f,255,4571,5195,7760,10269,28050,0.000467000894661525,0.00217918168773791,0.0136313310086218,0.0333841082425457,0.121687939913748,0.00839429524111226,0,0,1
USA,2026,12,b,549,12272,12040,16293,17090,58244,0.000491798498472815,0.00293787379772057,0.0168417429597961,0.0391183456775535,0.126235119814138,0.00887830740098194,0,0,1
USA,2026,13,m,298,7641,6883,8460,6934,30216,0.000522556417392034,0.00367427449735596,0.0206211782779038,0.0459634186736021,0.13597595876905,0.00938762826920713,0,0,1
USA,2026,13,f,239,4461,5106,7898,10303,28007,0.000437698877741586,0.00212674021198837,0.0133978009874923,0.03397779470356,0.122090840873634,0.00838142698102784,0,0,1
USA,2026,13,b,537,12102,11989,16358,17237,58223,0.000481048804517125,0.00289717639341708,0.0167704033509132,0.0392744061003756,0.127320933893288,0.00887510630807245,0,0,1
USA,2026,14,m,287,7527,6745,8292,6808,29659,0.000503267422119173,0.00361945611066593,0.0202077360866571,0.0450506699339844,0.133505094793725,0.00921457727152549,0,0,1
USA,2026,14,f,231,4520,5098,7842,9977,27668,0.000423047869281617,0.00215486791261767,0.0133768095249189,0.0337368784585107,0.118227731670023,0.00827997720966467,0,0,1
USA,2026,14,b,518,12047,11843,16134,16785,57327,0.000464028455753949,0.00288400958614242,0.0165661762352878,0.0387365978740347,0.12398224026216,0.008738526343934,0,0,1
USA,2026,15,m,307,7661,6905,8462,6955,30290,0.000538338322615283,0.00368389175817878,0.0206870893518706,0.0459742847300261,0.136387769431604,0.00941061888649337,0,0,1
USA,2026,15,f,234,4385,5233,7934,10096,27882,0.000428541997454105,0.00209050791965232,0.0137310404558456,0.0341326694325203,0.119637885029623,0.00834401924822431,0,0,1
USA,2026,15,b,541,12046,12138,16396,17051,58172,0.000484632035835688,0.00288377018964651,0.01697882691412,0.039365641424487,0.125947046691098,0.00886733222529225,0,0,1
USA,2026,16,m,264,7475,6740,8392,6669,29540,0.000462935886548647,0.00359445123252661,0.0201927562971192,0.0455939727551854,0.130779300408248,0.00917760587345706,0,0,1
USA,2026,16,f,225,4366,5003,7580,9963,27137,0.00041205961293664,0.00208144984656831,0.0131275359068594,0.0326097345977443,0.118061831274776,0.00812106916071527,0,0,1
USA,2026,16,b,489,11841,11743,15972,16632,56677,0.000438050028694365,0.00283469390798642,0.0164262946492429,0.0383476472817703,0.122852107241003,0.00863944489673535,0,0,1
USA,2026,17,m,307,7457,6789,7981,6706,29240,0.000538338322615283,0.00358579569778608,0.0203395582345908,0.0433609981600494,0.131504871575606,0.00908440066824253,0,0,1
USA,2026,17,f,231,4359,4953,7659,9971,27173,0.000423047869281617,0.00207811266174788,0.0129963392657755,0.032949598586296,0.118156631500631,0.00813184258776269,0,0,1
USA,2026,17,b,538,11816,11742,15640,16677,56413,0.000481944612346766,0.00282870899558884,0.0164248958333825,0.0375505386605865,0.123184499306049,0.00859920258587313,0,0,1
USA,2026,18,m,285,7587,6868,8368,6818,29926,0.000499760332069562,0.00364830789313437,0.02057623890929,0.0454635800780972,0.133701195109227,0.00929752990416642,0,0,1
USA,2026,18,f,215,4511,5101,7766,10183,27776,0.000393745852361678,0.00215057724641998,0.013384681323384,0.0334099206973724,0.120668837485802,0.00831229749080692,0,0,1
USA,2026,18,b,500,12098,11969,16134,17001,57702,0.000447903914820414,0.00289621880743346,0.0167424270337042,0.0387365978740347,0.125577722174381,0.00879568871731784,0,0,1
USA,2026,19,m,318,7621,6966,8290,6813,30008,0.000557627317888143,0.00366465723653315,0.0208698427842333,0.0450398038775604,0.133603144951476,0.00932300599359172,0,0,1
USA,2026,19,f,225,4376,5029,7930,9791,27351,0.00041205961293664,0.00208621725345463,0.0131957581602231,0.0341154611293025,0.116023626418883,0.00818511119927491,0,0,1
USA,2026,19,b,543,11997,11995,16220,16604,57359,0.00048642365149497,0.00287203976134727,0.0167787962460759,0.0389430778180763,0.122645285511641,0.00874340419979609,0,0,1
USA,2026,20,m,266,7606,6606,8258,6834,29570,0.000466442976598258,0.00365744429091604,0.0197912979375029,0.0448659469747761,0.13401495561403,0.00918692639397851,0,0,1
USA,2026,20,f,241,4336,5011,7851,9867,27306,0.000441361629856579,0.00206714762590934,0.0131485273694329,0.0337755971407508,0.11692422856451,0.00817164441546564,0,0,1
USA,2026,20,b,507,11942,11617,16109,16701,56876,0.0004541745696279,0.00285887295407261,0.0162500438508265,0.0386765746344877,0.123361775074074,0.0086697790628777,0,0,1
USA,2026,21,m,253,7454,6463,7950,6431,28551,0.000443646891275787,0.00358435310866266,0.0193628759567183,0.0431925742854771,0.126112112899302,0.0088703393802665,0,0,1
USA,2026,21,f,218,4418,5030,7431,9654,26751,0.000399239980534167,0.00210624036237718,0.0131983820930448,0.031968725302881,0.114400172551108,0.00800555408181797,0,0,1
USA,2026,21,b,471,11872,11493,15381,16085,55302,0.00042192548776083,0.00284211519935941,0.0160765906841309,0.0369286978988799,0.118811697028111,0.00842984952766128,0,0,1
USA,2026,22,m,285,7683,6758,8219,6594,29539,0.000499760332069562,0.00369447074508387,0.0202466835394557,0.0446540588745077,0.129308548041984,0.00917729518943968,0,0,1
USA,2026,22,f,231,4356,4973,7638,9701,26899,0.000423047869281617,0.00207668243968199,0.0130488179222091,0.0328592549944025,0.114957123878009,0.00804984483745735,0,0,1
USA,2026,22,b,516,12039,11731,15857,16295,56438,0.000462236840094668,0.00288209441417519,0.0164095088589176,0.0380715403798542,0.120362859998325,0.00860301341076538,0,0,1
USA,2026,23,m,284,7662,6627,8024,6522,29119,0.000498006787044757,0.00368437262121992,0.0198542130535622,0.0435946183731658,0.12789662577037,0.00904680790213934,0,0,1
USA,2026,23,f,274,4498,5089,7622,9772,27255,0.000501797039753953,0.00214437961746776,0.0133531941295238,0.0327904217815313,0.115798475882476,0.0081563820604818,0,0,1
USA,2026,23,b,558,12160,11716,15646,16294,56374,0.000499860768939582,0.00291106139017945,0.0163885266210108,0.0375649442380778,0.120355473507991,0.00859325769904121,0,0,1
USA,2026,24,m,284,7558,6652,8127,6448,29069,0.000498006787044757,0.00363436286494129,0.0199291120012518,0.0441542202790028,0.126445483435655,0.00903127370127025,0,0,1
USA,2026,24,f,205,4495,4787,7546,9637,26670,0.000375432091786716,0.00214294939540186,0.0125607664173768,0.032463464020393,0.114198722071165,0.00798131387096128,0,0,1
USA,2026,24,b,489,12053,11439,15673,16085,55739,0.000438050028694365,0.00288544596511783,0.0160010546276667,0.0376297693367885,0.118811697028111,0.00849646274677791,0,0,1
USA,2026,25,m,286,7583,6608,8032,6475,28984,0.000501513877094368,0.0036463844409698,0.0197972898533181,0.0436380825988619,0.126974954287511,0.0090048655597928,0,0,1
USA,2026,25,f,206,4345,4845,7730,9483,26609,0.000377263467844212,0.00207143829210703,0.0127129545210342,0.0332550459684121,0.112373817723447,0.00796305889735316,0,0,1
USA,2026,25,b,492,11928,11453,15762,15958,55593,0.000440737452183288,0.00285552140312997,0.016020638049713,0.0378434520695757,0.117873612755648,0.00847420752940714,0,0,1
USA,2026,26,m,293,7773,6712,8365,6557,29700,0.000513788692268006,0.00373774841878653,0.0201088694757068,0.0454472809934611,0.128582976874627,0.00922731531623814,0,0,1
USA,2026,26,f,234,4394,4967,7613,9545,26753,0.000428541997454105,0.00209479858585001,0.013033074325279,0.0327517030992912,0.113108519473827,0.00800615260554282,0,0,1
USA,2026,26,b,527,12167,11679,15978,16102,56453,0.000472090726220717,0.00291273716565077,0.0163367704341743,0.0383620528592616,0.118937267363795,0.00860529990570074,0,0,1
USA,2026,27,m,290,7859,6780,8079,6512,29520,0.00050852805719359,0.00377910264032463,0.0203125946134226,0.0438934349248264,0.127700525454868,0.00917139219310942,0,0,1
USA,2026,27,f,213,4451,4852,7516,9267,26299,0.000390083100246686,0.00212197280510205,0.0127313220507859,0.0323344017462594,0.109814211625348,0.0078702877200004,0,0,1
USA,2026,27,b,503,12310,11632,15595,15779,55819,0.000450591338309337,0.00294697086456488,0.0162710260887332,0.037442496829402,0.116551430985798,0.00850865738643313,0,0,1
USA,2026,28,m,297,7493,6642,7979,6479,28890,0.000520802872367228,0.00360310676726714,0.0198991524221759,0.0433501321036254,0.127053394413711,0.00897566126215892,0,0,1
USA,2026,28,f,221,4263,4939,7608,9502,26533,0.000404734108706655,0.00203234555563919,0.012959604206272,0.032730192720269,0.112598968259853,0.00794031499580861,0,0,1
USA,2026,28,b,518,11756,11581,15587,15981,55423,0.000464028455753949,0.00281434520583467,0.0161996864798503,0.0374232893927469,0.118043502033338,0.0084482939201398,0,0,1
USA,2026,29,m,255,7399,6548,7886,6561,28649,0.000447153981325398,0.00355790564139992,0.019617532378863,0.0428448604799085,0.128661417000827,0.00890078641396991,0,0,1
USA,2026,29,f,212,4304,4808,7484,9687,26495,0.00038825172418919,0.00205189192387311,0.012615869006632,0.032196735320517,0.114791223482761,0.00792894304503634,0,0,1
USA,2026,29,b,467,11703,11356,15370,16248,55144,0.000418342256442267,0.00280165719155181,0.0158849529112495,0.0369022876734792,0.120015694952611,0.00840576511434222,0,0,1
USA,2026,30,m,260,7297,6482,8245,6510,28794,0.000455921706449425,0.00350885761120357,0.0194197991569624,0.04479531760802,0.127661305391767,0.00894583559649027,0,0,1
USA,2026,30,f,215,4320,4783,7431,9620,26369,0.000393745852361678,0.00205951977489123,0.0125502706860901,0.031968725302881,0.113997271591222,0.00789123605037038,0,0,1
USA,2026,30,b,475,11617,11265,15676,16130,55163,0.000425508719079394,0.00278106909290416,0.0157576606679487,0.0376369721255342,0.119144089093157,0.00840866134126034,0,0,1
USA,2026,31,m,287,7110,6550,8157,6544,28648,0.000503267422119173,0.00341893622251026,0.0196235242946782,0.0443172111253631,0.128328046464474,0.00890047572995253,0,0,1
USA,2026,31,f,227,4098,4953,7478,9624,26380,0.000415722365051632,0.00195368334201487,0.0129963392657755,0.0321709228656903,0.11404467170415,0.00789452793085709,0,0,1
USA,2026,31,b,514,11208,11503,15635,16168,55028,0.000460445224435386,0.00268315592607987,0.0160905788427354,0.0375385340126771,0.119424775725862,0.00838808288684215,0,0,1
USA,2026,32,m,259,7001,6359,7844,6532,27995,0.00045416816142462,0.00336652215102593,0.0190512963343295,0.0426166732950041,0.128092726085872,0.00869759906660225,0,0,1
USA,2026,32,f,203,4127,4800,7360,9518,26008,0.000371769339671724,0.0019675088219852,0.0125948775440586,0.031663277920765,0.112788568711564,0.00778320251803378,0,0,1
USA,2026,32,b,462,11128,11159,15204,16050,54003,0.000413863217294063,0.00266400420640764,0.0156093861867412,0.0365037333628873,0.118553169866408,0.00823183906625966,0,0,1
USA,2026,33,m,222,6843,6250,7802,6368,27485,0.000389286995506817,0.0032905457905257,0.0187247369224028,0.0423884861100997,0.12487668091164,0.00853915021773755,0,0,1
USA,2026,33,f,213,3929,4652,7283,9520,25597,0.000390083100246686,0.00187311416563602,0.0122065354864501,0.0313320180838222,0.112812268768028,0.00766020589257577,0,0,1
USA,2026,33,b,435,10772,10902,15085,15888,53082,0.00038967640589376,0.0025787790538662,0.015249890510606,0.0362180227426437,0.117356558432243,0.00809144827722896,0,0,1
